{
	"metadata" : {
		"formatVersion" : 3,
		"description" : "Exported from LibZinc."
	}, "materials": [ { "DbgColor": 15658734, "DbgIndex": 0, "DbgName": "my_material", "colorDiffuse": [ 0.9, 0.7, 0.5 ], "colorSpecular": [ 0.2, 0.2, 0.3 ], "shading": "Phong", "specularCoef": 20, "opacity": 1, "vertexColors": true } ], 

	"vertices" : [
		201.113205,161.919693,-92.376701,204.654877,161.420181,-92.985313,205.535187,156.808823,-94.029282,205.675797,149.634308,-94.970024,206.998398,141.445297,-95.268929,199.098053,162.632797,-84.943588,201.560669,161.870789,-85.416580,202.260651,157.147614,-86.272530,202.842590,149.851852,-86.981827,204.951080,141.372086,-87.014870,
		198.037125,168.565872,-78.779083,198.385574,165.190521,-79.011452,198.814468,159.013367,-79.191795,200.131073,150.906342,-79.108894,203.142670,141.741409,-78.551544,197.166428,176.972763,-73.320801,196.074051,171.358597,-73.156700,196.275711,162.793701,-72.377586,198.045807,152.627502,-71.242744,201.658722,142.209442,-70.011459,
		195.722000,185.107300,-68.006363,195.570602,180.354233,-67.239098,195.723495,168.876221,-65.420395,197.091339,154.845016,-63.274860,200.584793,142.432404,-61.527111
	],

	"normals" : [
		0.337986,-0.919485,-0.200781,-0.830409,-0.451951,-0.325825,-0.945646,0.027764,-0.324012,-0.947160,-0.020460,-0.320108,-0.920495,-0.293767,-0.257663,0.351651,-0.781843,0.514842,-0.889171,-0.304343,-0.341687,-0.900495,0.007740,-0.434797,-0.938162,-0.105100,-0.329857,-0.906482,-0.371353,-0.200965,
		-0.883712,-0.339019,0.322674,-0.908765,-0.026484,-0.416467,-0.917552,-0.088483,-0.387645,-0.939864,-0.225546,-0.256484,-0.899711,-0.409008,-0.152425,-0.653856,0.334379,-0.678721,-0.949277,0.041799,-0.311651,-0.979428,-0.113420,-0.166903,-0.957902,-0.256107,-0.129740,-0.897694,-0.425085,-0.115964,
		0.000000,-0.608409,0.793623,-0.997258,0.028081,0.068472,-0.990554,-0.023705,0.135057,-0.987131,-0.158613,0.020365,-0.894777,-0.437324,-0.090125
	],

	"faces": [
		32 ,0,1,5 ,0,1,5,
		32 ,5,1,6 ,5,1,6,
		32 ,5,6,10 ,5,6,10,
		32 ,10,6,11 ,10,6,11,
		32 ,10,11,15 ,10,11,15,
		32 ,15,11,16 ,15,11,16,
		32 ,15,16,20 ,15,16,20,
		32 ,20,16,21 ,20,16,21,
		32 ,1,2,6 ,1,2,6,
		32 ,6,2,7 ,6,2,7,
		32 ,6,7,11 ,6,7,11,
		32 ,11,7,12 ,11,7,12,
		32 ,11,12,16 ,11,12,16,
		32 ,16,12,17 ,16,12,17,
		32 ,16,17,21 ,16,17,21,
		32 ,21,17,22 ,21,17,22,
		32 ,2,3,7 ,2,3,7,
		32 ,7,3,8 ,7,3,8,
		32 ,7,8,12 ,7,8,12,
		32 ,12,8,13 ,12,8,13,
		32 ,12,13,17 ,12,13,17,
		32 ,17,13,18 ,17,13,18,
		32 ,17,18,22 ,17,18,22,
		32 ,22,18,23 ,22,18,23,
		32 ,3,4,8 ,3,4,8,
		32 ,8,4,9 ,8,4,9,
		32 ,8,9,13 ,8,9,13,
		32 ,13,9,14 ,13,9,14,
		32 ,13,14,18 ,13,14,18,
		32 ,18,14,19 ,18,14,19,
		32 ,18,19,23 ,18,19,23,
		32 ,23,19,24 ,23,19,24
	]

}
