{
	"metadata" : {
		"formatVersion" : 3,
		"description" : "Exported from LibZinc."
	}, "materials": [ { "DbgColor": 15658734, "DbgIndex": 0, "DbgName": "my_material", "colorDiffuse": [ 0.9, 0.7, 0.5 ], "colorSpecular": [ 0.2, 0.2, 0.3 ], "shading": "Phong", "specularCoef": 20, "opacity": 1, "vertexColors": true } ], 

	"vertices" : [
		363.498291,222.935394,-92.187843,362.213074,233.330765,-93.536263,360.412567,244.033249,-94.909492,357.881073,254.225327,-96.267296,354.402893,263.089508,-97.569458,363.898132,223.415894,-86.785629,362.375305,233.975357,-87.891685,360.370880,244.541595,-88.939224,357.586609,254.416580,-90.042305,353.724243,262.902313,-91.314949,
		363.921143,224.031433,-81.364098,362.239929,234.484375,-82.155327,360.160706,244.884979,-82.760704,357.237915,254.499939,-83.537315,353.026031,262.595886,-84.842262,363.756683,224.635544,-75.483307,361.874329,234.847397,-76.035240,359.717560,245.043671,-76.258293,356.761444,254.482895,-76.714859,352.481018,262.423615,-77.967339,
		363.594208,225.081696,-68.703323,361.345856,235.054047,-69.239456,358.976868,244.997925,-69.316368,356.083496,254.373001,-69.537453,352.261993,262.638885,-70.506126
	],

	"normals" : [
		0.988149,0.092755,-0.122304,0.988749,0.129963,-0.074064,0.980655,0.194419,-0.022730,0.954059,0.297730,0.033580,0.882247,0.462085,0.090099,0.990757,0.127238,-0.047021,0.987485,0.156852,-0.016469,0.975161,0.221478,0.002851,0.941000,0.336201,0.038580,0.843208,0.524155,0.119420,
		0.987540,0.157370,0.000218,0.984867,0.170492,0.031146,0.971187,0.235093,0.039077,0.928568,0.367202,0.054076,0.800887,0.589818,0.103412,0.981634,0.190266,0.013887,0.980746,0.185235,0.061841,0.966801,0.242129,0.081666,0.923106,0.376541,0.078052,0.798036,0.600721,0.047677,
		0.973009,0.230749,0.003016,0.972916,0.218564,0.075261,0.959160,0.252865,0.126777,0.930554,0.349632,0.108748,0.864829,0.501058,-0.031811
	],

	"faces": [
		32 ,0,1,5 ,0,1,5,
		32 ,5,1,6 ,5,1,6,
		32 ,5,6,10 ,5,6,10,
		32 ,10,6,11 ,10,6,11,
		32 ,10,11,15 ,10,11,15,
		32 ,15,11,16 ,15,11,16,
		32 ,15,16,20 ,15,16,20,
		32 ,20,16,21 ,20,16,21,
		32 ,1,2,6 ,1,2,6,
		32 ,6,2,7 ,6,2,7,
		32 ,6,7,11 ,6,7,11,
		32 ,11,7,12 ,11,7,12,
		32 ,11,12,16 ,11,12,16,
		32 ,16,12,17 ,16,12,17,
		32 ,16,17,21 ,16,17,21,
		32 ,21,17,22 ,21,17,22,
		32 ,2,3,7 ,2,3,7,
		32 ,7,3,8 ,7,3,8,
		32 ,7,8,12 ,7,8,12,
		32 ,12,8,13 ,12,8,13,
		32 ,12,13,17 ,12,13,17,
		32 ,17,13,18 ,17,13,18,
		32 ,17,18,22 ,17,18,22,
		32 ,22,18,23 ,22,18,23,
		32 ,3,4,8 ,3,4,8,
		32 ,8,4,9 ,8,4,9,
		32 ,8,9,13 ,8,9,13,
		32 ,13,9,14 ,13,9,14,
		32 ,13,14,18 ,13,14,18,
		32 ,18,14,19 ,18,14,19,
		32 ,18,19,23 ,18,19,23,
		32 ,23,19,24 ,23,19,24
	]

}
