{
	"metadata" : {
		"formatVersion" : 3,
		"description" : "Exported from LibZinc."
	}, "materials": [ { "DbgColor": 15658734, "DbgIndex": 0, "DbgName": "my_material", "colorDiffuse": [ 0.9, 0.7, 0.5 ], "colorSpecular": [ 0.2, 0.2, 0.3 ], "shading": "Phong", "specularCoef": 20, "opacity": 1, "vertexColors": true } ], 

	"vertices" : [
		354.402893,263.089508,-97.569458,349.736359,269.817139,-98.843132,344.067352,274.603119,-99.984268,337.821533,278.135193,-100.755898,331.424500,281.101105,-100.920998,353.724243,262.902313,-91.314949,348.737762,269.313873,-92.827713,342.984680,273.833313,-94.307495,336.772003,277.062958,-95.352936,330.406799,279.605103,-95.562660,
		353.026031,262.595886,-84.842262,347.731812,268.646027,-86.672935,341.935699,272.959808,-88.465012,335.752747,276.058136,-89.733002,329.297943,278.461945,-89.991440,352.481018,262.423615,-77.967339,347.126648,268.362152,-80.106667,341.316040,272.625305,-82.377052,335.075378,275.717499,-84.070770,328.430878,278.143066,-84.480118,
		352.261993,262.638885,-70.506126,347.330505,269.010681,-72.856781,341.521240,273.472534,-75.963860,335.051544,276.637817,-78.540901,328.138702,279.119904,-79.301437
	],

	"normals" : [
		0.882247,0.462085,0.090099,0.712413,0.689882,0.128574,0.530380,0.831384,0.165825,0.413897,0.881158,0.228581,0.405056,0.856787,0.319133,0.843208,0.524155,0.119420,0.660022,0.724634,0.198184,0.478800,0.846937,0.231190,0.365296,0.895147,0.255480,0.351986,0.887730,0.296716,
		0.800887,0.589818,0.103412,0.637689,0.754337,0.155975,0.473228,0.863436,0.174738,0.360377,0.914917,0.181813,0.326888,0.924714,0.195059,0.798036,0.600721,0.047677,0.664324,0.747271,0.016110,0.511467,0.859301,0.001839,0.383805,0.923406,-0.003786,0.313417,0.949589,-0.007183,
		0.864829,0.501058,-0.031811,0.737825,0.650184,-0.181316,0.588372,0.766147,-0.258527,0.429519,0.849200,-0.307201,0.272600,0.902760,-0.332737
	],

	"faces": [
		32 ,0,1,5 ,0,1,5,
		32 ,5,1,6 ,5,1,6,
		32 ,5,6,10 ,5,6,10,
		32 ,10,6,11 ,10,6,11,
		32 ,10,11,15 ,10,11,15,
		32 ,15,11,16 ,15,11,16,
		32 ,15,16,20 ,15,16,20,
		32 ,20,16,21 ,20,16,21,
		32 ,1,2,6 ,1,2,6,
		32 ,6,2,7 ,6,2,7,
		32 ,6,7,11 ,6,7,11,
		32 ,11,7,12 ,11,7,12,
		32 ,11,12,16 ,11,12,16,
		32 ,16,12,17 ,16,12,17,
		32 ,16,17,21 ,16,17,21,
		32 ,21,17,22 ,21,17,22,
		32 ,2,3,7 ,2,3,7,
		32 ,7,3,8 ,7,3,8,
		32 ,7,8,12 ,7,8,12,
		32 ,12,8,13 ,12,8,13,
		32 ,12,13,17 ,12,13,17,
		32 ,17,13,18 ,17,13,18,
		32 ,17,18,22 ,17,18,22,
		32 ,22,18,23 ,22,18,23,
		32 ,3,4,8 ,3,4,8,
		32 ,8,4,9 ,8,4,9,
		32 ,8,9,13 ,8,9,13,
		32 ,13,9,14 ,13,9,14,
		32 ,13,14,18 ,13,14,18,
		32 ,18,14,19 ,18,14,19,
		32 ,18,19,23 ,18,19,23,
		32 ,23,19,24 ,23,19,24
	]

}
