{
	"metadata" : {
		"formatVersion" : 3,
		"description" : "Exported from LibZinc."
	}, "materials": [ { "DbgColor": 15658734, "DbgIndex": 0, "DbgName": "my_material", "colorDiffuse": [ 0.9, 0.7, 0.5 ], "colorSpecular": [ 0.2, 0.2, 0.3 ], "shading": "Phong", "specularCoef": 20, "opacity": 1, "vertexColors": true } ], 

	"vertices" : [
		331.424500,281.101105,-100.920998,325.157928,283.513702,-100.383438,319.113647,285.414124,-99.313332,313.432526,287.532440,-97.873077,308.255493,290.598694,-96.225067,330.406799,279.605103,-95.562660,324.077820,281.692169,-94.818916,317.906158,283.491058,-93.443413,312.097534,285.505951,-91.693909,306.857605,288.240936,-89.828171,
		329.297943,278.461945,-89.991440,322.825989,280.303741,-89.037811,316.590179,281.738037,-87.242989,310.703217,283.318878,-84.981621,305.277832,285.600311,-82.628326,328.430878,278.143066,-84.480118,321.758240,279.803314,-83.220108,315.438171,280.787689,-80.803574,309.504456,281.882721,-77.869522,303.990845,283.874939,-75.056961,
		328.138702,279.119904,-79.301437,321.230225,280.645813,-77.545822,314.722473,281.272644,-74.216667,308.755981,282.108826,-70.490921,303.471313,284.262909,-67.545517
	],

	"normals" : [
		0.405056,0.856787,0.319133,0.335144,0.871122,0.358921,0.353698,0.870603,0.341977,0.466598,0.821783,0.327045,0.647422,0.682565,0.339042,0.351986,0.887730,0.296716,0.320562,0.887697,0.330506,0.356100,0.864539,0.354635,0.457802,0.803640,0.380237,0.608146,0.681777,0.406618,
		0.326888,0.924714,0.195059,0.276743,0.935061,0.221526,0.305801,0.912522,0.271644,0.410566,0.853480,0.320947,0.563546,0.746898,0.352929,0.313417,0.949589,-0.007183,0.183383,0.982980,0.011009,0.180593,0.980470,0.077873,0.305410,0.941756,0.140786,0.509410,0.845113,0.162126,
		0.272600,0.902760,-0.332737,0.009869,0.957713,-0.287555,-0.040007,0.976735,-0.210686,0.119805,0.977923,-0.171214,0.462566,0.859514,-0.217413
	],

	"faces": [
		32 ,0,1,5 ,0,1,5,
		32 ,5,1,6 ,5,1,6,
		32 ,5,6,10 ,5,6,10,
		32 ,10,6,11 ,10,6,11,
		32 ,10,11,15 ,10,11,15,
		32 ,15,11,16 ,15,11,16,
		32 ,15,16,20 ,15,16,20,
		32 ,20,16,21 ,20,16,21,
		32 ,1,2,6 ,1,2,6,
		32 ,6,2,7 ,6,2,7,
		32 ,6,7,11 ,6,7,11,
		32 ,11,7,12 ,11,7,12,
		32 ,11,12,16 ,11,12,16,
		32 ,16,12,17 ,16,12,17,
		32 ,16,17,21 ,16,17,21,
		32 ,21,17,22 ,21,17,22,
		32 ,2,3,7 ,2,3,7,
		32 ,7,3,8 ,7,3,8,
		32 ,7,8,12 ,7,8,12,
		32 ,12,8,13 ,12,8,13,
		32 ,12,13,17 ,12,13,17,
		32 ,17,13,18 ,17,13,18,
		32 ,17,18,22 ,17,18,22,
		32 ,22,18,23 ,22,18,23,
		32 ,3,4,8 ,3,4,8,
		32 ,8,4,9 ,8,4,9,
		32 ,8,9,13 ,8,9,13,
		32 ,13,9,14 ,13,9,14,
		32 ,13,14,18 ,13,14,18,
		32 ,18,14,19 ,18,14,19,
		32 ,18,19,23 ,18,19,23,
		32 ,23,19,24 ,23,19,24
	]

}
