{
	"metadata" : {
		"formatVersion" : 3,
		"description" : "Exported from LibZinc."
	}, "materials": [ { "DbgColor": 15658734, "DbgIndex": 0, "DbgName": "my_material", "colorDiffuse": [ 0.9, 0.7, 0.5 ], "colorSpecular": [ 0.2, 0.2, 0.3 ], "shading": "Phong", "specularCoef": 20, "opacity": 1, "vertexColors": true } ], 

	"vertices" : [
		200.584793,142.432404,-61.527111,204.932800,132.347076,-60.378277,209.127258,122.280373,-59.460171,214.473328,111.877953,-58.643417,222.276199,100.785500,-57.798630,199.806076,142.550766,-53.348194,204.093246,132.580582,-52.183693,208.190292,122.610481,-51.172001,213.450317,112.305145,-50.213963,221.226395,101.329254,-49.210438,
		199.216034,143.033890,-45.385632,203.328018,133.089310,-44.207355,207.375900,123.311028,-43.088554,212.636917,113.214355,-41.952297,220.388275,102.314590,-40.721657,198.912750,144.031219,-37.263775,202.707352,134.127304,-36.118057,206.733170,124.590836,-34.921944,212.095947,114.748764,-33.618454,219.901413,103.928032,-32.150597,
		198.994293,145.692200,-28.606991,202.301437,135.948593,-27.584589,206.311172,126.658714,-26.384268,211.890228,117.051552,-24.972454,219.905396,106.356102,-23.315580
	],

	"normals" : [
		-0.894777,-0.437324,-0.090125,-0.920581,-0.381149,-0.085182,-0.905780,-0.413109,-0.094357,-0.852321,-0.514173,-0.095789,-0.768996,-0.635418,-0.069919,-0.896777,-0.437918,-0.063386,-0.922674,-0.377592,-0.078079,-0.909524,-0.408895,-0.074639,-0.855991,-0.513967,-0.055839,-0.767488,-0.640262,-0.032054,
		-0.911592,-0.410783,-0.016070,-0.926979,-0.372057,-0.047785,-0.909736,-0.413790,-0.034037,-0.856113,-0.516776,0.003676,-0.773901,-0.632501,0.031942,-0.931609,-0.360990,0.042311,-0.932407,-0.361407,0.001439,-0.905655,-0.423302,0.024597,-0.849627,-0.521532,0.078352,-0.777719,-0.617454,0.117917,
		-0.951144,-0.292682,0.098294,-0.937158,-0.343708,0.059991,-0.896013,-0.433847,0.094536,-0.833428,-0.528611,0.161146,-0.767986,-0.602071,0.218420
	],

	"faces": [
		32 ,0,1,5 ,0,1,5,
		32 ,5,1,6 ,5,1,6,
		32 ,5,6,10 ,5,6,10,
		32 ,10,6,11 ,10,6,11,
		32 ,10,11,15 ,10,11,15,
		32 ,15,11,16 ,15,11,16,
		32 ,15,16,20 ,15,16,20,
		32 ,20,16,21 ,20,16,21,
		32 ,1,2,6 ,1,2,6,
		32 ,6,2,7 ,6,2,7,
		32 ,6,7,11 ,6,7,11,
		32 ,11,7,12 ,11,7,12,
		32 ,11,12,16 ,11,12,16,
		32 ,16,12,17 ,16,12,17,
		32 ,16,17,21 ,16,17,21,
		32 ,21,17,22 ,21,17,22,
		32 ,2,3,7 ,2,3,7,
		32 ,7,3,8 ,7,3,8,
		32 ,7,8,12 ,7,8,12,
		32 ,12,8,13 ,12,8,13,
		32 ,12,13,17 ,12,13,17,
		32 ,17,13,18 ,17,13,18,
		32 ,17,18,22 ,17,18,22,
		32 ,22,18,23 ,22,18,23,
		32 ,3,4,8 ,3,4,8,
		32 ,8,4,9 ,8,4,9,
		32 ,8,9,13 ,8,9,13,
		32 ,13,9,14 ,13,9,14,
		32 ,13,14,18 ,13,14,18,
		32 ,18,14,19 ,18,14,19,
		32 ,18,19,23 ,18,19,23,
		32 ,23,19,24 ,23,19,24
	]

}
