{
	"metadata" : {
		"formatVersion" : 3,
		"description" : "Exported from LibZinc."
	}, "materials": [ { "DbgColor": 15658734, "DbgIndex": 0, "DbgName": "my_material", "colorDiffuse": [ 0.9, 0.7, 0.5 ], "colorSpecular": [ 0.2, 0.2, 0.3 ], "shading": "Phong", "specularCoef": 20, "opacity": 1, "vertexColors": true } ], 

	"vertices" : [
		241.228699,285.857086,-35.612610,235.574265,281.771942,-35.441681,230.367661,276.834473,-35.467934,225.581161,270.837708,-35.479313,221.186996,263.574707,-35.263760,242.600204,282.722809,-26.264580,237.120148,279.114166,-25.944777,232.028641,274.727722,-25.630449,227.206589,269.279358,-25.309261,222.534897,262.485046,-24.968884,
		243.848679,279.830109,-15.264397,238.591034,276.405518,-15.086790,233.713165,272.272491,-14.876517,229.037155,267.119537,-14.617544,224.385071,260.635254,-14.293837,245.413589,276.271484,-3.693436,240.440201,272.906799,-3.765291,235.851974,268.880951,-3.852931,231.435242,263.906158,-3.841133,226.976288,257.694672,-3.614677,
		247.734406,271.139404,7.366932,243.120956,267.878754,7.122147,238.875839,263.965210,6.793519,234.763229,259.187073,6.582999,230.547302,253.332596,6.692538
	],

	"normals" : [
		-0.465769,0.774626,0.427800,-0.591362,0.719735,0.363692,-0.706497,0.646313,0.288342,-0.800744,0.558929,0.215426,-0.872414,0.467904,0.141276,-0.468323,0.835667,0.286940,-0.567098,0.777633,0.271453,-0.671882,0.697294,0.249710,-0.763190,0.606073,0.224089,-0.832497,0.519426,0.192730,
		-0.473193,0.835585,0.279083,-0.563013,0.775722,0.285081,-0.658240,0.695225,0.288761,-0.739464,0.608665,0.287610,-0.799719,0.531972,0.278308,-0.478220,0.797145,0.368601,-0.568866,0.729816,0.379157,-0.652442,0.649562,0.390369,-0.715199,0.574947,0.397400,-0.757776,0.519211,0.395215,
		-0.451028,0.707388,0.544221,-0.552187,0.633620,0.541863,-0.624710,0.561776,0.542352,-0.666063,0.511608,0.542786,-0.686217,0.489493,0.538055
	],

	"faces": [
		32 ,0,1,5 ,0,1,5,
		32 ,5,1,6 ,5,1,6,
		32 ,5,6,10 ,5,6,10,
		32 ,10,6,11 ,10,6,11,
		32 ,10,11,15 ,10,11,15,
		32 ,15,11,16 ,15,11,16,
		32 ,15,16,20 ,15,16,20,
		32 ,20,16,21 ,20,16,21,
		32 ,1,2,6 ,1,2,6,
		32 ,6,2,7 ,6,2,7,
		32 ,6,7,11 ,6,7,11,
		32 ,11,7,12 ,11,7,12,
		32 ,11,12,16 ,11,12,16,
		32 ,16,12,17 ,16,12,17,
		32 ,16,17,21 ,16,17,21,
		32 ,21,17,22 ,21,17,22,
		32 ,2,3,7 ,2,3,7,
		32 ,7,3,8 ,7,3,8,
		32 ,7,8,12 ,7,8,12,
		32 ,12,8,13 ,12,8,13,
		32 ,12,13,17 ,12,13,17,
		32 ,17,13,18 ,17,13,18,
		32 ,17,18,22 ,17,18,22,
		32 ,22,18,23 ,22,18,23,
		32 ,3,4,8 ,3,4,8,
		32 ,8,4,9 ,8,4,9,
		32 ,8,9,13 ,8,9,13,
		32 ,13,9,14 ,13,9,14,
		32 ,13,14,18 ,13,14,18,
		32 ,18,14,19 ,18,14,19,
		32 ,18,19,23 ,18,19,23,
		32 ,23,19,24 ,23,19,24
	]

}
