{
	"metadata" : {
		"formatVersion" : 3,
		"description" : "Exported from LibZinc."
	}, "materials": [ { "DbgColor": 15658734, "DbgIndex": 0, "DbgName": "my_material", "colorDiffuse": [ 0.9, 0.7, 0.5 ], "colorSpecular": [ 0.2, 0.2, 0.3 ], "shading": "Phong", "specularCoef": 20, "opacity": 1, "vertexColors": true } ], 

	"vertices" : [
		350.548096,106.297096,-23.332661,358.563904,116.978989,-24.988184,364.158997,126.601997,-26.392134,368.187195,135.918030,-27.584196,371.502289,145.679001,-28.604050,350.282623,109.446449,-14.277193,358.574982,119.909058,-16.039625,364.202820,129.370865,-17.470978,367.958679,138.525604,-18.588337,370.634949,148.066986,-19.408787,
		349.680664,113.113556,-5.140446,358.104187,123.229240,-6.937850,363.444946,132.557053,-8.335317,366.646484,141.628372,-9.348332,368.652344,150.974579,-9.992384,348.277008,117.434891,4.035402,356.542816,127.071877,2.255626,361.479340,136.169785,0.972346,364.134125,145.069885,0.101324,365.554779,154.113480,-0.441678,
		345.606506,122.546898,13.208170,353.282196,131.569290,11.479286,357.899963,140.218277,10.409509,360.305023,148.693695,9.726143,361.342499,157.195404,9.156491
	],

	"normals" : [
		0.767550,-0.602736,0.218121,0.833077,-0.529059,0.161489,0.895673,-0.434436,0.095060,0.936933,-0.344212,0.060621,0.951257,-0.292370,0.098134,0.745806,-0.614321,0.257650,0.820379,-0.537133,0.196128,0.892292,-0.419533,0.166755,0.939773,-0.296043,0.170838,0.954010,-0.215645,0.208237,
		0.708877,-0.618235,0.339528,0.808006,-0.517412,0.281798,0.892306,-0.368480,0.260791,0.935967,-0.226668,0.269421,0.941134,-0.153310,0.301269,0.668741,-0.594407,0.446616,0.781023,-0.472551,0.408288,0.872977,-0.308599,0.377727,0.917054,-0.163377,0.363759,0.918776,-0.097890,0.382450,
		0.640459,-0.525156,0.560378,0.724437,-0.408928,0.554950,0.815235,-0.272370,0.511083,0.878101,-0.132534,0.459754,0.890686,-0.034061,0.453341
	],

	"faces": [
		32 ,0,1,5 ,0,1,5,
		32 ,5,1,6 ,5,1,6,
		32 ,5,6,10 ,5,6,10,
		32 ,10,6,11 ,10,6,11,
		32 ,10,11,15 ,10,11,15,
		32 ,15,11,16 ,15,11,16,
		32 ,15,16,20 ,15,16,20,
		32 ,20,16,21 ,20,16,21,
		32 ,1,2,6 ,1,2,6,
		32 ,6,2,7 ,6,2,7,
		32 ,6,7,11 ,6,7,11,
		32 ,11,7,12 ,11,7,12,
		32 ,11,12,16 ,11,12,16,
		32 ,16,12,17 ,16,12,17,
		32 ,16,17,21 ,16,17,21,
		32 ,21,17,22 ,21,17,22,
		32 ,2,3,7 ,2,3,7,
		32 ,7,3,8 ,7,3,8,
		32 ,7,8,12 ,7,8,12,
		32 ,12,8,13 ,12,8,13,
		32 ,12,13,17 ,12,13,17,
		32 ,17,13,18 ,17,13,18,
		32 ,17,18,22 ,17,18,22,
		32 ,22,18,23 ,22,18,23,
		32 ,3,4,8 ,3,4,8,
		32 ,8,4,9 ,8,4,9,
		32 ,8,9,13 ,8,9,13,
		32 ,13,9,14 ,13,9,14,
		32 ,13,14,18 ,13,14,18,
		32 ,18,14,19 ,18,14,19,
		32 ,18,19,23 ,18,19,23,
		32 ,23,19,24 ,23,19,24
	]

}
