{
	"metadata" : {
		"formatVersion" : 3,
		"description" : "Exported from LibZinc."
	}, "materials": [ { "DbgColor": 15658734, "DbgIndex": 0, "DbgName": "my_material", "colorDiffuse": [ 0.9, 0.7, 0.5 ], "colorSpecular": [ 0.2, 0.2, 0.3 ], "shading": "Phong", "specularCoef": 20, "opacity": 1, "vertexColors": true } ], 

	"vertices" : [
		365.342590,225.059799,-33.298859,361.390045,234.899200,-33.774948,357.438019,245.059387,-34.278946,353.429352,254.848999,-34.776726,349.306885,263.576691,-35.234150,364.780151,224.411987,-23.219049,361.076721,234.172577,-23.676739,356.962036,244.317902,-24.137741,352.552765,254.029633,-24.581696,347.965485,262.489441,-24.988245,
		362.708069,223.130127,-12.814080,359.240784,232.780273,-13.193980,355.202515,242.833527,-13.569882,350.769531,252.411804,-13.943954,346.118134,260.637024,-14.318368,359.402954,221.373825,-2.361541,356.161713,230.756241,-2.644342,352.306091,240.518890,-2.945449,348.030029,249.788940,-3.270609,343.527374,257.693573,-3.625571,
		355.141388,219.302704,7.860984,352.118896,228.134491,7.654504,348.419434,237.286667,7.365478,344.284546,245.954468,7.031232,339.955688,253.333099,6.689096
	],

	"normals" : [
		0.922014,0.386834,-0.015774,0.931688,0.361336,-0.037343,0.930616,0.365955,-0.005480,0.914930,0.399016,0.060740,0.872646,0.467457,0.141322,0.923227,0.351089,0.156170,0.920869,0.364861,0.137391,0.908684,0.392926,0.141075,0.883330,0.440209,0.161071,0.832076,0.520051,0.192864,
		0.904015,0.320191,0.283256,0.897352,0.349628,0.269297,0.883166,0.388015,0.263558,0.855897,0.443438,0.266089,0.799452,0.532428,0.278204,0.877423,0.294568,0.378627,0.867273,0.330703,0.372120,0.849682,0.372460,0.373248,0.818877,0.429410,0.380852,0.758132,0.519013,0.394793,
		0.849204,0.271337,0.453022,0.828841,0.321642,0.457787,0.797340,0.365763,0.480069,0.753099,0.415931,0.509749,0.686518,0.489133,0.537998
	],

	"faces": [
		32 ,0,1,5 ,0,1,5,
		32 ,5,1,6 ,5,1,6,
		32 ,5,6,10 ,5,6,10,
		32 ,10,6,11 ,10,6,11,
		32 ,10,11,15 ,10,11,15,
		32 ,15,11,16 ,15,11,16,
		32 ,15,16,20 ,15,16,20,
		32 ,20,16,21 ,20,16,21,
		32 ,1,2,6 ,1,2,6,
		32 ,6,2,7 ,6,2,7,
		32 ,6,7,11 ,6,7,11,
		32 ,11,7,12 ,11,7,12,
		32 ,11,12,16 ,11,12,16,
		32 ,16,12,17 ,16,12,17,
		32 ,16,17,21 ,16,17,21,
		32 ,21,17,22 ,21,17,22,
		32 ,2,3,7 ,2,3,7,
		32 ,7,3,8 ,7,3,8,
		32 ,7,8,12 ,7,8,12,
		32 ,12,8,13 ,12,8,13,
		32 ,12,13,17 ,12,13,17,
		32 ,17,13,18 ,17,13,18,
		32 ,17,18,22 ,17,18,22,
		32 ,22,18,23 ,22,18,23,
		32 ,3,4,8 ,3,4,8,
		32 ,8,4,9 ,8,4,9,
		32 ,8,9,13 ,8,9,13,
		32 ,13,9,14 ,13,9,14,
		32 ,13,14,18 ,13,14,18,
		32 ,18,14,19 ,18,14,19,
		32 ,18,19,23 ,18,19,23,
		32 ,23,19,24 ,23,19,24
	]

}
