{
	"metadata" : {
		"formatVersion" : 3,
		"description" : "Exported from LibZinc."
	}, "materials": [ { "DbgColor": 15658734, "DbgIndex": 0, "DbgName": "my_material", "colorDiffuse": [ 0.9, 0.7, 0.5 ], "colorSpecular": [ 0.2, 0.2, 0.3 ], "shading": "Phong", "specularCoef": 20, "opacity": 1, "vertexColors": true } ], 

	"vertices" : [
		215.356400,219.303894,7.856103,213.207092,210.959900,7.940691,211.788879,202.747787,7.935142,210.830978,194.686401,7.903469,210.062607,186.794601,7.909687,220.528061,216.801575,17.803988,218.573029,209.149353,17.808712,217.246155,201.570679,17.752508,216.345734,194.131897,17.660143,215.670059,186.899353,17.556381,
		226.817886,213.697220,27.220253,224.994644,206.892365,27.187237,223.697174,200.121429,27.126808,222.825180,193.458679,27.023649,222.278275,186.978333,26.862440,234.335266,210.059662,35.522961,232.647110,204.232407,35.491226,231.401077,198.410156,35.447254,230.575531,192.656799,35.364990,230.148880,187.036179,35.218376,
		243.189606,205.957703,42.130180,241.705612,201.212952,42.135643,240.616928,196.446976,42.103058,239.903046,191.716324,42.055168,239.543503,187.077499,42.014702
	],

	"normals" : [
		-0.849190,0.271387,0.453018,-0.869436,0.184134,0.458449,-0.877837,0.121591,0.463269,-0.879311,0.088767,0.467902,-0.876791,0.088678,0.472624,-0.803715,0.247984,0.540876,-0.827041,0.172209,0.535114,-0.841164,0.115303,0.528345,-0.846757,0.079636,0.525986,-0.843269,0.067218,0.533272,
		-0.729506,0.225168,0.645849,-0.753087,0.166813,0.636423,-0.771007,0.114992,0.626359,-0.780489,0.069888,0.621251,-0.778471,0.031863,0.626871,-0.613160,0.197787,0.764798,-0.635140,0.154945,0.756696,-0.652548,0.108558,0.749931,-0.663637,0.058094,0.745795,-0.666455,0.002976,0.745540,
		-0.440209,0.163634,0.882859,-0.463039,0.121477,0.877974,-0.473269,0.081197,0.877168,-0.480245,0.045609,0.875948,-0.493543,0.014870,0.869594
	],

	"faces": [
		32 ,0,1,5 ,0,1,5,
		32 ,5,1,6 ,5,1,6,
		32 ,5,6,10 ,5,6,10,
		32 ,10,6,11 ,10,6,11,
		32 ,10,11,15 ,10,11,15,
		32 ,15,11,16 ,15,11,16,
		32 ,15,16,20 ,15,16,20,
		32 ,20,16,21 ,20,16,21,
		32 ,1,2,6 ,1,2,6,
		32 ,6,2,7 ,6,2,7,
		32 ,6,7,11 ,6,7,11,
		32 ,11,7,12 ,11,7,12,
		32 ,11,12,16 ,11,12,16,
		32 ,16,12,17 ,16,12,17,
		32 ,16,17,21 ,16,17,21,
		32 ,21,17,22 ,21,17,22,
		32 ,2,3,7 ,2,3,7,
		32 ,7,3,8 ,7,3,8,
		32 ,7,8,12 ,7,8,12,
		32 ,12,8,13 ,12,8,13,
		32 ,12,13,17 ,12,13,17,
		32 ,17,13,18 ,17,13,18,
		32 ,17,18,22 ,17,18,22,
		32 ,22,18,23 ,22,18,23,
		32 ,3,4,8 ,3,4,8,
		32 ,8,4,9 ,8,4,9,
		32 ,8,9,13 ,8,9,13,
		32 ,13,9,14 ,13,9,14,
		32 ,13,14,18 ,13,14,18,
		32 ,18,14,19 ,18,14,19,
		32 ,18,19,23 ,18,19,23,
		32 ,23,19,24 ,23,19,24
	]

}
