{
	"metadata" : {
		"formatVersion" : 3,
		"description" : "Exported from LibZinc."
	}, "materials": [ { "DbgColor": 15658734, "DbgIndex": 0, "DbgName": "my_material", "colorDiffuse": [ 0.9, 0.7, 0.5 ], "colorSpecular": [ 0.2, 0.2, 0.3 ], "shading": "Phong", "specularCoef": 20, "opacity": 1, "vertexColors": true } ], 

	"vertices" : [
		303.524902,278.903809,8.186271,298.852631,279.757141,8.507298,294.336426,280.322968,8.822346,289.864685,280.636414,9.061059,285.325714,280.732697,9.153085,302.324219,271.209351,18.888035,298.038055,271.999451,19.156561,293.824341,272.526825,19.379709,289.609192,272.822998,19.529226,285.318817,272.919464,19.576862,
		300.663177,261.540985,28.557629,296.826477,262.259094,28.823690,293.019440,262.730164,29.019915,289.196747,262.991913,29.141220,285.313080,263.082001,29.182528,298.616272,250.494583,36.843937,295.301147,251.132416,37.140888,291.993622,251.539200,37.344418,288.670502,251.759872,37.464565,285.308502,251.839386,37.511379,
		296.257904,238.665894,43.395840,293.545258,239.215759,43.740364,290.818726,239.560074,43.954674,288.073578,239.743500,44.066788,285.305115,239.810699,44.104721
	],

	"normals" : [
		0.208031,0.835937,0.507871,0.166515,0.843043,0.511421,0.115550,0.847927,0.517366,0.058358,0.850435,0.522834,-0.000652,0.850857,0.525396,0.198910,0.730064,0.653790,0.152797,0.739472,0.655617,0.102050,0.745198,0.658989,0.049823,0.747979,0.661850,-0.000708,0.748933,0.662645,
		0.195914,0.620933,0.758986,0.144009,0.634107,0.759717,0.092631,0.641952,0.761129,0.044771,0.645857,0.762145,0.002694,0.647519,0.762044,0.204042,0.504568,0.838915,0.144532,0.522968,0.840009,0.090019,0.533575,0.840948,0.043621,0.538546,0.841466,0.007161,0.540293,0.841446,
		0.230380,0.369276,0.900311,0.155496,0.396063,0.904962,0.091042,0.409922,0.907566,0.040946,0.414867,0.908960,0.006905,0.415041,0.909776
	],

	"faces": [
		32 ,0,1,5 ,0,1,5,
		32 ,5,1,6 ,5,1,6,
		32 ,5,6,10 ,5,6,10,
		32 ,10,6,11 ,10,6,11,
		32 ,10,11,15 ,10,11,15,
		32 ,15,11,16 ,15,11,16,
		32 ,15,16,20 ,15,16,20,
		32 ,20,16,21 ,20,16,21,
		32 ,1,2,6 ,1,2,6,
		32 ,6,2,7 ,6,2,7,
		32 ,6,7,11 ,6,7,11,
		32 ,11,7,12 ,11,7,12,
		32 ,11,12,16 ,11,12,16,
		32 ,16,12,17 ,16,12,17,
		32 ,16,17,21 ,16,17,21,
		32 ,21,17,22 ,21,17,22,
		32 ,2,3,7 ,2,3,7,
		32 ,7,3,8 ,7,3,8,
		32 ,7,8,12 ,7,8,12,
		32 ,12,8,13 ,12,8,13,
		32 ,12,13,17 ,12,13,17,
		32 ,17,13,18 ,17,13,18,
		32 ,17,18,22 ,17,18,22,
		32 ,22,18,23 ,22,18,23,
		32 ,3,4,8 ,3,4,8,
		32 ,8,4,9 ,8,4,9,
		32 ,8,9,13 ,8,9,13,
		32 ,13,9,14 ,13,9,14,
		32 ,13,14,18 ,13,14,18,
		32 ,18,14,19 ,18,14,19,
		32 ,18,19,23 ,18,19,23,
		32 ,23,19,24 ,23,19,24
	]

}
