{
	"metadata" : {
		"formatVersion" : 3,
		"description" : "Exported from LibZinc."
	}, "materials": [ { "DbgColor": 15658734, "DbgIndex": 0, "DbgName": "my_material", "colorDiffuse": [ 0.9, 0.7, 0.5 ], "colorSpecular": [ 0.2, 0.2, 0.3 ], "shading": "Phong", "specularCoef": 20, "opacity": 1, "vertexColors": true } ], 

	"vertices" : [
		331.828186,257.757202,-183.509506,327.320618,262.639130,-184.724487,322.815277,267.260010,-186.276932,318.214813,271.863464,-188.117432,313.421906,276.693115,-190.196594,333.407501,263.500702,-176.122650,328.620728,268.063843,-177.085129,323.846008,272.301147,-178.222595,319.084656,276.626190,-179.569733,314.337952,281.452576,-181.161179,
		333.799683,267.213867,-166.628464,328.963043,271.254700,-167.235992,323.950958,274.742035,-167.782990,318.999451,278.253265,-168.466995,314.344421,282.365753,-169.485580,333.636292,269.822113,-156.609665,328.898438,273.417236,-156.845139,323.857086,276.160217,-156.860184,318.847717,278.792419,-156.907410,314.205902,282.055176,-157.239426,
		333.548889,272.250885,-147.649002,328.977875,275.757080,-147.580612,324.291260,278.133270,-147.356262,319.518005,280.291443,-146.989136,314.687103,283.143494,-146.492401
	],

	"normals" : [
		0.591117,0.383542,-0.709561,0.626441,0.399311,-0.669419,0.653303,0.411296,-0.635634,0.672720,0.415771,-0.612032,0.685790,0.410917,-0.600698,0.690469,0.609229,-0.389991,0.669500,0.654170,-0.351897,0.675356,0.682393,-0.279705,0.705876,0.677435,-0.206933,0.756501,0.632714,-0.165465,
		0.695569,0.687977,-0.207052,0.596930,0.779862,-0.188385,0.566456,0.815652,-0.117643,0.612181,0.789889,-0.036193,0.718147,0.695633,0.018967,0.689668,0.707310,-0.155145,0.519123,0.838469,-0.165774,0.446886,0.886145,-0.122642,0.501214,0.863391,-0.057801,0.660637,0.750705,0.000608,
		0.675699,0.694747,-0.246491,0.483963,0.820243,-0.304928,0.366214,0.867259,-0.337268,0.389530,0.857655,-0.335699,0.538979,0.791899,-0.287050
	],

	"faces": [
		32 ,0,1,5 ,0,1,5,
		32 ,5,1,6 ,5,1,6,
		32 ,5,6,10 ,5,6,10,
		32 ,10,6,11 ,10,6,11,
		32 ,10,11,15 ,10,11,15,
		32 ,15,11,16 ,15,11,16,
		32 ,15,16,20 ,15,16,20,
		32 ,20,16,21 ,20,16,21,
		32 ,1,2,6 ,1,2,6,
		32 ,6,2,7 ,6,2,7,
		32 ,6,7,11 ,6,7,11,
		32 ,11,7,12 ,11,7,12,
		32 ,11,12,16 ,11,12,16,
		32 ,16,12,17 ,16,12,17,
		32 ,16,17,21 ,16,17,21,
		32 ,21,17,22 ,21,17,22,
		32 ,2,3,7 ,2,3,7,
		32 ,7,3,8 ,7,3,8,
		32 ,7,8,12 ,7,8,12,
		32 ,12,8,13 ,12,8,13,
		32 ,12,13,17 ,12,13,17,
		32 ,17,13,18 ,17,13,18,
		32 ,17,18,22 ,17,18,22,
		32 ,22,18,23 ,22,18,23,
		32 ,3,4,8 ,3,4,8,
		32 ,8,4,9 ,8,4,9,
		32 ,8,9,13 ,8,9,13,
		32 ,13,9,14 ,13,9,14,
		32 ,13,14,18 ,13,14,18,
		32 ,18,14,19 ,18,14,19,
		32 ,18,19,23 ,18,19,23,
		32 ,23,19,24 ,23,19,24
	]

}
