{
	"metadata" : {
		"formatVersion" : 3,
		"description" : "Exported from LibZinc."
	}, "materials": [ { "DbgColor": 15658734, "DbgIndex": 0, "DbgName": "my_material", "colorDiffuse": [ 0.9, 0.7, 0.5 ], "colorSpecular": [ 0.2, 0.2, 0.3 ], "shading": "Phong", "specularCoef": 20, "opacity": 1, "vertexColors": true } ], 

	"vertices" : [
		361.329803,215.358994,-136.224594,358.783630,223.867462,-138.633972,356.106720,232.807632,-140.939468,353.062103,241.474792,-142.964172,349.412689,249.164200,-144.531097,361.476807,216.675873,-129.574310,359.036133,225.492340,-131.884903,356.269379,234.721222,-134.054367,353.074646,243.645325,-135.935776,349.350159,251.547546,-137.382187,
		361.648315,217.981430,-123.780464,359.353424,227.132050,-125.856125,356.704529,236.665649,-127.871933,353.592163,245.854416,-129.658951,349.906921,253.970490,-131.048264,361.880707,219.238129,-118.422264,359.791382,228.737503,-120.243027,357.379150,238.564972,-122.107567,354.457703,247.991806,-123.818703,350.840668,256.289337,-125.179268,
		362.210388,220.408401,-113.078903,360.405884,230.259583,-114.741020,358.260284,240.343155,-116.476685,355.514435,249.947327,-118.100006,351.909210,258.360291,-119.425102
	],

	"normals" : [
		0.956567,0.282789,-0.070781,0.962581,0.256057,-0.088729,0.955931,0.283969,-0.074545,0.931758,0.357330,-0.064361,0.869078,0.485430,-0.095194,0.966364,0.245492,-0.076638,0.963387,0.246413,-0.105668,0.951939,0.278272,-0.127974,0.926369,0.342965,-0.155613,0.867418,0.454557,-0.202396,
		0.971714,0.219945,-0.086001,0.966726,0.223299,-0.124815,0.952155,0.252335,-0.172418,0.922424,0.314002,-0.224803,0.859890,0.426345,-0.280748,0.976034,0.195330,-0.095943,0.970447,0.192173,-0.145951,0.953926,0.219768,-0.204271,0.921553,0.286404,-0.262130,0.855013,0.412761,-0.313975,
		0.981611,0.160891,-0.102732,0.973096,0.157554,-0.168107,0.955885,0.192413,-0.221950,0.924947,0.273985,-0.263449,0.857241,0.422910,-0.293745
	],

	"faces": [
		32 ,0,1,5 ,0,1,5,
		32 ,5,1,6 ,5,1,6,
		32 ,5,6,10 ,5,6,10,
		32 ,10,6,11 ,10,6,11,
		32 ,10,11,15 ,10,11,15,
		32 ,15,11,16 ,15,11,16,
		32 ,15,16,20 ,15,16,20,
		32 ,20,16,21 ,20,16,21,
		32 ,1,2,6 ,1,2,6,
		32 ,6,2,7 ,6,2,7,
		32 ,6,7,11 ,6,7,11,
		32 ,11,7,12 ,11,7,12,
		32 ,11,12,16 ,11,12,16,
		32 ,16,12,17 ,16,12,17,
		32 ,16,17,21 ,16,17,21,
		32 ,21,17,22 ,21,17,22,
		32 ,2,3,7 ,2,3,7,
		32 ,7,3,8 ,7,3,8,
		32 ,7,8,12 ,7,8,12,
		32 ,12,8,13 ,12,8,13,
		32 ,12,13,17 ,12,13,17,
		32 ,17,13,18 ,17,13,18,
		32 ,17,18,22 ,17,18,22,
		32 ,22,18,23 ,22,18,23,
		32 ,3,4,8 ,3,4,8,
		32 ,8,4,9 ,8,4,9,
		32 ,8,9,13 ,8,9,13,
		32 ,13,9,14 ,13,9,14,
		32 ,13,14,18 ,13,14,18,
		32 ,18,14,19 ,18,14,19,
		32 ,18,19,23 ,18,19,23,
		32 ,23,19,24 ,23,19,24
	]

}
