{
	"metadata" : {
		"formatVersion" : 3,
		"description" : "Exported from LibZinc."
	},

	"vertices" : [
		369.122803,161.651993,-92.573227,374.563934,159.817917,-85.359024,380.080353,159.676010,-77.541481,385.460632,160.861038,-70.400978,390.493195,163.007706,-65.217873,371.170532,162.216553,-85.118416,375.008942,162.867111,-77.940773,378.683533,163.945297,-71.715958,382.191193,165.679947,-66.398369,385.528748,168.299850,-61.942429,
		372.304291,168.244583,-78.925110,374.557465,169.358047,-74.006721,376.884918,170.531219,-69.510605,378.983795,172.167816,-65.228745,380.551178,174.671539,-60.953136,373.261078,176.840134,-73.414146,374.162750,177.401260,-71.410660,375.358459,178.047363,-68.936913,376.344147,179.063873,-66.046585,376.615814,180.736206,-62.793335,
		374.778015,185.107300,-68.006363,374.778015,185.107300,-68.006363,374.778015,185.107300,-68.006363,374.778015,185.107300,-68.006363,374.778015,185.107300,-68.006363
	],

	"normals" : [
		-0.103009,-0.941156,-0.321893,-0.305479,-0.946458,0.104401,-0.271557,-0.925601,0.263664,-0.226563,-0.876961,0.423804,-0.112201,-0.756654,0.644116,-0.777696,-0.460244,0.428212,-0.720510,-0.512056,0.467616,-0.648656,-0.543128,0.533157,-0.537820,-0.565511,0.625257,-0.359202,-0.574561,0.735427,
		-0.891358,-0.196247,0.408618,-0.841977,-0.248296,0.478982,-0.816711,-0.272931,0.508420,-0.786491,-0.345333,0.512032,-0.701188,-0.476085,0.530735,-0.934240,-0.090747,0.344907,-0.865400,-0.158514,0.475348,-0.886288,-0.161695,0.433992,-0.922125,-0.230826,0.310492,-0.901381,-0.395719,0.175839,
		-0.975414,0.173857,0.135430,-0.975414,0.173857,0.135430,-0.975414,0.173857,0.135430,-0.975414,0.173857,0.135430,-0.975414,0.173857,0.135430
	],

	"faces": [
		32 ,0,1,5 ,0,1,5,
		32 ,5,1,6 ,5,1,6,
		32 ,5,6,10 ,5,6,10,
		32 ,10,6,11 ,10,6,11,
		32 ,10,11,15 ,10,11,15,
		32 ,15,11,16 ,15,11,16,
		32 ,15,16,20 ,15,16,20,
		32 ,20,16,21 ,20,16,21,
		32 ,1,2,6 ,1,2,6,
		32 ,6,2,7 ,6,2,7,
		32 ,6,7,11 ,6,7,11,
		32 ,11,7,12 ,11,7,12,
		32 ,11,12,16 ,11,12,16,
		32 ,16,12,17 ,16,12,17,
		32 ,16,17,21 ,16,17,21,
		32 ,21,17,22 ,21,17,22,
		32 ,2,3,7 ,2,3,7,
		32 ,7,3,8 ,7,3,8,
		32 ,7,8,12 ,7,8,12,
		32 ,12,8,13 ,12,8,13,
		32 ,12,13,17 ,12,13,17,
		32 ,17,13,18 ,17,13,18,
		32 ,17,18,22 ,17,18,22,
		32 ,22,18,23 ,22,18,23,
		32 ,3,4,8 ,3,4,8,
		32 ,8,4,9 ,8,4,9,
		32 ,8,9,13 ,8,9,13,
		32 ,13,9,14 ,13,9,14,
		32 ,13,14,18 ,13,14,18,
		32 ,18,14,19 ,18,14,19,
		32 ,18,19,23 ,18,19,23,
		32 ,23,19,24 ,23,19,24
	]

}
