{
	"metadata" : {
		"formatVersion" : 3,
		"description" : "Exported from LibZinc."
	},

	"vertices" : [
		307.988098,289.117889,-115.436996,306.702850,292.918182,-114.191216,303.335541,301.611237,-111.352341,298.618958,311.135223,-108.268097,293.285797,317.428406,-106.286201,308.245270,289.689972,-113.532310,306.328644,293.547638,-111.843483,302.664764,301.483978,-108.435410,297.953644,310.082306,-104.907616,292.895203,315.925995,-102.859619,
		308.696167,290.766785,-108.756836,305.540680,294.912170,-106.905418,301.474274,301.590546,-103.963844,296.899750,308.547150,-101.058411,292.219940,313.527161,-99.315414,308.859894,291.389374,-102.518463,304.502777,295.778229,-100.683540,300.033661,301.238495,-98.554077,295.580475,306.582672,-96.618752,291.271149,310.623199,-95.366241,
		308.255493,290.598694,-96.225067,303.378784,294.912323,-94.484344,298.612640,299.735352,-92.822533,294.119049,304.241699,-91.486916,290.059998,307.605286,-90.724777
	],

	"normals" : [
		0.000000,0.000000,0.000000,0.938276,0.255443,0.233211,0.920164,0.316524,0.230458,0.865476,0.444880,0.230288,0.540270,0.802790,0.252265,0.553754,0.783151,-0.282897,0.914923,0.403201,0.018584,0.910090,0.348534,0.224190,0.844045,0.403277,0.353491,0.534865,0.689913,0.487791,
		0.588867,0.788307,-0.178348,0.847175,0.531061,0.016397,0.871651,0.429700,0.235758,0.801767,0.428184,0.416926,0.535178,0.620343,0.573375,0.631276,0.775545,0.004571,0.773330,0.623786,0.113366,0.798024,0.531673,0.283695,0.735320,0.508496,0.448036,0.540632,0.613961,0.575125,
		0.647422,0.682565,0.339042,0.713010,0.600672,0.361676,0.719020,0.569501,0.398346,0.671333,0.588906,0.450002,0.507306,0.681026,0.528057
	],

	"faces": [
		32 ,0,1,5 ,0,1,5,
		32 ,5,1,6 ,5,1,6,
		32 ,5,6,10 ,5,6,10,
		32 ,10,6,11 ,10,6,11,
		32 ,10,11,15 ,10,11,15,
		32 ,15,11,16 ,15,11,16,
		32 ,15,16,20 ,15,16,20,
		32 ,20,16,21 ,20,16,21,
		32 ,1,2,6 ,1,2,6,
		32 ,6,2,7 ,6,2,7,
		32 ,6,7,11 ,6,7,11,
		32 ,11,7,12 ,11,7,12,
		32 ,11,12,16 ,11,12,16,
		32 ,16,12,17 ,16,12,17,
		32 ,16,17,21 ,16,17,21,
		32 ,21,17,22 ,21,17,22,
		32 ,2,3,7 ,2,3,7,
		32 ,7,3,8 ,7,3,8,
		32 ,7,8,12 ,7,8,12,
		32 ,12,8,13 ,12,8,13,
		32 ,12,13,17 ,12,13,17,
		32 ,17,13,18 ,17,13,18,
		32 ,17,18,22 ,17,18,22,
		32 ,22,18,23 ,22,18,23,
		32 ,3,4,8 ,3,4,8,
		32 ,8,4,9 ,8,4,9,
		32 ,8,9,13 ,8,9,13,
		32 ,13,9,14 ,13,9,14,
		32 ,13,14,18 ,13,14,18,
		32 ,18,14,19 ,18,14,19,
		32 ,18,19,23 ,18,19,23,
		32 ,23,19,24 ,23,19,24
	]

}
