{
	"metadata" : {
		"formatVersion" : 3,
		"description" : "Exported from LibZinc."
	},

	"vertices" : [
		267.038208,284.295105,-67.364143,261.715759,282.190857,-70.431236,255.724152,281.317322,-74.261757,249.202362,280.628754,-77.640343,242.289398,279.079407,-79.351608,267.038971,284.316833,-67.272942,261.660797,282.546448,-69.085884,255.681000,282.105560,-71.326721,249.177963,281.777496,-73.363457,242.230042,280.345734,-74.564117,
		267.038208,284.295105,-67.364143,261.492065,282.965973,-67.332848,255.502121,282.778168,-68.054115,249.063751,282.553558,-69.077621,242.172379,281.113922,-69.953041,267.037415,284.273376,-67.455338,261.278259,283.440125,-65.561012,255.198441,283.568909,-64.764229,248.745712,283.512054,-64.785294,241.867889,282.121918,-65.344505,
		267.038208,284.295105,-67.364143,261.088013,283.959625,-64.159248,254.780869,284.711395,-61.777321,248.109833,285.208191,-60.488926,241.067993,284.107697,-60.564640
	],

	"normals" : [
		-0.391249,0.864544,-0.315416,-0.026921,0.953155,-0.301281,0.107705,0.938771,-0.327275,0.004617,0.942116,-0.335256,-0.275537,0.902766,-0.330292,-0.391249,0.864544,-0.315416,-0.064352,0.969002,-0.238526,0.047734,0.976087,-0.212073,-0.047340,0.978774,-0.199399,-0.298915,0.937050,-0.180518,
		-0.391249,0.864544,-0.315416,-0.076298,0.966365,-0.245598,0.029137,0.979102,-0.201273,-0.065912,0.981404,-0.180285,-0.306087,0.937436,-0.165904,-0.391249,0.864544,-0.315416,-0.091465,0.950021,-0.298486,0.019782,0.960676,-0.276966,-0.062288,0.957417,-0.281910,-0.281887,0.911565,-0.299316,
		-0.391249,0.864544,-0.315416,-0.149580,0.877137,-0.456352,-0.016463,0.888944,-0.457719,-0.054833,0.880186,-0.471450,-0.211020,0.834232,-0.509438
	],

	"faces": [
		32 ,0,1,5 ,0,1,5,
		32 ,5,1,6 ,5,1,6,
		32 ,5,6,10 ,5,6,10,
		32 ,10,6,11 ,10,6,11,
		32 ,10,11,15 ,10,11,15,
		32 ,15,11,16 ,15,11,16,
		32 ,15,16,20 ,15,16,20,
		32 ,20,16,21 ,20,16,21,
		32 ,1,2,6 ,1,2,6,
		32 ,6,2,7 ,6,2,7,
		32 ,6,7,11 ,6,7,11,
		32 ,11,7,12 ,11,7,12,
		32 ,11,12,16 ,11,12,16,
		32 ,16,12,17 ,16,12,17,
		32 ,16,17,21 ,16,17,21,
		32 ,21,17,22 ,21,17,22,
		32 ,2,3,7 ,2,3,7,
		32 ,7,3,8 ,7,3,8,
		32 ,7,8,12 ,7,8,12,
		32 ,12,8,13 ,12,8,13,
		32 ,12,13,17 ,12,13,17,
		32 ,17,13,18 ,17,13,18,
		32 ,17,18,22 ,17,18,22,
		32 ,22,18,23 ,22,18,23,
		32 ,3,4,8 ,3,4,8,
		32 ,8,4,9 ,8,4,9,
		32 ,8,9,13 ,8,9,13,
		32 ,13,9,14 ,13,9,14,
		32 ,13,14,18 ,13,14,18,
		32 ,18,14,19 ,18,14,19,
		32 ,18,19,23 ,18,19,23,
		32 ,23,19,24 ,23,19,24
	]

}
