{
	"metadata" : {
		"formatVersion" : 3,
		"description" : "Exported from LibZinc."
	},

	"vertices" : [
		206.998398,141.445297,-95.268929,209.495499,132.638657,-94.925560,212.609955,122.839104,-94.339409,217.438980,112.437088,-93.571808,225.079803,101.823097,-92.684113,204.951080,141.372086,-87.014870,208.144104,132.285217,-86.450119,211.668793,122.386848,-85.738136,216.703522,111.893761,-84.907524,224.426651,101.022713,-83.986877,
		203.142670,141.741409,-78.551544,206.931046,132.159012,-77.721130,210.843018,122.163841,-76.927383,216.083267,111.674248,-76.121635,223.856522,100.608582,-75.255188,201.658722,142.209442,-70.011459,205.859558,132.199738,-68.957535,210.030029,122.138779,-68.102844,215.399460,111.696373,-67.328735,223.197128,100.542305,-66.516594,
		200.584793,142.432404,-61.527111,204.932800,132.347076,-60.378277,209.127258,122.280373,-59.460171,214.473328,111.877953,-58.643417,222.276199,100.785500,-57.798630
	],

	"normals" : [
		-0.920495,-0.293767,-0.257663,-0.945167,-0.273665,-0.178233,-0.925044,-0.354068,-0.137585,-0.856327,-0.500310,-0.128039,-0.733837,-0.664578,-0.140780,-0.906482,-0.371353,-0.200965,-0.935700,-0.320499,-0.147466,-0.920799,-0.375479,-0.105573,-0.860060,-0.503079,-0.084898,-0.750264,-0.654241,-0.095247,
		-0.899711,-0.409008,-0.152425,-0.926531,-0.355929,-0.121884,-0.913357,-0.397507,-0.088133,-0.858773,-0.508144,-0.065567,-0.765134,-0.640224,-0.068434,-0.897694,-0.425085,-0.115964,-0.920774,-0.376740,-0.101201,-0.907020,-0.412623,-0.084006,-0.855625,-0.512982,-0.068962,-0.773108,-0.631377,-0.060551,
		-0.894777,-0.437324,-0.090125,-0.920581,-0.381149,-0.085182,-0.905780,-0.413109,-0.094357,-0.852321,-0.514173,-0.095789,-0.768996,-0.635418,-0.069919
	],

	"faces": [
		32 ,0,1,5 ,0,1,5,
		32 ,5,1,6 ,5,1,6,
		32 ,5,6,10 ,5,6,10,
		32 ,10,6,11 ,10,6,11,
		32 ,10,11,15 ,10,11,15,
		32 ,15,11,16 ,15,11,16,
		32 ,15,16,20 ,15,16,20,
		32 ,20,16,21 ,20,16,21,
		32 ,1,2,6 ,1,2,6,
		32 ,6,2,7 ,6,2,7,
		32 ,6,7,11 ,6,7,11,
		32 ,11,7,12 ,11,7,12,
		32 ,11,12,16 ,11,12,16,
		32 ,16,12,17 ,16,12,17,
		32 ,16,17,21 ,16,17,21,
		32 ,21,17,22 ,21,17,22,
		32 ,2,3,7 ,2,3,7,
		32 ,7,3,8 ,7,3,8,
		32 ,7,8,12 ,7,8,12,
		32 ,12,8,13 ,12,8,13,
		32 ,12,13,17 ,12,13,17,
		32 ,17,13,18 ,17,13,18,
		32 ,17,18,22 ,17,18,22,
		32 ,22,18,23 ,22,18,23,
		32 ,3,4,8 ,3,4,8,
		32 ,8,4,9 ,8,4,9,
		32 ,8,9,13 ,8,9,13,
		32 ,13,9,14 ,13,9,14,
		32 ,13,14,18 ,13,14,18,
		32 ,18,14,19 ,18,14,19,
		32 ,18,19,23 ,18,19,23,
		32 ,23,19,24 ,23,19,24
	]

}
