{
	"metadata" : {
		"formatVersion" : 3,
		"description" : "Exported from LibZinc."
	},

	"vertices" : [
		368.690613,185.318497,-83.508133,366.252319,193.336212,-86.387604,365.014740,202.706146,-88.761131,364.317017,212.786469,-90.678085,363.498291,222.935394,-92.187843,369.464172,186.216141,-79.541245,367.299164,193.193314,-81.917313,365.990265,202.410187,-83.878227,365.026794,212.829971,-85.481743,363.898132,223.415894,-86.785629,
		370.878204,186.701828,-76.440926,369.273773,191.729401,-77.739655,367.483337,201.239365,-79.038765,365.651093,212.812973,-80.269753,363.921143,224.031433,-81.364098,372.720306,186.443054,-72.998772,371.541107,190.113480,-73.272560,369.075317,200.173218,-73.838058,366.191101,212.916000,-74.605042,363.756683,224.635544,-75.483307,
		374.778015,185.107300,-68.006363,373.466034,189.514587,-67.933968,370.347412,200.191284,-67.871391,366.648132,213.319580,-68.050545,363.594208,225.081696,-68.703323
	],

	"normals" : [
		0.922525,0.356757,-0.147217,0.981223,0.161071,-0.106098,0.991033,0.060544,-0.119115,0.989284,0.039265,-0.140627,0.988149,0.092755,-0.122304,0.890242,0.274759,-0.363285,0.936997,0.099762,-0.334790,0.966013,0.056889,-0.252154,0.989141,0.071680,-0.128305,0.990757,0.127238,-0.047021,
		0.828082,0.311840,-0.465871,0.898167,0.129790,-0.420060,0.952367,0.127391,-0.277073,0.984351,0.139937,-0.107101,0.987540,0.157370,0.000218,-0.858118,0.218587,0.464599,0.908271,0.218037,-0.357076,0.949746,0.209638,-0.232452,0.974389,0.206899,-0.088084,0.981634,0.190266,0.013887,
		0.000000,0.951950,0.306255,0.926729,0.277470,-0.253347,0.945451,0.272168,-0.179016,0.962117,0.261107,-0.078446,0.973009,0.230749,0.003016
	],

	"faces": [
		32 ,0,1,5 ,0,1,5,
		32 ,5,1,6 ,5,1,6,
		32 ,5,6,10 ,5,6,10,
		32 ,10,6,11 ,10,6,11,
		32 ,10,11,15 ,10,11,15,
		32 ,15,11,16 ,15,11,16,
		32 ,15,16,20 ,15,16,20,
		32 ,20,16,21 ,20,16,21,
		32 ,1,2,6 ,1,2,6,
		32 ,6,2,7 ,6,2,7,
		32 ,6,7,11 ,6,7,11,
		32 ,11,7,12 ,11,7,12,
		32 ,11,12,16 ,11,12,16,
		32 ,16,12,17 ,16,12,17,
		32 ,16,17,21 ,16,17,21,
		32 ,21,17,22 ,21,17,22,
		32 ,2,3,7 ,2,3,7,
		32 ,7,3,8 ,7,3,8,
		32 ,7,8,12 ,7,8,12,
		32 ,12,8,13 ,12,8,13,
		32 ,12,13,17 ,12,13,17,
		32 ,17,13,18 ,17,13,18,
		32 ,17,18,22 ,17,18,22,
		32 ,22,18,23 ,22,18,23,
		32 ,3,4,8 ,3,4,8,
		32 ,8,4,9 ,8,4,9,
		32 ,8,9,13 ,8,9,13,
		32 ,13,9,14 ,13,9,14,
		32 ,13,14,18 ,13,14,18,
		32 ,18,14,19 ,18,14,19,
		32 ,18,19,23 ,18,19,23,
		32 ,23,19,24 ,23,19,24
	]

}
