{
	"metadata" : {
		"formatVersion" : 3,
		"description" : "Exported from LibZinc."
	},

	"vertices" : [
		484.395386,121.293404,-1675.000000,485.859497,128.359024,-1673.005005,486.356506,135.886688,-1671.587280,485.320923,143.404907,-1670.625854,482.187195,150.442200,-1670.000000,485.110321,119.788193,-1654.085815,486.759918,126.385597,-1652.602295,487.473694,133.600494,-1651.587280,486.518311,140.993744,-1650.963013,483.160492,148.126190,-1650.651733,
		487.787201,120.001602,-1629.063599,488.985809,126.760330,-1627.775391,488.694305,133.799133,-1627.205444,486.639343,140.934250,-1627.065552,482.547760,147.981949,-1627.067749,490.934692,120.672470,-1602.009521,491.455139,128.010269,-1600.902710,489.815216,135.116028,-1600.750488,486.389587,142.100830,-1601.025391,481.552856,149.075745,-1601.199951,
		493.061401,120.539597,-1575.000000,493.085785,128.662476,-1574.362793,490.633301,136.184662,-1574.531494,486.474457,143.367889,-1574.934448,481.379700,150.473907,-1575.000000
	],

	"normals" : [
		0.966878,-0.255235,0.001493,0.990014,-0.139221,-0.022118,0.998210,0.030866,-0.051233,0.962737,0.265756,-0.050111,0.835631,0.549119,0.013728,0.959526,-0.268471,-0.085044,0.982377,-0.169622,-0.078515,0.998579,0.005606,-0.052998,0.963402,0.267839,-0.010899,0.818996,0.573065,0.029023,
		0.963783,-0.243195,-0.109446,0.993844,-0.059717,-0.093317,0.985990,0.158464,-0.052083,0.920275,0.391242,-0.004840,0.800245,0.599432,0.017003,0.974520,-0.201174,-0.099195,0.992052,0.092132,-0.085705,0.937090,0.344961,-0.053524,0.856807,0.515214,-0.020905,0.791064,0.611667,-0.008975,
		0.984472,-0.168841,-0.048035,0.984838,0.170530,-0.031832,0.905277,0.423791,-0.029586,0.831131,0.554877,-0.036501,0.801321,0.596253,-0.048643
	],

	"faces": [
		32 ,0,1,5 ,0,1,5,
		32 ,5,1,6 ,5,1,6,
		32 ,5,6,10 ,5,6,10,
		32 ,10,6,11 ,10,6,11,
		32 ,10,11,15 ,10,11,15,
		32 ,15,11,16 ,15,11,16,
		32 ,15,16,20 ,15,16,20,
		32 ,20,16,21 ,20,16,21,
		32 ,1,2,6 ,1,2,6,
		32 ,6,2,7 ,6,2,7,
		32 ,6,7,11 ,6,7,11,
		32 ,11,7,12 ,11,7,12,
		32 ,11,12,16 ,11,12,16,
		32 ,16,12,17 ,16,12,17,
		32 ,16,17,21 ,16,17,21,
		32 ,21,17,22 ,21,17,22,
		32 ,2,3,7 ,2,3,7,
		32 ,7,3,8 ,7,3,8,
		32 ,7,8,12 ,7,8,12,
		32 ,12,8,13 ,12,8,13,
		32 ,12,13,17 ,12,13,17,
		32 ,17,13,18 ,17,13,18,
		32 ,17,18,22 ,17,18,22,
		32 ,22,18,23 ,22,18,23,
		32 ,3,4,8 ,3,4,8,
		32 ,8,4,9 ,8,4,9,
		32 ,8,9,13 ,8,9,13,
		32 ,13,9,14 ,13,9,14,
		32 ,13,14,18 ,13,14,18,
		32 ,18,14,19 ,18,14,19,
		32 ,18,19,23 ,18,19,23,
		32 ,23,19,24 ,23,19,24
	]

}
