{
	"metadata" : {
		"formatVersion" : 3,
		"description" : "Exported from LibZinc."
	},

	"vertices" : [
		328.138702,279.119904,-79.301437,321.230225,280.645813,-77.545822,314.722473,281.272644,-74.216667,308.755981,282.108826,-70.490921,303.471313,284.262909,-67.545517,328.172882,280.397095,-74.533531,321.242401,281.804810,-73.284042,314.760071,282.074341,-71.289841,308.808807,282.477417,-69.147743,303.471588,284.285736,-67.454597,
		328.226746,281.160370,-69.949951,321.354218,282.571960,-69.042580,314.935974,282.756226,-68.050735,308.974274,282.918213,-67.407394,303.471313,284.262909,-67.545517,328.545959,282.152710,-65.366592,321.681000,283.512482,-64.798843,315.242065,283.550171,-64.799820,309.186340,283.410980,-65.651649,303.471008,284.240051,-67.636444,
		329.376190,284.117188,-60.599369,322.338043,285.191620,-60.530254,315.670074,284.688080,-61.837555,309.378967,283.935547,-64.262299,303.471313,284.262909,-67.545517
	],

	"normals" : [
		0.272600,0.902760,-0.332737,-0.013416,0.940610,-0.339223,-0.114944,0.936676,-0.330797,0.030765,0.952152,-0.304071,0.406235,0.851100,-0.332569,0.298441,0.937101,-0.181037,0.039892,0.978857,-0.200619,-0.055976,0.974610,-0.216801,0.063371,0.966092,-0.250302,0.406235,0.851100,-0.332569,
		0.304001,0.938256,-0.165102,0.060732,0.982001,-0.178846,-0.033858,0.978157,-0.205092,0.078151,0.962846,-0.258496,0.406235,0.851100,-0.332569,0.277490,0.913265,-0.298240,0.059279,0.958034,-0.280459,-0.020164,0.959899,-0.279620,0.096823,0.946205,-0.308743,0.406235,0.851100,-0.332569,
		0.207714,0.836080,-0.507765,0.053655,0.880906,-0.470239,0.018097,0.889229,-0.457104,0.154429,0.876236,-0.456467,0.406235,0.851100,-0.332569
	],

	"faces": [
		32 ,0,1,5 ,0,1,5,
		32 ,5,1,6 ,5,1,6,
		32 ,5,6,10 ,5,6,10,
		32 ,10,6,11 ,10,6,11,
		32 ,10,11,15 ,10,11,15,
		32 ,15,11,16 ,15,11,16,
		32 ,15,16,20 ,15,16,20,
		32 ,20,16,21 ,20,16,21,
		32 ,1,2,6 ,1,2,6,
		32 ,6,2,7 ,6,2,7,
		32 ,6,7,11 ,6,7,11,
		32 ,11,7,12 ,11,7,12,
		32 ,11,12,16 ,11,12,16,
		32 ,16,12,17 ,16,12,17,
		32 ,16,17,21 ,16,17,21,
		32 ,21,17,22 ,21,17,22,
		32 ,2,3,7 ,2,3,7,
		32 ,7,3,8 ,7,3,8,
		32 ,7,8,12 ,7,8,12,
		32 ,12,8,13 ,12,8,13,
		32 ,12,13,17 ,12,13,17,
		32 ,17,13,18 ,17,13,18,
		32 ,17,18,22 ,17,18,22,
		32 ,22,18,23 ,22,18,23,
		32 ,3,4,8 ,3,4,8,
		32 ,8,4,9 ,8,4,9,
		32 ,8,9,13 ,8,9,13,
		32 ,13,9,14 ,13,9,14,
		32 ,13,14,18 ,13,14,18,
		32 ,18,14,19 ,18,14,19,
		32 ,18,19,23 ,18,19,23,
		32 ,23,19,24 ,23,19,24
	]

}
