{
	"metadata" : {
		"formatVersion" : 3,
		"description" : "Exported from LibZinc."
	},

	"vertices" : [
		206.887695,225.053207,-68.769836,203.846359,213.294098,-68.070724,200.152222,200.175766,-67.872704,197.034409,189.509659,-67.932381,195.722000,185.107300,-68.006363,206.717697,225.288116,-60.931763,203.249161,214.039291,-60.388100,199.384445,201.589127,-60.512573,196.095718,190.631134,-60.779007,194.355164,183.858871,-60.661224,
		206.204788,225.345718,-52.283749,202.488663,214.855103,-51.783375,198.986862,203.628830,-51.718853,196.095032,192.973541,-51.712765,194.208832,184.195923,-51.387707,205.599670,225.255219,-43.019703,201.865921,215.451523,-42.500591,198.905655,205.370850,-42.070965,196.598145,195.228836,-41.652267,194.822632,185.241089,-41.165947,
		205.153107,225.045807,-33.333519,201.681931,215.538559,-32.783791,199.086990,205.891205,-32.148338,197.170868,196.088959,-31.516121,195.736206,186.117004,-30.976089
	],

	"normals" : [
		-0.973457,0.228869,0.000882,-0.962288,0.260510,-0.078330,-0.946020,0.272272,-0.175826,-0.927950,0.278139,-0.248088,0.816678,-0.573258,0.066434,-0.957548,0.284043,-0.049199,-0.948864,0.294260,-0.114319,-0.946275,0.294237,-0.134117,-0.954635,0.276275,-0.111101,-0.984736,0.157890,-0.073249,
		-0.934454,0.350710,-0.061629,-0.944579,0.311331,-0.104132,-0.956275,0.279825,-0.085062,-0.970439,0.239509,-0.029723,-0.985646,0.167996,0.016683,-0.917438,0.394932,-0.048343,-0.947869,0.313361,-0.057872,-0.968309,0.248345,-0.026514,-0.980068,0.197184,0.024189,-0.985320,0.158697,0.062921,
		-0.921827,0.387254,-0.016394,-0.953653,0.300160,0.021193,-0.973584,0.225119,0.038166,-0.984696,0.166712,0.050803,-0.988185,0.127637,0.084853
	],

	"faces": [
		32 ,0,1,5 ,0,1,5,
		32 ,5,1,6 ,5,1,6,
		32 ,5,6,10 ,5,6,10,
		32 ,10,6,11 ,10,6,11,
		32 ,10,11,15 ,10,11,15,
		32 ,15,11,16 ,15,11,16,
		32 ,15,16,20 ,15,16,20,
		32 ,20,16,21 ,20,16,21,
		32 ,1,2,6 ,1,2,6,
		32 ,6,2,7 ,6,2,7,
		32 ,6,7,11 ,6,7,11,
		32 ,11,7,12 ,11,7,12,
		32 ,11,12,16 ,11,12,16,
		32 ,16,12,17 ,16,12,17,
		32 ,16,17,21 ,16,17,21,
		32 ,21,17,22 ,21,17,22,
		32 ,2,3,7 ,2,3,7,
		32 ,7,3,8 ,7,3,8,
		32 ,7,8,12 ,7,8,12,
		32 ,12,8,13 ,12,8,13,
		32 ,12,13,17 ,12,13,17,
		32 ,17,13,18 ,17,13,18,
		32 ,17,18,22 ,17,18,22,
		32 ,22,18,23 ,22,18,23,
		32 ,3,4,8 ,3,4,8,
		32 ,8,4,9 ,8,4,9,
		32 ,8,9,13 ,8,9,13,
		32 ,13,9,14 ,13,9,14,
		32 ,13,14,18 ,13,14,18,
		32 ,18,14,19 ,18,14,19,
		32 ,18,19,23 ,18,19,23,
		32 ,23,19,24 ,23,19,24
	]

}
