{
	"metadata" : {
		"formatVersion" : 3,
		"description" : "Exported from LibZinc."
	},

	"vertices" : [
		285.334412,69.604630,-55.136860,303.525330,72.318314,-55.392811,321.015228,79.398094,-56.046352,336.360748,89.348228,-56.924362,348.118500,100.672997,-57.853722,285.377563,70.258865,-46.208683,303.814270,72.986351,-46.480339,321.617615,80.056549,-47.193970,337.238068,89.954857,-48.175034,349.126007,101.166649,-49.248981,
		285.403839,71.001472,-37.273239,304.161682,73.768242,-37.568954,322.250458,80.913322,-38.353195,338.058838,90.893127,-39.463997,349.975525,102.164078,-40.739380,285.405884,72.229073,-28.158855,304.386871,75.049759,-28.493414,322.654266,82.317177,-29.377806,338.571960,92.438766,-30.652178,350.503937,103.821991,-32.156685,
		285.376312,74.338287,-18.693850,304.309082,77.216660,-19.088474,322.569458,84.616867,-20.121572,338.526215,94.867493,-21.600513,350.548096,106.297096,-23.332661
	],

	"normals" : [
		0.001767,-0.996602,0.082351,0.274814,-0.958725,0.072964,0.466746,-0.883451,0.040771,0.619120,-0.785230,-0.010269,0.767370,-0.637434,-0.069432,0.002774,-0.997484,0.070832,0.270991,-0.960659,0.060814,0.458901,-0.887757,0.036012,0.610892,-0.791706,0.003551,0.765209,-0.643010,-0.031506,
		0.003368,-0.994818,0.101618,0.270103,-0.958245,0.093861,0.458028,-0.885516,0.077920,0.612270,-0.788500,0.058256,0.771878,-0.634959,0.032127,0.003543,-0.985354,0.170485,0.271895,-0.947607,0.167673,0.460606,-0.872714,0.161905,0.615456,-0.773846,0.149589,0.776441,-0.619127,0.117560,
		0.003263,-0.963804,0.266594,0.275554,-0.922383,0.270701,0.461962,-0.842896,0.275894,0.611466,-0.745028,0.266538,0.767550,-0.602736,0.218121
	],

	"faces": [
		32 ,0,1,5 ,0,1,5,
		32 ,5,1,6 ,5,1,6,
		32 ,5,6,10 ,5,6,10,
		32 ,10,6,11 ,10,6,11,
		32 ,10,11,15 ,10,11,15,
		32 ,15,11,16 ,15,11,16,
		32 ,15,16,20 ,15,16,20,
		32 ,20,16,21 ,20,16,21,
		32 ,1,2,6 ,1,2,6,
		32 ,6,2,7 ,6,2,7,
		32 ,6,7,11 ,6,7,11,
		32 ,11,7,12 ,11,7,12,
		32 ,11,12,16 ,11,12,16,
		32 ,16,12,17 ,16,12,17,
		32 ,16,17,21 ,16,17,21,
		32 ,21,17,22 ,21,17,22,
		32 ,2,3,7 ,2,3,7,
		32 ,7,3,8 ,7,3,8,
		32 ,7,8,12 ,7,8,12,
		32 ,12,8,13 ,12,8,13,
		32 ,12,13,17 ,12,13,17,
		32 ,17,13,18 ,17,13,18,
		32 ,17,18,22 ,17,18,22,
		32 ,22,18,23 ,22,18,23,
		32 ,3,4,8 ,3,4,8,
		32 ,8,4,9 ,8,4,9,
		32 ,8,9,13 ,8,9,13,
		32 ,13,9,14 ,13,9,14,
		32 ,13,14,18 ,13,14,18,
		32 ,18,14,19 ,18,14,19,
		32 ,18,19,23 ,18,19,23,
		32 ,23,19,24 ,23,19,24
	]

}
