{
	"metadata" : {
		"formatVersion" : 3,
		"description" : "Exported from LibZinc."
	},

	"vertices" : [
		352.261993,262.638885,-70.506126,347.246735,269.142944,-67.892006,341.946686,275.407532,-64.886238,336.082855,280.657410,-62.213726,329.376190,284.117188,-60.599369,352.020081,263.215546,-62.454845,347.721771,270.791779,-58.675892,342.752533,277.529083,-56.818985,336.990509,282.948944,-56.030602,330.313843,286.572906,-55.457203,
		351.369019,263.761230,-53.912407,347.376465,271.689392,-51.222019,342.606567,278.516205,-50.131756,337.050690,284.053314,-49.884815,330.700104,288.112427,-49.724392,350.425720,263.980225,-44.848835,346.383820,271.738190,-43.997391,341.676147,278.306427,-43.466530,336.336334,283.738770,-43.209591,330.397980,288.089081,-43.179909,
		349.306885,263.576691,-35.234150,344.916779,270.840546,-35.469009,340.128601,276.837311,-35.465286,334.920471,281.773621,-35.438141,329.270508,285.856201,-35.602730
	],

	"normals" : [
		0.781239,0.622981,-0.039493,0.729712,0.657320,-0.188282,0.614760,0.729217,-0.300519,0.414224,0.797665,-0.438347,0.207714,0.836080,-0.507765,0.894868,0.445990,0.017451,0.823630,0.559457,-0.092963,0.726450,0.664288,-0.176042,0.559136,0.784592,-0.267921,0.276226,0.883085,-0.379288,
		0.927622,0.367264,0.068085,0.864970,0.499256,0.050709,0.770117,0.637281,0.028159,0.629823,0.776495,-0.019469,0.424937,0.895604,-0.131611,0.914381,0.391078,0.104712,0.847884,0.503198,0.166985,0.755832,0.621121,0.207190,0.642367,0.736811,0.210889,0.514416,0.839972,0.172695,
		0.872646,0.467457,0.141322,0.800295,0.558994,0.216920,0.705967,0.646363,0.289525,0.591421,0.719697,0.363673,0.466502,0.774363,0.427478
	],

	"faces": [
		32 ,0,1,5 ,0,1,5,
		32 ,5,1,6 ,5,1,6,
		32 ,5,6,10 ,5,6,10,
		32 ,10,6,11 ,10,6,11,
		32 ,10,11,15 ,10,11,15,
		32 ,15,11,16 ,15,11,16,
		32 ,15,16,20 ,15,16,20,
		32 ,20,16,21 ,20,16,21,
		32 ,1,2,6 ,1,2,6,
		32 ,6,2,7 ,6,2,7,
		32 ,6,7,11 ,6,7,11,
		32 ,11,7,12 ,11,7,12,
		32 ,11,12,16 ,11,12,16,
		32 ,16,12,17 ,16,12,17,
		32 ,16,17,21 ,16,17,21,
		32 ,21,17,22 ,21,17,22,
		32 ,2,3,7 ,2,3,7,
		32 ,7,3,8 ,7,3,8,
		32 ,7,8,12 ,7,8,12,
		32 ,12,8,13 ,12,8,13,
		32 ,12,13,17 ,12,13,17,
		32 ,17,13,18 ,17,13,18,
		32 ,17,18,22 ,17,18,22,
		32 ,22,18,23 ,22,18,23,
		32 ,3,4,8 ,3,4,8,
		32 ,8,4,9 ,8,4,9,
		32 ,8,9,13 ,8,9,13,
		32 ,13,9,14 ,13,9,14,
		32 ,13,14,18 ,13,14,18,
		32 ,18,14,19 ,18,14,19,
		32 ,18,19,23 ,18,19,23,
		32 ,23,19,24 ,23,19,24
	]

}
