{
	"metadata" : {
		"formatVersion" : 3,
		"description" : "Exported from LibZinc."
	},

	"vertices" : [
		329.376190,284.117188,-60.599369,322.338043,285.191620,-60.530254,315.670074,284.688080,-61.837555,309.378967,283.935547,-64.262299,303.471313,284.262909,-67.545517,330.313843,286.572906,-55.457203,323.380188,288.543182,-54.669376,316.807922,289.369720,-54.483166,310.416168,289.125641,-55.913246,304.023987,287.884125,-59.974285,
		330.700104,288.112427,-49.724392,324.102875,290.972687,-49.290024,317.727173,292.870331,-49.210953,311.444580,293.552673,-50.214939,305.126617,292.767029,-53.029743,330.397980,288.089081,-43.179909,324.207703,291.535156,-43.428608,318.085571,294.120483,-43.991459,312.025391,295.697571,-44.798775,306.021088,296.118835,-45.780880,
		329.270508,285.856201,-35.602730,323.396332,289.285553,-36.121548,317.540802,292.050781,-36.795227,311.719849,294.041351,-37.296146,305.949402,295.146698,-37.296680
	],

	"normals" : [
		0.207714,0.836080,-0.507765,0.054985,0.872905,-0.484782,0.026006,0.877562,-0.478757,0.146495,0.885404,-0.441134,0.353344,0.907027,-0.229020,0.276226,0.883085,-0.379288,0.127812,0.856529,-0.500022,0.076129,0.804684,-0.588802,0.157769,0.771962,-0.615779,0.285430,0.780237,-0.556561,
		0.424937,0.895604,-0.131611,0.319210,0.899145,-0.299404,0.206378,0.855708,-0.474522,0.162982,0.800622,-0.576577,0.143835,0.814977,-0.561360,0.514416,0.839972,0.172695,0.433545,0.893644,0.115930,0.322519,0.945747,0.039291,0.179359,0.979962,-0.086625,0.003105,0.977679,-0.210083,
		0.466502,0.774363,0.427478,0.380270,0.809548,0.447244,0.301787,0.850818,0.430156,0.218184,0.886999,0.406974,0.124063,0.907028,0.402379
	],

	"faces": [
		32 ,0,1,5 ,0,1,5,
		32 ,5,1,6 ,5,1,6,
		32 ,5,6,10 ,5,6,10,
		32 ,10,6,11 ,10,6,11,
		32 ,10,11,15 ,10,11,15,
		32 ,15,11,16 ,15,11,16,
		32 ,15,16,20 ,15,16,20,
		32 ,20,16,21 ,20,16,21,
		32 ,1,2,6 ,1,2,6,
		32 ,6,2,7 ,6,2,7,
		32 ,6,7,11 ,6,7,11,
		32 ,11,7,12 ,11,7,12,
		32 ,11,12,16 ,11,12,16,
		32 ,16,12,17 ,16,12,17,
		32 ,16,17,21 ,16,17,21,
		32 ,21,17,22 ,21,17,22,
		32 ,2,3,7 ,2,3,7,
		32 ,7,3,8 ,7,3,8,
		32 ,7,8,12 ,7,8,12,
		32 ,12,8,13 ,12,8,13,
		32 ,12,13,17 ,12,13,17,
		32 ,17,13,18 ,17,13,18,
		32 ,17,18,22 ,17,18,22,
		32 ,22,18,23 ,22,18,23,
		32 ,3,4,8 ,3,4,8,
		32 ,8,4,9 ,8,4,9,
		32 ,8,9,13 ,8,9,13,
		32 ,13,9,14 ,13,9,14,
		32 ,13,14,18 ,13,14,18,
		32 ,18,14,19 ,18,14,19,
		32 ,18,19,23 ,18,19,23,
		32 ,23,19,24 ,23,19,24
	]

}
