{
	"metadata" : {
		"formatVersion" : 3,
		"description" : "Exported from LibZinc."
	},

	"vertices" : [
		221.186996,263.574707,-35.263760,217.060455,254.844559,-34.826805,213.053970,245.048737,-34.337399,209.105515,234.883667,-33.828613,205.153107,225.045807,-33.333519,222.534897,262.485046,-24.968884,217.947617,254.025894,-24.586716,213.536804,244.316452,-24.160238,209.420319,234.172867,-23.707237,205.716064,224.411301,-23.245493,
		224.385071,260.635254,-14.293837,219.734161,252.413254,-13.934299,215.299011,242.838623,-13.574693,211.257706,232.787109,-13.209264,207.788361,223.134476,-12.832258,226.976288,257.694672,-3.614677,222.473099,249.794052,-3.262552,218.195526,240.525787,-2.944334,214.337738,230.762741,-2.650680,211.093842,221.377823,-2.372249,
		230.547302,253.332596,6.692538,226.217438,245.955734,7.035532,222.081299,237.288467,7.367265,218.380447,228.136078,7.652527,215.356400,219.303894,7.856103
	],

	"normals" : [
		-0.872414,0.467904,0.141276,-0.914954,0.398785,0.061886,-0.930804,0.365485,-0.004945,-0.931805,0.360973,-0.037914,-0.921827,0.387254,-0.016394,-0.832497,0.519426,0.192730,-0.883416,0.440057,0.161016,-0.908693,0.392997,0.140819,-0.920893,0.364981,0.136914,-0.923270,0.351146,0.155783,
		-0.799719,0.531972,0.278308,-0.856026,0.443341,0.265835,-0.883236,0.388065,0.263247,-0.897401,0.349697,0.269040,-0.904092,0.320182,0.283021,-0.757776,0.519211,0.395215,-0.818864,0.429406,0.380882,-0.849754,0.372379,0.373165,-0.867332,0.330642,0.372037,-0.877442,0.294659,0.378513,
		-0.686217,0.489493,0.538055,-0.752902,0.415925,0.510045,-0.797265,0.365672,0.480262,-0.828858,0.321585,0.457795,-0.849190,0.271387,0.453018
	],

	"faces": [
		32 ,0,1,5 ,0,1,5,
		32 ,5,1,6 ,5,1,6,
		32 ,5,6,10 ,5,6,10,
		32 ,10,6,11 ,10,6,11,
		32 ,10,11,15 ,10,11,15,
		32 ,15,11,16 ,15,11,16,
		32 ,15,16,20 ,15,16,20,
		32 ,20,16,21 ,20,16,21,
		32 ,1,2,6 ,1,2,6,
		32 ,6,2,7 ,6,2,7,
		32 ,6,7,11 ,6,7,11,
		32 ,11,7,12 ,11,7,12,
		32 ,11,12,16 ,11,12,16,
		32 ,16,12,17 ,16,12,17,
		32 ,16,17,21 ,16,17,21,
		32 ,21,17,22 ,21,17,22,
		32 ,2,3,7 ,2,3,7,
		32 ,7,3,8 ,7,3,8,
		32 ,7,8,12 ,7,8,12,
		32 ,12,8,13 ,12,8,13,
		32 ,12,13,17 ,12,13,17,
		32 ,17,13,18 ,17,13,18,
		32 ,17,18,22 ,17,18,22,
		32 ,22,18,23 ,22,18,23,
		32 ,3,4,8 ,3,4,8,
		32 ,8,4,9 ,8,4,9,
		32 ,8,9,13 ,8,9,13,
		32 ,13,9,14 ,13,9,14,
		32 ,13,14,18 ,13,14,18,
		32 ,18,14,19 ,18,14,19,
		32 ,18,19,23 ,18,19,23,
		32 ,23,19,24 ,23,19,24
	]

}
