{
	"metadata" : {
		"formatVersion" : 3,
		"description" : "Exported from LibZinc."
	},

	"vertices" : [
		430.039490,93.699913,-1685.000000,433.951294,88.758659,-1684.385742,439.469177,85.479393,-1684.130737,445.789612,84.117569,-1684.310303,452.109100,84.928658,-1685.000000,428.724579,94.852150,-1659.808716,433.023163,89.677734,-1658.727173,439.017700,86.255981,-1658.371582,445.980530,84.920990,-1658.744141,453.184052,86.006844,-1659.847290,
		424.954712,92.381607,-1632.197876,430.149750,87.264397,-1631.130371,436.877197,83.820816,-1630.789062,444.502380,82.332611,-1631.133301,452.390503,83.081505,-1632.122681,419.709015,88.092979,-1603.488037,425.943604,83.000130,-1602.691040,433.548706,79.475105,-1602.438110,441.916321,77.719704,-1602.672241,450.438538,77.935730,-1603.336670,
		413.966614,83.790947,-1575.000000,421.017334,78.366440,-1574.504517,429.533173,74.520050,-1574.373657,438.783630,72.449532,-1574.555908,448.038208,72.352623,-1575.000000
	],

	"normals" : [
		-0.896082,-0.437447,0.075344,-0.652520,-0.750912,0.101726,-0.362099,-0.925064,0.114630,-0.040776,-0.991519,0.123397,0.326032,-0.938189,0.116208,-0.863986,-0.492325,-0.105562,-0.629078,-0.773649,-0.075680,-0.345566,-0.936824,-0.054262,-0.029344,-0.998662,-0.042575,0.313467,-0.948595,-0.043649,
		-0.769762,-0.604490,-0.205081,-0.558268,-0.810950,-0.175207,-0.322556,-0.934258,-0.152051,-0.064257,-0.988229,-0.138836,0.220162,-0.966033,-0.135310,-0.690331,-0.681060,-0.244130,-0.501388,-0.836776,-0.220036,-0.307544,-0.930233,-0.200210,-0.101909,-0.976900,-0.187832,0.128762,-0.974958,-0.181320,
		-0.679081,-0.697040,-0.230184,-0.489530,-0.843378,-0.221526,-0.308988,-0.927732,-0.209380,-0.122621,-0.972911,-0.195981,0.092969,-0.979851,-0.176775
	],

	"faces": [
		32 ,0,1,5 ,0,1,5,
		32 ,5,1,6 ,5,1,6,
		32 ,5,6,10 ,5,6,10,
		32 ,10,6,11 ,10,6,11,
		32 ,10,11,15 ,10,11,15,
		32 ,15,11,16 ,15,11,16,
		32 ,15,16,20 ,15,16,20,
		32 ,20,16,21 ,20,16,21,
		32 ,1,2,6 ,1,2,6,
		32 ,6,2,7 ,6,2,7,
		32 ,6,7,11 ,6,7,11,
		32 ,11,7,12 ,11,7,12,
		32 ,11,12,16 ,11,12,16,
		32 ,16,12,17 ,16,12,17,
		32 ,16,17,21 ,16,17,21,
		32 ,21,17,22 ,21,17,22,
		32 ,2,3,7 ,2,3,7,
		32 ,7,3,8 ,7,3,8,
		32 ,7,8,12 ,7,8,12,
		32 ,12,8,13 ,12,8,13,
		32 ,12,13,17 ,12,13,17,
		32 ,17,13,18 ,17,13,18,
		32 ,17,18,22 ,17,18,22,
		32 ,22,18,23 ,22,18,23,
		32 ,3,4,8 ,3,4,8,
		32 ,8,4,9 ,8,4,9,
		32 ,8,9,13 ,8,9,13,
		32 ,13,9,14 ,13,9,14,
		32 ,13,14,18 ,13,14,18,
		32 ,18,14,19 ,18,14,19,
		32 ,18,19,23 ,18,19,23,
		32 ,23,19,24 ,23,19,24
	]

}
