{
	"metadata" : {
		"formatVersion" : 3,
		"description" : "Exported from LibZinc."
	},

	"vertices" : [
		285.305115,239.810699,44.104721,282.522064,239.787674,44.068748,279.742981,239.638794,43.935188,276.977783,239.316299,43.696110,274.236298,238.772400,43.343578,285.302887,227.394638,48.827332,283.165710,227.374802,48.786057,281.028992,227.258484,48.676090,278.911591,227.006134,48.473850,276.832397,226.578186,48.155762,
		285.301117,214.666336,52.248001,283.855774,214.646423,52.193760,282.410034,214.563187,52.103378,280.980469,214.392365,51.968086,279.583618,214.109680,51.779110,285.298920,201.759567,54.964039,284.572266,201.743774,54.914959,283.845612,201.698029,54.855965,283.127380,201.613525,54.795494,282.425903,201.481445,54.741989,
		285.295288,188.808105,57.572762,285.295288,188.808105,57.572762,285.295288,188.808105,57.572762,285.295288,188.808105,57.572762,285.295288,188.808105,57.572762
	],

	"normals" : [
		0.006905,0.415041,0.909776,-0.038870,0.413767,0.909553,-0.094107,0.408864,0.907730,-0.157818,0.396026,0.904575,-0.227282,0.371004,0.900388,-0.004467,0.300777,0.953684,-0.040503,0.297652,0.953815,-0.092344,0.291610,0.952070,-0.159869,0.280039,0.946583,-0.241705,0.260059,0.934852,
		-0.025877,0.225203,0.973968,-0.054896,0.221488,0.973617,-0.093598,0.216104,0.971874,-0.142634,0.208863,0.967487,-0.202757,0.199214,0.958751,-0.056902,0.193813,0.979387,-0.082173,0.190826,0.978178,-0.099061,0.187931,0.977174,-0.108293,0.187350,0.976306,-0.110688,0.191169,0.975296,
		-0.083151,0.207651,0.974663,-0.083151,0.207651,0.974663,-0.083151,0.207651,0.974663,-0.083151,0.207651,0.974663,-0.083151,0.207651,0.974663
	],

	"faces": [
		32 ,0,1,5 ,0,1,5,
		32 ,5,1,6 ,5,1,6,
		32 ,5,6,10 ,5,6,10,
		32 ,10,6,11 ,10,6,11,
		32 ,10,11,15 ,10,11,15,
		32 ,15,11,16 ,15,11,16,
		32 ,15,16,20 ,15,16,20,
		32 ,20,16,21 ,20,16,21,
		32 ,1,2,6 ,1,2,6,
		32 ,6,2,7 ,6,2,7,
		32 ,6,7,11 ,6,7,11,
		32 ,11,7,12 ,11,7,12,
		32 ,11,12,16 ,11,12,16,
		32 ,16,12,17 ,16,12,17,
		32 ,16,17,21 ,16,17,21,
		32 ,21,17,22 ,21,17,22,
		32 ,2,3,7 ,2,3,7,
		32 ,7,3,8 ,7,3,8,
		32 ,7,8,12 ,7,8,12,
		32 ,12,8,13 ,12,8,13,
		32 ,12,13,17 ,12,13,17,
		32 ,17,13,18 ,17,13,18,
		32 ,17,18,22 ,17,18,22,
		32 ,22,18,23 ,22,18,23,
		32 ,3,4,8 ,3,4,8,
		32 ,8,4,9 ,8,4,9,
		32 ,8,9,13 ,8,9,13,
		32 ,13,9,14 ,13,9,14,
		32 ,13,14,18 ,13,14,18,
		32 ,18,14,19 ,18,14,19,
		32 ,18,19,23 ,18,19,23,
		32 ,23,19,24 ,23,19,24
	]

}
