{
	"metadata" : {
		"formatVersion" : 3,
		"description" : "Exported from LibZinc."
	},

	"vertices" : [
		263.923706,234.018295,41.837448,261.217438,232.113922,41.651649,258.559326,229.889999,41.528507,255.904465,227.238403,41.488117,253.207794,224.050995,41.550571,269.040680,222.896713,46.745872,266.985413,221.435318,46.616287,264.927765,219.748642,46.583416,262.862488,217.744553,46.612072,260.784241,215.330872,46.667068,
		274.360901,211.605026,50.715717,272.969391,210.630417,50.669575,271.567688,209.497101,50.684685,270.158295,208.144897,50.731007,268.743744,206.513580,50.778488,279.805420,200.217407,54.180256,279.096863,199.740799,54.194176,278.387421,199.171539,54.218929,277.674896,198.484421,54.249657,276.957153,197.654266,54.281498,
		285.295288,188.808105,57.572762,285.295288,188.808105,57.572762,285.295288,188.808105,57.572762,285.295288,188.808105,57.572762,285.295288,188.808105,57.572762
	],

	"normals" : [
		-0.280468,0.325716,0.902910,-0.294558,0.315467,0.902062,-0.313201,0.311314,0.897212,-0.331803,0.307495,0.891826,-0.343776,0.299793,0.889911,-0.251912,0.246764,0.935760,-0.231919,0.260539,0.937194,-0.233434,0.264765,0.935632,-0.250894,0.257156,0.933232,-0.276226,0.237392,0.931313,
		-0.200017,0.212074,0.956566,-0.178193,0.228834,0.957017,-0.178719,0.231549,0.956266,-0.196328,0.220611,0.955398,-0.224463,0.197776,0.954202,-0.128379,0.222599,0.966420,-0.135663,0.222821,0.965374,-0.150221,0.215229,0.964941,-0.169383,0.201517,0.964728,-0.190811,0.183795,0.964267,
		-0.142384,0.227407,0.963334,-0.142384,0.227407,0.963334,-0.142384,0.227407,0.963334,-0.142384,0.227407,0.963334,-0.142384,0.227407,0.963334
	],

	"faces": [
		32 ,0,1,5 ,0,1,5,
		32 ,5,1,6 ,5,1,6,
		32 ,5,6,10 ,5,6,10,
		32 ,10,6,11 ,10,6,11,
		32 ,10,11,15 ,10,11,15,
		32 ,15,11,16 ,15,11,16,
		32 ,15,16,20 ,15,16,20,
		32 ,20,16,21 ,20,16,21,
		32 ,1,2,6 ,1,2,6,
		32 ,6,2,7 ,6,2,7,
		32 ,6,7,11 ,6,7,11,
		32 ,11,7,12 ,11,7,12,
		32 ,11,12,16 ,11,12,16,
		32 ,16,12,17 ,16,12,17,
		32 ,16,17,21 ,16,17,21,
		32 ,21,17,22 ,21,17,22,
		32 ,2,3,7 ,2,3,7,
		32 ,7,3,8 ,7,3,8,
		32 ,7,8,12 ,7,8,12,
		32 ,12,8,13 ,12,8,13,
		32 ,12,13,17 ,12,13,17,
		32 ,17,13,18 ,17,13,18,
		32 ,17,18,22 ,17,18,22,
		32 ,22,18,23 ,22,18,23,
		32 ,3,4,8 ,3,4,8,
		32 ,8,4,9 ,8,4,9,
		32 ,8,9,13 ,8,9,13,
		32 ,13,9,14 ,13,9,14,
		32 ,13,14,18 ,13,14,18,
		32 ,18,14,19 ,18,14,19,
		32 ,18,19,23 ,18,19,23,
		32 ,23,19,24 ,23,19,24
	]

}
