{
	"metadata" : {
		"formatVersion" : 3,
		"description" : "Exported from LibZinc."
	},

	"vertices" : [
		249.391998,150.000504,45.534222,256.193604,144.280579,47.009274,265.005676,138.839493,48.286774,274.982452,134.778503,49.189014,285.278198,133.198898,49.538280,258.104279,158.765259,50.171227,263.228119,154.299973,51.524044,269.825500,150.117706,52.796967,277.352386,147.025284,53.744621,285.264679,145.829483,54.121643,
		267.153839,168.394485,53.477047,270.565979,165.368637,54.457279,274.941040,162.592468,55.379856,279.950073,160.565826,56.064388,285.264069,159.788589,56.330502,276.298309,178.528625,55.821091,277.993073,177.025162,56.307384,280.161316,175.682877,56.737701,282.642151,174.720108,57.042404,285.274811,174.355148,57.151871,
		285.295288,188.808105,57.572762,285.295288,188.808105,57.572762,285.295288,188.808105,57.572762,285.295288,188.808105,57.572762,285.295288,188.808105,57.572762
	],

	"normals" : [
		-0.412243,-0.166917,0.895653,-0.352849,-0.267859,0.896520,-0.288877,-0.356654,0.888453,-0.181856,-0.429167,0.884728,0.000097,-0.461479,0.887151,-0.350383,-0.057177,0.934860,-0.303378,-0.117856,0.945554,-0.244045,-0.171489,0.954481,-0.149664,-0.215164,0.965041,-0.000582,-0.234196,0.972189,
		-0.304431,0.015072,0.952415,-0.259832,-0.026313,0.965295,-0.202499,-0.058908,0.977509,-0.119606,-0.083437,0.989309,0.000846,-0.093492,0.995620,-0.273944,0.057373,0.960033,-0.221333,0.016959,0.975051,-0.163454,-0.008692,0.986513,-0.091067,-0.025084,0.995529,0.004358,-0.031201,0.999504,
		-0.132586,-0.038225,0.990434,-0.132586,-0.038225,0.990434,-0.132586,-0.038225,0.990434,-0.132586,-0.038225,0.990434,-0.132586,-0.038225,0.990434
	],

	"faces": [
		32 ,0,1,5 ,0,1,5,
		32 ,5,1,6 ,5,1,6,
		32 ,5,6,10 ,5,6,10,
		32 ,10,6,11 ,10,6,11,
		32 ,10,11,15 ,10,11,15,
		32 ,15,11,16 ,15,11,16,
		32 ,15,16,20 ,15,16,20,
		32 ,20,16,21 ,20,16,21,
		32 ,1,2,6 ,1,2,6,
		32 ,6,2,7 ,6,2,7,
		32 ,6,7,11 ,6,7,11,
		32 ,11,7,12 ,11,7,12,
		32 ,11,12,16 ,11,12,16,
		32 ,16,12,17 ,16,12,17,
		32 ,16,17,21 ,16,17,21,
		32 ,21,17,22 ,21,17,22,
		32 ,2,3,7 ,2,3,7,
		32 ,7,3,8 ,7,3,8,
		32 ,7,8,12 ,7,8,12,
		32 ,12,8,13 ,12,8,13,
		32 ,12,13,17 ,12,13,17,
		32 ,17,13,18 ,17,13,18,
		32 ,17,18,22 ,17,18,22,
		32 ,22,18,23 ,22,18,23,
		32 ,3,4,8 ,3,4,8,
		32 ,8,4,9 ,8,4,9,
		32 ,8,9,13 ,8,9,13,
		32 ,13,9,14 ,13,9,14,
		32 ,13,14,18 ,13,14,18,
		32 ,18,14,19 ,18,14,19,
		32 ,18,19,23 ,18,19,23,
		32 ,23,19,24 ,23,19,24
	]

}
