{
	"metadata" : {
		"formatVersion" : 3,
		"description" : "Exported from LibZinc."
	},

	"vertices" : [
		285.278198,133.198898,49.538280,295.561523,134.797531,49.199577,305.513702,138.823639,48.284706,314.308075,144.207077,46.986164,321.118011,149.877701,45.496449,285.264679,145.829483,54.121643,293.169098,147.036987,53.753227,300.680664,150.096161,52.798782,307.267853,154.226257,51.514225,312.399078,158.646530,50.155472,
		285.264069,159.788589,56.330502,290.573853,160.572205,56.060738,295.574829,162.573349,55.376293,299.944916,165.309753,54.454754,303.362030,168.299149,53.473717,285.274811,174.355148,57.151871,287.905884,174.722717,57.030960,290.383820,175.671783,56.730022,292.550354,176.992172,56.307640,294.247284,178.473648,55.822403,
		285.295288,188.808105,57.572762,285.295288,188.808105,57.572762,285.295288,188.808105,57.572762,285.295288,188.808105,57.572762,285.295288,188.808105,57.572762
	],

	"normals" : [
		0.000097,-0.461479,0.887151,0.182056,-0.429416,0.884566,0.289558,-0.356858,0.888149,0.353689,-0.268214,0.896083,0.412171,-0.169025,0.895291,-0.000582,-0.234196,0.972189,0.149448,-0.214534,0.965215,0.244632,-0.171018,0.954415,0.304280,-0.118085,0.945235,0.350142,-0.059137,0.934828,
		0.000846,-0.093492,0.995620,0.119621,-0.082700,0.989369,0.202157,-0.058852,0.977583,0.260038,-0.027069,0.965219,0.305032,0.014182,0.952236,0.004358,-0.031201,0.999504,0.091866,-0.025109,0.995455,0.161105,-0.010103,0.986886,0.219848,0.015107,0.975417,0.276528,0.058406,0.959229,
		0.132149,-0.038691,0.990474,0.132149,-0.038691,0.990474,0.132149,-0.038691,0.990474,0.132149,-0.038691,0.990474,0.132149,-0.038691,0.990474
	],

	"faces": [
		32 ,0,1,5 ,0,1,5,
		32 ,5,1,6 ,5,1,6,
		32 ,5,6,10 ,5,6,10,
		32 ,10,6,11 ,10,6,11,
		32 ,10,11,15 ,10,11,15,
		32 ,15,11,16 ,15,11,16,
		32 ,15,16,20 ,15,16,20,
		32 ,20,16,21 ,20,16,21,
		32 ,1,2,6 ,1,2,6,
		32 ,6,2,7 ,6,2,7,
		32 ,6,7,11 ,6,7,11,
		32 ,11,7,12 ,11,7,12,
		32 ,11,12,16 ,11,12,16,
		32 ,16,12,17 ,16,12,17,
		32 ,16,17,21 ,16,17,21,
		32 ,21,17,22 ,21,17,22,
		32 ,2,3,7 ,2,3,7,
		32 ,7,3,8 ,7,3,8,
		32 ,7,8,12 ,7,8,12,
		32 ,12,8,13 ,12,8,13,
		32 ,12,13,17 ,12,13,17,
		32 ,17,13,18 ,17,13,18,
		32 ,17,18,22 ,17,18,22,
		32 ,22,18,23 ,22,18,23,
		32 ,3,4,8 ,3,4,8,
		32 ,8,4,9 ,8,4,9,
		32 ,8,9,13 ,8,9,13,
		32 ,13,9,14 ,13,9,14,
		32 ,13,14,18 ,13,14,18,
		32 ,18,14,19 ,18,14,19,
		32 ,18,19,23 ,18,19,23,
		32 ,23,19,24 ,23,19,24
	]

}
