{
	"metadata" : {
		"formatVersion" : 3,
		"description" : "Exported from LibZinc."
	},

	"vertices" : [
		417.130402,148.040298,-1575.000000,411.338959,140.165451,-1576.238525,406.434082,131.202957,-1576.059570,402.983459,121.776169,-1575.350830,401.554810,112.508400,-1575.000000,412.255798,151.879150,-1548.365723,404.803528,143.192764,-1549.050293,398.586578,133.278610,-1548.779907,394.143646,122.681427,-1548.159912,392.013367,111.945976,-1547.795654,
		406.952820,157.729904,-1521.268921,397.607819,148.236221,-1521.629395,389.647705,137.195267,-1521.466553,383.741821,125.251434,-1521.107178,380.559631,113.049149,-1520.877686,401.749573,163.664062,-1493.537598,390.983765,153.529358,-1493.761841,381.639771,141.533600,-1493.711670,374.502136,128.507401,-1493.570190,370.355499,115.281319,-1493.520996,
		397.174194,167.753098,-1465.000000,386.163300,157.305679,-1465.234009,376.585175,144.874313,-1465.107056,369.148712,131.470551,-1464.926514,364.562805,118.105904,-1465.000000
	],

	"normals" : [
		-0.721981,0.668703,-0.177706,-0.821020,0.533442,-0.203388,-0.890676,0.394898,-0.225281,-0.941179,0.234955,-0.242855,-0.964726,0.028156,-0.261745,-0.659190,0.704564,-0.262789,-0.768744,0.570101,-0.289858,-0.845611,0.425971,-0.321701,-0.897964,0.262372,-0.353302,-0.923057,0.067794,-0.378641,
		-0.615152,0.734460,-0.286629,-0.725952,0.614575,-0.308691,-0.809025,0.482179,-0.336128,-0.872626,0.323043,-0.366287,-0.912600,0.118500,-0.391303,-0.597164,0.762050,-0.250350,-0.713493,0.649981,-0.261634,-0.803485,0.529032,-0.273016,-0.879106,0.379865,-0.287879,-0.937024,0.172938,-0.303445,
		-0.609967,0.777399,-0.153591,-0.736536,0.660719,-0.144793,-0.829119,0.544509,-0.126774,-0.905772,0.408778,-0.111701,-0.969643,0.220453,-0.105801
	],

	"faces": [
		32 ,0,1,5 ,0,1,5,
		32 ,5,1,6 ,5,1,6,
		32 ,5,6,10 ,5,6,10,
		32 ,10,6,11 ,10,6,11,
		32 ,10,11,15 ,10,11,15,
		32 ,15,11,16 ,15,11,16,
		32 ,15,16,20 ,15,16,20,
		32 ,20,16,21 ,20,16,21,
		32 ,1,2,6 ,1,2,6,
		32 ,6,2,7 ,6,2,7,
		32 ,6,7,11 ,6,7,11,
		32 ,11,7,12 ,11,7,12,
		32 ,11,12,16 ,11,12,16,
		32 ,16,12,17 ,16,12,17,
		32 ,16,17,21 ,16,17,21,
		32 ,21,17,22 ,21,17,22,
		32 ,2,3,7 ,2,3,7,
		32 ,7,3,8 ,7,3,8,
		32 ,7,8,12 ,7,8,12,
		32 ,12,8,13 ,12,8,13,
		32 ,12,13,17 ,12,13,17,
		32 ,17,13,18 ,17,13,18,
		32 ,17,18,22 ,17,18,22,
		32 ,22,18,23 ,22,18,23,
		32 ,3,4,8 ,3,4,8,
		32 ,8,4,9 ,8,4,9,
		32 ,8,9,13 ,8,9,13,
		32 ,13,9,14 ,13,9,14,
		32 ,13,14,18 ,13,14,18,
		32 ,18,14,19 ,18,14,19,
		32 ,18,19,23 ,18,19,23,
		32 ,23,19,24 ,23,19,24
	]

}
