{
	"metadata" : {
		"formatVersion" : 3,
		"description" : "Exported from LibZinc."
	},

	"vertices" : [
		401.554810,112.508400,-1575.000000,402.226624,104.122467,-1575.200073,404.609131,96.733269,-1575.409546,408.567413,90.052277,-1575.414185,413.966614,83.790947,-1575.000000,392.013367,111.945976,-1547.795654,392.413666,102.239525,-1547.827393,394.997803,93.995590,-1547.895142,399.457306,86.658302,-1547.853394,405.483704,79.671799,-1547.557007,
		380.559631,113.049149,-1520.877686,380.304993,101.922035,-1520.868286,382.576538,92.386391,-1520.884155,387.135925,83.860680,-1520.824585,393.744751,75.763336,-1520.588867,370.355499,115.281319,-1493.520996,369.362122,103.146645,-1493.572876,371.093231,92.499359,-1493.585327,375.446899,82.827103,-1493.516846,382.321136,73.617516,-1493.326294,
		364.562805,118.105904,-1465.000000,363.046631,105.890022,-1465.191162,364.295807,94.928162,-1465.206909,368.233887,84.725266,-1465.119141,374.784302,74.786308,-1465.000000
	],

	"normals" : [
		-0.964726,0.028156,-0.261745,-0.945490,-0.178545,-0.272343,-0.879709,-0.396645,-0.262269,-0.780196,-0.577380,-0.240680,-0.679081,-0.697040,-0.230184,-0.923057,0.067794,-0.378641,-0.906492,-0.154260,-0.393034,-0.835610,-0.385982,-0.390863,-0.737833,-0.560295,-0.376393,-0.659784,-0.657103,-0.364555,
		-0.912600,0.118500,-0.391303,-0.909217,-0.092324,-0.405956,-0.851923,-0.329717,-0.406834,-0.755387,-0.523431,-0.394222,-0.667385,-0.640963,-0.379162,-0.937024,0.172938,-0.303445,-0.949213,-0.031315,-0.313071,-0.909859,-0.276952,-0.308957,-0.817383,-0.495815,-0.293347,-0.715222,-0.641319,-0.277789,
		-0.969643,0.220453,-0.105801,-0.995076,0.011224,-0.098481,-0.967725,-0.240561,-0.075090,-0.883481,-0.465584,-0.051892,-0.785313,-0.617245,-0.047880
	],

	"faces": [
		32 ,0,1,5 ,0,1,5,
		32 ,5,1,6 ,5,1,6,
		32 ,5,6,10 ,5,6,10,
		32 ,10,6,11 ,10,6,11,
		32 ,10,11,15 ,10,11,15,
		32 ,15,11,16 ,15,11,16,
		32 ,15,16,20 ,15,16,20,
		32 ,20,16,21 ,20,16,21,
		32 ,1,2,6 ,1,2,6,
		32 ,6,2,7 ,6,2,7,
		32 ,6,7,11 ,6,7,11,
		32 ,11,7,12 ,11,7,12,
		32 ,11,12,16 ,11,12,16,
		32 ,16,12,17 ,16,12,17,
		32 ,16,17,21 ,16,17,21,
		32 ,21,17,22 ,21,17,22,
		32 ,2,3,7 ,2,3,7,
		32 ,7,3,8 ,7,3,8,
		32 ,7,8,12 ,7,8,12,
		32 ,12,8,13 ,12,8,13,
		32 ,12,13,17 ,12,13,17,
		32 ,17,13,18 ,17,13,18,
		32 ,17,18,22 ,17,18,22,
		32 ,22,18,23 ,22,18,23,
		32 ,3,4,8 ,3,4,8,
		32 ,8,4,9 ,8,4,9,
		32 ,8,9,13 ,8,9,13,
		32 ,13,9,14 ,13,9,14,
		32 ,13,14,18 ,13,14,18,
		32 ,18,14,19 ,18,14,19,
		32 ,18,19,23 ,18,19,23,
		32 ,23,19,24 ,23,19,24
	]

}
