{
	"metadata" : {
		"formatVersion" : 3,
		"description" : "Exported from LibZinc."
	},

	"vertices" : [
		413.966614,83.790947,-1575.000000,421.017334,78.366440,-1574.504517,429.533173,74.520050,-1574.373657,438.783630,72.449532,-1574.555908,448.038208,72.352623,-1575.000000,405.483704,79.671799,-1547.557007,413.399506,73.580528,-1547.221191,423.088440,69.347977,-1547.143311,433.583862,67.046875,-1547.301147,443.919037,66.749924,-1547.672485,
		393.744751,75.763336,-1520.588867,402.735382,68.924294,-1520.315796,413.811493,64.384216,-1520.216553,425.791718,61.877621,-1520.298462,437.494690,61.139023,-1520.568359,382.321136,73.617516,-1493.326294,392.062286,65.976257,-1493.120605,404.212006,60.979511,-1493.031128,417.461304,58.070755,-1493.052734,430.501251,56.693447,-1493.180054,
		374.784302,74.786308,-1465.000000,384.417664,66.314903,-1464.967651,396.799683,60.484604,-1465.024658,410.646637,56.755260,-1465.069214,424.674805,54.586720,-1465.000000
	],

	"normals" : [
		-0.679081,-0.697040,-0.230184,-0.489530,-0.843378,-0.221526,-0.308988,-0.927732,-0.209380,-0.122621,-0.972911,-0.195981,0.092969,-0.979851,-0.176775,-0.659784,-0.657103,-0.364555,-0.468266,-0.823769,-0.319580,-0.294321,-0.916740,-0.270117,-0.125484,-0.965732,-0.227189,0.062546,-0.978517,-0.196449,
		-0.667385,-0.640963,-0.379162,-0.454255,-0.833613,-0.314231,-0.275068,-0.927737,-0.252275,-0.130119,-0.969420,-0.208074,-0.001202,-0.981945,-0.189161,-0.715222,-0.641319,-0.277789,-0.473585,-0.854190,-0.214653,-0.281933,-0.944927,-0.166211,-0.150917,-0.978426,-0.141091,-0.065007,-0.988077,-0.139563,
		-0.785313,-0.617245,-0.047880,-0.532485,-0.846182,-0.020893,-0.331945,-0.943143,-0.017121,-0.197959,-0.979845,-0.026760,-0.113290,-0.992864,-0.037246
	],

	"faces": [
		32 ,0,1,5 ,0,1,5,
		32 ,5,1,6 ,5,1,6,
		32 ,5,6,10 ,5,6,10,
		32 ,10,6,11 ,10,6,11,
		32 ,10,11,15 ,10,11,15,
		32 ,15,11,16 ,15,11,16,
		32 ,15,16,20 ,15,16,20,
		32 ,20,16,21 ,20,16,21,
		32 ,1,2,6 ,1,2,6,
		32 ,6,2,7 ,6,2,7,
		32 ,6,7,11 ,6,7,11,
		32 ,11,7,12 ,11,7,12,
		32 ,11,12,16 ,11,12,16,
		32 ,16,12,17 ,16,12,17,
		32 ,16,17,21 ,16,17,21,
		32 ,21,17,22 ,21,17,22,
		32 ,2,3,7 ,2,3,7,
		32 ,7,3,8 ,7,3,8,
		32 ,7,8,12 ,7,8,12,
		32 ,12,8,13 ,12,8,13,
		32 ,12,13,17 ,12,13,17,
		32 ,17,13,18 ,17,13,18,
		32 ,17,18,22 ,17,18,22,
		32 ,22,18,23 ,22,18,23,
		32 ,3,4,8 ,3,4,8,
		32 ,8,4,9 ,8,4,9,
		32 ,8,9,13 ,8,9,13,
		32 ,13,9,14 ,13,9,14,
		32 ,13,14,18 ,13,14,18,
		32 ,18,14,19 ,18,14,19,
		32 ,18,19,23 ,18,19,23,
		32 ,23,19,24 ,23,19,24
	]

}
