{
	"metadata" : {
		"formatVersion" : 3,
		"description" : "Exported from LibZinc."
	},

	"vertices" : [
		495.738403,116.402298,-1465.000000,496.123810,127.600555,-1464.472778,495.279785,137.767746,-1464.619629,492.839813,147.473709,-1464.956665,488.437408,157.288300,-1465.000000,492.522705,119.274010,-1434.365845,491.977417,131.464142,-1433.638184,490.276703,142.623581,-1433.756592,487.096130,153.190216,-1434.162964,482.111237,163.601929,-1434.298950,
		485.251892,124.910522,-1402.598511,483.559967,137.457108,-1402.059570,480.590454,149.173203,-1402.146484,476.285950,160.316269,-1402.441162,470.589050,171.143784,-1402.524902,476.910065,132.163025,-1373.075684,474.268250,144.872131,-1372.856323,470.237152,157.074432,-1372.908447,464.986847,168.779282,-1373.048584,458.687439,179.996063,-1373.092773,
		470.481293,139.882706,-1349.175049,467.499054,153.001968,-1349.147949,463.232880,165.985168,-1349.161743,457.776367,178.506668,-1349.242676,451.223114,190.240906,-1349.416992
	],

	"normals" : [
		0.997186,-0.074366,0.009507,0.999473,0.015586,0.028488,0.986956,0.159303,0.023262,0.944562,0.328329,-0.001585,0.876438,0.480534,-0.030718,0.983659,-0.012880,0.179578,0.976580,0.086384,0.197051,0.954958,0.217856,0.201479,0.914005,0.360046,0.186982,0.858519,0.488352,0.156391,
		0.967725,0.060952,0.244527,0.951381,0.179443,0.250350,0.921429,0.299209,0.247877,0.882697,0.408136,0.232963,0.841694,0.498704,0.206993,0.961541,0.132473,0.240605,0.940712,0.253198,0.225725,0.911292,0.358150,0.203162,0.877734,0.446368,0.174183,0.842788,0.518779,0.143449,
		0.973208,0.171369,0.153291,0.958690,0.266174,0.100325,0.934302,0.355866,0.020980,0.894830,0.441567,-0.065554,0.839481,0.525622,-0.137819
	],

	"faces": [
		32 ,0,1,5 ,0,1,5,
		32 ,5,1,6 ,5,1,6,
		32 ,5,6,10 ,5,6,10,
		32 ,10,6,11 ,10,6,11,
		32 ,10,11,15 ,10,11,15,
		32 ,15,11,16 ,15,11,16,
		32 ,15,16,20 ,15,16,20,
		32 ,20,16,21 ,20,16,21,
		32 ,1,2,6 ,1,2,6,
		32 ,6,2,7 ,6,2,7,
		32 ,6,7,11 ,6,7,11,
		32 ,11,7,12 ,11,7,12,
		32 ,11,12,16 ,11,12,16,
		32 ,16,12,17 ,16,12,17,
		32 ,16,17,21 ,16,17,21,
		32 ,21,17,22 ,21,17,22,
		32 ,2,3,7 ,2,3,7,
		32 ,7,3,8 ,7,3,8,
		32 ,7,8,12 ,7,8,12,
		32 ,12,8,13 ,12,8,13,
		32 ,12,13,17 ,12,13,17,
		32 ,17,13,18 ,17,13,18,
		32 ,17,18,22 ,17,18,22,
		32 ,22,18,23 ,22,18,23,
		32 ,3,4,8 ,3,4,8,
		32 ,8,4,9 ,8,4,9,
		32 ,8,9,13 ,8,9,13,
		32 ,13,9,14 ,13,9,14,
		32 ,13,14,18 ,13,14,18,
		32 ,18,14,19 ,18,14,19,
		32 ,18,19,23 ,18,19,23,
		32 ,23,19,24 ,23,19,24
	]

}
