{
	"metadata" : {
		"formatVersion" : 3,
		"description" : "Exported from LibZinc."
	},

	"vertices" : [
		457.075897,267.725311,-1874.000000,457.075897,267.725311,-1874.000000,457.075897,267.725311,-1874.000000,457.075897,267.725311,-1874.000000,457.075897,267.725311,-1874.000000,454.175507,267.750885,-1874.876709,454.762146,266.729523,-1875.177612,455.697052,265.574402,-1875.180908,456.828613,264.536011,-1874.880981,458.005096,263.864777,-1874.271851,
		451.431671,267.817352,-1875.623535,452.582153,265.830292,-1876.187622,454.466431,263.486420,-1876.197021,456.688629,261.375122,-1875.636841,458.852844,260.085938,-1874.492310,449.029755,266.880157,-1875.808472,450.723907,264.072174,-1876.681641,453.395386,260.807556,-1876.739014,456.490112,257.882111,-1875.995728,459.454041,256.091705,-1874.466553,
		447.155090,263.894592,-1875.000000,449.375305,260.499634,-1876.311157,452.495239,256.884094,-1876.497925,456.067200,253.696442,-1875.685791,459.643585,251.585098,-1874.000000
	],

	"normals" : [
		0.249760,0.113026,-0.961688,0.249760,0.113026,-0.961688,0.249760,0.113026,-0.961688,0.249760,0.113026,-0.961688,0.249760,0.113026,-0.961688,0.287990,0.529655,-0.797827,0.325426,0.345616,-0.880141,0.392850,0.250771,-0.884750,0.485662,0.209443,-0.848685,0.591495,0.201402,-0.780750,
		0.127442,0.496915,-0.858390,0.216054,0.270969,-0.938028,0.316904,0.179473,-0.931323,0.446537,0.143570,-0.883172,0.610120,0.145930,-0.778754,-0.363942,0.324572,-0.873040,-0.071177,0.093917,-0.993032,0.136988,0.020290,-0.990365,0.337129,-0.007870,-0.941426,0.580890,0.017084,-0.813803,
		-0.734049,0.035441,-0.678171,-0.372259,-0.096768,-0.923071,-0.051265,-0.143891,-0.988265,0.200980,-0.177689,-0.963345,0.471987,-0.141516,-0.870174
	],

	"faces": [
		32 ,0,1,5 ,0,1,5,
		32 ,5,1,6 ,5,1,6,
		32 ,5,6,10 ,5,6,10,
		32 ,10,6,11 ,10,6,11,
		32 ,10,11,15 ,10,11,15,
		32 ,15,11,16 ,15,11,16,
		32 ,15,16,20 ,15,16,20,
		32 ,20,16,21 ,20,16,21,
		32 ,1,2,6 ,1,2,6,
		32 ,6,2,7 ,6,2,7,
		32 ,6,7,11 ,6,7,11,
		32 ,11,7,12 ,11,7,12,
		32 ,11,12,16 ,11,12,16,
		32 ,16,12,17 ,16,12,17,
		32 ,16,17,21 ,16,17,21,
		32 ,21,17,22 ,21,17,22,
		32 ,2,3,7 ,2,3,7,
		32 ,7,3,8 ,7,3,8,
		32 ,7,8,12 ,7,8,12,
		32 ,12,8,13 ,12,8,13,
		32 ,12,13,17 ,12,13,17,
		32 ,17,13,18 ,17,13,18,
		32 ,17,18,22 ,17,18,22,
		32 ,22,18,23 ,22,18,23,
		32 ,3,4,8 ,3,4,8,
		32 ,8,4,9 ,8,4,9,
		32 ,8,9,13 ,8,9,13,
		32 ,13,9,14 ,13,9,14,
		32 ,13,14,18 ,13,14,18,
		32 ,18,14,19 ,18,14,19,
		32 ,18,19,23 ,18,19,23,
		32 ,23,19,24 ,23,19,24
	]

}
