{
	"metadata" : {
		"formatVersion" : 3,
		"description" : "Exported from LibZinc."
	},

	"vertices" : [
		397.174194,167.753098,-1465.000000,386.163300,157.305679,-1465.234009,376.585175,144.874313,-1465.107056,369.148712,131.470551,-1464.926514,364.562805,118.105904,-1465.000000,391.040405,170.951096,-1434.371338,381.000519,160.714233,-1434.632324,372.424347,148.744003,-1434.413940,365.849457,135.944412,-1434.133057,361.813293,123.219429,-1434.206665,
		382.369293,175.216537,-1402.641846,373.666443,165.530182,-1402.869995,366.451660,154.607269,-1402.758667,361.200256,142.929413,-1402.575195,358.387360,130.978195,-1402.586670,373.500031,180.127502,-1373.051636,365.868439,170.926315,-1373.223267,359.720428,160.951736,-1373.281128,355.567139,150.241989,-1373.272827,353.919830,138.835266,-1373.245850,
		366.771698,185.262100,-1348.840942,359.313843,176.075394,-1348.968262,353.283875,166.265030,-1349.121094,349.316254,155.698593,-1349.246216,348.045502,144.243698,-1349.290039
	],

	"normals" : [
		-0.609967,0.777399,-0.153591,-0.736536,0.660719,-0.144793,-0.829119,0.544509,-0.126774,-0.905772,0.408778,-0.111701,-0.969643,0.220453,-0.105801,-0.622525,0.744199,-0.242137,-0.746214,0.622096,-0.236983,-0.834801,0.504864,-0.219590,-0.907150,0.376493,-0.187969,-0.968748,0.206697,-0.137129,
		-0.653047,0.697150,-0.295823,-0.756972,0.586290,-0.288543,-0.843506,0.463267,-0.271810,-0.920265,0.315543,-0.231399,-0.980541,0.120560,-0.154937,-0.687165,0.649451,-0.325602,-0.765225,0.559856,-0.317793,-0.849385,0.430246,-0.305670,-0.930369,0.250417,-0.267778,-0.981719,0.018391,-0.189445,
		-0.703639,0.631532,-0.325667,-0.762850,0.556566,-0.329082,-0.840521,0.426880,-0.333612,-0.914948,0.229706,-0.331822,-0.950175,-0.023383,-0.310838
	],

	"faces": [
		32 ,0,1,5 ,0,1,5,
		32 ,5,1,6 ,5,1,6,
		32 ,5,6,10 ,5,6,10,
		32 ,10,6,11 ,10,6,11,
		32 ,10,11,15 ,10,11,15,
		32 ,15,11,16 ,15,11,16,
		32 ,15,16,20 ,15,16,20,
		32 ,20,16,21 ,20,16,21,
		32 ,1,2,6 ,1,2,6,
		32 ,6,2,7 ,6,2,7,
		32 ,6,7,11 ,6,7,11,
		32 ,11,7,12 ,11,7,12,
		32 ,11,12,16 ,11,12,16,
		32 ,16,12,17 ,16,12,17,
		32 ,16,17,21 ,16,17,21,
		32 ,21,17,22 ,21,17,22,
		32 ,2,3,7 ,2,3,7,
		32 ,7,3,8 ,7,3,8,
		32 ,7,8,12 ,7,8,12,
		32 ,12,8,13 ,12,8,13,
		32 ,12,13,17 ,12,13,17,
		32 ,17,13,18 ,17,13,18,
		32 ,17,18,22 ,17,18,22,
		32 ,22,18,23 ,22,18,23,
		32 ,3,4,8 ,3,4,8,
		32 ,8,4,9 ,8,4,9,
		32 ,8,9,13 ,8,9,13,
		32 ,13,9,14 ,13,9,14,
		32 ,13,14,18 ,13,14,18,
		32 ,18,14,19 ,18,14,19,
		32 ,18,19,23 ,18,19,23,
		32 ,23,19,24 ,23,19,24
	]

}
