{
	"metadata" : {
		"formatVersion" : 3,
		"description" : "Exported from LibZinc."
	},

	"vertices" : [
		374.784302,74.786308,-1465.000000,384.417664,66.314903,-1464.967651,396.799683,60.484604,-1465.024658,410.646637,56.755260,-1465.069214,424.674805,54.586720,-1465.000000,372.355682,80.140640,-1434.364014,381.366699,71.014702,-1434.471558,393.105164,64.118500,-1434.621582,406.571686,59.277901,-1434.668213,420.766815,56.318756,-1434.465210,
		372.336578,87.950592,-1402.759155,381.015106,78.560539,-1402.839844,391.888550,70.838699,-1402.889648,404.409851,65.066383,-1402.848633,418.032104,61.524902,-1402.656982,372.418243,95.866844,-1373.296387,381.210938,86.646591,-1373.294678,391.503540,78.603668,-1373.230713,403.139404,72.371078,-1373.134033,415.961914,68.581833,-1373.033813,
		370.291992,101.540100,-1349.087036,379.802216,92.967033,-1349.057861,390.303955,85.371887,-1349.046753,401.738586,79.442375,-1349.047607,414.047485,75.866226,-1349.053955
	],

	"normals" : [
		-0.785313,-0.617245,-0.047880,-0.532485,-0.846182,-0.020893,-0.331945,-0.943143,-0.017121,-0.197959,-0.979845,-0.026760,-0.113290,-0.992864,-0.037246,-0.810579,-0.576053,0.105474,-0.596675,-0.790624,0.137451,-0.411383,-0.902287,0.129001,-0.265320,-0.957897,0.109717,-0.146306,-0.984070,0.101000,
		-0.795819,-0.582477,0.165504,-0.642945,-0.739191,0.200545,-0.489285,-0.849400,0.197786,-0.332007,-0.924888,0.185344,-0.165279,-0.968564,0.185918,-0.759696,-0.633070,0.148609,-0.661852,-0.724014,0.194308,-0.538552,-0.814625,0.215283,-0.376724,-0.897749,0.228312,-0.169921,-0.953891,0.247425,
		-0.700623,-0.713510,-0.005519,-0.631209,-0.770899,0.085378,-0.522808,-0.834475,0.174137,-0.366868,-0.895773,0.250996,-0.159886,-0.938612,0.305687
	],

	"faces": [
		32 ,0,1,5 ,0,1,5,
		32 ,5,1,6 ,5,1,6,
		32 ,5,6,10 ,5,6,10,
		32 ,10,6,11 ,10,6,11,
		32 ,10,11,15 ,10,11,15,
		32 ,15,11,16 ,15,11,16,
		32 ,15,16,20 ,15,16,20,
		32 ,20,16,21 ,20,16,21,
		32 ,1,2,6 ,1,2,6,
		32 ,6,2,7 ,6,2,7,
		32 ,6,7,11 ,6,7,11,
		32 ,11,7,12 ,11,7,12,
		32 ,11,12,16 ,11,12,16,
		32 ,16,12,17 ,16,12,17,
		32 ,16,17,21 ,16,17,21,
		32 ,21,17,22 ,21,17,22,
		32 ,2,3,7 ,2,3,7,
		32 ,7,3,8 ,7,3,8,
		32 ,7,8,12 ,7,8,12,
		32 ,12,8,13 ,12,8,13,
		32 ,12,13,17 ,12,13,17,
		32 ,17,13,18 ,17,13,18,
		32 ,17,18,22 ,17,18,22,
		32 ,22,18,23 ,22,18,23,
		32 ,3,4,8 ,3,4,8,
		32 ,8,4,9 ,8,4,9,
		32 ,8,9,13 ,8,9,13,
		32 ,13,9,14 ,13,9,14,
		32 ,13,14,18 ,13,14,18,
		32 ,18,14,19 ,18,14,19,
		32 ,18,19,23 ,18,19,23,
		32 ,23,19,24 ,23,19,24
	]

}
