{
	"metadata" : {
		"formatVersion" : 3,
		"description" : "Exported from LibZinc."
	},

	"vertices" : [
		141.664597,290.059814,-1863.000000,141.664597,290.059814,-1863.000000,141.664597,290.059814,-1863.000000,141.664597,290.059814,-1863.000000,141.664597,290.059814,-1863.000000,146.470749,288.177582,-1861.047852,144.787933,287.806213,-1860.963745,142.936676,287.248749,-1861.172241,141.190475,286.566498,-1861.719116,139.822800,285.820862,-1862.649902,
		151.135864,286.134094,-1859.070679,147.907196,285.462555,-1858.925781,144.165771,284.426361,-1859.361328,140.636917,283.122040,-1860.407959,138.045959,281.646088,-1862.096191,155.165176,283.427704,-1856.808105,150.607422,282.526062,-1856.689453,145.246292,281.150757,-1857.375977,140.227417,279.382477,-1858.887573,136.696457,277.301941,-1861.244385,
		158.063904,279.556793,-1854.000000,152.473587,278.493896,-1854.058105,146.072571,276.980011,-1855.024658,140.185410,275.004028,-1856.979004,136.136703,272.554901,-1860.000000
	],

	"normals" : [
		-0.320307,0.188880,0.928293,-0.320307,0.188880,0.928293,-0.320307,0.188880,0.928293,-0.320307,0.188880,0.928293,-0.320307,0.188880,0.928293,-0.016070,0.694349,0.719459,-0.162229,0.523340,0.836539,-0.312683,0.412857,0.855440,-0.518810,0.369859,0.770740,-0.780784,0.400446,0.479603,
		0.002193,0.673835,0.738879,-0.156504,0.512608,0.844239,-0.300275,0.419122,0.856838,-0.500773,0.378674,0.778353,-0.802628,0.383167,0.457134,0.003270,0.616060,0.787693,-0.157214,0.494741,0.854702,-0.298585,0.421743,0.856142,-0.498207,0.364031,0.786938,-0.826531,0.295852,0.478871,
		-0.033472,0.554414,0.831568,-0.168289,0.478844,0.861619,-0.309284,0.421597,0.852408,-0.517418,0.331279,0.789007,-0.843014,0.157990,0.514165
	],

	"faces": [
		32 ,0,1,5 ,0,1,5,
		32 ,5,1,6 ,5,1,6,
		32 ,5,6,10 ,5,6,10,
		32 ,10,6,11 ,10,6,11,
		32 ,10,11,15 ,10,11,15,
		32 ,15,11,16 ,15,11,16,
		32 ,15,16,20 ,15,16,20,
		32 ,20,16,21 ,20,16,21,
		32 ,1,2,6 ,1,2,6,
		32 ,6,2,7 ,6,2,7,
		32 ,6,7,11 ,6,7,11,
		32 ,11,7,12 ,11,7,12,
		32 ,11,12,16 ,11,12,16,
		32 ,16,12,17 ,16,12,17,
		32 ,16,17,21 ,16,17,21,
		32 ,21,17,22 ,21,17,22,
		32 ,2,3,7 ,2,3,7,
		32 ,7,3,8 ,7,3,8,
		32 ,7,8,12 ,7,8,12,
		32 ,12,8,13 ,12,8,13,
		32 ,12,13,17 ,12,13,17,
		32 ,17,13,18 ,17,13,18,
		32 ,17,18,22 ,17,18,22,
		32 ,22,18,23 ,22,18,23,
		32 ,3,4,8 ,3,4,8,
		32 ,8,4,9 ,8,4,9,
		32 ,8,9,13 ,8,9,13,
		32 ,13,9,14 ,13,9,14,
		32 ,13,14,18 ,13,14,18,
		32 ,18,14,19 ,18,14,19,
		32 ,18,19,23 ,18,19,23,
		32 ,23,19,24 ,23,19,24
	]

}
