{
	"metadata" : {
		"formatVersion" : 3,
		"description" : "Exported from LibZinc."
	},

	"vertices" : [
		141.664597,290.059814,-1863.000000,141.664597,290.059814,-1863.000000,141.664597,290.059814,-1863.000000,141.664597,290.059814,-1863.000000,141.664597,290.059814,-1863.000000,139.822800,285.820862,-1862.649902,139.137665,285.179535,-1863.824219,139.203110,284.790436,-1864.955933,139.938721,284.685364,-1865.872437,141.264053,284.896088,-1866.400879,
		138.045959,281.646088,-1862.096191,136.874405,280.309662,-1864.288574,137.033813,279.436554,-1866.541138,138.394501,279.142395,-1868.424316,140.826813,279.542725,-1869.508667,136.696457,277.301941,-1861.244385,135.202026,275.325836,-1864.280640,135.447571,273.964172,-1867.419067,137.311020,273.437408,-1870.062134,140.670273,273.966095,-1871.612061,
		136.136703,272.554901,-1860.000000,134.447708,270.103729,-1863.687622,134.735291,268.339294,-1867.252930,136.967361,267.577087,-1870.191772,141.111801,268.132599,-1872.000000
	],

	"normals" : [
		-0.852617,0.317053,-0.415357,-0.852617,0.317053,-0.415357,-0.852617,0.317053,-0.415357,-0.852617,0.317053,-0.415357,-0.852617,0.317053,-0.415357,-0.780784,0.400446,0.479603,-0.893928,0.447385,0.027187,-0.767477,0.485895,-0.418192,-0.516902,0.512315,-0.685817,-0.266953,0.537553,-0.799858,
		-0.802628,0.383167,0.457134,-0.924653,0.380712,0.008731,-0.823397,0.391201,-0.411070,-0.577686,0.414057,-0.703445,-0.276983,0.443162,-0.852577,-0.826531,0.295852,0.478871,-0.968225,0.244467,0.052692,-0.892116,0.222017,-0.393494,-0.624745,0.209884,-0.752093,-0.248122,0.221814,-0.942992,
		-0.843014,0.157990,0.514165,-0.986859,0.059877,0.150077,-0.937365,-0.019474,-0.347803,-0.609089,-0.120833,-0.783843,-0.169856,-0.139506,-0.975544
	],

	"faces": [
		32 ,0,1,5 ,0,1,5,
		32 ,5,1,6 ,5,1,6,
		32 ,5,6,10 ,5,6,10,
		32 ,10,6,11 ,10,6,11,
		32 ,10,11,15 ,10,11,15,
		32 ,15,11,16 ,15,11,16,
		32 ,15,16,20 ,15,16,20,
		32 ,20,16,21 ,20,16,21,
		32 ,1,2,6 ,1,2,6,
		32 ,6,2,7 ,6,2,7,
		32 ,6,7,11 ,6,7,11,
		32 ,11,7,12 ,11,7,12,
		32 ,11,12,16 ,11,12,16,
		32 ,16,12,17 ,16,12,17,
		32 ,16,17,21 ,16,17,21,
		32 ,21,17,22 ,21,17,22,
		32 ,2,3,7 ,2,3,7,
		32 ,7,3,8 ,7,3,8,
		32 ,7,8,12 ,7,8,12,
		32 ,12,8,13 ,12,8,13,
		32 ,12,13,17 ,12,13,17,
		32 ,17,13,18 ,17,13,18,
		32 ,17,18,22 ,17,18,22,
		32 ,22,18,23 ,22,18,23,
		32 ,3,4,8 ,3,4,8,
		32 ,8,4,9 ,8,4,9,
		32 ,8,9,13 ,8,9,13,
		32 ,13,9,14 ,13,9,14,
		32 ,13,14,18 ,13,14,18,
		32 ,18,14,19 ,18,14,19,
		32 ,18,19,23 ,18,19,23,
		32 ,23,19,24 ,23,19,24
	]

}
