{
	"metadata" : {
		"formatVersion" : 3,
		"description" : "Exported from LibZinc."
	},

	"vertices" : [
		141.664597,290.059814,-1863.000000,141.664597,290.059814,-1863.000000,141.664597,290.059814,-1863.000000,141.664597,290.059814,-1863.000000,141.664597,290.059814,-1863.000000,141.264053,284.896088,-1866.400879,142.941437,285.436554,-1866.354980,144.657928,286.189545,-1865.791748,146.220245,286.990143,-1864.904053,147.435120,287.673401,-1863.884644,
		140.826813,279.542725,-1869.508667,144.081924,280.663849,-1869.380371,147.614182,282.215057,-1868.199707,150.848816,283.836487,-1866.397095,153.210983,285.168304,-1864.403198,140.670273,273.966095,-1871.612061,145.277359,275.576355,-1871.426758,150.364624,277.801575,-1869.697754,155.030396,280.123199,-1867.078003,158.372971,282.022552,-1864.220215,
		141.111801,268.132599,-1872.000000,146.719101,270.008667,-1871.844238,152.740509,272.614349,-1869.759766,158.245087,275.374573,-1866.545410,162.301895,277.714203,-1863.000000
	],

	"normals" : [
		0.098920,0.539495,-0.836158,0.098920,0.539495,-0.836158,0.098920,0.539495,-0.836158,0.098920,0.539495,-0.836158,0.098920,0.539495,-0.836158,-0.266953,0.537553,-0.799858,-0.060405,0.565633,-0.822442,0.068602,0.604775,-0.793436,0.151469,0.661383,-0.734595,0.219293,0.747643,-0.626850,
		-0.276983,0.443162,-0.852577,-0.006191,0.473586,-0.880726,0.137618,0.513506,-0.846979,0.228476,0.575963,-0.784898,0.311849,0.688076,-0.655211,-0.248122,0.221814,-0.942992,0.097772,0.266220,-0.958941,0.267233,0.312653,-0.911501,0.380568,0.375638,-0.845023,0.495040,0.507055,-0.705571,
		-0.169856,-0.139506,-0.975544,0.220532,-0.040710,-0.974530,0.416412,0.023261,-0.908878,0.554541,0.066829,-0.829468,0.692169,0.168046,-0.701899
	],

	"faces": [
		32 ,0,1,5 ,0,1,5,
		32 ,5,1,6 ,5,1,6,
		32 ,5,6,10 ,5,6,10,
		32 ,10,6,11 ,10,6,11,
		32 ,10,11,15 ,10,11,15,
		32 ,15,11,16 ,15,11,16,
		32 ,15,16,20 ,15,16,20,
		32 ,20,16,21 ,20,16,21,
		32 ,1,2,6 ,1,2,6,
		32 ,6,2,7 ,6,2,7,
		32 ,6,7,11 ,6,7,11,
		32 ,11,7,12 ,11,7,12,
		32 ,11,12,16 ,11,12,16,
		32 ,16,12,17 ,16,12,17,
		32 ,16,17,21 ,16,17,21,
		32 ,21,17,22 ,21,17,22,
		32 ,2,3,7 ,2,3,7,
		32 ,7,3,8 ,7,3,8,
		32 ,7,8,12 ,7,8,12,
		32 ,12,8,13 ,12,8,13,
		32 ,12,13,17 ,12,13,17,
		32 ,17,13,18 ,17,13,18,
		32 ,17,18,22 ,17,18,22,
		32 ,22,18,23 ,22,18,23,
		32 ,3,4,8 ,3,4,8,
		32 ,8,4,9 ,8,4,9,
		32 ,8,9,13 ,8,9,13,
		32 ,13,9,14 ,13,9,14,
		32 ,13,14,18 ,13,14,18,
		32 ,18,14,19 ,18,14,19,
		32 ,18,19,23 ,18,19,23,
		32 ,23,19,24 ,23,19,24
	]

}
