{
	"metadata" : {
		"formatVersion" : 3,
		"description" : "Exported from LibZinc."
	},

	"vertices" : [
		128.011703,280.747589,-1874.000000,128.011703,280.747589,-1874.000000,128.011703,280.747589,-1874.000000,128.011703,280.747589,-1874.000000,128.011703,280.747589,-1874.000000,129.693390,279.328033,-1870.129639,128.587891,279.176941,-1869.854370,127.460075,278.886780,-1869.894409,126.505730,278.449249,-1870.284912,125.920662,277.856079,-1871.061157,
		131.397919,277.612152,-1866.485107,129.302139,277.445099,-1865.997192,127.079781,276.876831,-1866.047607,125.168480,275.990692,-1866.731323,124.005875,274.870087,-1868.142700,133.014481,275.194946,-1863.197021,130.118195,275.069519,-1862.576660,127.024605,274.282715,-1862.627197,124.328400,273.036011,-1863.514160,122.624275,271.530914,-1865.402954,
		134.432297,271.671509,-1860.395996,130.999802,271.567780,-1859.741211,127.448311,270.669403,-1859.800537,124.313942,269.249146,-1860.808594,122.132797,267.579803,-1863.000000
	],

	"normals" : [
		-0.446610,0.767870,0.459255,-0.446610,0.767870,0.459255,-0.446610,0.767870,0.459255,-0.446610,0.767870,0.459255,-0.446610,0.767870,0.459255,0.063659,0.937112,0.343175,-0.133973,0.915676,0.378932,-0.360515,0.861850,0.356713,-0.632376,0.743749,0.216652,-0.846189,0.527805,-0.073384,
		0.189626,0.888473,0.417920,-0.097069,0.867579,0.487733,-0.356828,0.808237,0.468431,-0.644609,0.693254,0.322302,-0.879474,0.475909,-0.006051,0.281522,0.763240,0.581558,-0.047635,0.733558,0.677956,-0.333049,0.671149,0.662297,-0.648403,0.559780,0.515965,-0.920452,0.361572,0.148437,
		0.294310,0.554292,0.778551,0.003345,0.508735,0.860917,-0.279148,0.446188,0.850289,-0.603647,0.330964,0.725309,-0.908243,0.175614,0.379808
	],

	"faces": [
		32 ,0,1,5 ,0,1,5,
		32 ,5,1,6 ,5,1,6,
		32 ,5,6,10 ,5,6,10,
		32 ,10,6,11 ,10,6,11,
		32 ,10,11,15 ,10,11,15,
		32 ,15,11,16 ,15,11,16,
		32 ,15,16,20 ,15,16,20,
		32 ,20,16,21 ,20,16,21,
		32 ,1,2,6 ,1,2,6,
		32 ,6,2,7 ,6,2,7,
		32 ,6,7,11 ,6,7,11,
		32 ,11,7,12 ,11,7,12,
		32 ,11,12,16 ,11,12,16,
		32 ,16,12,17 ,16,12,17,
		32 ,16,17,21 ,16,17,21,
		32 ,21,17,22 ,21,17,22,
		32 ,2,3,7 ,2,3,7,
		32 ,7,3,8 ,7,3,8,
		32 ,7,8,12 ,7,8,12,
		32 ,12,8,13 ,12,8,13,
		32 ,12,13,17 ,12,13,17,
		32 ,17,13,18 ,17,13,18,
		32 ,17,18,22 ,17,18,22,
		32 ,22,18,23 ,22,18,23,
		32 ,3,4,8 ,3,4,8,
		32 ,8,4,9 ,8,4,9,
		32 ,8,9,13 ,8,9,13,
		32 ,13,9,14 ,13,9,14,
		32 ,13,14,18 ,13,14,18,
		32 ,18,14,19 ,18,14,19,
		32 ,18,19,23 ,18,19,23,
		32 ,23,19,24 ,23,19,24
	]

}
