{
	"metadata" : {
		"formatVersion" : 3,
		"description" : "Exported from LibZinc."
	},

	"vertices" : [
		457.075897,267.725311,-1874.000000,457.075897,267.725311,-1874.000000,457.075897,267.725311,-1874.000000,457.075897,267.725311,-1874.000000,457.075897,267.725311,-1874.000000,458.005096,263.864777,-1874.271851,458.894073,263.794891,-1873.442261,459.316376,264.246887,-1872.570190,459.350281,265.000549,-1871.782837,459.074036,265.835846,-1871.207397,
		458.852844,260.085938,-1874.492310,460.437073,260.027649,-1872.896973,461.245422,260.937317,-1871.174561,461.371246,262.396790,-1869.595337,460.907837,263.987762,-1868.429321,459.454041,256.091705,-1874.466553,461.638123,256.013275,-1872.261230,462.809875,257.301086,-1869.770996,463.040009,259.366974,-1867.433594,462.399200,261.622711,-1865.686523,
		459.643585,251.585098,-1874.000000,462.430542,251.341599,-1871.432495,463.956573,252.842575,-1868.317505,464.257751,255.364151,-1865.293701,463.370087,258.182404,-1863.000000
	],

	"normals" : [
		0.861613,0.223538,-0.455691,0.861613,0.223538,-0.455691,0.861613,0.223538,-0.455691,0.861613,0.223538,-0.455691,0.861613,0.223538,-0.455691,0.591495,0.201402,-0.780750,0.747938,0.247636,-0.615846,0.826779,0.329051,-0.456247,0.842503,0.420585,-0.336596,0.814558,0.533009,-0.228901,
		0.610120,0.145930,-0.778754,0.779439,0.192613,-0.596133,0.861901,0.270022,-0.429203,0.882148,0.365730,-0.296743,0.852086,0.498903,-0.158260,0.580890,0.017084,-0.813803,0.807385,0.092888,-0.582667,0.908627,0.177095,-0.378199,0.940391,0.276205,-0.198435,0.903660,0.427641,0.022867,
		0.471987,-0.141516,-0.870174,0.810135,-0.020200,-0.585895,0.943757,0.077162,-0.321510,0.982935,0.171454,-0.066654,0.907863,0.316835,0.274591
	],

	"faces": [
		32 ,0,1,5 ,0,1,5,
		32 ,5,1,6 ,5,1,6,
		32 ,5,6,10 ,5,6,10,
		32 ,10,6,11 ,10,6,11,
		32 ,10,11,15 ,10,11,15,
		32 ,15,11,16 ,15,11,16,
		32 ,15,16,20 ,15,16,20,
		32 ,20,16,21 ,20,16,21,
		32 ,1,2,6 ,1,2,6,
		32 ,6,2,7 ,6,2,7,
		32 ,6,7,11 ,6,7,11,
		32 ,11,7,12 ,11,7,12,
		32 ,11,12,16 ,11,12,16,
		32 ,16,12,17 ,16,12,17,
		32 ,16,17,21 ,16,17,21,
		32 ,21,17,22 ,21,17,22,
		32 ,2,3,7 ,2,3,7,
		32 ,7,3,8 ,7,3,8,
		32 ,7,8,12 ,7,8,12,
		32 ,12,8,13 ,12,8,13,
		32 ,12,13,17 ,12,13,17,
		32 ,17,13,18 ,17,13,18,
		32 ,17,18,22 ,17,18,22,
		32 ,22,18,23 ,22,18,23,
		32 ,3,4,8 ,3,4,8,
		32 ,8,4,9 ,8,4,9,
		32 ,8,9,13 ,8,9,13,
		32 ,13,9,14 ,13,9,14,
		32 ,13,14,18 ,13,14,18,
		32 ,18,14,19 ,18,14,19,
		32 ,18,19,23 ,18,19,23,
		32 ,23,19,24 ,23,19,24
	]

}
