{
	"metadata" : {
		"formatVersion" : 3,
		"description" : "Exported from LibZinc."
	},

	"vertices" : [
		117.924103,267.725311,-1874.000000,117.924103,267.725311,-1874.000000,117.924103,267.725311,-1874.000000,117.924103,267.725311,-1874.000000,117.924103,267.725311,-1874.000000,118.928391,267.766998,-1871.965576,118.012848,267.420776,-1871.309448,117.193306,267.007751,-1870.899292,116.517624,266.476471,-1870.805420,116.033638,265.775452,-1871.098511,
		119.778610,267.563934,-1870.063110,118.136154,266.969574,-1868.860352,116.547089,266.225769,-1867.997681,115.186150,265.244965,-1867.692627,114.228096,263.939453,-1868.162720,120.523422,266.668152,-1868.129028,118.307091,265.843140,-1866.550049,116.082054,264.809784,-1865.299072,114.121094,263.441193,-1864.779663,112.696999,261.610657,-1865.395508,
		121.211502,264.631592,-1866.000000,118.538696,263.513031,-1864.275879,115.894798,262.190155,-1862.807373,113.513855,260.475677,-1862.185181,111.629898,258.182404,-1863.000000
	],

	"normals" : [
		-0.538520,0.798581,0.268821,-0.538520,0.798581,0.268821,-0.538520,0.798581,0.268821,-0.538520,0.798581,0.268821,-0.538520,0.798581,0.268821,-0.241747,0.963205,0.117450,-0.323306,0.938692,0.119713,-0.503944,0.860934,0.069518,-0.712678,0.698637,-0.063208,-0.828144,0.518709,-0.212413,
		-0.098595,0.954676,0.280843,-0.185228,0.938975,0.289857,-0.401778,0.885003,0.235254,-0.688553,0.722783,0.058981,-0.852470,0.497488,-0.160624,0.109703,0.834226,0.540399,0.054433,0.812230,0.580793,-0.188702,0.800845,0.568364,-0.621461,0.688784,0.373313,-0.895993,0.443799,0.015422,
		0.194078,0.653267,0.731830,0.226472,0.590299,0.774763,0.033165,0.572882,0.818967,-0.458974,0.506019,0.730266,-0.894002,0.323791,0.309710
	],

	"faces": [
		32 ,0,1,5 ,0,1,5,
		32 ,5,1,6 ,5,1,6,
		32 ,5,6,10 ,5,6,10,
		32 ,10,6,11 ,10,6,11,
		32 ,10,11,15 ,10,11,15,
		32 ,15,11,16 ,15,11,16,
		32 ,15,16,20 ,15,16,20,
		32 ,20,16,21 ,20,16,21,
		32 ,1,2,6 ,1,2,6,
		32 ,6,2,7 ,6,2,7,
		32 ,6,7,11 ,6,7,11,
		32 ,11,7,12 ,11,7,12,
		32 ,11,12,16 ,11,12,16,
		32 ,16,12,17 ,16,12,17,
		32 ,16,17,21 ,16,17,21,
		32 ,21,17,22 ,21,17,22,
		32 ,2,3,7 ,2,3,7,
		32 ,7,3,8 ,7,3,8,
		32 ,7,8,12 ,7,8,12,
		32 ,12,8,13 ,12,8,13,
		32 ,12,13,17 ,12,13,17,
		32 ,17,13,18 ,17,13,18,
		32 ,17,18,22 ,17,18,22,
		32 ,22,18,23 ,22,18,23,
		32 ,3,4,8 ,3,4,8,
		32 ,8,4,9 ,8,4,9,
		32 ,8,9,13 ,8,9,13,
		32 ,13,9,14 ,13,9,14,
		32 ,13,14,18 ,13,14,18,
		32 ,18,14,19 ,18,14,19,
		32 ,18,19,23 ,18,19,23,
		32 ,23,19,24 ,23,19,24
	]

}
