{
	"metadata" : {
		"formatVersion" : 3,
		"description" : "Exported from LibZinc."
	},

	"vertices" : [
		117.924103,267.725311,-1874.000000,117.924103,267.725311,-1874.000000,117.924103,267.725311,-1874.000000,117.924103,267.725311,-1874.000000,117.924103,267.725311,-1874.000000,116.033638,265.775452,-1871.098511,115.809479,264.937042,-1871.765015,115.911293,264.165283,-1872.647827,116.384010,263.666321,-1873.602295,117.272552,263.646271,-1874.483521,
		114.228096,263.939453,-1868.162720,113.831955,262.312012,-1869.471802,114.066376,260.732513,-1871.286987,114.970535,259.664154,-1873.230957,116.583611,259.570099,-1874.926270,112.696999,261.610657,-1865.395508,112.092667,259.322113,-1867.264038,112.418991,257.105438,-1869.852783,113.690826,255.622849,-1872.590454,115.922989,255.536469,-1874.905884,
		111.629898,258.182404,-1863.000000,110.692749,255.439209,-1865.285278,110.998810,252.962555,-1868.280396,112.552040,251.446503,-1871.385376,115.356400,251.585098,-1874.000000
	],

	"normals" : [
		-0.877490,0.171785,-0.447774,-0.877490,0.171785,-0.447774,-0.877490,0.171785,-0.447774,-0.877490,0.171785,-0.447774,-0.877490,0.171785,-0.447774,-0.828144,0.518709,-0.212413,-0.860040,0.386884,-0.332645,-0.839704,0.292924,-0.457266,-0.757250,0.227659,-0.612163,-0.604453,0.201499,-0.770737,
		-0.852470,0.497488,-0.160624,-0.883834,0.348113,-0.312498,-0.861290,0.259609,-0.436787,-0.783381,0.196351,-0.589712,-0.610074,0.156849,-0.776664,-0.895993,0.443799,0.015422,-0.927336,0.289155,-0.237567,-0.893181,0.202249,-0.401650,-0.807607,0.115415,-0.578317,-0.577869,0.010105,-0.816067,
		-0.894002,0.323791,0.309710,-0.970875,0.216276,-0.103088,-0.923129,0.132367,-0.360987,-0.807539,-0.017353,-0.589558,-0.445747,-0.269352,-0.853674
	],

	"faces": [
		32 ,0,1,5 ,0,1,5,
		32 ,5,1,6 ,5,1,6,
		32 ,5,6,10 ,5,6,10,
		32 ,10,6,11 ,10,6,11,
		32 ,10,11,15 ,10,11,15,
		32 ,15,11,16 ,15,11,16,
		32 ,15,16,20 ,15,16,20,
		32 ,20,16,21 ,20,16,21,
		32 ,1,2,6 ,1,2,6,
		32 ,6,2,7 ,6,2,7,
		32 ,6,7,11 ,6,7,11,
		32 ,11,7,12 ,11,7,12,
		32 ,11,12,16 ,11,12,16,
		32 ,16,12,17 ,16,12,17,
		32 ,16,17,21 ,16,17,21,
		32 ,21,17,22 ,21,17,22,
		32 ,2,3,7 ,2,3,7,
		32 ,7,3,8 ,7,3,8,
		32 ,7,8,12 ,7,8,12,
		32 ,12,8,13 ,12,8,13,
		32 ,12,13,17 ,12,13,17,
		32 ,17,13,18 ,17,13,18,
		32 ,17,18,22 ,17,18,22,
		32 ,22,18,23 ,22,18,23,
		32 ,3,4,8 ,3,4,8,
		32 ,8,4,9 ,8,4,9,
		32 ,8,9,13 ,8,9,13,
		32 ,13,9,14 ,13,9,14,
		32 ,13,14,18 ,13,14,18,
		32 ,18,14,19 ,18,14,19,
		32 ,18,19,23 ,18,19,23,
		32 ,23,19,24 ,23,19,24
	]

}
