{
	"metadata" : {
		"formatVersion" : 3,
		"description" : "Exported from LibZinc."
	},

	"vertices" : [
		117.924103,267.725311,-1874.000000,117.924103,267.725311,-1874.000000,117.924103,267.725311,-1874.000000,117.924103,267.725311,-1874.000000,117.924103,267.725311,-1874.000000,117.272552,263.646271,-1874.483521,118.408295,264.223907,-1875.111572,119.489235,265.207672,-1875.406494,120.360245,266.338318,-1875.373047,120.866180,267.356598,-1875.016113,
		116.583611,259.570099,-1874.926270,118.729553,260.748291,-1876.098511,120.925972,262.798828,-1876.693970,122.752518,265.138214,-1876.666138,123.788864,267.182922,-1875.968628,115.922989,255.536469,-1874.905884,118.898491,257.230286,-1876.468018,122.001755,260.119720,-1877.264526,124.649727,263.414093,-1877.202026,126.259361,266.322754,-1876.186890,
		115.356400,251.585098,-1874.000000,118.925713,253.601730,-1875.727661,122.484039,256.791290,-1876.520996,125.600670,260.455109,-1876.303833,127.844902,263.894592,-1875.000000
	],

	"normals" : [
		-0.248720,0.123130,-0.960717,-0.248720,0.123130,-0.960717,-0.248720,0.123130,-0.960717,-0.248720,0.123130,-0.960717,-0.248720,0.123130,-0.960717,-0.604453,0.201499,-0.770737,-0.497961,0.215859,-0.839905,-0.406001,0.266420,-0.874176,-0.332675,0.365109,-0.869496,-0.266064,0.550026,-0.791632,
		-0.610074,0.156849,-0.776664,-0.466412,0.157324,-0.870465,-0.347221,0.198751,-0.916480,-0.243385,0.302488,-0.921556,-0.134751,0.547687,-0.825761,-0.577869,0.010105,-0.816067,-0.331152,-0.036308,-0.942879,-0.102023,-0.023935,-0.994494,0.139612,0.063798,-0.988149,0.410389,0.368045,-0.834340,
		-0.445747,-0.269352,-0.853674,-0.052120,-0.365423,-0.929381,0.301016,-0.364451,-0.881229,0.604667,-0.303573,-0.736357,0.822046,-0.103315,-0.559971
	],

	"faces": [
		32 ,0,1,5 ,0,1,5,
		32 ,5,1,6 ,5,1,6,
		32 ,5,6,10 ,5,6,10,
		32 ,10,6,11 ,10,6,11,
		32 ,10,11,15 ,10,11,15,
		32 ,15,11,16 ,15,11,16,
		32 ,15,16,20 ,15,16,20,
		32 ,20,16,21 ,20,16,21,
		32 ,1,2,6 ,1,2,6,
		32 ,6,2,7 ,6,2,7,
		32 ,6,7,11 ,6,7,11,
		32 ,11,7,12 ,11,7,12,
		32 ,11,12,16 ,11,12,16,
		32 ,16,12,17 ,16,12,17,
		32 ,16,17,21 ,16,17,21,
		32 ,21,17,22 ,21,17,22,
		32 ,2,3,7 ,2,3,7,
		32 ,7,3,8 ,7,3,8,
		32 ,7,8,12 ,7,8,12,
		32 ,12,8,13 ,12,8,13,
		32 ,12,13,17 ,12,13,17,
		32 ,17,13,18 ,17,13,18,
		32 ,17,18,22 ,17,18,22,
		32 ,22,18,23 ,22,18,23,
		32 ,3,4,8 ,3,4,8,
		32 ,8,4,9 ,8,4,9,
		32 ,8,9,13 ,8,9,13,
		32 ,13,9,14 ,13,9,14,
		32 ,13,14,18 ,13,14,18,
		32 ,18,14,19 ,18,14,19,
		32 ,18,19,23 ,18,19,23,
		32 ,23,19,24 ,23,19,24
	]

}
