{
	"metadata" : {
		"formatVersion" : 3,
		"description" : "Exported from LibZinc."
	},

	"vertices" : [
		117.924103,267.725311,-1874.000000,117.924103,267.725311,-1874.000000,117.924103,267.725311,-1874.000000,117.924103,267.725311,-1874.000000,117.924103,267.725311,-1874.000000,120.866180,267.356598,-1875.016113,120.893906,267.975159,-1874.390259,120.506927,268.164612,-1873.610107,119.815132,268.052673,-1872.770264,118.928391,267.766998,-1871.965576,
		123.788864,267.182922,-1875.968628,123.746185,268.303253,-1874.700439,122.839745,268.499298,-1873.142212,121.405296,268.132446,-1871.520752,119.778610,267.563934,-1870.063110,126.259361,266.322754,-1876.186890,126.264885,267.899170,-1874.373047,124.899979,268.103088,-1872.201050,122.780777,267.503174,-1870.007446,120.523422,266.668152,-1868.129028,
		127.844902,263.894592,-1875.000000,128.233917,265.952637,-1872.850708,126.665054,266.349731,-1870.391235,124.027756,265.703491,-1867.986084,121.211502,264.631592,-1866.000000
	],

	"normals" : [
		0.225926,0.966515,-0.121678,0.225926,0.966515,-0.121678,0.225926,0.966515,-0.121678,0.225926,0.966515,-0.121678,0.225926,0.966515,-0.121678,-0.266064,0.550026,-0.791632,-0.196689,0.841930,-0.502461,-0.174225,0.974947,-0.138289,-0.201942,0.977427,0.062104,-0.241747,0.963205,0.117450,
		-0.134751,0.547687,-0.825761,-0.044957,0.917738,-0.394634,-0.048636,0.997431,0.052593,-0.086178,0.967639,0.237168,-0.098595,0.954676,0.280843,0.410389,0.368045,-0.834340,0.458398,0.873479,-0.164031,0.244149,0.915127,0.320833,0.127436,0.869533,0.477150,0.109703,0.834226,0.540399,
		0.822046,-0.103315,-0.559971,0.867008,0.497119,0.034218,0.471867,0.731074,0.492821,0.262357,0.720785,0.641590,0.194078,0.653267,0.731830
	],

	"faces": [
		32 ,0,1,5 ,0,1,5,
		32 ,5,1,6 ,5,1,6,
		32 ,5,6,10 ,5,6,10,
		32 ,10,6,11 ,10,6,11,
		32 ,10,11,15 ,10,11,15,
		32 ,15,11,16 ,15,11,16,
		32 ,15,16,20 ,15,16,20,
		32 ,20,16,21 ,20,16,21,
		32 ,1,2,6 ,1,2,6,
		32 ,6,2,7 ,6,2,7,
		32 ,6,7,11 ,6,7,11,
		32 ,11,7,12 ,11,7,12,
		32 ,11,12,16 ,11,12,16,
		32 ,16,12,17 ,16,12,17,
		32 ,16,17,21 ,16,17,21,
		32 ,21,17,22 ,21,17,22,
		32 ,2,3,7 ,2,3,7,
		32 ,7,3,8 ,7,3,8,
		32 ,7,8,12 ,7,8,12,
		32 ,12,8,13 ,12,8,13,
		32 ,12,13,17 ,12,13,17,
		32 ,17,13,18 ,17,13,18,
		32 ,17,18,22 ,17,18,22,
		32 ,22,18,23 ,22,18,23,
		32 ,3,4,8 ,3,4,8,
		32 ,8,4,9 ,8,4,9,
		32 ,8,9,13 ,8,9,13,
		32 ,13,9,14 ,13,9,14,
		32 ,13,14,18 ,13,14,18,
		32 ,18,14,19 ,18,14,19,
		32 ,18,19,23 ,18,19,23,
		32 ,23,19,24 ,23,19,24
	]

}
