{
	"metadata" : {
		"formatVersion" : 3,
		"description" : "Exported from LibZinc."
	},

	"vertices" : [
		105.268700,255.987000,-1874.000000,105.268700,255.987000,-1874.000000,105.268700,255.987000,-1874.000000,105.268700,255.987000,-1874.000000,105.268700,255.987000,-1874.000000,103.084656,253.218643,-1872.149414,102.755890,252.550247,-1872.749268,102.811493,252.049225,-1873.339600,103.252495,251.840775,-1873.912476,104.079948,252.050140,-1874.459839,
		100.824623,250.441925,-1870.372925,100.310455,249.126373,-1871.444946,100.515640,248.136108,-1872.580444,101.387001,247.713867,-1873.702759,102.871361,248.102417,-1874.734985,98.819511,247.518585,-1868.659912,98.137886,245.624954,-1870.122925,98.469940,244.203812,-1871.695557,99.712143,243.598831,-1873.245972,101.760994,244.153656,-1874.642700,
		97.400200,244.310394,-1867.000000,96.443680,241.955597,-1868.818970,96.763153,240.208557,-1870.657349,98.267830,239.488235,-1872.416992,100.866898,240.213593,-1874.000000
	],

	"normals" : [
		-0.837850,0.300073,-0.456031,-0.837850,0.300073,-0.456031,-0.837850,0.300073,-0.456031,-0.837850,0.300073,-0.456031,-0.837850,0.300073,-0.456031,-0.785042,0.617446,-0.049686,-0.817965,0.486720,-0.306654,-0.752242,0.359755,-0.552004,-0.632333,0.275413,-0.724087,-0.532822,0.246293,-0.809593,
		-0.812045,0.577789,-0.082116,-0.831289,0.430464,-0.351651,-0.763743,0.307858,-0.567380,-0.652886,0.226779,-0.722711,-0.537765,0.185913,-0.822341,-0.860170,0.509683,0.018158,-0.875244,0.365197,-0.317142,-0.789739,0.241012,-0.564115,-0.658424,0.138907,-0.739718,-0.486888,0.051616,-0.871938,
		-0.884554,0.388792,0.257693,-0.942205,0.286251,-0.174097,-0.828072,0.159475,-0.537461,-0.632378,0.003296,-0.774653,-0.349660,-0.163232,-0.922547
	],

	"faces": [
		32 ,0,1,5 ,0,1,5,
		32 ,5,1,6 ,5,1,6,
		32 ,5,6,10 ,5,6,10,
		32 ,10,6,11 ,10,6,11,
		32 ,10,11,15 ,10,11,15,
		32 ,15,11,16 ,15,11,16,
		32 ,15,16,20 ,15,16,20,
		32 ,20,16,21 ,20,16,21,
		32 ,1,2,6 ,1,2,6,
		32 ,6,2,7 ,6,2,7,
		32 ,6,7,11 ,6,7,11,
		32 ,11,7,12 ,11,7,12,
		32 ,11,12,16 ,11,12,16,
		32 ,16,12,17 ,16,12,17,
		32 ,16,17,21 ,16,17,21,
		32 ,21,17,22 ,21,17,22,
		32 ,2,3,7 ,2,3,7,
		32 ,7,3,8 ,7,3,8,
		32 ,7,8,12 ,7,8,12,
		32 ,12,8,13 ,12,8,13,
		32 ,12,13,17 ,12,13,17,
		32 ,17,13,18 ,17,13,18,
		32 ,17,18,22 ,17,18,22,
		32 ,22,18,23 ,22,18,23,
		32 ,3,4,8 ,3,4,8,
		32 ,8,4,9 ,8,4,9,
		32 ,8,9,13 ,8,9,13,
		32 ,13,9,14 ,13,9,14,
		32 ,13,14,18 ,13,14,18,
		32 ,18,14,19 ,18,14,19,
		32 ,18,19,23 ,18,19,23,
		32 ,23,19,24 ,23,19,24
	]

}
