{
	"metadata" : {
		"formatVersion" : 3,
		"description" : "Exported from LibZinc."
	},

	"vertices" : [
		105.268700,255.987000,-1874.000000,105.268700,255.987000,-1874.000000,105.268700,255.987000,-1874.000000,105.268700,255.987000,-1874.000000,105.268700,255.987000,-1874.000000,104.079948,252.050140,-1874.459839,105.181969,252.701019,-1874.975342,106.331245,253.608612,-1875.349731,107.355698,254.585342,-1875.420410,108.083229,255.443588,-1875.025269,
		102.871361,248.102417,-1874.734985,104.938354,249.425232,-1875.756592,107.275665,251.333420,-1876.620239,109.407143,253.361267,-1876.909302,110.856659,255.043060,-1876.207031,101.760994,244.153656,-1874.642700,104.638115,246.023468,-1876.058838,107.969666,248.715942,-1877.321533,111.058884,251.603317,-1877.780396,113.209007,254.057877,-1876.785278,
		100.866898,240.213593,-1874.000000,104.381508,242.359634,-1875.596924,108.280968,245.310730,-1876.963135,111.946739,248.599991,-1877.347778,114.760300,251.760498,-1876.000000
	],

	"normals" : [
		-0.191476,0.176291,-0.965535,-0.191476,0.176291,-0.965535,-0.191476,0.176291,-0.965535,-0.191476,0.176291,-0.965535,-0.191476,0.176291,-0.965535,-0.532822,0.246293,-0.809593,-0.516486,0.260603,-0.815677,-0.455863,0.308353,-0.834930,-0.351040,0.451579,-0.820273,-0.189426,0.736106,-0.649819,
		-0.537765,0.185913,-0.822341,-0.514098,0.193230,-0.835682,-0.445728,0.231148,-0.864810,-0.321521,0.372885,-0.870391,-0.098267,0.733330,-0.672734,-0.486888,0.051616,-0.871938,-0.426782,0.027549,-0.903935,-0.302119,0.028152,-0.952855,-0.056692,0.112951,-0.991982,0.363938,0.494503,-0.789314,
		-0.349660,-0.163232,-0.922547,-0.247946,-0.217784,-0.943977,-0.036368,-0.257890,-0.965490,0.360024,-0.267953,-0.893635,0.789421,-0.075015,-0.609251
	],

	"faces": [
		32 ,0,1,5 ,0,1,5,
		32 ,5,1,6 ,5,1,6,
		32 ,5,6,10 ,5,6,10,
		32 ,10,6,11 ,10,6,11,
		32 ,10,11,15 ,10,11,15,
		32 ,15,11,16 ,15,11,16,
		32 ,15,16,20 ,15,16,20,
		32 ,20,16,21 ,20,16,21,
		32 ,1,2,6 ,1,2,6,
		32 ,6,2,7 ,6,2,7,
		32 ,6,7,11 ,6,7,11,
		32 ,11,7,12 ,11,7,12,
		32 ,11,12,16 ,11,12,16,
		32 ,16,12,17 ,16,12,17,
		32 ,16,17,21 ,16,17,21,
		32 ,21,17,22 ,21,17,22,
		32 ,2,3,7 ,2,3,7,
		32 ,7,3,8 ,7,3,8,
		32 ,7,8,12 ,7,8,12,
		32 ,12,8,13 ,12,8,13,
		32 ,12,13,17 ,12,13,17,
		32 ,17,13,18 ,17,13,18,
		32 ,17,18,22 ,17,18,22,
		32 ,22,18,23 ,22,18,23,
		32 ,3,4,8 ,3,4,8,
		32 ,8,4,9 ,8,4,9,
		32 ,8,9,13 ,8,9,13,
		32 ,13,9,14 ,13,9,14,
		32 ,13,14,18 ,13,14,18,
		32 ,18,14,19 ,18,14,19,
		32 ,18,19,23 ,18,19,23,
		32 ,23,19,24 ,23,19,24
	]

}
