{
	"metadata" : {
		"formatVersion" : 3,
		"description" : "Exported from LibZinc."
	},

	"vertices" : [
		105.268700,255.987000,-1874.000000,105.268700,255.987000,-1874.000000,105.268700,255.987000,-1874.000000,105.268700,255.987000,-1874.000000,105.268700,255.987000,-1874.000000,108.083229,255.443588,-1875.025269,108.382614,255.984848,-1874.149658,108.257614,256.175751,-1873.047974,107.738701,256.076447,-1871.961060,106.856331,255.747101,-1871.129639,
		110.856659,255.043060,-1876.207031,111.354141,256.034576,-1874.430298,111.021744,256.375366,-1872.140137,109.971695,256.175323,-1869.886597,108.316193,255.544312,-1868.219971,113.209007,254.057877,-1876.785278,113.947655,255.520020,-1874.214111,113.419174,255.984024,-1870.922974,111.851875,255.652924,-1867.729248,109.474083,254.729782,-1865.450317,
		114.760300,251.760498,-1876.000000,115.927544,253.824997,-1872.873291,115.307976,254.399811,-1869.043213,113.263443,253.878494,-1865.441406,110.155800,252.654602,-1863.000000
	],

	"normals" : [
		0.299721,0.953986,-0.008840,0.299721,0.953986,-0.008840,0.299721,0.953986,-0.008840,0.299721,0.953986,-0.008840,0.299721,0.953986,-0.008840,-0.189426,0.736106,-0.649819,-0.072067,0.944310,-0.321070,-0.084305,0.994884,-0.055673,-0.169302,0.980422,0.100546,-0.272864,0.944732,0.181731,
		-0.098267,0.733330,-0.672734,0.029773,0.955868,-0.292285,0.006076,0.999778,-0.020196,-0.095831,0.984897,0.144199,-0.244028,0.938375,0.244752,0.363938,0.494503,-0.789314,0.445695,0.853987,-0.268442,0.321228,0.942310,0.094154,0.154954,0.933536,0.323265,-0.098209,0.873162,0.477433,
		0.789421,-0.075015,-0.609251,0.892501,0.407610,-0.193119,0.675057,0.694204,0.249757,0.432177,0.702062,0.565979,0.094835,0.612010,0.785143
	],

	"faces": [
		32 ,0,1,5 ,0,1,5,
		32 ,5,1,6 ,5,1,6,
		32 ,5,6,10 ,5,6,10,
		32 ,10,6,11 ,10,6,11,
		32 ,10,11,15 ,10,11,15,
		32 ,15,11,16 ,15,11,16,
		32 ,15,16,20 ,15,16,20,
		32 ,20,16,21 ,20,16,21,
		32 ,1,2,6 ,1,2,6,
		32 ,6,2,7 ,6,2,7,
		32 ,6,7,11 ,6,7,11,
		32 ,11,7,12 ,11,7,12,
		32 ,11,12,16 ,11,12,16,
		32 ,16,12,17 ,16,12,17,
		32 ,16,17,21 ,16,17,21,
		32 ,21,17,22 ,21,17,22,
		32 ,2,3,7 ,2,3,7,
		32 ,7,3,8 ,7,3,8,
		32 ,7,8,12 ,7,8,12,
		32 ,12,8,13 ,12,8,13,
		32 ,12,13,17 ,12,13,17,
		32 ,17,13,18 ,17,13,18,
		32 ,17,18,22 ,17,18,22,
		32 ,22,18,23 ,22,18,23,
		32 ,3,4,8 ,3,4,8,
		32 ,8,4,9 ,8,4,9,
		32 ,8,9,13 ,8,9,13,
		32 ,13,9,14 ,13,9,14,
		32 ,13,14,18 ,13,14,18,
		32 ,18,14,19 ,18,14,19,
		32 ,18,19,23 ,18,19,23,
		32 ,23,19,24 ,23,19,24
	]

}
