{
	"metadata" : {
		"formatVersion" : 3,
		"description" : "Exported from LibZinc."
	},

	"vertices" : [
		93.983597,244.245605,-1876.000000,93.983597,244.245605,-1876.000000,93.983597,244.245605,-1876.000000,93.983597,244.245605,-1876.000000,93.983597,244.245605,-1876.000000,91.141968,242.482971,-1873.870972,90.954964,241.828018,-1874.485718,91.151627,241.339996,-1875.242920,91.666000,241.055679,-1876.007324,92.432137,241.011810,-1876.644165,
		88.415840,240.674149,-1871.583252,88.054436,239.389420,-1872.851196,88.448967,238.413208,-1874.442261,89.450241,237.831955,-1876.041870,90.909081,237.732101,-1877.335327,86.013618,238.669693,-1869.253784,85.393372,236.872208,-1871.093140,85.904610,235.492889,-1873.429810,87.320168,234.669830,-1875.767212,89.412910,234.541061,-1877.608765,
		84.143700,236.320206,-1867.000000,83.083130,234.218781,-1869.208252,83.547546,232.606766,-1872.036865,85.259636,231.664734,-1874.847168,87.942101,231.573303,-1877.000000
	],

	"normals" : [
		-0.687353,0.426517,-0.587902,-0.687353,0.426517,-0.587902,-0.687353,0.426517,-0.587902,-0.687353,0.426517,-0.587902,-0.687353,0.426517,-0.587902,-0.684119,0.629948,-0.367623,-0.692486,0.551484,-0.465112,-0.668530,0.490905,-0.558641,-0.610937,0.444827,-0.654893,-0.503461,0.408922,-0.761124,
		-0.722409,0.620686,-0.304753,-0.729454,0.531295,-0.430840,-0.702401,0.470155,-0.534403,-0.643304,0.422339,-0.638584,-0.522987,0.373912,-0.765947,-0.774588,0.612651,-0.157070,-0.783163,0.502144,-0.366751,-0.748293,0.426744,-0.507885,-0.682237,0.348342,-0.642814,-0.523445,0.226413,-0.821427,
		-0.803292,0.582864,0.122438,-0.846785,0.467099,-0.254505,-0.803262,0.361858,-0.473107,-0.720584,0.194054,-0.665659,-0.443987,-0.148360,-0.883666
	],

	"faces": [
		32 ,0,1,5 ,0,1,5,
		32 ,5,1,6 ,5,1,6,
		32 ,5,6,10 ,5,6,10,
		32 ,10,6,11 ,10,6,11,
		32 ,10,11,15 ,10,11,15,
		32 ,15,11,16 ,15,11,16,
		32 ,15,16,20 ,15,16,20,
		32 ,20,16,21 ,20,16,21,
		32 ,1,2,6 ,1,2,6,
		32 ,6,2,7 ,6,2,7,
		32 ,6,7,11 ,6,7,11,
		32 ,11,7,12 ,11,7,12,
		32 ,11,12,16 ,11,12,16,
		32 ,16,12,17 ,16,12,17,
		32 ,16,17,21 ,16,17,21,
		32 ,21,17,22 ,21,17,22,
		32 ,2,3,7 ,2,3,7,
		32 ,7,3,8 ,7,3,8,
		32 ,7,8,12 ,7,8,12,
		32 ,12,8,13 ,12,8,13,
		32 ,12,13,17 ,12,13,17,
		32 ,17,13,18 ,17,13,18,
		32 ,17,18,22 ,17,18,22,
		32 ,22,18,23 ,22,18,23,
		32 ,3,4,8 ,3,4,8,
		32 ,8,4,9 ,8,4,9,
		32 ,8,9,13 ,8,9,13,
		32 ,13,9,14 ,13,9,14,
		32 ,13,14,18 ,13,14,18,
		32 ,18,14,19 ,18,14,19,
		32 ,18,19,23 ,18,19,23,
		32 ,23,19,24 ,23,19,24
	]

}
