{
	"metadata" : {
		"formatVersion" : 3,
		"description" : "Exported from LibZinc."
	},

	"vertices" : [
		93.983597,244.245605,-1876.000000,93.983597,244.245605,-1876.000000,93.983597,244.245605,-1876.000000,93.983597,244.245605,-1876.000000,93.983597,244.245605,-1876.000000,92.432137,241.011810,-1876.644165,93.341339,241.230652,-1877.038574,94.248703,241.673584,-1877.174194,95.033920,242.286057,-1877.063354,95.576691,243.013550,-1876.718506,
		90.909081,237.732101,-1877.335327,92.671875,238.203964,-1878.088013,94.496445,239.170441,-1878.309814,96.100700,240.466858,-1878.052490,97.202568,241.928543,-1877.368164,89.412910,234.541061,-1877.608765,91.962555,235.247437,-1878.653809,94.626572,236.659286,-1878.965088,96.994438,238.508896,-1878.592041,98.655640,240.528549,-1877.583740,
		87.942101,231.573303,-1877.000000,91.200684,232.442963,-1878.240967,94.538795,234.063202,-1878.698120,97.525612,236.133041,-1878.306152,99.730301,238.351501,-1877.000000
	],

	"normals" : [
		-0.178642,0.229136,-0.956861,-0.178642,0.229136,-0.956861,-0.178642,0.229136,-0.956861,-0.178642,0.229136,-0.956861,-0.178642,0.229136,-0.956861,-0.503461,0.408922,-0.761124,-0.380931,0.392791,-0.837023,-0.258325,0.399955,-0.879377,-0.139898,0.441045,-0.886515,-0.038655,0.526333,-0.849399,
		-0.522987,0.373912,-0.765947,-0.363429,0.340002,-0.867363,-0.209343,0.339081,-0.917169,-0.064549,0.378953,-0.923162,0.079011,0.477294,-0.875184,-0.523445,0.226413,-0.821427,-0.289391,0.125460,-0.948953,-0.052330,0.103906,-0.993210,0.182611,0.150862,-0.971542,0.454736,0.284143,-0.844084,
		-0.443987,-0.148360,-0.883666,-0.108934,-0.337374,-0.935047,0.175573,-0.320953,-0.930679,0.451165,-0.217881,-0.865435,0.753768,-0.040145,-0.655914
	],

	"faces": [
		32 ,0,1,5 ,0,1,5,
		32 ,5,1,6 ,5,1,6,
		32 ,5,6,10 ,5,6,10,
		32 ,10,6,11 ,10,6,11,
		32 ,10,11,15 ,10,11,15,
		32 ,15,11,16 ,15,11,16,
		32 ,15,16,20 ,15,16,20,
		32 ,20,16,21 ,20,16,21,
		32 ,1,2,6 ,1,2,6,
		32 ,6,2,7 ,6,2,7,
		32 ,6,7,11 ,6,7,11,
		32 ,11,7,12 ,11,7,12,
		32 ,11,12,16 ,11,12,16,
		32 ,16,12,17 ,16,12,17,
		32 ,16,17,21 ,16,17,21,
		32 ,21,17,22 ,21,17,22,
		32 ,2,3,7 ,2,3,7,
		32 ,7,3,8 ,7,3,8,
		32 ,7,8,12 ,7,8,12,
		32 ,12,8,13 ,12,8,13,
		32 ,12,13,17 ,12,13,17,
		32 ,17,13,18 ,17,13,18,
		32 ,17,18,22 ,17,18,22,
		32 ,22,18,23 ,22,18,23,
		32 ,3,4,8 ,3,4,8,
		32 ,8,4,9 ,8,4,9,
		32 ,8,9,13 ,8,9,13,
		32 ,13,9,14 ,13,9,14,
		32 ,13,14,18 ,13,14,18,
		32 ,18,14,19 ,18,14,19,
		32 ,18,19,23 ,18,19,23,
		32 ,23,19,24 ,23,19,24
	]

}
