{
	"metadata" : {
		"formatVersion" : 3,
		"description" : "Exported from LibZinc."
	},

	"vertices" : [
		93.983597,244.245605,-1876.000000,93.983597,244.245605,-1876.000000,93.983597,244.245605,-1876.000000,93.983597,244.245605,-1876.000000,93.983597,244.245605,-1876.000000,95.576691,243.013550,-1876.718506,95.756996,243.667603,-1876.200439,95.565613,244.098343,-1875.593018,95.048431,244.309052,-1874.942871,94.251335,244.302979,-1874.296631,
		97.202568,241.928543,-1877.368164,97.525116,243.179657,-1876.354736,97.086258,243.977798,-1875.158936,96.046173,244.358521,-1873.906006,94.565041,244.357330,-1872.720703,98.655640,240.528549,-1877.583740,99.147652,242.248306,-1876.094482,98.483665,243.389801,-1874.375854,96.966698,243.972672,-1872.623901,94.899773,244.016602,-1871.034546,
		99.730301,238.351501,-1877.000000,100.484299,240.340134,-1875.051270,99.695969,241.840164,-1872.921753,97.799881,242.730164,-1870.831299,95.230598,242.888702,-1869.000000
	],

	"normals" : [
		0.681403,0.729536,-0.058885,0.681403,0.729536,-0.058885,0.681403,0.729536,-0.058885,0.681403,0.729536,-0.058885,0.681403,0.729536,-0.058885,-0.038655,0.526333,-0.849399,0.087866,0.723279,-0.684943,0.121719,0.912776,-0.389902,0.013959,0.990129,-0.139462,-0.153153,0.987105,-0.046555,
		0.079011,0.477294,-0.875184,0.258988,0.725727,-0.637373,0.271690,0.924834,-0.266209,0.123314,0.992184,-0.019086,-0.066846,0.995804,0.062506,0.454736,0.284143,-0.844084,0.685215,0.576259,-0.445428,0.600508,0.799618,-0.000922,0.366892,0.900643,0.232877,0.116488,0.939041,0.323468,
		0.753768,-0.040145,-0.655914,0.934087,0.290923,-0.206992,0.795555,0.571703,0.200618,0.537659,0.730322,0.421369,0.248879,0.801425,0.543854
	],

	"faces": [
		32 ,0,1,5 ,0,1,5,
		32 ,5,1,6 ,5,1,6,
		32 ,5,6,10 ,5,6,10,
		32 ,10,6,11 ,10,6,11,
		32 ,10,11,15 ,10,11,15,
		32 ,15,11,16 ,15,11,16,
		32 ,15,16,20 ,15,16,20,
		32 ,20,16,21 ,20,16,21,
		32 ,1,2,6 ,1,2,6,
		32 ,6,2,7 ,6,2,7,
		32 ,6,7,11 ,6,7,11,
		32 ,11,7,12 ,11,7,12,
		32 ,11,12,16 ,11,12,16,
		32 ,16,12,17 ,16,12,17,
		32 ,16,17,21 ,16,17,21,
		32 ,21,17,22 ,21,17,22,
		32 ,2,3,7 ,2,3,7,
		32 ,7,3,8 ,7,3,8,
		32 ,7,8,12 ,7,8,12,
		32 ,12,8,13 ,12,8,13,
		32 ,12,13,17 ,12,13,17,
		32 ,17,13,18 ,17,13,18,
		32 ,17,18,22 ,17,18,22,
		32 ,22,18,23 ,22,18,23,
		32 ,3,4,8 ,3,4,8,
		32 ,8,4,9 ,8,4,9,
		32 ,8,9,13 ,8,9,13,
		32 ,13,9,14 ,13,9,14,
		32 ,13,14,18 ,13,14,18,
		32 ,18,14,19 ,18,14,19,
		32 ,18,19,23 ,18,19,23,
		32 ,23,19,24 ,23,19,24
	]

}
