{
	"metadata" : {
		"formatVersion" : 3,
		"description" : "Exported from LibZinc."
	},

	"vertices" : [
		158.063904,279.556793,-1854.000000,152.473587,278.493896,-1854.058105,146.072571,276.980011,-1855.024658,140.185410,275.004028,-1856.979004,136.136703,272.554901,-1860.000000,159.417023,274.945007,-1850.611938,153.166382,273.736237,-1851.148193,146.277756,272.115936,-1852.846191,140.173752,270.098053,-1855.492065,136.276993,267.696503,-1858.871216,
		159.764877,270.081299,-1846.966309,153.187698,268.744476,-1848.123901,146.056747,266.919708,-1850.983643,140.034943,264.881836,-1854.521240,136.785217,262.905731,-1857.712036,160.045609,264.562073,-1843.337524,153.384338,263.197876,-1844.860229,146.146561,261.188477,-1848.652222,140.261948,259.170380,-1852.814209,137.660156,257.780212,-1855.446899,
		161.197403,257.983704,-1840.000000,154.603165,256.775696,-1841.232056,147.284241,254.719376,-1845.067383,141.347687,252.778702,-1849.119019,138.900604,251.917603,-1851.000000
	],

	"normals" : [
		-0.033472,0.554414,0.831568,-0.168289,0.478844,0.861619,-0.309284,0.421597,0.852408,-0.517418,0.331279,0.789007,-0.843014,0.157990,0.514165,-0.091896,0.595252,0.798267,-0.244533,0.497614,0.832216,-0.374341,0.336601,0.864042,-0.550978,0.182398,0.814343,-0.858798,0.044913,0.510343,
		-0.095958,0.578987,0.809670,-0.354777,0.481924,0.801176,-0.490121,0.311763,0.813994,-0.620357,0.163900,0.767003,-0.900601,0.008812,0.434558,-0.036264,0.505272,0.862198,-0.430362,0.420229,0.798872,-0.570054,0.308735,0.761394,-0.667408,0.229607,0.708412,-0.962775,-0.030458,0.268583,
		0.106699,0.414815,0.903628,-0.420982,0.342759,0.839816,-0.570116,0.329918,0.752411,-0.631969,0.359770,0.686426,-0.984333,-0.166633,0.057636
	],

	"faces": [
		32 ,0,1,5 ,0,1,5,
		32 ,5,1,6 ,5,1,6,
		32 ,5,6,10 ,5,6,10,
		32 ,10,6,11 ,10,6,11,
		32 ,10,11,15 ,10,11,15,
		32 ,15,11,16 ,15,11,16,
		32 ,15,16,20 ,15,16,20,
		32 ,20,16,21 ,20,16,21,
		32 ,1,2,6 ,1,2,6,
		32 ,6,2,7 ,6,2,7,
		32 ,6,7,11 ,6,7,11,
		32 ,11,7,12 ,11,7,12,
		32 ,11,12,16 ,11,12,16,
		32 ,16,12,17 ,16,12,17,
		32 ,16,17,21 ,16,17,21,
		32 ,21,17,22 ,21,17,22,
		32 ,2,3,7 ,2,3,7,
		32 ,7,3,8 ,7,3,8,
		32 ,7,8,12 ,7,8,12,
		32 ,12,8,13 ,12,8,13,
		32 ,12,13,17 ,12,13,17,
		32 ,17,13,18 ,17,13,18,
		32 ,17,18,22 ,17,18,22,
		32 ,22,18,23 ,22,18,23,
		32 ,3,4,8 ,3,4,8,
		32 ,8,4,9 ,8,4,9,
		32 ,8,9,13 ,8,9,13,
		32 ,13,9,14 ,13,9,14,
		32 ,13,14,18 ,13,14,18,
		32 ,18,14,19 ,18,14,19,
		32 ,18,19,23 ,18,19,23,
		32 ,23,19,24 ,23,19,24
	]

}
