{
	"metadata" : {
		"formatVersion" : 3,
		"description" : "Exported from LibZinc."
	},

	"vertices" : [
		136.136703,272.554901,-1860.000000,134.447708,270.103729,-1863.687622,134.735291,268.339294,-1867.252930,136.967361,267.577087,-1870.191772,141.111801,268.132599,-1872.000000,136.276993,267.696503,-1858.871216,134.915634,265.288452,-1862.521729,135.433472,263.471802,-1865.892456,137.776459,262.591827,-1868.635498,141.890610,262.993683,-1870.402832,
		136.785217,262.905731,-1857.712036,136.353546,261.060608,-1860.600708,137.444992,259.480652,-1863.571167,139.710953,258.538147,-1866.108521,142.802887,258.605438,-1867.697876,137.660156,257.780212,-1855.446899,138.254074,256.599060,-1857.520020,140.110367,255.145432,-1860.527588,142.389404,253.961929,-1863.356567,144.251572,253.591110,-1864.893921,
		138.900604,251.917603,-1851.000000,140.109818,251.082657,-1852.875000,142.770096,249.245804,-1857.000000,145.430374,247.408936,-1861.125000,146.639603,246.574005,-1863.000000
	],

	"normals" : [
		-0.843014,0.157990,0.514165,-0.986859,0.059877,0.150077,-0.937365,-0.019474,-0.347803,-0.609089,-0.120833,-0.783843,-0.169856,-0.139506,-0.975544,-0.858798,0.044913,0.510343,-0.965232,-0.158386,0.207947,-0.885166,-0.407079,-0.225317,-0.528187,-0.517974,-0.672846,-0.096966,-0.466391,-0.879248,
		-0.900601,0.008812,0.434558,-0.935818,-0.342952,0.081421,-0.771752,-0.607164,-0.189078,-0.532479,-0.665139,-0.523504,-0.112281,-0.563067,-0.818748,-0.962775,-0.030458,0.268583,-0.855974,-0.485434,-0.177940,-0.753580,-0.602722,-0.262381,-0.687695,-0.587423,-0.426627,-0.252622,-0.452790,-0.855081,
		0.000000,0.000000,-0.000000,-0.816440,-0.487513,-0.309446,-0.826552,-0.455962,-0.330017,-0.840557,-0.402070,-0.363048,-0.788924,-0.344606,-0.508769
	],

	"faces": [
		32 ,0,1,5 ,0,1,5,
		32 ,5,1,6 ,5,1,6,
		32 ,5,6,10 ,5,6,10,
		32 ,10,6,11 ,10,6,11,
		32 ,10,11,15 ,10,11,15,
		32 ,15,11,16 ,15,11,16,
		32 ,15,16,20 ,15,16,20,
		32 ,20,16,21 ,20,16,21,
		32 ,1,2,6 ,1,2,6,
		32 ,6,2,7 ,6,2,7,
		32 ,6,7,11 ,6,7,11,
		32 ,11,7,12 ,11,7,12,
		32 ,11,12,16 ,11,12,16,
		32 ,16,12,17 ,16,12,17,
		32 ,16,17,21 ,16,17,21,
		32 ,21,17,22 ,21,17,22,
		32 ,2,3,7 ,2,3,7,
		32 ,7,3,8 ,7,3,8,
		32 ,7,8,12 ,7,8,12,
		32 ,12,8,13 ,12,8,13,
		32 ,12,13,17 ,12,13,17,
		32 ,17,13,18 ,17,13,18,
		32 ,17,18,22 ,17,18,22,
		32 ,22,18,23 ,22,18,23,
		32 ,3,4,8 ,3,4,8,
		32 ,8,4,9 ,8,4,9,
		32 ,8,9,13 ,8,9,13,
		32 ,13,9,14 ,13,9,14,
		32 ,13,14,18 ,13,14,18,
		32 ,18,14,19 ,18,14,19,
		32 ,18,19,23 ,18,19,23,
		32 ,23,19,24 ,23,19,24
	]

}
