{
	"metadata" : {
		"formatVersion" : 3,
		"description" : "Exported from LibZinc."
	},

	"vertices" : [
		141.111801,268.132599,-1872.000000,146.719101,270.008667,-1871.844238,152.740509,272.614349,-1869.759766,158.245087,275.374573,-1866.545410,162.301895,277.714203,-1863.000000,141.890610,262.993683,-1870.402832,147.561081,264.771057,-1870.286743,153.906799,267.395294,-1868.132202,159.874344,270.278229,-1864.720581,164.410263,272.831726,-1860.833374,
		142.802887,258.605438,-1867.697876,147.547577,260.029846,-1867.512695,153.933258,262.479584,-1865.479370,160.353546,265.308197,-1862.211548,165.202087,267.869232,-1858.322876,144.251572,253.591110,-1864.893921,147.755417,254.653610,-1864.529419,154.008270,256.922394,-1862.652222,160.743744,259.668549,-1859.647583,165.695450,262.163177,-1855.901001,
		146.639603,246.574005,-1863.000000,149.261429,247.510941,-1862.344238,155.320221,249.778854,-1860.501465,162.105911,252.563339,-1857.657837,166.908401,255.050003,-1854.000000
	],

	"normals" : [
		-0.169856,-0.139506,-0.975544,0.220532,-0.040710,-0.974530,0.416412,0.023261,-0.908878,0.554541,0.066829,-0.829468,0.692169,0.168046,-0.701899,-0.096966,-0.466391,-0.879248,0.324333,-0.400672,-0.856896,0.512615,-0.327338,-0.793773,0.633548,-0.229149,-0.738991,0.769874,-0.110065,-0.628633,
		-0.112281,-0.563067,-0.818748,0.341192,-0.502649,-0.794312,0.491441,-0.440525,-0.751282,0.608167,-0.336771,-0.718831,0.787658,-0.210118,-0.579176,-0.252622,-0.452790,-0.855081,0.320278,-0.361255,-0.875738,0.430855,-0.323418,-0.842475,0.549302,-0.243542,-0.799346,0.795612,-0.123937,-0.592994,
		-0.867377,-0.351893,-0.351893,0.284240,-0.079863,-0.955421,0.351056,-0.073978,-0.933427,0.476162,-0.032511,-0.878756,0.788372,0.073836,-0.610752
	],

	"faces": [
		32 ,0,1,5 ,0,1,5,
		32 ,5,1,6 ,5,1,6,
		32 ,5,6,10 ,5,6,10,
		32 ,10,6,11 ,10,6,11,
		32 ,10,11,15 ,10,11,15,
		32 ,15,11,16 ,15,11,16,
		32 ,15,16,20 ,15,16,20,
		32 ,20,16,21 ,20,16,21,
		32 ,1,2,6 ,1,2,6,
		32 ,6,2,7 ,6,2,7,
		32 ,6,7,11 ,6,7,11,
		32 ,11,7,12 ,11,7,12,
		32 ,11,12,16 ,11,12,16,
		32 ,16,12,17 ,16,12,17,
		32 ,16,17,21 ,16,17,21,
		32 ,21,17,22 ,21,17,22,
		32 ,2,3,7 ,2,3,7,
		32 ,7,3,8 ,7,3,8,
		32 ,7,8,12 ,7,8,12,
		32 ,12,8,13 ,12,8,13,
		32 ,12,13,17 ,12,13,17,
		32 ,17,13,18 ,17,13,18,
		32 ,17,18,22 ,17,18,22,
		32 ,22,18,23 ,22,18,23,
		32 ,3,4,8 ,3,4,8,
		32 ,8,4,9 ,8,4,9,
		32 ,8,9,13 ,8,9,13,
		32 ,13,9,14 ,13,9,14,
		32 ,13,14,18 ,13,14,18,
		32 ,18,14,19 ,18,14,19,
		32 ,18,19,23 ,18,19,23,
		32 ,23,19,24 ,23,19,24
	]

}
