{
	"metadata" : {
		"formatVersion" : 3,
		"description" : "Exported from LibZinc."
	},

	"vertices" : [
		162.301895,277.714203,-1863.000000,164.229324,279.249695,-1859.725464,164.065918,280.024841,-1856.962646,161.960999,280.105286,-1854.968384,158.063904,279.556793,-1854.000000,164.410263,272.831726,-1860.833374,166.604645,274.582489,-1857.084229,166.376862,275.483856,-1853.848511,163.917480,275.587494,-1851.549805,159.417023,274.945007,-1850.611938,
		165.202087,267.869232,-1858.322876,167.413940,269.646698,-1854.308105,167.120071,270.581757,-1850.664917,164.507904,270.713562,-1848.011475,159.764877,270.081299,-1846.966309,165.695450,262.163177,-1855.901001,167.745682,263.889343,-1851.740112,167.387589,264.840271,-1847.747192,164.770950,265.052399,-1844.690430,160.045609,264.562073,-1843.337524,
		166.908401,255.050003,-1854.000000,168.688339,256.757416,-1849.723145,168.271439,257.781281,-1845.431152,165.745270,258.172913,-1841.923706,161.197403,257.983704,-1840.000000
	],

	"normals" : [
		0.692169,0.168046,-0.701899,0.824395,0.414294,-0.385659,0.700503,0.679426,0.218347,0.285436,0.679486,0.675889,-0.033472,0.554414,0.831568,0.769874,-0.110065,-0.628633,0.949108,0.111312,-0.294625,0.827336,0.461155,0.320704,0.298238,0.623445,0.722752,-0.091896,0.595252,0.798267,
		0.787658,-0.210118,-0.579176,0.975484,-0.040154,-0.216377,0.891638,0.270261,0.363237,0.365709,0.530790,0.764538,-0.095958,0.578987,0.809670,0.795612,-0.123937,-0.592994,0.981487,-0.000422,-0.191526,0.915493,0.203732,0.346938,0.472208,0.421218,0.774335,-0.036264,0.505272,0.862198,
		0.788372,0.073836,-0.610752,0.968596,0.155517,-0.194001,0.921131,0.253364,0.295507,0.590484,0.355374,0.724595,0.106699,0.414815,0.903628
	],

	"faces": [
		32 ,0,1,5 ,0,1,5,
		32 ,5,1,6 ,5,1,6,
		32 ,5,6,10 ,5,6,10,
		32 ,10,6,11 ,10,6,11,
		32 ,10,11,15 ,10,11,15,
		32 ,15,11,16 ,15,11,16,
		32 ,15,16,20 ,15,16,20,
		32 ,20,16,21 ,20,16,21,
		32 ,1,2,6 ,1,2,6,
		32 ,6,2,7 ,6,2,7,
		32 ,6,7,11 ,6,7,11,
		32 ,11,7,12 ,11,7,12,
		32 ,11,12,16 ,11,12,16,
		32 ,16,12,17 ,16,12,17,
		32 ,16,17,21 ,16,17,21,
		32 ,21,17,22 ,21,17,22,
		32 ,2,3,7 ,2,3,7,
		32 ,7,3,8 ,7,3,8,
		32 ,7,8,12 ,7,8,12,
		32 ,12,8,13 ,12,8,13,
		32 ,12,13,17 ,12,13,17,
		32 ,17,13,18 ,17,13,18,
		32 ,17,18,22 ,17,18,22,
		32 ,22,18,23 ,22,18,23,
		32 ,3,4,8 ,3,4,8,
		32 ,8,4,9 ,8,4,9,
		32 ,8,9,13 ,8,9,13,
		32 ,13,9,14 ,13,9,14,
		32 ,13,14,18 ,13,14,18,
		32 ,18,14,19 ,18,14,19,
		32 ,18,19,23 ,18,19,23,
		32 ,23,19,24 ,23,19,24
	]

}
