{
	"metadata" : {
		"formatVersion" : 3,
		"description" : "Exported from LibZinc."
	},

	"vertices" : [
		446.988312,280.747589,-1874.000000,446.988312,280.747589,-1874.000000,446.988312,280.747589,-1874.000000,446.988312,280.747589,-1874.000000,446.988312,280.747589,-1874.000000,445.341736,279.392059,-1870.183472,444.438507,279.493134,-1870.747314,443.840912,279.451477,-1871.495117,443.588837,279.246460,-1872.345215,443.722107,278.857635,-1873.216431,
		443.694794,277.710815,-1866.648315,442.109131,277.901703,-1867.699219,440.987946,277.893768,-1869.168945,440.464844,277.606079,-1870.823364,440.673401,276.957825,-1872.428101,442.089478,275.278961,-1863.388062,439.944733,275.541351,-1864.845581,438.396698,275.581482,-1866.903564,437.668915,275.246857,-1869.213135,437.985077,274.385132,-1871.425781,
		440.567688,271.671509,-1860.395996,437.889893,271.980225,-1862.176392,436.034424,272.021637,-1864.580688,435.253723,271.589203,-1867.293579,435.800110,270.476501,-1870.000000
	],

	"normals" : [
		-0.520158,0.851001,0.072336,-0.520158,0.851001,0.072336,-0.520158,0.851001,0.072336,-0.520158,0.851001,0.072336,-0.520158,0.851001,0.072336,-0.007214,0.931491,0.363692,-0.188867,0.946830,0.260465,-0.369153,0.927484,0.059155,-0.492184,0.835771,-0.243398,-0.500133,0.651617,-0.570318,
		-0.074911,0.876143,0.476196,-0.276349,0.889286,0.364421,-0.456069,0.874097,0.167201,-0.588015,0.794236,-0.153061,-0.590101,0.572499,-0.569233,-0.172981,0.758270,0.628573,-0.405541,0.768171,0.495428,-0.605998,0.745628,0.277137,-0.764387,0.640027,-0.077953,-0.744902,0.378579,-0.549363,
		-0.270770,0.592101,0.759013,-0.511597,0.605324,0.609796,-0.738992,0.576027,0.349405,-0.907102,0.416744,-0.059077,-0.846637,0.151188,-0.510243
	],

	"faces": [
		32 ,0,1,5 ,0,1,5,
		32 ,5,1,6 ,5,1,6,
		32 ,5,6,10 ,5,6,10,
		32 ,10,6,11 ,10,6,11,
		32 ,10,11,15 ,10,11,15,
		32 ,15,11,16 ,15,11,16,
		32 ,15,16,20 ,15,16,20,
		32 ,20,16,21 ,20,16,21,
		32 ,1,2,6 ,1,2,6,
		32 ,6,2,7 ,6,2,7,
		32 ,6,7,11 ,6,7,11,
		32 ,11,7,12 ,11,7,12,
		32 ,11,12,16 ,11,12,16,
		32 ,16,12,17 ,16,12,17,
		32 ,16,17,21 ,16,17,21,
		32 ,21,17,22 ,21,17,22,
		32 ,2,3,7 ,2,3,7,
		32 ,7,3,8 ,7,3,8,
		32 ,7,8,12 ,7,8,12,
		32 ,12,8,13 ,12,8,13,
		32 ,12,13,17 ,12,13,17,
		32 ,17,13,18 ,17,13,18,
		32 ,17,18,22 ,17,18,22,
		32 ,22,18,23 ,22,18,23,
		32 ,3,4,8 ,3,4,8,
		32 ,8,4,9 ,8,4,9,
		32 ,8,9,13 ,8,9,13,
		32 ,13,9,14 ,13,9,14,
		32 ,13,14,18 ,13,14,18,
		32 ,18,14,19 ,18,14,19,
		32 ,18,19,23 ,18,19,23,
		32 ,23,19,24 ,23,19,24
	]

}
