{
	"metadata" : {
		"formatVersion" : 3,
		"description" : "Exported from LibZinc."
	},

	"vertices" : [
		139.199905,270.476501,-1870.000000,140.041885,270.932312,-1867.125122,139.291473,271.184998,-1864.287720,137.303360,271.382202,-1861.905396,134.432297,271.671509,-1860.395996,140.820206,265.740295,-1868.088867,141.669235,266.210663,-1865.160767,140.860229,266.596710,-1862.422363,138.722290,266.971802,-1860.149902,135.584549,267.409454,-1858.619263,
		142.329391,260.460876,-1866.140991,142.461975,261.004120,-1863.370605,141.467743,261.602600,-1860.936646,139.470932,262.232819,-1858.916748,136.595810,262.871399,-1857.389160,144.133759,254.213654,-1864.372559,143.391785,254.880844,-1861.957764,141.856781,255.914886,-1859.304443,139.837418,256.993652,-1856.920410,137.642395,257.794952,-1855.313477,
		146.639603,246.574005,-1863.000000,145.430374,247.408936,-1861.125000,142.770096,249.245804,-1857.000000,140.109818,251.082657,-1852.875000,138.900604,251.917603,-1851.000000
	],

	"normals" : [
		0.827371,0.107451,-0.551282,0.896861,0.439968,-0.045483,0.747438,0.560553,0.356533,0.543240,0.579010,0.607978,0.294310,0.554292,0.778551,0.848836,0.047775,-0.526493,0.979038,0.202927,-0.017469,0.832267,0.320612,0.452261,0.583239,0.340534,0.737475,0.315549,0.335304,0.887694,
		0.946885,0.174425,-0.270159,0.977854,0.161270,0.133392,0.836071,0.201051,0.510454,0.611227,0.272573,0.743038,0.393529,0.337636,0.855065,0.951729,0.301948,0.055127,0.912731,0.236710,0.333003,0.839867,0.223935,0.494446,0.729126,0.337074,0.595614,0.475916,0.494829,0.727082,
		0.446829,0.041483,-0.893657,0.854232,0.323868,0.406690,0.854075,0.325089,0.406045,0.846339,0.373962,0.379293,-0.966682,-0.252877,-0.039728
	],

	"faces": [
		32 ,0,1,5 ,0,1,5,
		32 ,5,1,6 ,5,1,6,
		32 ,5,6,10 ,5,6,10,
		32 ,10,6,11 ,10,6,11,
		32 ,10,11,15 ,10,11,15,
		32 ,15,11,16 ,15,11,16,
		32 ,15,16,20 ,15,16,20,
		32 ,20,16,21 ,20,16,21,
		32 ,1,2,6 ,1,2,6,
		32 ,6,2,7 ,6,2,7,
		32 ,6,7,11 ,6,7,11,
		32 ,11,7,12 ,11,7,12,
		32 ,11,12,16 ,11,12,16,
		32 ,16,12,17 ,16,12,17,
		32 ,16,17,21 ,16,17,21,
		32 ,21,17,22 ,21,17,22,
		32 ,2,3,7 ,2,3,7,
		32 ,7,3,8 ,7,3,8,
		32 ,7,8,12 ,7,8,12,
		32 ,12,8,13 ,12,8,13,
		32 ,12,13,17 ,12,13,17,
		32 ,17,13,18 ,17,13,18,
		32 ,17,18,22 ,17,18,22,
		32 ,22,18,23 ,22,18,23,
		32 ,3,4,8 ,3,4,8,
		32 ,8,4,9 ,8,4,9,
		32 ,8,9,13 ,8,9,13,
		32 ,13,9,14 ,13,9,14,
		32 ,13,14,18 ,13,14,18,
		32 ,18,14,19 ,18,14,19,
		32 ,18,19,23 ,18,19,23,
		32 ,23,19,24 ,23,19,24
	]

}
