{
	"metadata" : {
		"formatVersion" : 3,
		"description" : "Exported from LibZinc."
	},

	"vertices" : [
		115.356400,251.585098,-1874.000000,118.925713,253.601730,-1875.727661,122.484039,256.791290,-1876.520996,125.600670,260.455109,-1876.303833,127.844902,263.894592,-1875.000000,114.757751,248.855057,-1872.184448,118.363678,250.941650,-1873.688354,122.066048,253.985245,-1874.193237,125.417465,257.435699,-1873.778931,127.970551,260.742859,-1872.525146,
		114.093018,246.975311,-1870.064453,117.171707,248.927231,-1871.008911,121.036331,251.770538,-1871.078613,124.666794,254.829849,-1870.566040,127.042984,257.429749,-1869.763428,113.566025,243.720428,-1868.162354,115.970695,245.387558,-1868.467896,120.055367,248.113998,-1868.179932,124.029305,250.876144,-1867.685059,126.101799,252.650391,-1867.369995,
		113.380600,236.865005,-1867.000000,115.381538,238.151703,-1866.843750,119.783600,240.982452,-1866.500000,124.185661,243.813202,-1866.156250,126.186600,245.099899,-1866.000000
	],

	"normals" : [
		-0.445747,-0.269352,-0.853674,-0.052120,-0.365423,-0.929381,0.301016,-0.364451,-0.881229,0.604667,-0.303573,-0.736357,0.822046,-0.103315,-0.559971,-0.124090,-0.702176,-0.701107,0.437179,-0.780364,-0.447109,0.638721,-0.692199,-0.335999,0.749608,-0.572796,-0.331650,0.864776,-0.417343,-0.279264,
		-0.094726,-0.673283,-0.733292,0.468179,-0.761165,-0.448817,0.586022,-0.715817,-0.379716,0.667609,-0.621736,-0.409565,0.849152,-0.445127,-0.284257,-0.435559,-0.261472,-0.861348,0.303131,-0.433735,-0.848520,0.386659,-0.448027,-0.806081,0.410115,-0.400911,-0.819192,0.659513,-0.297742,-0.690212,
		0.999984,0.005671,-0.000000,0.136307,-0.092190,-0.986368,0.123834,-0.072394,-0.989659,0.107291,-0.046244,-0.993152,0.980088,0.110052,0.165278
	],

	"faces": [
		32 ,0,1,5 ,0,1,5,
		32 ,5,1,6 ,5,1,6,
		32 ,5,6,10 ,5,6,10,
		32 ,10,6,11 ,10,6,11,
		32 ,10,11,15 ,10,11,15,
		32 ,15,11,16 ,15,11,16,
		32 ,15,16,20 ,15,16,20,
		32 ,20,16,21 ,20,16,21,
		32 ,1,2,6 ,1,2,6,
		32 ,6,2,7 ,6,2,7,
		32 ,6,7,11 ,6,7,11,
		32 ,11,7,12 ,11,7,12,
		32 ,11,12,16 ,11,12,16,
		32 ,16,12,17 ,16,12,17,
		32 ,16,17,21 ,16,17,21,
		32 ,21,17,22 ,21,17,22,
		32 ,2,3,7 ,2,3,7,
		32 ,7,3,8 ,7,3,8,
		32 ,7,8,12 ,7,8,12,
		32 ,12,8,13 ,12,8,13,
		32 ,12,13,17 ,12,13,17,
		32 ,17,13,18 ,17,13,18,
		32 ,17,18,22 ,17,18,22,
		32 ,22,18,23 ,22,18,23,
		32 ,3,4,8 ,3,4,8,
		32 ,8,4,9 ,8,4,9,
		32 ,8,9,13 ,8,9,13,
		32 ,13,9,14 ,13,9,14,
		32 ,13,14,18 ,13,14,18,
		32 ,18,14,19 ,18,14,19,
		32 ,18,19,23 ,18,19,23,
		32 ,23,19,24 ,23,19,24
	]

}
