{
	"metadata" : {
		"formatVersion" : 3,
		"description" : "Exported from LibZinc."
	},

	"vertices" : [
		110.155800,252.654602,-1863.000000,106.488182,251.010880,-1862.419678,102.831100,249.020020,-1863.336426,99.647469,246.760391,-1865.084839,97.400200,244.310394,-1867.000000,110.449081,249.859772,-1861.758179,106.628372,248.163681,-1861.384521,102.618698,246.138977,-1862.277588,99.070091,243.869598,-1863.903564,96.632568,241.439438,-1865.728516,
		110.567688,246.864395,-1861.419434,107.226593,245.272339,-1861.347900,102.807632,243.173676,-1862.172852,98.693092,240.934097,-1863.431885,96.265266,238.919281,-1864.662964,110.526428,242.986755,-1860.370972,107.864357,241.617493,-1860.609497,103.112022,239.410599,-1861.440796,98.473618,237.169815,-1862.398315,96.153358,235.698944,-1863.015869,
		110.340103,237.545105,-1857.000000,108.123192,236.479828,-1857.468750,103.246002,234.136246,-1858.500000,98.368805,231.792664,-1859.531250,96.151901,230.727402,-1860.000000
	],

	"normals" : [
		0.094835,0.612010,0.785143,-0.326913,0.550816,0.767939,-0.577300,0.518372,0.630884,-0.736576,0.468388,0.487923,-0.884554,0.388792,0.257693,0.237362,0.195761,0.951492,-0.119306,0.071880,0.990252,-0.375136,0.099769,0.921585,-0.630252,0.267451,0.728870,-0.872438,0.334656,0.356170,
		0.213176,0.126187,0.968831,-0.113422,0.008074,0.993514,-0.252261,0.023292,0.967379,-0.447265,0.187327,0.874564,-0.852496,0.271269,0.446837,-0.082729,0.393099,0.915767,-0.285097,0.315938,0.904933,-0.313783,0.302694,0.899954,-0.373990,0.349415,0.859093,-0.840413,0.270505,0.469609,
		0.151763,0.607054,0.780034,-0.422853,0.569997,0.704485,-0.413939,0.538476,0.733960,-0.403315,0.502953,0.764445,-0.995348,-0.052520,-0.080767
	],

	"faces": [
		32 ,0,1,5 ,0,1,5,
		32 ,5,1,6 ,5,1,6,
		32 ,5,6,10 ,5,6,10,
		32 ,10,6,11 ,10,6,11,
		32 ,10,11,15 ,10,11,15,
		32 ,15,11,16 ,15,11,16,
		32 ,15,16,20 ,15,16,20,
		32 ,20,16,21 ,20,16,21,
		32 ,1,2,6 ,1,2,6,
		32 ,6,2,7 ,6,2,7,
		32 ,6,7,11 ,6,7,11,
		32 ,11,7,12 ,11,7,12,
		32 ,11,12,16 ,11,12,16,
		32 ,16,12,17 ,16,12,17,
		32 ,16,17,21 ,16,17,21,
		32 ,21,17,22 ,21,17,22,
		32 ,2,3,7 ,2,3,7,
		32 ,7,3,8 ,7,3,8,
		32 ,7,8,12 ,7,8,12,
		32 ,12,8,13 ,12,8,13,
		32 ,12,13,17 ,12,13,17,
		32 ,17,13,18 ,17,13,18,
		32 ,17,18,22 ,17,18,22,
		32 ,22,18,23 ,22,18,23,
		32 ,3,4,8 ,3,4,8,
		32 ,8,4,9 ,8,4,9,
		32 ,8,9,13 ,8,9,13,
		32 ,13,9,14 ,13,9,14,
		32 ,13,14,18 ,13,14,18,
		32 ,18,14,19 ,18,14,19,
		32 ,18,19,23 ,18,19,23,
		32 ,23,19,24 ,23,19,24
	]

}
