{
	"metadata" : {
		"formatVersion" : 3,
		"description" : "Exported from LibZinc."
	},

	"vertices" : [
		100.866898,240.213593,-1874.000000,104.381508,242.359634,-1875.596924,108.280968,245.310730,-1876.963135,111.946739,248.599991,-1877.347778,114.760300,251.760498,-1876.000000,100.163742,237.060501,-1873.190063,103.814972,239.310944,-1874.466797,107.991127,242.425812,-1875.266357,111.990349,245.942230,-1875.165771,115.110786,249.397369,-1873.741943,
		99.560471,234.394440,-1872.652344,102.792030,236.714249,-1873.157227,107.246796,240.329239,-1872.868042,111.607239,244.231613,-1872.045166,114.555855,247.413528,-1870.948975,99.076569,230.608078,-1872.288330,101.723564,232.872696,-1871.973022,106.463318,237.015610,-1870.651489,111.180115,241.272568,-1869.184204,113.758217,243.879288,-1868.431519,
		98.731499,224.093994,-1872.000000,101.020424,226.089462,-1871.218750,106.056053,230.479507,-1869.500000,111.091675,234.869537,-1867.781250,113.380600,236.865005,-1867.000000
	],

	"normals" : [
		-0.349660,-0.163232,-0.922547,-0.247946,-0.217784,-0.943977,-0.036368,-0.257890,-0.965490,0.360024,-0.267953,-0.893635,0.789421,-0.075015,-0.609251,-0.326747,-0.151005,-0.932971,0.077473,-0.466999,-0.880857,0.496475,-0.681794,-0.537280,0.684816,-0.638538,-0.351137,0.849379,-0.462594,-0.254091,
		-0.378397,-0.065657,-0.923312,0.364523,-0.488639,-0.792688,0.616149,-0.660596,-0.428921,0.699332,-0.649655,-0.298134,0.834811,-0.509160,-0.209395,-0.456956,-0.017326,-0.889321,0.428103,-0.256941,-0.866435,0.556783,-0.376058,-0.740657,0.600301,-0.414366,-0.684062,0.646011,-0.374397,-0.665204,
		-0.253947,-0.024438,-0.966909,0.370458,-0.062095,-0.926771,0.352030,-0.037646,-0.935231,0.339422,-0.021160,-0.940396,0.994065,0.012748,0.108036
	],

	"faces": [
		32 ,0,1,5 ,0,1,5,
		32 ,5,1,6 ,5,1,6,
		32 ,5,6,10 ,5,6,10,
		32 ,10,6,11 ,10,6,11,
		32 ,10,11,15 ,10,11,15,
		32 ,15,11,16 ,15,11,16,
		32 ,15,16,20 ,15,16,20,
		32 ,20,16,21 ,20,16,21,
		32 ,1,2,6 ,1,2,6,
		32 ,6,2,7 ,6,2,7,
		32 ,6,7,11 ,6,7,11,
		32 ,11,7,12 ,11,7,12,
		32 ,11,12,16 ,11,12,16,
		32 ,16,12,17 ,16,12,17,
		32 ,16,17,21 ,16,17,21,
		32 ,21,17,22 ,21,17,22,
		32 ,2,3,7 ,2,3,7,
		32 ,7,3,8 ,7,3,8,
		32 ,7,8,12 ,7,8,12,
		32 ,12,8,13 ,12,8,13,
		32 ,12,13,17 ,12,13,17,
		32 ,17,13,18 ,17,13,18,
		32 ,17,18,22 ,17,18,22,
		32 ,22,18,23 ,22,18,23,
		32 ,3,4,8 ,3,4,8,
		32 ,8,4,9 ,8,4,9,
		32 ,8,9,13 ,8,9,13,
		32 ,13,9,14 ,13,9,14,
		32 ,13,14,18 ,13,14,18,
		32 ,18,14,19 ,18,14,19,
		32 ,18,19,23 ,18,19,23,
		32 ,23,19,24 ,23,19,24
	]

}
