{
	"metadata" : {
		"formatVersion" : 3,
		"description" : "Exported from LibZinc."
	},

	"vertices" : [
		446.988312,280.747589,-1874.000000,446.988312,280.747589,-1874.000000,446.988312,280.747589,-1874.000000,446.988312,280.747589,-1874.000000,446.988312,280.747589,-1874.000000,443.722107,278.857635,-1873.216431,444.217468,278.288696,-1873.951538,444.986053,277.648224,-1874.423706,445.969360,277.072937,-1874.597168,447.108948,276.699493,-1874.436035,
		440.673401,276.957825,-1872.428101,441.633820,275.895569,-1873.777832,443.153717,274.633240,-1874.725098,445.047668,273.490753,-1875.123413,447.130371,272.788025,-1874.826050,437.985077,274.385132,-1871.425781,439.366425,272.924683,-1873.277466,441.502502,271.187805,-1874.597046,444.119415,269.612793,-1875.175415,446.943176,268.637909,-1874.803101,
		435.800110,270.476501,-1870.000000,437.544312,268.732452,-1872.248901,440.043732,266.797211,-1873.732422,443.080811,265.050873,-1874.349731,446.437988,263.873688,-1874.000000
	],

	"normals" : [
		-0.286731,0.066836,-0.955677,-0.286731,0.066836,-0.955677,-0.286731,0.066836,-0.955677,-0.286731,0.066836,-0.955677,-0.286731,0.066836,-0.955677,-0.500133,0.651617,-0.570318,-0.380022,0.414668,-0.826821,-0.177530,0.247303,-0.952536,0.061881,0.157390,-0.985596,0.292468,0.121493,-0.948526,
		-0.590101,0.572499,-0.569233,-0.450112,0.329990,-0.829762,-0.250884,0.180809,-0.950981,0.008786,0.094587,-0.995478,0.319813,0.053114,-0.945991,-0.744902,0.378579,-0.549363,-0.567836,0.168200,-0.805774,-0.354296,0.035382,-0.934464,-0.078072,-0.058407,-0.995235,0.289726,-0.097858,-0.952094,
		-0.846637,0.151188,-0.510243,-0.657554,-0.000197,-0.753407,-0.424891,-0.123175,-0.896825,-0.154293,-0.232306,-0.960327,0.179726,-0.264113,-0.947598
	],

	"faces": [
		32 ,0,1,5 ,0,1,5,
		32 ,5,1,6 ,5,1,6,
		32 ,5,6,10 ,5,6,10,
		32 ,10,6,11 ,10,6,11,
		32 ,10,11,15 ,10,11,15,
		32 ,15,11,16 ,15,11,16,
		32 ,15,16,20 ,15,16,20,
		32 ,20,16,21 ,20,16,21,
		32 ,1,2,6 ,1,2,6,
		32 ,6,2,7 ,6,2,7,
		32 ,6,7,11 ,6,7,11,
		32 ,11,7,12 ,11,7,12,
		32 ,11,12,16 ,11,12,16,
		32 ,16,12,17 ,16,12,17,
		32 ,16,17,21 ,16,17,21,
		32 ,21,17,22 ,21,17,22,
		32 ,2,3,7 ,2,3,7,
		32 ,7,3,8 ,7,3,8,
		32 ,7,8,12 ,7,8,12,
		32 ,12,8,13 ,12,8,13,
		32 ,12,13,17 ,12,13,17,
		32 ,17,13,18 ,17,13,18,
		32 ,17,18,22 ,17,18,22,
		32 ,22,18,23 ,22,18,23,
		32 ,3,4,8 ,3,4,8,
		32 ,8,4,9 ,8,4,9,
		32 ,8,9,13 ,8,9,13,
		32 ,13,9,14 ,13,9,14,
		32 ,13,14,18 ,13,14,18,
		32 ,18,14,19 ,18,14,19,
		32 ,18,19,23 ,18,19,23,
		32 ,23,19,24 ,23,19,24
	]

}
