{
	"metadata" : {
		"formatVersion" : 3,
		"description" : "Exported from LibZinc."
	},

	"vertices" : [
		84.143700,236.320206,-1867.000000,83.083130,234.218781,-1869.208252,83.547546,232.606766,-1872.036865,85.259636,231.664734,-1874.847168,87.942101,231.573303,-1877.000000,83.091957,234.227905,-1865.486084,81.678886,232.131424,-1867.769043,82.011902,230.597778,-1870.667603,83.808632,229.775101,-1873.530762,86.786690,229.811493,-1875.708130,
		82.768463,232.232300,-1864.806274,81.316299,230.358643,-1866.985352,81.560638,229.137115,-1869.661377,83.245079,228.601776,-1872.294067,86.113190,228.786713,-1874.343262,82.817909,229.039856,-1864.223511,81.477463,227.412201,-1866.309814,81.666023,226.494751,-1868.753662,83.159744,226.203934,-1871.140747,85.734795,226.456238,-1873.056763,
		82.885002,223.356995,-1863.000000,81.644470,221.803833,-1865.194824,81.800316,220.940643,-1867.679688,83.143425,220.640717,-1870.074707,85.464699,220.777298,-1872.000000
	],

	"normals" : [
		-0.803292,0.582864,0.122438,-0.846785,0.467099,-0.254505,-0.803262,0.361858,-0.473107,-0.720584,0.194054,-0.665659,-0.443987,-0.148360,-0.883666,-0.774434,0.483509,0.408008,-0.920195,0.380645,-0.091386,-0.881339,0.221911,-0.417131,-0.737735,-0.127422,-0.662956,-0.214426,-0.698218,-0.683018,
		-0.681395,0.174235,0.710874,-0.981579,0.061392,0.180923,-0.943967,-0.114719,-0.309462,-0.681056,-0.388308,-0.620789,-0.232612,-0.647279,-0.725894,-0.687210,0.113483,0.717540,-0.972598,-0.014134,0.232064,-0.944269,-0.126967,-0.303702,-0.715768,-0.205988,-0.667267,-0.404079,-0.254650,-0.878563,
		-0.758348,0.158159,0.632372,-0.981384,0.038738,0.188110,-0.956102,-0.044126,-0.289693,-0.764782,-0.072286,-0.640221,-0.487155,-0.079632,-0.869677
	],

	"faces": [
		32 ,0,1,5 ,0,1,5,
		32 ,5,1,6 ,5,1,6,
		32 ,5,6,10 ,5,6,10,
		32 ,10,6,11 ,10,6,11,
		32 ,10,11,15 ,10,11,15,
		32 ,15,11,16 ,15,11,16,
		32 ,15,16,20 ,15,16,20,
		32 ,20,16,21 ,20,16,21,
		32 ,1,2,6 ,1,2,6,
		32 ,6,2,7 ,6,2,7,
		32 ,6,7,11 ,6,7,11,
		32 ,11,7,12 ,11,7,12,
		32 ,11,12,16 ,11,12,16,
		32 ,16,12,17 ,16,12,17,
		32 ,16,17,21 ,16,17,21,
		32 ,21,17,22 ,21,17,22,
		32 ,2,3,7 ,2,3,7,
		32 ,7,3,8 ,7,3,8,
		32 ,7,8,12 ,7,8,12,
		32 ,12,8,13 ,12,8,13,
		32 ,12,13,17 ,12,13,17,
		32 ,17,13,18 ,17,13,18,
		32 ,17,18,22 ,17,18,22,
		32 ,22,18,23 ,22,18,23,
		32 ,3,4,8 ,3,4,8,
		32 ,8,4,9 ,8,4,9,
		32 ,8,9,13 ,8,9,13,
		32 ,13,9,14 ,13,9,14,
		32 ,13,14,18 ,13,14,18,
		32 ,18,14,19 ,18,14,19,
		32 ,18,19,23 ,18,19,23,
		32 ,23,19,24 ,23,19,24
	]

}
