{
	"metadata" : {
		"formatVersion" : 3,
		"description" : "Exported from LibZinc."
	},

	"vertices" : [
		87.942101,231.573303,-1877.000000,91.200684,232.442963,-1878.240967,94.538795,234.063202,-1878.698120,97.525612,236.133041,-1878.306152,99.730301,238.351501,-1877.000000,86.786690,229.811493,-1875.708130,90.479591,230.726547,-1876.931519,94.267975,232.266342,-1877.347900,97.640099,234.168732,-1876.929932,100.084229,236.171570,-1875.650146,
		86.113190,228.786713,-1874.343262,89.893356,229.652695,-1875.369019,93.957558,230.979843,-1875.479858,97.514763,232.531189,-1874.958740,99.773941,234.069809,-1874.088989,85.734795,226.456238,-1873.056763,89.430428,227.231094,-1873.902222,93.670158,228.367203,-1873.741821,97.306549,229.569901,-1873.158081,99.192131,230.544525,-1872.733398,
		85.464699,220.777298,-1872.000000,89.079254,221.471375,-1872.879639,93.468422,222.591949,-1872.781860,97.172432,223.634384,-1872.293213,98.731499,224.093994,-1872.000000
	],

	"normals" : [
		-0.443987,-0.148360,-0.883666,-0.108934,-0.337374,-0.935047,0.175573,-0.320953,-0.930679,0.451165,-0.217881,-0.865435,0.753768,-0.040145,-0.655914,-0.214426,-0.698218,-0.683018,0.165073,-0.836131,-0.523102,0.376039,-0.782125,-0.496865,0.569671,-0.632012,-0.525391,0.819062,-0.371520,-0.437161,
		-0.232612,-0.647279,-0.725894,0.130252,-0.757967,-0.639156,0.316674,-0.743897,-0.588502,0.480349,-0.641108,-0.598537,0.781604,-0.427006,-0.454710,-0.404079,-0.254650,-0.878563,0.023933,-0.329679,-0.943790,0.208337,-0.355163,-0.911293,0.308043,-0.327170,-0.893347,0.508972,-0.256251,-0.821756,
		-0.487155,-0.079632,-0.869677,-0.049521,-0.082338,-0.995373,0.103062,-0.046044,-0.993609,0.172776,-0.018492,-0.984788,-0.998300,0.033540,0.047658
	],

	"faces": [
		32 ,0,1,5 ,0,1,5,
		32 ,5,1,6 ,5,1,6,
		32 ,5,6,10 ,5,6,10,
		32 ,10,6,11 ,10,6,11,
		32 ,10,11,15 ,10,11,15,
		32 ,15,11,16 ,15,11,16,
		32 ,15,16,20 ,15,16,20,
		32 ,20,16,21 ,20,16,21,
		32 ,1,2,6 ,1,2,6,
		32 ,6,2,7 ,6,2,7,
		32 ,6,7,11 ,6,7,11,
		32 ,11,7,12 ,11,7,12,
		32 ,11,12,16 ,11,12,16,
		32 ,16,12,17 ,16,12,17,
		32 ,16,17,21 ,16,17,21,
		32 ,21,17,22 ,21,17,22,
		32 ,2,3,7 ,2,3,7,
		32 ,7,3,8 ,7,3,8,
		32 ,7,8,12 ,7,8,12,
		32 ,12,8,13 ,12,8,13,
		32 ,12,13,17 ,12,13,17,
		32 ,17,13,18 ,17,13,18,
		32 ,17,18,22 ,17,18,22,
		32 ,22,18,23 ,22,18,23,
		32 ,3,4,8 ,3,4,8,
		32 ,8,4,9 ,8,4,9,
		32 ,8,9,13 ,8,9,13,
		32 ,13,9,14 ,13,9,14,
		32 ,13,14,18 ,13,14,18,
		32 ,18,14,19 ,18,14,19,
		32 ,18,19,23 ,18,19,23,
		32 ,23,19,24 ,23,19,24
	]

}
