{
	"metadata" : {
		"formatVersion" : 3,
		"description" : "Exported from LibZinc."
	},

	"vertices" : [
		99.730301,238.351501,-1877.000000,100.484299,240.340134,-1875.051270,99.695969,241.840164,-1872.921753,97.799881,242.730164,-1870.831299,95.230598,242.888702,-1869.000000,100.084229,236.171570,-1875.650146,100.865555,237.920166,-1873.392212,100.108055,239.442703,-1871.183105,98.206039,240.592072,-1869.057373,95.553841,241.221176,-1867.049805,
		99.773941,234.069809,-1874.088989,100.174400,235.193802,-1871.774170,99.507866,236.439606,-1869.605469,97.993088,237.753250,-1867.490723,95.848801,239.080704,-1865.337402,99.192131,230.544525,-1872.733398,99.099228,231.238190,-1870.562988,98.438164,232.529434,-1867.955566,97.372307,234.143082,-1865.355347,96.064980,235.803894,-1863.206299,
		98.731499,224.093994,-1872.000000,98.328438,225.130463,-1870.125000,97.441704,227.410706,-1866.000000,96.554962,229.690933,-1861.875000,96.151901,230.727402,-1860.000000
	],

	"normals" : [
		0.753768,-0.040145,-0.655914,0.934087,0.290923,-0.206992,0.795555,0.571703,0.200618,0.537659,0.730322,0.421369,0.248879,0.801425,0.543854,0.865277,-0.326672,-0.380238,0.995635,-0.061926,0.069831,0.876888,0.204700,0.434931,0.690343,0.394458,0.606490,0.469463,0.653344,0.593924,
		0.914548,-0.325565,-0.240019,0.958811,-0.213417,0.187440,0.878773,-0.018251,0.476891,0.793717,0.196769,0.575582,0.728069,0.440416,0.525310,0.983046,-0.147382,-0.109086,0.960269,-0.163186,0.226392,0.928468,-0.091442,0.359981,0.915492,0.089587,0.392236,0.865199,0.291043,0.408320,
		0.000000,-0.000000,0.000000,0.969938,-0.052622,0.237593,0.971665,-0.042694,0.232476,0.979109,0.013764,0.202868,0.994993,-0.053219,-0.084602
	],

	"faces": [
		32 ,0,1,5 ,0,1,5,
		32 ,5,1,6 ,5,1,6,
		32 ,5,6,10 ,5,6,10,
		32 ,10,6,11 ,10,6,11,
		32 ,10,11,15 ,10,11,15,
		32 ,15,11,16 ,15,11,16,
		32 ,15,16,20 ,15,16,20,
		32 ,20,16,21 ,20,16,21,
		32 ,1,2,6 ,1,2,6,
		32 ,6,2,7 ,6,2,7,
		32 ,6,7,11 ,6,7,11,
		32 ,11,7,12 ,11,7,12,
		32 ,11,12,16 ,11,12,16,
		32 ,16,12,17 ,16,12,17,
		32 ,16,17,21 ,16,17,21,
		32 ,21,17,22 ,21,17,22,
		32 ,2,3,7 ,2,3,7,
		32 ,7,3,8 ,7,3,8,
		32 ,7,8,12 ,7,8,12,
		32 ,12,8,13 ,12,8,13,
		32 ,12,13,17 ,12,13,17,
		32 ,17,13,18 ,17,13,18,
		32 ,17,18,22 ,17,18,22,
		32 ,22,18,23 ,22,18,23,
		32 ,3,4,8 ,3,4,8,
		32 ,8,4,9 ,8,4,9,
		32 ,8,9,13 ,8,9,13,
		32 ,13,9,14 ,13,9,14,
		32 ,13,14,18 ,13,14,18,
		32 ,18,14,19 ,18,14,19,
		32 ,18,19,23 ,18,19,23,
		32 ,23,19,24 ,23,19,24
	]

}
