{
	"metadata" : {
		"formatVersion" : 3,
		"description" : "Exported from LibZinc."
	},

	"vertices" : [
		161.197403,257.983704,-1840.000000,154.603165,256.775696,-1841.232056,147.284241,254.719376,-1845.067383,141.347687,252.778702,-1849.119019,138.900604,251.917603,-1851.000000,163.505417,250.359116,-1837.335938,157.068054,249.632553,-1837.349243,149.794617,248.045151,-1839.630371,143.553375,246.510284,-1842.228394,140.212601,245.941299,-1843.192993,
		166.054306,242.020432,-1834.746216,159.842178,242.054474,-1832.987061,152.791626,241.482605,-1832.606201,146.158813,240.763687,-1832.773926,141.199890,240.356567,-1832.660889,167.981461,233.042755,-1831.033325,162.031342,233.917648,-1827.518066,155.195938,234.504959,-1824.505859,148.184875,234.746445,-1822.261230,141.707794,234.583908,-1821.048340,
		168.424301,223.501205,-1825.000000,162.741348,225.098282,-1820.314941,155.928223,226.585449,-1815.840454,148.652451,227.666122,-1812.195801,141.581604,228.043793,-1810.000000
	],

	"normals" : [
		0.106699,0.414815,0.903628,-0.420982,0.342759,0.839816,-0.570116,0.329918,0.752411,-0.631969,0.359770,0.686426,-0.930534,-0.338170,-0.140526,0.291067,0.362488,0.885371,-0.253067,0.389354,0.885641,-0.417275,0.527933,0.739708,-0.410305,0.684510,0.602575,0.324107,0.827817,0.457902,
		0.443760,0.395630,0.804086,0.086470,0.542145,0.835824,-0.078367,0.735895,0.672546,-0.105109,0.855916,0.506319,0.039025,0.897658,0.438961,0.569566,0.433585,0.698283,0.418365,0.588701,0.691666,0.272535,0.753305,0.598545,0.135778,0.854215,0.501877,-0.009769,0.886303,0.463004,
		0.688007,0.418311,0.593011,0.584595,0.531054,0.613377,0.478847,0.615521,0.625970,0.333541,0.709346,0.620949,0.098475,0.814341,0.571972
	],

	"faces": [
		32 ,0,1,5 ,0,1,5,
		32 ,5,1,6 ,5,1,6,
		32 ,5,6,10 ,5,6,10,
		32 ,10,6,11 ,10,6,11,
		32 ,10,11,15 ,10,11,15,
		32 ,15,11,16 ,15,11,16,
		32 ,15,16,20 ,15,16,20,
		32 ,20,16,21 ,20,16,21,
		32 ,1,2,6 ,1,2,6,
		32 ,6,2,7 ,6,2,7,
		32 ,6,7,11 ,6,7,11,
		32 ,11,7,12 ,11,7,12,
		32 ,11,12,16 ,11,12,16,
		32 ,16,12,17 ,16,12,17,
		32 ,16,17,21 ,16,17,21,
		32 ,21,17,22 ,21,17,22,
		32 ,2,3,7 ,2,3,7,
		32 ,7,3,8 ,7,3,8,
		32 ,7,8,12 ,7,8,12,
		32 ,12,8,13 ,12,8,13,
		32 ,12,13,17 ,12,13,17,
		32 ,17,13,18 ,17,13,18,
		32 ,17,18,22 ,17,18,22,
		32 ,22,18,23 ,22,18,23,
		32 ,3,4,8 ,3,4,8,
		32 ,8,4,9 ,8,4,9,
		32 ,8,9,13 ,8,9,13,
		32 ,13,9,14 ,13,9,14,
		32 ,13,14,18 ,13,14,18,
		32 ,18,14,19 ,18,14,19,
		32 ,18,19,23 ,18,19,23,
		32 ,23,19,24 ,23,19,24
	]

}
