{
	"metadata" : {
		"formatVersion" : 3,
		"description" : "Exported from LibZinc."
	},

	"vertices" : [
		98.731499,224.093994,-1872.000000,101.020424,226.089462,-1871.218750,106.056053,230.479507,-1869.500000,111.091675,234.869537,-1867.781250,113.380600,236.865005,-1867.000000,98.961472,213.989899,-1872.081421,101.471634,215.754837,-1871.257568,106.433891,219.695633,-1869.756348,111.408272,223.648529,-1868.198364,113.954826,225.449738,-1867.204102,
		99.859589,201.325409,-1872.000488,102.985596,203.077454,-1871.303955,107.423485,206.033096,-1870.135864,111.911697,209.090820,-1868.857300,115.188690,211.149094,-1867.829468,100.930710,187.331177,-1870.419312,104.652260,189.088089,-1869.940430,108.566788,191.077957,-1869.081055,112.557816,193.283722,-1868.045898,116.508858,195.688293,-1867.040039,
		101.679703,173.237793,-1866.000000,105.561584,174.817520,-1865.749390,109.405762,176.416351,-1865.034058,113.302490,178.314590,-1864.051758,117.342003,180.792496,-1863.000000
	],

	"normals" : [
		0.000000,-0.000000,0.000000,0.370458,-0.062095,-0.926771,0.352030,-0.037646,-0.935231,0.339422,-0.021160,-0.940396,0.131681,0.065841,0.989103,0.511679,0.045071,-0.857994,0.257609,0.048069,-0.965053,0.246053,0.059720,-0.967415,0.265398,0.068192,-0.961724,0.694257,0.091928,-0.713832,
		0.175029,-0.030414,-0.984093,0.240829,0.000718,-0.970567,0.255372,0.014848,-0.966729,0.269928,0.023080,-0.962604,0.308116,0.041913,-0.950425,0.141745,-0.179857,-0.973427,0.246688,-0.145401,-0.958125,0.298740,-0.122714,-0.946412,0.314359,-0.112795,-0.942579,0.294017,-0.107214,-0.949768,
		0.161189,-0.406564,-0.899291,0.270301,-0.378147,-0.885405,0.356164,-0.360132,-0.862237,0.413040,-0.350312,-0.840642,0.447292,-0.354481,-0.821141
	],

	"faces": [
		32 ,0,1,5 ,0,1,5,
		32 ,5,1,6 ,5,1,6,
		32 ,5,6,10 ,5,6,10,
		32 ,10,6,11 ,10,6,11,
		32 ,10,11,15 ,10,11,15,
		32 ,15,11,16 ,15,11,16,
		32 ,15,16,20 ,15,16,20,
		32 ,20,16,21 ,20,16,21,
		32 ,1,2,6 ,1,2,6,
		32 ,6,2,7 ,6,2,7,
		32 ,6,7,11 ,6,7,11,
		32 ,11,7,12 ,11,7,12,
		32 ,11,12,16 ,11,12,16,
		32 ,16,12,17 ,16,12,17,
		32 ,16,17,21 ,16,17,21,
		32 ,21,17,22 ,21,17,22,
		32 ,2,3,7 ,2,3,7,
		32 ,7,3,8 ,7,3,8,
		32 ,7,8,12 ,7,8,12,
		32 ,12,8,13 ,12,8,13,
		32 ,12,13,17 ,12,13,17,
		32 ,17,13,18 ,17,13,18,
		32 ,17,18,22 ,17,18,22,
		32 ,22,18,23 ,22,18,23,
		32 ,3,4,8 ,3,4,8,
		32 ,8,4,9 ,8,4,9,
		32 ,8,9,13 ,8,9,13,
		32 ,13,9,14 ,13,9,14,
		32 ,13,14,18 ,13,14,18,
		32 ,18,14,19 ,18,14,19,
		32 ,18,19,23 ,18,19,23,
		32 ,23,19,24 ,23,19,24
	]

}
