{
	"metadata" : {
		"formatVersion" : 3,
		"description" : "Exported from LibZinc."
	},

	"vertices" : [
		113.380600,236.865005,-1867.000000,115.381538,238.151703,-1866.843750,119.783600,240.982452,-1866.500000,124.185661,243.813202,-1866.156250,126.186600,245.099899,-1866.000000,113.954826,225.449738,-1867.204102,116.281265,226.795822,-1866.748657,120.819710,229.761597,-1866.362549,125.466797,232.750595,-1865.999390,128.119156,234.166382,-1865.612671,
		115.188690,211.149094,-1867.829468,118.373894,213.153687,-1867.068726,122.766777,216.125488,-1866.335571,127.375839,219.075668,-1865.606079,131.209595,221.015396,-1864.856934,116.508858,195.688293,-1867.040039,120.520798,198.440842,-1865.993652,124.791885,201.473526,-1864.787842,129.351746,204.443588,-1863.553833,134.229996,207.008316,-1862.422852,
		117.342003,180.792496,-1863.000000,121.583344,183.872833,-1861.713013,126.062134,187.205048,-1860.088745,130.833481,190.509491,-1858.420044,135.952499,193.506500,-1857.000000
	],

	"normals" : [
		0.000000,0.000000,-0.000000,0.136307,-0.092190,-0.986368,0.123834,-0.072394,-0.989659,0.107291,-0.046244,-0.993152,0.190872,-0.047718,-0.980454,0.694257,0.091928,-0.713832,0.081039,0.043231,-0.995773,0.059260,0.022574,-0.997987,0.086197,0.008521,-0.996242,0.392235,0.060412,-0.917879,
		0.308116,0.041913,-0.950425,0.170247,0.022152,-0.985152,0.161533,-0.011509,-0.986800,0.188537,-0.040424,-0.981234,0.251247,-0.037110,-0.967211,0.294017,-0.107214,-0.949768,0.337178,-0.108932,-0.935118,0.354943,-0.136340,-0.924893,0.338764,-0.170870,-0.925226,0.280727,-0.197515,-0.939244,
		0.447292,-0.354481,-0.821141,0.529214,-0.350454,-0.772732,0.540279,-0.357272,-0.761876,0.499922,-0.385269,-0.775658,0.407864,-0.438955,-0.800603
	],

	"faces": [
		32 ,0,1,5 ,0,1,5,
		32 ,5,1,6 ,5,1,6,
		32 ,5,6,10 ,5,6,10,
		32 ,10,6,11 ,10,6,11,
		32 ,10,11,15 ,10,11,15,
		32 ,15,11,16 ,15,11,16,
		32 ,15,16,20 ,15,16,20,
		32 ,20,16,21 ,20,16,21,
		32 ,1,2,6 ,1,2,6,
		32 ,6,2,7 ,6,2,7,
		32 ,6,7,11 ,6,7,11,
		32 ,11,7,12 ,11,7,12,
		32 ,11,12,16 ,11,12,16,
		32 ,16,12,17 ,16,12,17,
		32 ,16,17,21 ,16,17,21,
		32 ,21,17,22 ,21,17,22,
		32 ,2,3,7 ,2,3,7,
		32 ,7,3,8 ,7,3,8,
		32 ,7,8,12 ,7,8,12,
		32 ,12,8,13 ,12,8,13,
		32 ,12,13,17 ,12,13,17,
		32 ,17,13,18 ,17,13,18,
		32 ,17,18,22 ,17,18,22,
		32 ,22,18,23 ,22,18,23,
		32 ,3,4,8 ,3,4,8,
		32 ,8,4,9 ,8,4,9,
		32 ,8,9,13 ,8,9,13,
		32 ,13,9,14 ,13,9,14,
		32 ,13,14,18 ,13,14,18,
		32 ,18,14,19 ,18,14,19,
		32 ,18,19,23 ,18,19,23,
		32 ,23,19,24 ,23,19,24
	]

}
