{
	"metadata" : {
		"formatVersion" : 3,
		"description" : "Exported from LibZinc."
	},

	"vertices" : [
		433.335388,290.059814,-1863.000000,433.335388,290.059814,-1863.000000,433.335388,290.059814,-1863.000000,433.335388,290.059814,-1863.000000,433.335388,290.059814,-1863.000000,435.283539,285.838104,-1862.884033,433.874664,286.522308,-1861.908691,432.103821,287.181824,-1861.298706,430.237213,287.747040,-1861.029541,428.540955,288.148499,-1861.076294,
		437.108429,281.686493,-1862.545654,434.435883,282.998322,-1860.718140,430.883392,284.271454,-1859.546631,427.139099,285.353210,-1859.015381,423.891144,286.090942,-1859.108887,438.428772,277.345306,-1861.684448,434.768921,279.166687,-1859.147339,429.741302,280.908386,-1857.508423,424.416107,282.380219,-1856.745728,419.863647,283.392059,-1856.837036,
		438.863312,272.554901,-1860.000000,434.623657,274.706299,-1856.915161,428.744751,276.672272,-1854.949097,422.443329,278.330048,-1854.008423,416.936096,279.556793,-1854.000000
	],

	"normals" : [
		0.324262,0.163078,0.931805,0.324262,0.163078,0.931805,0.324262,0.163078,0.931805,0.324262,0.163078,0.931805,0.324262,0.163078,0.931805,0.761700,0.380896,0.524149,0.519516,0.335666,0.785768,0.328129,0.374452,0.867247,0.181597,0.484716,0.855613,0.032823,0.664110,0.746914,
		0.780311,0.369721,0.504401,0.509054,0.356909,0.783250,0.320674,0.396031,0.860423,0.177738,0.488722,0.854143,0.013003,0.656810,0.753944,0.799959,0.305999,0.516168,0.507087,0.369652,0.778601,0.318836,0.421855,0.848753,0.177295,0.489837,0.853596,0.009493,0.612580,0.790352,
		0.814040,0.211289,0.541013,0.515144,0.371080,0.772610,0.320453,0.443937,0.836797,0.181341,0.489479,0.852951,0.040672,0.560724,0.827003
	],

	"faces": [
		32 ,0,1,5 ,0,1,5,
		32 ,5,1,6 ,5,1,6,
		32 ,5,6,10 ,5,6,10,
		32 ,10,6,11 ,10,6,11,
		32 ,10,11,15 ,10,11,15,
		32 ,15,11,16 ,15,11,16,
		32 ,15,16,20 ,15,16,20,
		32 ,20,16,21 ,20,16,21,
		32 ,1,2,6 ,1,2,6,
		32 ,6,2,7 ,6,2,7,
		32 ,6,7,11 ,6,7,11,
		32 ,11,7,12 ,11,7,12,
		32 ,11,12,16 ,11,12,16,
		32 ,16,12,17 ,16,12,17,
		32 ,16,17,21 ,16,17,21,
		32 ,21,17,22 ,21,17,22,
		32 ,2,3,7 ,2,3,7,
		32 ,7,3,8 ,7,3,8,
		32 ,7,8,12 ,7,8,12,
		32 ,12,8,13 ,12,8,13,
		32 ,12,13,17 ,12,13,17,
		32 ,17,13,18 ,17,13,18,
		32 ,17,18,22 ,17,18,22,
		32 ,22,18,23 ,22,18,23,
		32 ,3,4,8 ,3,4,8,
		32 ,8,4,9 ,8,4,9,
		32 ,8,9,13 ,8,9,13,
		32 ,13,9,14 ,13,9,14,
		32 ,13,14,18 ,13,14,18,
		32 ,18,14,19 ,18,14,19,
		32 ,18,19,23 ,18,19,23,
		32 ,23,19,24 ,23,19,24
	]

}
