{
	"metadata" : {
		"formatVersion" : 3,
		"description" : "Exported from LibZinc."
	},

	"vertices" : [
		105.653702,213.177094,-1815.000000,102.250214,210.167175,-1818.058472,98.971603,206.999817,-1821.968018,95.781967,203.514160,-1826.143555,92.645401,199.549301,-1830.000000,102.977562,207.129547,-1803.274170,99.512489,203.598434,-1806.477539,95.903404,199.341431,-1810.602783,92.503799,194.676224,-1815.050781,89.667168,189.920486,-1819.222900,
		99.862572,200.729645,-1791.133301,96.076195,196.307373,-1794.399536,92.209023,190.745941,-1798.490112,88.740730,184.758545,-1802.924072,86.150986,179.058380,-1807.220703,96.818985,194.041489,-1779.675903,92.697639,188.659409,-1782.912842,88.699837,181.896591,-1786.836670,85.311668,174.749603,-1791.100708,83.019234,168.215012,-1795.358154,
		94.357101,187.129196,-1770.000000,90.133118,181.019928,-1773.105713,86.187210,173.476608,-1776.849121,83.035561,165.637894,-1780.917969,81.194298,158.642395,-1785.000000
	],

	"normals" : [
		-0.715887,0.667884,0.203560,-0.767048,0.612654,0.190508,-0.806738,0.562629,0.180614,-0.837407,0.516748,0.178103,-0.861354,0.466887,0.200215,-0.736812,0.657592,0.157105,-0.792817,0.594554,0.133965,-0.834229,0.537068,0.124982,-0.872064,0.475871,0.114243,-0.912455,0.398764,0.091720,
		-0.755409,0.637971,0.149502,-0.825801,0.554122,0.104885,-0.868630,0.487597,0.087923,-0.905181,0.419060,0.070965,-0.943514,0.329944,0.030295,-0.777156,0.603788,0.177395,-0.856909,0.502984,0.112755,-0.899769,0.428365,0.083180,-0.933599,0.353633,0.057769,-0.967258,0.253651,0.008494,
		-0.804620,0.536309,0.254872,-0.882239,0.433653,0.183299,-0.924002,0.355771,0.140169,-0.957429,0.270823,0.099923,-0.989653,0.138917,0.035891
	],

	"faces": [
		32 ,0,1,5 ,0,1,5,
		32 ,5,1,6 ,5,1,6,
		32 ,5,6,10 ,5,6,10,
		32 ,10,6,11 ,10,6,11,
		32 ,10,11,15 ,10,11,15,
		32 ,15,11,16 ,15,11,16,
		32 ,15,16,20 ,15,16,20,
		32 ,20,16,21 ,20,16,21,
		32 ,1,2,6 ,1,2,6,
		32 ,6,2,7 ,6,2,7,
		32 ,6,7,11 ,6,7,11,
		32 ,11,7,12 ,11,7,12,
		32 ,11,12,16 ,11,12,16,
		32 ,16,12,17 ,16,12,17,
		32 ,16,17,21 ,16,17,21,
		32 ,21,17,22 ,21,17,22,
		32 ,2,3,7 ,2,3,7,
		32 ,7,3,8 ,7,3,8,
		32 ,7,8,12 ,7,8,12,
		32 ,12,8,13 ,12,8,13,
		32 ,12,13,17 ,12,13,17,
		32 ,17,13,18 ,17,13,18,
		32 ,17,18,22 ,17,18,22,
		32 ,22,18,23 ,22,18,23,
		32 ,3,4,8 ,3,4,8,
		32 ,8,4,9 ,8,4,9,
		32 ,8,9,13 ,8,9,13,
		32 ,13,9,14 ,13,9,14,
		32 ,13,14,18 ,13,14,18,
		32 ,18,14,19 ,18,14,19,
		32 ,18,19,23 ,18,19,23,
		32 ,23,19,24 ,23,19,24
	]

}
