{
	"metadata" : {
		"formatVersion" : 3,
		"description" : "Exported from LibZinc."
	},

	"vertices" : [
		92.645401,199.549301,-1830.000000,89.406181,194.972122,-1833.564087,86.217522,190.035767,-1837.252441,83.506905,185.158707,-1841.064575,81.701797,180.759399,-1845.000000,89.667168,189.920486,-1819.222900,87.138390,184.950745,-1823.095215,84.693413,179.706863,-1827.041504,82.732323,174.601517,-1831.059204,81.655212,170.047363,-1835.145508,
		86.150986,179.058380,-1807.220703,84.396843,173.797379,-1811.232056,83.142784,168.717010,-1815.174072,82.429642,163.914764,-1819.111694,82.298225,159.488129,-1823.109863,83.019234,168.215012,-1795.358154,82.046608,162.757843,-1799.363281,82.045586,157.990463,-1803.184448,82.643822,153.630417,-1806.945068,83.468948,149.395294,-1810.769287,
		81.194298,158.642395,-1785.000000,80.952744,153.077911,-1788.878174,81.881752,148.451416,-1792.607056,83.419838,144.280426,-1796.282471,85.005501,140.082397,-1800.000000
	],

	"normals" : [
		-0.861354,0.466887,0.200215,-0.876885,0.416377,0.240213,-0.899760,0.356208,0.252089,-0.934156,0.275848,0.226408,-0.977973,0.150745,0.144379,-0.912455,0.398764,0.091720,-0.924181,0.360382,0.126546,-0.943646,0.295927,0.148187,-0.970124,0.197556,0.140820,-0.996154,0.047350,0.073728,
		-0.943514,0.329944,0.030295,-0.965274,0.259728,0.028050,-0.985226,0.167100,0.037506,-0.997523,0.055430,0.043300,-0.997779,-0.062700,0.022483,-0.967258,0.253651,0.008494,-0.991360,0.121367,-0.049751,-0.996984,-0.016266,-0.075888,-0.990263,-0.123847,-0.063576,-0.985645,-0.167281,-0.022839,
		-0.989653,0.138917,0.035891,-0.997373,-0.042867,-0.058396,-0.973408,-0.190321,-0.127495,-0.955075,-0.263361,-0.135912,-0.964578,-0.254773,-0.068410
	],

	"faces": [
		32 ,0,1,5 ,0,1,5,
		32 ,5,1,6 ,5,1,6,
		32 ,5,6,10 ,5,6,10,
		32 ,10,6,11 ,10,6,11,
		32 ,10,11,15 ,10,11,15,
		32 ,15,11,16 ,15,11,16,
		32 ,15,16,20 ,15,16,20,
		32 ,20,16,21 ,20,16,21,
		32 ,1,2,6 ,1,2,6,
		32 ,6,2,7 ,6,2,7,
		32 ,6,7,11 ,6,7,11,
		32 ,11,7,12 ,11,7,12,
		32 ,11,12,16 ,11,12,16,
		32 ,16,12,17 ,16,12,17,
		32 ,16,17,21 ,16,17,21,
		32 ,21,17,22 ,21,17,22,
		32 ,2,3,7 ,2,3,7,
		32 ,7,3,8 ,7,3,8,
		32 ,7,8,12 ,7,8,12,
		32 ,12,8,13 ,12,8,13,
		32 ,12,13,17 ,12,13,17,
		32 ,17,13,18 ,17,13,18,
		32 ,17,18,22 ,17,18,22,
		32 ,22,18,23 ,22,18,23,
		32 ,3,4,8 ,3,4,8,
		32 ,8,4,9 ,8,4,9,
		32 ,8,9,13 ,8,9,13,
		32 ,13,9,14 ,13,9,14,
		32 ,13,14,18 ,13,14,18,
		32 ,18,14,19 ,18,14,19,
		32 ,18,19,23 ,18,19,23,
		32 ,23,19,24 ,23,19,24
	]

}
