{
	"metadata" : {
		"formatVersion" : 3,
		"description" : "Exported from LibZinc."
	},

	"vertices" : [
		433.335388,290.059814,-1863.000000,433.335388,290.059814,-1863.000000,433.335388,290.059814,-1863.000000,433.335388,290.059814,-1863.000000,433.335388,290.059814,-1863.000000,428.540955,288.148499,-1861.076294,427.349579,288.351257,-1861.435181,426.804779,288.353394,-1862.068970,426.883148,288.134796,-1862.903564,427.561371,287.675385,-1863.864746,
		423.891144,286.090942,-1859.108887,421.677856,286.443542,-1859.797119,420.583710,286.440033,-1860.982300,420.616119,286.032990,-1862.547485,421.782501,285.175018,-1864.376099,419.863647,283.392059,-1856.837036,416.765808,283.877411,-1857.763794,415.141876,283.854401,-1859.410889,415.068085,283.259888,-1861.611572,416.620728,282.030609,-1864.199341,
		416.936096,279.556793,-1854.000000,413.059113,280.193665,-1855.013428,410.948883,280.131226,-1857.026001,410.772736,279.320923,-1859.775513,412.698090,277.714203,-1863.000000
	],

	"normals" : [
		-0.404650,0.913702,-0.037519,-0.404650,0.913702,-0.037519,-0.404650,0.913702,-0.037519,-0.404650,0.913702,-0.037519,-0.404650,0.913702,-0.037519,0.032823,0.664110,0.746914,-0.146840,0.888741,0.434255,-0.266223,0.962429,-0.053436,-0.269457,0.861305,-0.430751,-0.214220,0.737396,-0.640591,
		0.013003,0.656810,0.753944,-0.184438,0.856197,0.482606,-0.345174,0.938538,-0.001123,-0.366684,0.825879,-0.428330,-0.306807,0.679778,-0.666162,0.009493,0.612580,0.790352,-0.238324,0.783198,0.574284,-0.503958,0.858896,0.091234,-0.571054,0.698491,-0.431286,-0.488641,0.499029,-0.715681,
		0.040672,0.560724,0.827003,-0.280892,0.682550,0.674704,-0.700318,0.679668,0.218186,-0.822211,0.411874,-0.392847,-0.683985,0.161689,-0.711351
	],

	"faces": [
		32 ,0,1,5 ,0,1,5,
		32 ,5,1,6 ,5,1,6,
		32 ,5,6,10 ,5,6,10,
		32 ,10,6,11 ,10,6,11,
		32 ,10,11,15 ,10,11,15,
		32 ,15,11,16 ,15,11,16,
		32 ,15,16,20 ,15,16,20,
		32 ,20,16,21 ,20,16,21,
		32 ,1,2,6 ,1,2,6,
		32 ,6,2,7 ,6,2,7,
		32 ,6,7,11 ,6,7,11,
		32 ,11,7,12 ,11,7,12,
		32 ,11,12,16 ,11,12,16,
		32 ,16,12,17 ,16,12,17,
		32 ,16,17,21 ,16,17,21,
		32 ,21,17,22 ,21,17,22,
		32 ,2,3,7 ,2,3,7,
		32 ,7,3,8 ,7,3,8,
		32 ,7,8,12 ,7,8,12,
		32 ,12,8,13 ,12,8,13,
		32 ,12,13,17 ,12,13,17,
		32 ,17,13,18 ,17,13,18,
		32 ,17,18,22 ,17,18,22,
		32 ,22,18,23 ,22,18,23,
		32 ,3,4,8 ,3,4,8,
		32 ,8,4,9 ,8,4,9,
		32 ,8,9,13 ,8,9,13,
		32 ,13,9,14 ,13,9,14,
		32 ,13,14,18 ,13,14,18,
		32 ,18,14,19 ,18,14,19,
		32 ,18,19,23 ,18,19,23,
		32 ,23,19,24 ,23,19,24
	]

}
