{
	"metadata" : {
		"formatVersion" : 3,
		"description" : "Exported from LibZinc."
	},

	"vertices" : [
		112.362999,196.284393,-1765.000000,107.230812,195.057678,-1765.354004,102.695915,193.558838,-1766.225952,98.493088,191.133987,-1767.734985,94.357101,187.129196,-1770.000000,111.831139,191.513794,-1757.671509,106.320290,189.960205,-1758.048706,101.329979,187.796448,-1759.070312,96.765854,184.600388,-1760.703125,92.533546,179.949844,-1762.914429,
		111.940842,188.019562,-1751.789429,105.951790,185.853760,-1752.252686,100.455086,182.632172,-1753.467041,95.513550,178.333298,-1755.255371,91.189980,172.935608,-1757.440674,112.318642,185.245499,-1746.262695,105.954178,182.452271,-1746.790405,100.075432,178.203583,-1748.087158,94.867180,172.880264,-1749.905151,90.514198,166.863205,-1751.996582,
		112.591103,182.635406,-1740.000000,106.156342,179.469681,-1740.486694,100.195198,174.648224,-1741.601929,94.957733,168.788849,-1743.166138,90.694000,162.509399,-1745.000000
	],

	"normals" : [
		-0.208535,0.825464,0.524521,-0.276462,0.815547,0.508382,-0.451976,0.763400,0.461451,-0.659686,0.658990,0.361313,-0.804620,0.536309,0.254872,-0.202891,0.831015,0.517928,-0.337452,0.780201,0.526700,-0.518384,0.683206,0.514304,-0.694129,0.568833,0.441151,-0.822745,0.460855,0.332721,
		-0.226638,0.847792,0.479462,-0.427451,0.752441,0.501118,-0.596748,0.626303,0.501634,-0.730274,0.511317,0.453051,-0.832556,0.415291,0.366585,-0.261969,0.871602,0.414346,-0.503723,0.751049,0.426836,-0.661009,0.620897,0.421371,-0.768098,0.509554,0.387789,-0.849075,0.412434,0.330106,
		-0.293894,0.889767,0.349199,-0.548518,0.768788,0.328776,-0.699015,0.648634,0.301084,-0.795612,0.541801,0.271023,-0.866974,0.436639,0.240212
	],

	"faces": [
		32 ,0,1,5 ,0,1,5,
		32 ,5,1,6 ,5,1,6,
		32 ,5,6,10 ,5,6,10,
		32 ,10,6,11 ,10,6,11,
		32 ,10,11,15 ,10,11,15,
		32 ,15,11,16 ,15,11,16,
		32 ,15,16,20 ,15,16,20,
		32 ,20,16,21 ,20,16,21,
		32 ,1,2,6 ,1,2,6,
		32 ,6,2,7 ,6,2,7,
		32 ,6,7,11 ,6,7,11,
		32 ,11,7,12 ,11,7,12,
		32 ,11,12,16 ,11,12,16,
		32 ,16,12,17 ,16,12,17,
		32 ,16,17,21 ,16,17,21,
		32 ,21,17,22 ,21,17,22,
		32 ,2,3,7 ,2,3,7,
		32 ,7,3,8 ,7,3,8,
		32 ,7,8,12 ,7,8,12,
		32 ,12,8,13 ,12,8,13,
		32 ,12,13,17 ,12,13,17,
		32 ,17,13,18 ,17,13,18,
		32 ,17,18,22 ,17,18,22,
		32 ,22,18,23 ,22,18,23,
		32 ,3,4,8 ,3,4,8,
		32 ,8,4,9 ,8,4,9,
		32 ,8,9,13 ,8,9,13,
		32 ,13,9,14 ,13,9,14,
		32 ,13,14,18 ,13,14,18,
		32 ,18,14,19 ,18,14,19,
		32 ,18,19,23 ,18,19,23,
		32 ,23,19,24 ,23,19,24
	]

}
