{
	"metadata" : {
		"formatVersion" : 3,
		"description" : "Exported from LibZinc."
	},

	"vertices" : [
		85.005501,140.082397,-1800.000000,86.329185,135.665329,-1803.829346,87.646454,131.316559,-1807.690918,89.243492,127.272720,-1811.457031,91.406502,123.770401,-1815.000000,87.249985,131.540039,-1791.672363,89.046959,126.804512,-1795.476685,90.672554,121.984406,-1799.361572,92.388977,117.379318,-1803.151245,94.458450,113.288841,-1806.670288,
		90.039108,123.705879,-1784.651001,92.259399,118.512444,-1788.495972,94.216980,113.088478,-1792.484497,96.125618,107.855339,-1796.351440,98.199074,103.234413,-1799.831787,92.452881,116.814133,-1777.804199,95.054131,111.128586,-1781.711792,97.411606,105.132919,-1785.758301,99.659821,99.334076,-1789.646118,101.933289,94.238968,-1793.077515,
		93.571297,111.098999,-1770.000000,96.518806,104.992393,-1773.948853,99.388329,98.621895,-1777.881836,102.198013,92.448784,-1781.623901,104.966003,86.934334,-1785.000000
	],

	"normals" : [
		-0.964578,-0.254773,-0.068410,-0.966126,-0.256940,-0.024151,-0.957181,-0.287452,-0.034297,-0.932192,-0.346222,-0.105582,-0.867131,-0.431402,-0.248950,-0.933323,-0.354527,-0.056734,-0.942951,-0.332814,0.008854,-0.941515,-0.336478,0.018196,-0.930934,-0.363678,-0.033166,-0.894871,-0.416549,-0.160292,
		-0.914255,-0.399831,-0.065373,-0.931571,-0.363405,0.010587,-0.933661,-0.356134,0.038038,-0.927670,-0.373152,0.013651,-0.904328,-0.418624,-0.083334,-0.911901,-0.396246,-0.106889,-0.932955,-0.357366,-0.043409,-0.935419,-0.353510,-0.004618,-0.926828,-0.375485,0.000634,-0.903187,-0.426327,-0.049982,
		-0.918896,-0.348138,-0.185551,-0.930815,-0.331579,-0.153751,-0.930545,-0.349787,-0.108330,-0.918425,-0.389198,-0.070857,-0.892077,-0.447040,-0.065981
	],

	"faces": [
		32 ,0,1,5 ,0,1,5,
		32 ,5,1,6 ,5,1,6,
		32 ,5,6,10 ,5,6,10,
		32 ,10,6,11 ,10,6,11,
		32 ,10,11,15 ,10,11,15,
		32 ,15,11,16 ,15,11,16,
		32 ,15,16,20 ,15,16,20,
		32 ,20,16,21 ,20,16,21,
		32 ,1,2,6 ,1,2,6,
		32 ,6,2,7 ,6,2,7,
		32 ,6,7,11 ,6,7,11,
		32 ,11,7,12 ,11,7,12,
		32 ,11,12,16 ,11,12,16,
		32 ,16,12,17 ,16,12,17,
		32 ,16,17,21 ,16,17,21,
		32 ,21,17,22 ,21,17,22,
		32 ,2,3,7 ,2,3,7,
		32 ,7,3,8 ,7,3,8,
		32 ,7,8,12 ,7,8,12,
		32 ,12,8,13 ,12,8,13,
		32 ,12,13,17 ,12,13,17,
		32 ,17,13,18 ,17,13,18,
		32 ,17,18,22 ,17,18,22,
		32 ,22,18,23 ,22,18,23,
		32 ,3,4,8 ,3,4,8,
		32 ,8,4,9 ,8,4,9,
		32 ,8,9,13 ,8,9,13,
		32 ,13,9,14 ,13,9,14,
		32 ,13,14,18 ,13,14,18,
		32 ,18,14,19 ,18,14,19,
		32 ,18,19,23 ,18,19,23,
		32 ,23,19,24 ,23,19,24
	]

}
