{
	"metadata" : {
		"formatVersion" : 3,
		"description" : "Exported from LibZinc."
	},

	"vertices" : [
		105.653702,117.988899,-1825.000000,109.527328,119.153793,-1825.846680,112.869766,121.217201,-1825.978271,116.114372,123.886131,-1825.620728,119.694504,126.867599,-1825.000000,107.831139,105.287903,-1816.826416,111.690025,105.977959,-1817.917358,115.214035,107.673370,-1818.308105,118.683693,110.048355,-1818.248413,122.379509,112.777145,-1817.987793,
		110.416481,92.899307,-1809.770996,114.342918,93.025955,-1811.089600,118.142670,94.169136,-1811.774658,121.953674,96.061104,-1812.053345,125.913864,98.434120,-1812.153320,113.304710,81.544128,-1802.830078,117.331429,81.024025,-1804.390137,121.387505,81.549225,-1805.407349,125.512375,82.894562,-1806.051514,129.745483,84.834877,-1806.492310,
		116.390800,71.943367,-1795.000000,120.500984,70.698410,-1796.845337,124.680359,70.658363,-1798.236084,128.947830,71.518929,-1799.258789,133.322296,72.975777,-1800.000000
	],

	"normals" : [
		-0.151030,-0.592092,-0.791592,0.147460,-0.538726,-0.829476,0.382370,-0.460056,-0.801337,0.474025,-0.407866,-0.780350,0.449482,-0.397305,-0.800072,-0.286389,-0.525379,-0.801223,-0.003795,-0.480642,-0.876909,0.215398,-0.408270,-0.887084,0.308701,-0.350366,-0.884278,0.296630,-0.324616,-0.898129,
		-0.383884,-0.522023,-0.761659,-0.131732,-0.483285,-0.865495,0.065535,-0.416386,-0.906823,0.164422,-0.355718,-0.920016,0.178104,-0.319775,-0.930603,-0.471984,-0.583764,-0.660644,-0.242641,-0.556742,-0.794458,-0.052172,-0.495968,-0.866772,0.063432,-0.432684,-0.899311,0.110426,-0.386997,-0.915445,
		-0.564861,-0.681677,-0.465025,-0.344922,-0.690212,-0.636110,-0.139709,-0.650937,-0.746165,0.004697,-0.593880,-0.804540,0.083668,-0.542464,-0.835902
	],

	"faces": [
		32 ,0,1,5 ,0,1,5,
		32 ,5,1,6 ,5,1,6,
		32 ,5,6,10 ,5,6,10,
		32 ,10,6,11 ,10,6,11,
		32 ,10,11,15 ,10,11,15,
		32 ,15,11,16 ,15,11,16,
		32 ,15,16,20 ,15,16,20,
		32 ,20,16,21 ,20,16,21,
		32 ,1,2,6 ,1,2,6,
		32 ,6,2,7 ,6,2,7,
		32 ,6,7,11 ,6,7,11,
		32 ,11,7,12 ,11,7,12,
		32 ,11,12,16 ,11,12,16,
		32 ,16,12,17 ,16,12,17,
		32 ,16,17,21 ,16,17,21,
		32 ,21,17,22 ,21,17,22,
		32 ,2,3,7 ,2,3,7,
		32 ,7,3,8 ,7,3,8,
		32 ,7,8,12 ,7,8,12,
		32 ,12,8,13 ,12,8,13,
		32 ,12,13,17 ,12,13,17,
		32 ,17,13,18 ,17,13,18,
		32 ,17,18,22 ,17,18,22,
		32 ,22,18,23 ,22,18,23,
		32 ,3,4,8 ,3,4,8,
		32 ,8,4,9 ,8,4,9,
		32 ,8,9,13 ,8,9,13,
		32 ,13,9,14 ,13,9,14,
		32 ,13,14,18 ,13,14,18,
		32 ,18,14,19 ,18,14,19,
		32 ,18,19,23 ,18,19,23,
		32 ,23,19,24 ,23,19,24
	]

}
