{
	"metadata" : {
		"formatVersion" : 3,
		"description" : "Exported from LibZinc."
	},

	"vertices" : [
		136.832504,141.114899,-1820.000000,140.757614,144.535904,-1817.910645,144.298660,148.012253,-1815.317261,147.513565,151.601715,-1812.565186,150.460297,155.362106,-1810.000000,139.510971,126.283325,-1813.977783,143.370941,129.901566,-1811.850708,146.875702,133.734436,-1809.127686,149.921982,137.738632,-1806.143433,152.406464,141.870926,-1803.232666,
		143.202820,110.797729,-1809.498779,147.272003,114.696854,-1807.449463,150.997360,118.980362,-1804.765869,154.101486,123.502396,-1801.727051,156.306992,128.117096,-1798.612305,147.116455,95.862106,-1805.270386,151.406921,99.970306,-1803.395996,155.354568,104.621681,-1800.872314,158.525208,109.633369,-1797.901611,160.484650,114.822540,-1794.685913,
		150.460297,82.680443,-1800.000000,154.721786,86.770477,-1798.379761,158.638275,91.530022,-1796.088013,161.666245,96.871964,-1793.252197,163.262207,102.709198,-1790.000000
	],

	"normals" : [
		0.572502,-0.311145,-0.758571,0.686521,-0.273258,-0.673809,0.756010,-0.255872,-0.602477,0.795475,-0.261384,-0.546716,0.815034,-0.292086,-0.500405,0.508392,-0.167138,-0.844750,0.629107,-0.112328,-0.769159,0.706455,-0.070623,-0.704226,0.762567,-0.045087,-0.645337,0.814331,-0.039907,-0.579028,
		0.455025,-0.120733,-0.882256,0.566341,-0.060765,-0.821928,0.647606,-0.005830,-0.761953,0.723141,0.043491,-0.689330,0.813652,0.087740,-0.574693,0.444729,-0.162757,-0.880753,0.549025,-0.101806,-0.829583,0.641135,-0.040537,-0.766356,0.743914,0.024605,-0.667822,0.869488,0.101546,-0.483403,
		0.503095,-0.304625,-0.808764,0.611981,-0.240617,-0.753381,0.727118,-0.172298,-0.664539,0.857861,-0.091159,-0.505732,0.972971,0.017683,-0.230250
	],

	"faces": [
		32 ,0,1,5 ,0,1,5,
		32 ,5,1,6 ,5,1,6,
		32 ,5,6,10 ,5,6,10,
		32 ,10,6,11 ,10,6,11,
		32 ,10,11,15 ,10,11,15,
		32 ,15,11,16 ,15,11,16,
		32 ,15,16,20 ,15,16,20,
		32 ,20,16,21 ,20,16,21,
		32 ,1,2,6 ,1,2,6,
		32 ,6,2,7 ,6,2,7,
		32 ,6,7,11 ,6,7,11,
		32 ,11,7,12 ,11,7,12,
		32 ,11,12,16 ,11,12,16,
		32 ,16,12,17 ,16,12,17,
		32 ,16,17,21 ,16,17,21,
		32 ,21,17,22 ,21,17,22,
		32 ,2,3,7 ,2,3,7,
		32 ,7,3,8 ,7,3,8,
		32 ,7,8,12 ,7,8,12,
		32 ,12,8,13 ,12,8,13,
		32 ,12,13,17 ,12,13,17,
		32 ,17,13,18 ,17,13,18,
		32 ,17,18,22 ,17,18,22,
		32 ,22,18,23 ,22,18,23,
		32 ,3,4,8 ,3,4,8,
		32 ,8,4,9 ,8,4,9,
		32 ,8,9,13 ,8,9,13,
		32 ,13,9,14 ,13,9,14,
		32 ,13,14,18 ,13,14,18,
		32 ,18,14,19 ,18,14,19,
		32 ,18,19,23 ,18,19,23,
		32 ,23,19,24 ,23,19,24
	]

}
