{
	"metadata" : {
		"formatVersion" : 3,
		"description" : "Exported from LibZinc."
	},

	"vertices" : [
		433.335388,290.059814,-1863.000000,433.335388,290.059814,-1863.000000,433.335388,290.059814,-1863.000000,433.335388,290.059814,-1863.000000,433.335388,290.059814,-1863.000000,427.561371,287.675385,-1863.864746,428.774170,286.977417,-1864.858398,430.348022,286.174622,-1865.727295,432.097443,285.444244,-1866.301758,433.836884,284.963531,-1866.411987,
		421.782501,285.175018,-1864.376099,424.134766,283.795654,-1866.318237,427.366058,282.134155,-1868.054443,430.945648,280.607605,-1869.213013,434.342712,279.633026,-1869.422119,416.620728,282.030609,-1864.199341,419.945282,280.050171,-1866.979004,424.583466,277.650787,-1869.491821,429.705841,275.442169,-1871.176392,434.483093,274.034088,-1871.471191,
		412.698090,277.714203,-1863.000000,416.733856,275.276703,-1866.440552,422.194092,272.436829,-1869.550049,428.203827,269.840240,-1871.634644,433.888214,268.132599,-1872.000000
	],

	"normals" : [
		-0.112793,0.556628,-0.823069,-0.112793,0.556628,-0.823069,-0.112793,0.556628,-0.823069,-0.112793,0.556628,-0.823069,-0.112793,0.556628,-0.823069,-0.214220,0.737396,-0.640591,-0.147808,0.648658,-0.746589,-0.076265,0.592952,-0.801618,0.026174,0.557416,-0.829821,0.183488,0.540783,-0.820905,
		-0.306807,0.679778,-0.666162,-0.219749,0.558411,-0.799929,-0.135734,0.494078,-0.858757,-0.017301,0.455889,-0.889869,0.187530,0.436088,-0.880147,-0.488641,0.499029,-0.715681,-0.369117,0.360566,-0.856589,-0.257821,0.299328,-0.918657,-0.106778,0.259884,-0.959718,0.172039,0.225743,-0.958876,
		-0.683985,0.161689,-0.711351,-0.545543,0.059951,-0.835936,-0.408598,0.025510,-0.912358,-0.223766,-0.015276,-0.974523,0.119243,-0.089479,-0.988825
	],

	"faces": [
		32 ,0,1,5 ,0,1,5,
		32 ,5,1,6 ,5,1,6,
		32 ,5,6,10 ,5,6,10,
		32 ,10,6,11 ,10,6,11,
		32 ,10,11,15 ,10,11,15,
		32 ,15,11,16 ,15,11,16,
		32 ,15,16,20 ,15,16,20,
		32 ,20,16,21 ,20,16,21,
		32 ,1,2,6 ,1,2,6,
		32 ,6,2,7 ,6,2,7,
		32 ,6,7,11 ,6,7,11,
		32 ,11,7,12 ,11,7,12,
		32 ,11,12,16 ,11,12,16,
		32 ,16,12,17 ,16,12,17,
		32 ,16,17,21 ,16,17,21,
		32 ,21,17,22 ,21,17,22,
		32 ,2,3,7 ,2,3,7,
		32 ,7,3,8 ,7,3,8,
		32 ,7,8,12 ,7,8,12,
		32 ,12,8,13 ,12,8,13,
		32 ,12,13,17 ,12,13,17,
		32 ,17,13,18 ,17,13,18,
		32 ,17,18,22 ,17,18,22,
		32 ,22,18,23 ,22,18,23,
		32 ,3,4,8 ,3,4,8,
		32 ,8,4,9 ,8,4,9,
		32 ,8,9,13 ,8,9,13,
		32 ,13,9,14 ,13,9,14,
		32 ,13,14,18 ,13,14,18,
		32 ,18,14,19 ,18,14,19,
		32 ,18,19,23 ,18,19,23,
		32 ,23,19,24 ,23,19,24
	]

}
