{
	"metadata" : {
		"formatVersion" : 3,
		"description" : "Exported from LibZinc."
	},

	"vertices" : [
		481.016388,244.245605,-1876.000000,481.016388,244.245605,-1876.000000,481.016388,244.245605,-1876.000000,481.016388,244.245605,-1876.000000,481.016388,244.245605,-1876.000000,483.882050,242.487244,-1873.896118,483.361877,243.198746,-1873.581787,482.630249,243.790894,-1873.553711,481.768829,244.222733,-1873.791992,480.859436,244.453262,-1874.276489,
		486.617645,240.669174,-1871.624756,485.550110,242.072006,-1871.080811,484.031738,243.298782,-1871.204468,482.309357,244.204819,-1871.813232,480.629852,244.645477,-1872.723999,489.012604,238.657959,-1869.291016,487.357086,240.620911,-1868.544922,485.102295,242.394226,-1868.827881,482.619934,243.709549,-1869.784546,480.281769,244.298538,-1871.059570,
		490.856293,236.320206,-1867.000000,488.558807,238.600952,-1866.022461,485.723328,240.702209,-1866.299438,482.682587,242.254593,-1867.426758,479.769409,242.888702,-1869.000000
	],

	"normals" : [
		0.517385,0.855551,0.018587,0.517385,0.855551,0.018587,0.517385,0.855551,0.018587,0.517385,0.855551,0.018587,0.517385,0.855551,0.018587,0.689212,0.600587,-0.405318,0.643828,0.702441,-0.303417,0.547019,0.809964,-0.211492,0.401848,0.902670,-0.153966,0.221844,0.963766,-0.148124,
		0.729881,0.598869,-0.329589,0.680543,0.704914,-0.199895,0.559750,0.825159,-0.076112,0.370721,0.928741,0.002443,0.094167,0.995500,0.010638,0.780345,0.603415,-0.164172,0.689568,0.721482,0.062928,0.477507,0.840198,0.257009,0.195123,0.911294,0.362589,-0.163866,0.917708,0.361884,
		0.801317,0.584287,0.128452,0.614857,0.661829,0.428873,0.322085,0.747401,0.581079,0.004802,0.780316,0.625367,-0.337641,0.741582,0.579703
	],

	"faces": [
		32 ,0,1,5 ,0,1,5,
		32 ,5,1,6 ,5,1,6,
		32 ,5,6,10 ,5,6,10,
		32 ,10,6,11 ,10,6,11,
		32 ,10,11,15 ,10,11,15,
		32 ,15,11,16 ,15,11,16,
		32 ,15,16,20 ,15,16,20,
		32 ,20,16,21 ,20,16,21,
		32 ,1,2,6 ,1,2,6,
		32 ,6,2,7 ,6,2,7,
		32 ,6,7,11 ,6,7,11,
		32 ,11,7,12 ,11,7,12,
		32 ,11,12,16 ,11,12,16,
		32 ,16,12,17 ,16,12,17,
		32 ,16,17,21 ,16,17,21,
		32 ,21,17,22 ,21,17,22,
		32 ,2,3,7 ,2,3,7,
		32 ,7,3,8 ,7,3,8,
		32 ,7,8,12 ,7,8,12,
		32 ,12,8,13 ,12,8,13,
		32 ,12,13,17 ,12,13,17,
		32 ,17,13,18 ,17,13,18,
		32 ,17,18,22 ,17,18,22,
		32 ,22,18,23 ,22,18,23,
		32 ,3,4,8 ,3,4,8,
		32 ,8,4,9 ,8,4,9,
		32 ,8,9,13 ,8,9,13,
		32 ,13,9,14 ,13,9,14,
		32 ,13,14,18 ,13,14,18,
		32 ,18,14,19 ,18,14,19,
		32 ,18,19,23 ,18,19,23,
		32 ,23,19,24 ,23,19,24
	]

}
