{
	"metadata" : {
		"formatVersion" : 3,
		"description" : "Exported from LibZinc."
	},

	"vertices" : [
		158.306702,171.261200,-1800.000000,158.918503,173.969543,-1796.571655,158.896561,175.762039,-1792.895630,157.916229,177.502960,-1789.021851,155.652802,180.056595,-1785.000000,157.354309,159.633224,-1792.533447,157.338562,163.220490,-1789.262085,156.801208,166.217957,-1785.775513,155.509003,169.199432,-1782.114502,153.228668,172.738693,-1778.320190,
		157.885086,147.784973,-1786.898315,157.149796,152.563507,-1783.701660,155.814789,157.407776,-1780.278076,153.882172,162.281296,-1776.678833,151.354050,167.147537,-1772.954956,158.749039,136.759949,-1781.563965,157.346481,142.943893,-1778.241211,155.272690,149.758606,-1774.768921,152.741699,156.575958,-1771.143799,149.967545,162.767868,-1767.362183,
		158.796204,127.601700,-1775.000000,156.922882,135.306992,-1771.231812,154.510315,143.697525,-1767.613525,151.793579,151.910828,-1763.938599,149.007797,159.084396,-1760.000000
	],

	"normals" : [
		0.978356,-0.204909,-0.028845,0.975812,-0.216217,0.032251,0.975372,-0.136055,0.173606,0.933517,0.024135,0.357721,0.854292,0.180157,0.487573,0.999386,-0.017616,-0.030291,0.996154,-0.016983,0.085961,0.971948,0.003199,0.235174,0.922291,0.058396,0.382060,0.862227,0.148729,0.484195,
		0.996491,0.082543,0.013857,0.981716,0.099029,0.162567,0.950494,0.108632,0.291135,0.913548,0.127142,0.386348,0.882334,0.174179,0.437204,0.988191,0.117113,0.098813,0.965578,0.150077,0.212453,0.943316,0.173693,0.282816,0.926873,0.198504,0.318595,0.916537,0.237359,0.321902,
		0.975050,0.100864,0.197750,0.959890,0.149859,0.236968,0.952205,0.191939,0.237625,0.947736,0.232036,0.218988,0.940508,0.278951,0.193987
	],

	"faces": [
		32 ,0,1,5 ,0,1,5,
		32 ,5,1,6 ,5,1,6,
		32 ,5,6,10 ,5,6,10,
		32 ,10,6,11 ,10,6,11,
		32 ,10,11,15 ,10,11,15,
		32 ,15,11,16 ,15,11,16,
		32 ,15,16,20 ,15,16,20,
		32 ,20,16,21 ,20,16,21,
		32 ,1,2,6 ,1,2,6,
		32 ,6,2,7 ,6,2,7,
		32 ,6,7,11 ,6,7,11,
		32 ,11,7,12 ,11,7,12,
		32 ,11,12,16 ,11,12,16,
		32 ,16,12,17 ,16,12,17,
		32 ,16,17,21 ,16,17,21,
		32 ,21,17,22 ,21,17,22,
		32 ,2,3,7 ,2,3,7,
		32 ,7,3,8 ,7,3,8,
		32 ,7,8,12 ,7,8,12,
		32 ,12,8,13 ,12,8,13,
		32 ,12,13,17 ,12,13,17,
		32 ,17,13,18 ,17,13,18,
		32 ,17,18,22 ,17,18,22,
		32 ,22,18,23 ,22,18,23,
		32 ,3,4,8 ,3,4,8,
		32 ,8,4,9 ,8,4,9,
		32 ,8,9,13 ,8,9,13,
		32 ,13,9,14 ,13,9,14,
		32 ,13,14,18 ,13,14,18,
		32 ,18,14,19 ,18,14,19,
		32 ,18,19,23 ,18,19,23,
		32 ,23,19,24 ,23,19,24
	]

}
