{
	"metadata" : {
		"formatVersion" : 3,
		"description" : "Exported from LibZinc."
	},

	"vertices" : [
		149.007797,159.084396,-1760.000000,146.258026,165.019196,-1755.805420,143.260696,170.131195,-1751.703613,139.668030,174.480515,-1748.000122,135.132202,178.127197,-1745.000000,148.773407,156.531906,-1750.483032,146.151962,162.735123,-1746.267822,143.049896,167.971085,-1742.488647,139.272110,172.343735,-1739.265869,134.623520,175.957047,-1736.720337,
		149.283859,154.827896,-1740.048950,146.750137,161.011139,-1735.983521,143.188004,166.225510,-1732.666748,138.812378,170.596451,-1730.015869,133.838181,174.249451,-1727.948242,150.059189,152.381226,-1729.590454,147.661514,158.495255,-1725.677856,143.621246,163.828003,-1722.734131,138.608185,168.416000,-1720.558960,133.292130,172.295776,-1718.952026,
		150.619400,147.600693,-1720.000000,148.495102,153.835449,-1716.076172,144.295853,159.712128,-1713.187012,138.978836,164.979767,-1711.204224,133.501297,169.387405,-1710.000000
	],

	"normals" : [
		0.940508,0.278951,0.193987,0.924464,0.338543,0.175369,0.875092,0.449167,0.180177,0.773531,0.597994,0.209890,0.612852,0.745236,0.262745,0.946815,0.319478,0.038400,0.907360,0.417836,0.045934,0.843853,0.527196,0.099878,0.738435,0.652665,0.169538,0.586422,0.780674,0.216002,
		0.957320,0.288587,-0.016012,0.882918,0.469260,0.015852,0.790161,0.605978,0.091846,0.684253,0.710111,0.165952,0.577167,0.791649,0.200424,0.978544,0.205999,-0.004124,0.880274,0.468585,0.074468,0.759330,0.632070,0.154612,0.654861,0.727835,0.203500,0.584793,0.781633,0.216951,
		0.994826,0.094823,0.036471,0.902755,0.382821,0.196168,0.778960,0.568771,0.264047,0.677423,0.685459,0.266918,0.603238,0.754853,0.257491
	],

	"faces": [
		32 ,0,1,5 ,0,1,5,
		32 ,5,1,6 ,5,1,6,
		32 ,5,6,10 ,5,6,10,
		32 ,10,6,11 ,10,6,11,
		32 ,10,11,15 ,10,11,15,
		32 ,15,11,16 ,15,11,16,
		32 ,15,16,20 ,15,16,20,
		32 ,20,16,21 ,20,16,21,
		32 ,1,2,6 ,1,2,6,
		32 ,6,2,7 ,6,2,7,
		32 ,6,7,11 ,6,7,11,
		32 ,11,7,12 ,11,7,12,
		32 ,11,12,16 ,11,12,16,
		32 ,16,12,17 ,16,12,17,
		32 ,16,17,21 ,16,17,21,
		32 ,21,17,22 ,21,17,22,
		32 ,2,3,7 ,2,3,7,
		32 ,7,3,8 ,7,3,8,
		32 ,7,8,12 ,7,8,12,
		32 ,12,8,13 ,12,8,13,
		32 ,12,13,17 ,12,13,17,
		32 ,17,13,18 ,17,13,18,
		32 ,17,18,22 ,17,18,22,
		32 ,22,18,23 ,22,18,23,
		32 ,3,4,8 ,3,4,8,
		32 ,8,4,9 ,8,4,9,
		32 ,8,9,13 ,8,9,13,
		32 ,13,9,14 ,13,9,14,
		32 ,13,14,18 ,13,14,18,
		32 ,18,14,19 ,18,14,19,
		32 ,18,19,23 ,18,19,23,
		32 ,23,19,24 ,23,19,24
	]

}
