{
	"metadata" : {
		"formatVersion" : 3,
		"description" : "Exported from LibZinc."
	},

	"vertices" : [
		116.390800,71.943367,-1795.000000,120.500984,70.698410,-1796.845337,124.680359,70.658363,-1798.236084,128.947830,71.518929,-1799.258789,133.322296,72.975777,-1800.000000,118.889458,66.076729,-1786.459473,122.987595,64.204247,-1788.505371,127.154221,63.639103,-1790.161133,131.410812,63.992580,-1791.456543,135.778900,64.875977,-1792.421509,
		119.969223,64.748932,-1777.500977,123.967972,62.485023,-1779.548706,128.096024,61.394032,-1781.233521,132.338654,61.129066,-1782.601807,136.681152,61.343246,-1783.699951,119.455803,66.918510,-1767.292114,123.348602,64.449448,-1769.194458,127.468575,62.907951,-1770.709106,131.749176,62.031326,-1771.974487,136.123856,61.556896,-1773.128540,
		117.174896,71.543999,-1755.000000,121.035973,69.006248,-1756.661499,125.234673,67.165665,-1757.843750,129.660217,65.802299,-1758.854126,134.201797,64.696228,-1760.000000
	],

	"normals" : [
		-0.564861,-0.681677,-0.465025,-0.344922,-0.690212,-0.636110,-0.139709,-0.650937,-0.746165,0.004697,-0.593880,-0.804540,0.083668,-0.542464,-0.835902,-0.605425,-0.775194,-0.180376,-0.384972,-0.865734,-0.319846,-0.161703,-0.884300,-0.438024,-0.001577,-0.852077,-0.523414,0.078237,-0.806289,-0.586325,
		-0.575093,-0.815061,0.070311,-0.355105,-0.934087,0.037169,-0.152715,-0.988113,-0.017610,-0.016951,-0.996171,-0.085762,0.040714,-0.986547,-0.158328,-0.544540,-0.815725,0.195114,-0.346369,-0.908916,0.232163,-0.189951,-0.954784,0.228704,-0.088458,-0.976516,0.196448,-0.042509,-0.988049,0.148160,
		-0.548675,-0.812101,0.198618,-0.382220,-0.886006,0.262491,-0.264297,-0.921404,0.284889,-0.186701,-0.941646,0.280082,-0.145945,-0.955386,0.256784
	],

	"faces": [
		32 ,0,1,5 ,0,1,5,
		32 ,5,1,6 ,5,1,6,
		32 ,5,6,10 ,5,6,10,
		32 ,10,6,11 ,10,6,11,
		32 ,10,11,15 ,10,11,15,
		32 ,15,11,16 ,15,11,16,
		32 ,15,16,20 ,15,16,20,
		32 ,20,16,21 ,20,16,21,
		32 ,1,2,6 ,1,2,6,
		32 ,6,2,7 ,6,2,7,
		32 ,6,7,11 ,6,7,11,
		32 ,11,7,12 ,11,7,12,
		32 ,11,12,16 ,11,12,16,
		32 ,16,12,17 ,16,12,17,
		32 ,16,17,21 ,16,17,21,
		32 ,21,17,22 ,21,17,22,
		32 ,2,3,7 ,2,3,7,
		32 ,7,3,8 ,7,3,8,
		32 ,7,8,12 ,7,8,12,
		32 ,12,8,13 ,12,8,13,
		32 ,12,13,17 ,12,13,17,
		32 ,17,13,18 ,17,13,18,
		32 ,17,18,22 ,17,18,22,
		32 ,22,18,23 ,22,18,23,
		32 ,3,4,8 ,3,4,8,
		32 ,8,4,9 ,8,4,9,
		32 ,8,9,13 ,8,9,13,
		32 ,13,9,14 ,13,9,14,
		32 ,13,14,18 ,13,14,18,
		32 ,18,14,19 ,18,14,19,
		32 ,18,19,23 ,18,19,23,
		32 ,23,19,24 ,23,19,24
	]

}
