{
	"metadata" : {
		"formatVersion" : 3,
		"description" : "Exported from LibZinc."
	},

	"vertices" : [
		112.421997,173.490097,-1710.000000,107.579453,171.942535,-1709.739868,103.419991,169.582306,-1709.395020,99.694199,166.134323,-1709.352661,96.152702,161.323502,-1710.000000,113.678490,171.657074,-1701.856934,108.623886,170.278687,-1701.453613,104.171638,167.986938,-1701.025024,100.170067,164.552979,-1700.910645,96.467468,159.747940,-1701.450195,
		115.506737,169.917252,-1693.823853,109.878098,168.573776,-1693.305420,104.701996,166.079422,-1692.940918,100.049767,162.352234,-1692.927002,95.992775,157.310242,-1693.460083,117.919891,167.845490,-1683.878906,111.392036,166.666473,-1683.246826,105.071732,163.880753,-1682.991577,99.386299,159.655746,-1683.145264,94.763069,154.158829,-1683.739990,
		120.931099,165.016602,-1670.000000,113.215614,164.395447,-1669.229980,105.341553,161.411957,-1669.026123,98.232681,156.587189,-1669.309326,92.812798,150.442200,-1670.000000
	],

	"normals" : [
		-0.217460,0.946235,0.239479,-0.370078,0.905159,0.209118,-0.573761,0.799248,0.178887,-0.746887,0.648406,0.147408,-0.849659,0.512929,0.122406,-0.163914,0.955792,0.244117,-0.323905,0.915262,0.239542,-0.531503,0.816692,0.224763,-0.721132,0.669323,0.178817,-0.842749,0.523440,0.125639,
		-0.110723,0.966379,0.232062,-0.304234,0.923101,0.235213,-0.511625,0.829743,0.223085,-0.701765,0.692339,0.167908,-0.840355,0.534067,0.092609,-0.022469,0.978219,0.206354,-0.276445,0.938954,0.204799,-0.492908,0.850295,0.184499,-0.682373,0.719710,0.128002,-0.840434,0.539925,0.046382,
		0.123364,0.977105,0.173343,-0.218211,0.960889,0.170515,-0.458771,0.876965,0.143046,-0.656873,0.748589,0.090178,-0.841578,0.540003,0.011993
	],

	"faces": [
		32 ,0,1,5 ,0,1,5,
		32 ,5,1,6 ,5,1,6,
		32 ,5,6,10 ,5,6,10,
		32 ,10,6,11 ,10,6,11,
		32 ,10,11,15 ,10,11,15,
		32 ,15,11,16 ,15,11,16,
		32 ,15,16,20 ,15,16,20,
		32 ,20,16,21 ,20,16,21,
		32 ,1,2,6 ,1,2,6,
		32 ,6,2,7 ,6,2,7,
		32 ,6,7,11 ,6,7,11,
		32 ,11,7,12 ,11,7,12,
		32 ,11,12,16 ,11,12,16,
		32 ,16,12,17 ,16,12,17,
		32 ,16,17,21 ,16,17,21,
		32 ,21,17,22 ,21,17,22,
		32 ,2,3,7 ,2,3,7,
		32 ,7,3,8 ,7,3,8,
		32 ,7,8,12 ,7,8,12,
		32 ,12,8,13 ,12,8,13,
		32 ,12,13,17 ,12,13,17,
		32 ,17,13,18 ,17,13,18,
		32 ,17,18,22 ,17,18,22,
		32 ,22,18,23 ,22,18,23,
		32 ,3,4,8 ,3,4,8,
		32 ,8,4,9 ,8,4,9,
		32 ,8,9,13 ,8,9,13,
		32 ,13,9,14 ,13,9,14,
		32 ,13,14,18 ,13,14,18,
		32 ,18,14,19 ,18,14,19,
		32 ,18,19,23 ,18,19,23,
		32 ,23,19,24 ,23,19,24
	]

}
