{
	"metadata" : {
		"formatVersion" : 3,
		"description" : "Exported from LibZinc."
	},

	"vertices" : [
		87.634804,102.453400,-1735.000000,92.347374,97.702614,-1737.451538,97.002586,93.782364,-1739.863403,101.361389,90.212669,-1742.343628,105.184700,86.513542,-1745.000000,90.813782,100.765976,-1723.605591,94.641312,97.149055,-1725.620361,98.223526,94.127419,-1727.855347,101.468102,91.412506,-1730.185181,104.282738,88.715797,-1732.484131,
		94.181557,99.430969,-1711.030396,96.641930,97.141052,-1712.624390,99.176674,94.903191,-1714.944580,101.471069,92.884132,-1717.366821,103.210388,91.250626,-1719.266602,97.501854,98.373741,-1697.939941,98.543022,97.368088,-1698.929077,99.926735,96.052872,-1700.777466,101.213455,94.846771,-1702.700928,101.963615,94.168442,-1703.915649,
		100.538399,97.519653,-1685.000000,100.538399,97.519653,-1685.000000,100.538399,97.519653,-1685.000000,100.538399,97.519653,-1685.000000,100.538399,97.519653,-1685.000000
	],

	"normals" : [
		-0.729281,-0.678786,0.086014,-0.643754,-0.760869,0.081602,-0.599960,-0.796190,0.078286,-0.622196,-0.778979,0.077867,-0.723771,-0.686999,0.064714,-0.688185,-0.718691,0.099426,-0.627077,-0.773506,0.091993,-0.596637,-0.797624,0.088439,-0.616482,-0.782571,0.086785,-0.700663,-0.709236,0.077818,
		-0.669279,-0.735162,0.107716,-0.620223,-0.778280,0.097998,-0.599563,-0.794704,0.094713,-0.605650,-0.790216,0.093527,-0.664132,-0.742317,0.088846,-0.672756,-0.731281,0.112374,-0.622796,-0.776047,0.099376,-0.606545,-0.789112,0.096977,-0.590091,-0.801353,0.098108,-0.491279,-0.862588,0.120779,
		-0.614616,-0.783824,0.088696,-0.614616,-0.783824,0.088696,-0.614616,-0.783824,0.088696,-0.614616,-0.783824,0.088696,-0.614616,-0.783824,0.088696
	],

	"faces": [
		32 ,0,1,5 ,0,1,5,
		32 ,5,1,6 ,5,1,6,
		32 ,5,6,10 ,5,6,10,
		32 ,10,6,11 ,10,6,11,
		32 ,10,11,15 ,10,11,15,
		32 ,15,11,16 ,15,11,16,
		32 ,15,16,20 ,15,16,20,
		32 ,20,16,21 ,20,16,21,
		32 ,1,2,6 ,1,2,6,
		32 ,6,2,7 ,6,2,7,
		32 ,6,7,11 ,6,7,11,
		32 ,11,7,12 ,11,7,12,
		32 ,11,12,16 ,11,12,16,
		32 ,16,12,17 ,16,12,17,
		32 ,16,17,21 ,16,17,21,
		32 ,21,17,22 ,21,17,22,
		32 ,2,3,7 ,2,3,7,
		32 ,7,3,8 ,7,3,8,
		32 ,7,8,12 ,7,8,12,
		32 ,12,8,13 ,12,8,13,
		32 ,12,13,17 ,12,13,17,
		32 ,17,13,18 ,17,13,18,
		32 ,17,18,22 ,17,18,22,
		32 ,22,18,23 ,22,18,23,
		32 ,3,4,8 ,3,4,8,
		32 ,8,4,9 ,8,4,9,
		32 ,8,9,13 ,8,9,13,
		32 ,13,9,14 ,13,9,14,
		32 ,13,14,18 ,13,14,18,
		32 ,18,14,19 ,18,14,19,
		32 ,18,19,23 ,18,19,23,
		32 ,23,19,24 ,23,19,24
	]

}
