{
	"metadata" : {
		"formatVersion" : 3,
		"description" : "Exported from LibZinc."
	},

	"vertices" : [
		150.673401,72.469368,-1760.000000,152.700882,76.499214,-1758.938843,154.303238,80.502968,-1758.070679,155.339920,85.070526,-1756.917236,155.670395,90.791771,-1755.000000,148.918594,77.577873,-1744.342407,150.985123,82.117714,-1743.213135,152.752792,86.787766,-1742.249390,153.969147,91.658691,-1741.153076,154.381805,96.801170,-1739.626099,
		147.097366,83.351151,-1726.824707,149.440277,88.475426,-1725.786865,151.482849,94.337387,-1724.373413,152.896927,99.825768,-1722.963989,153.354370,103.829292,-1721.938477,145.635925,88.991173,-1707.144653,148.278320,94.882553,-1706.605469,150.527603,102.016029,-1705.214966,152.059341,108.180641,-1703.823608,152.549088,111.165405,-1703.281616,
		144.960495,93.699913,-1685.000000,147.711197,100.649323,-1685.614868,149.921219,108.687874,-1685.546509,151.392471,115.332169,-1685.204956,151.926895,118.098801,-1685.000000
	],

	"normals" : [
		0.829194,-0.504035,0.241632,0.852603,-0.457159,0.253129,0.910751,-0.343168,0.229713,0.966466,-0.186371,0.176660,0.992694,-0.033285,0.115981,0.843104,-0.473739,0.254453,0.871738,-0.424816,0.244141,0.914709,-0.339907,0.218566,0.965644,-0.205715,0.158786,0.997254,-0.011606,0.073136,
		0.837798,-0.493850,0.232824,0.891843,-0.400650,0.209989,0.924016,-0.329808,0.193444,0.960579,-0.232517,0.152391,0.998725,0.036456,0.034927,0.846358,-0.503298,0.174269,0.920839,-0.359023,0.152178,0.944107,-0.294123,0.148839,0.961672,-0.237777,0.136565,0.979499,0.197524,-0.039584,
		0.887211,-0.453981,0.082207,0.950560,-0.300042,0.080062,0.967320,-0.236886,0.090428,0.973648,-0.203833,0.102285,-0.960886,-0.268181,0.069109
	],

	"faces": [
		32 ,0,1,5 ,0,1,5,
		32 ,5,1,6 ,5,1,6,
		32 ,5,6,10 ,5,6,10,
		32 ,10,6,11 ,10,6,11,
		32 ,10,11,15 ,10,11,15,
		32 ,15,11,16 ,15,11,16,
		32 ,15,16,20 ,15,16,20,
		32 ,20,16,21 ,20,16,21,
		32 ,1,2,6 ,1,2,6,
		32 ,6,2,7 ,6,2,7,
		32 ,6,7,11 ,6,7,11,
		32 ,11,7,12 ,11,7,12,
		32 ,11,12,16 ,11,12,16,
		32 ,16,12,17 ,16,12,17,
		32 ,16,17,21 ,16,17,21,
		32 ,21,17,22 ,21,17,22,
		32 ,2,3,7 ,2,3,7,
		32 ,7,3,8 ,7,3,8,
		32 ,7,8,12 ,7,8,12,
		32 ,12,8,13 ,12,8,13,
		32 ,12,13,17 ,12,13,17,
		32 ,17,13,18 ,17,13,18,
		32 ,17,18,22 ,17,18,22,
		32 ,22,18,23 ,22,18,23,
		32 ,3,4,8 ,3,4,8,
		32 ,8,4,9 ,8,4,9,
		32 ,8,9,13 ,8,9,13,
		32 ,13,9,14 ,13,9,14,
		32 ,13,14,18 ,13,14,18,
		32 ,18,14,19 ,18,14,19,
		32 ,18,19,23 ,18,19,23,
		32 ,23,19,24 ,23,19,24
	]

}
