{
	"metadata" : {
		"formatVersion" : 3,
		"description" : "Exported from LibZinc."
	},

	"vertices" : [
		151.233093,122.740402,-1740.000000,150.840729,129.451859,-1735.207642,150.918625,135.573425,-1730.012573,151.000336,141.493561,-1724.811035,150.619400,147.600693,-1720.000000,151.162506,121.662910,-1728.823120,150.893234,126.817276,-1724.772827,150.950211,131.329071,-1720.160889,151.051010,135.751709,-1715.489746,150.913116,140.638641,-1711.262085,
		151.138351,120.602951,-1717.164795,151.026199,123.731239,-1714.173340,151.114029,126.817833,-1710.035767,151.234161,129.909882,-1705.831909,151.218933,133.054535,-1702.641357,151.335007,119.451317,-1703.173950,151.337982,120.667252,-1701.539062,151.432205,122.315742,-1698.645996,151.532043,124.011200,-1695.710815,151.551849,125.368034,-1693.949829,
		151.926895,118.098801,-1685.000000,151.926895,118.098801,-1685.000000,151.926895,118.098801,-1685.000000,151.926895,118.098801,-1685.000000,151.926895,118.098801,-1685.000000
	],

	"normals" : [
		0.994793,0.101097,0.012895,0.999907,0.013566,-0.001321,0.999756,-0.021299,-0.005821,0.999958,0.006609,0.006417,0.994826,0.094823,0.036471,0.996414,0.083322,0.014736,0.999878,0.015316,-0.003069,0.999808,-0.012414,-0.015159,0.999940,0.003932,-0.010251,0.998321,0.056302,0.013599,
		0.996572,0.082684,0.002632,0.999812,0.012652,-0.014687,0.999654,-0.006955,-0.025385,0.999732,0.002816,-0.022989,0.999095,0.042520,0.001363,0.995607,0.092281,-0.015833,0.999556,0.006067,-0.029156,0.999423,-0.003397,-0.033797,0.999499,0.003820,-0.031417,0.998935,0.046142,-0.000236,
		0.999179,0.004814,-0.040214,0.999179,0.004814,-0.040214,0.999179,0.004814,-0.040214,0.999179,0.004814,-0.040214,0.999179,0.004814,-0.040214
	],

	"faces": [
		32 ,0,1,5 ,0,1,5,
		32 ,5,1,6 ,5,1,6,
		32 ,5,6,10 ,5,6,10,
		32 ,10,6,11 ,10,6,11,
		32 ,10,11,15 ,10,11,15,
		32 ,15,11,16 ,15,11,16,
		32 ,15,16,20 ,15,16,20,
		32 ,20,16,21 ,20,16,21,
		32 ,1,2,6 ,1,2,6,
		32 ,6,2,7 ,6,2,7,
		32 ,6,7,11 ,6,7,11,
		32 ,11,7,12 ,11,7,12,
		32 ,11,12,16 ,11,12,16,
		32 ,16,12,17 ,16,12,17,
		32 ,16,17,21 ,16,17,21,
		32 ,21,17,22 ,21,17,22,
		32 ,2,3,7 ,2,3,7,
		32 ,7,3,8 ,7,3,8,
		32 ,7,8,12 ,7,8,12,
		32 ,12,8,13 ,12,8,13,
		32 ,12,13,17 ,12,13,17,
		32 ,17,13,18 ,17,13,18,
		32 ,17,18,22 ,17,18,22,
		32 ,22,18,23 ,22,18,23,
		32 ,3,4,8 ,3,4,8,
		32 ,8,4,9 ,8,4,9,
		32 ,8,9,13 ,8,9,13,
		32 ,13,9,14 ,13,9,14,
		32 ,13,14,18 ,13,14,18,
		32 ,18,14,19 ,18,14,19,
		32 ,18,19,23 ,18,19,23,
		32 ,23,19,24 ,23,19,24
	]

}
