{
	"metadata" : {
		"formatVersion" : 3,
		"description" : "Exported from LibZinc."
	},

	"vertices" : [
		151.926895,118.098801,-1685.000000,151.122711,122.070915,-1683.478882,148.929199,131.472275,-1680.110474,145.674957,142.530365,-1676.686768,141.688599,151.472702,-1675.000000,154.351303,116.710571,-1661.236938,153.588303,123.794937,-1659.063477,151.795654,132.021713,-1656.719116,148.988129,140.399963,-1655.037842,145.180496,147.938751,-1654.853638,
		159.337524,115.420349,-1633.347656,158.453140,123.619537,-1631.909302,156.330994,131.666656,-1630.907593,153.159256,139.333633,-1630.238647,149.126160,146.392395,-1629.798706,165.998016,114.071754,-1603.784546,164.861847,122.596687,-1603.538940,162.057907,131.148224,-1603.724487,158.074081,139.275620,-1603.580078,153.398285,146.528091,-1602.344360,
		173.445206,112.508400,-1575.000000,171.959000,121.778358,-1575.474731,168.499100,131.207565,-1576.218384,163.618347,140.170166,-1576.352783,157.869598,148.040298,-1575.000000
	],

	"normals" : [
		0.000000,0.000000,-0.000000,0.969576,0.233486,-0.073524,0.955627,0.277844,-0.097873,0.933899,0.346536,-0.088013,0.841914,0.539460,-0.012795,0.986776,0.080079,-0.140924,0.968126,0.203329,-0.146253,0.945054,0.293546,-0.143888,0.913704,0.388165,-0.120303,0.846383,0.526443,-0.080587,
		0.978132,0.064945,-0.197588,0.958953,0.208626,-0.192053,0.926902,0.332479,-0.174097,0.883797,0.444530,-0.145935,0.826665,0.550924,-0.114487,0.971384,0.036293,-0.234726,0.949232,0.223582,-0.221292,0.907123,0.371162,-0.198409,0.851076,0.495970,-0.172288,0.778661,0.611122,-0.142186,
		0.964561,0.032444,-0.261856,0.941000,0.235942,-0.242589,0.891020,0.394203,-0.225137,0.821703,0.532459,-0.203203,0.722490,0.668417,-0.176711
	],

	"faces": [
		32 ,0,1,5 ,0,1,5,
		32 ,5,1,6 ,5,1,6,
		32 ,5,6,10 ,5,6,10,
		32 ,10,6,11 ,10,6,11,
		32 ,10,11,15 ,10,11,15,
		32 ,15,11,16 ,15,11,16,
		32 ,15,16,20 ,15,16,20,
		32 ,20,16,21 ,20,16,21,
		32 ,1,2,6 ,1,2,6,
		32 ,6,2,7 ,6,2,7,
		32 ,6,7,11 ,6,7,11,
		32 ,11,7,12 ,11,7,12,
		32 ,11,12,16 ,11,12,16,
		32 ,16,12,17 ,16,12,17,
		32 ,16,17,21 ,16,17,21,
		32 ,21,17,22 ,21,17,22,
		32 ,2,3,7 ,2,3,7,
		32 ,7,3,8 ,7,3,8,
		32 ,7,8,12 ,7,8,12,
		32 ,12,8,13 ,12,8,13,
		32 ,12,13,17 ,12,13,17,
		32 ,17,13,18 ,17,13,18,
		32 ,17,18,22 ,17,18,22,
		32 ,22,18,23 ,22,18,23,
		32 ,3,4,8 ,3,4,8,
		32 ,8,4,9 ,8,4,9,
		32 ,8,9,13 ,8,9,13,
		32 ,13,9,14 ,13,9,14,
		32 ,13,14,18 ,13,14,18,
		32 ,18,14,19 ,18,14,19,
		32 ,18,19,23 ,18,19,23,
		32 ,23,19,24 ,23,19,24
	]

}
