{
	"metadata" : {
		"formatVersion" : 3,
		"description" : "Exported from LibZinc."
	},

	"vertices" : [
		120.931099,165.016602,-1670.000000,113.215614,164.395447,-1669.229980,105.341553,161.411957,-1669.026123,98.232681,156.587189,-1669.309326,92.812798,150.442200,-1670.000000,123.593605,162.622482,-1650.677490,115.022980,162.812622,-1649.874878,106.066689,159.839615,-1649.668701,97.918594,154.601990,-1649.970093,91.772568,147.998245,-1650.690308,
		125.178497,162.087830,-1627.076416,116.368011,162.804520,-1626.416626,107.271240,159.907242,-1626.225952,98.934769,154.547638,-1626.467407,92.405205,147.877396,-1627.104248,126.025688,163.336624,-1601.187134,117.120270,163.961670,-1600.729126,108.219162,161.001205,-1600.570312,100.075775,155.636032,-1600.727173,93.443520,149.046890,-1601.215942,
		126.475098,166.292892,-1575.000000,117.149315,165.874557,-1574.686035,108.174431,162.507889,-1574.574585,100.136177,157.078979,-1574.675903,93.620300,150.473907,-1575.000000
	],

	"normals" : [
		0.123364,0.977105,0.173343,-0.218211,0.960889,0.170515,-0.458771,0.876965,0.143046,-0.656873,0.748589,0.090178,-0.841578,0.540003,0.011993,0.256337,0.965759,0.040019,-0.166898,0.984935,0.045258,-0.437039,0.898119,0.048781,-0.638304,0.768311,0.047599,-0.828541,0.559188,0.028791,
		0.326996,0.944579,-0.029045,-0.139960,0.989964,-0.019550,-0.437044,0.899433,-0.003636,-0.632560,0.774414,0.012318,-0.796907,0.603876,0.016498,0.302602,0.949501,-0.082951,-0.151134,0.986807,-0.058057,-0.449849,0.892296,-0.037999,-0.634172,0.772885,-0.021794,-0.770247,0.637640,-0.011635,
		0.135792,0.979864,-0.146377,-0.216528,0.972566,-0.085036,-0.466118,0.882223,-0.066456,-0.639035,0.766614,-0.062748,-0.776062,0.628669,-0.050018
	],

	"faces": [
		32 ,0,1,5 ,0,1,5,
		32 ,5,1,6 ,5,1,6,
		32 ,5,6,10 ,5,6,10,
		32 ,10,6,11 ,10,6,11,
		32 ,10,11,15 ,10,11,15,
		32 ,15,11,16 ,15,11,16,
		32 ,15,16,20 ,15,16,20,
		32 ,20,16,21 ,20,16,21,
		32 ,1,2,6 ,1,2,6,
		32 ,6,2,7 ,6,2,7,
		32 ,6,7,11 ,6,7,11,
		32 ,11,7,12 ,11,7,12,
		32 ,11,12,16 ,11,12,16,
		32 ,16,12,17 ,16,12,17,
		32 ,16,17,21 ,16,17,21,
		32 ,21,17,22 ,21,17,22,
		32 ,2,3,7 ,2,3,7,
		32 ,7,3,8 ,7,3,8,
		32 ,7,8,12 ,7,8,12,
		32 ,12,8,13 ,12,8,13,
		32 ,12,13,17 ,12,13,17,
		32 ,17,13,18 ,17,13,18,
		32 ,17,18,22 ,17,18,22,
		32 ,22,18,23 ,22,18,23,
		32 ,3,4,8 ,3,4,8,
		32 ,8,4,9 ,8,4,9,
		32 ,8,9,13 ,8,9,13,
		32 ,13,9,14 ,13,9,14,
		32 ,13,14,18 ,13,14,18,
		32 ,18,14,19 ,18,14,19,
		32 ,18,19,23 ,18,19,23,
		32 ,23,19,24 ,23,19,24
	]

}
