{
	"metadata" : {
		"formatVersion" : 3,
		"description" : "Exported from LibZinc."
	},

	"vertices" : [
		479.769409,242.888702,-1869.000000,477.229462,242.582520,-1870.796631,475.359772,241.642258,-1872.796509,474.569977,240.190918,-1874.898071,475.269714,238.351501,-1877.000000,479.093079,240.564957,-1866.836182,476.492889,240.029404,-1868.849976,474.549927,238.861664,-1871.154907,473.711517,237.286469,-1873.581787,474.424896,235.528519,-1875.962158,
		478.386871,237.582428,-1864.729980,476.390350,236.797852,-1866.841919,474.662231,235.419815,-1869.680542,473.700775,233.822739,-1872.577148,474.004333,232.380981,-1874.862671,477.805603,233.576645,-1862.205444,476.628326,232.580368,-1864.385376,475.186615,230.833511,-1868.107544,474.060364,229.037766,-1871.819824,473.829529,227.894836,-1873.970093,
		477.504089,228.183105,-1858.786011,476.913147,227.069489,-1861.093384,475.613037,224.619553,-1866.169556,474.312958,222.169617,-1871.245605,473.721985,221.056000,-1873.552979
	],

	"normals" : [
		-0.337641,0.741582,0.579703,-0.573731,0.683553,0.451208,-0.793496,0.575463,0.198006,-0.913142,0.342752,-0.220663,-0.752982,0.080487,-0.653100,-0.447493,0.628353,0.636335,-0.691916,0.463159,0.553837,-0.883899,0.268257,0.383093,-0.993953,0.108032,-0.019678,-0.829138,-0.042857,-0.557400,
		-0.581597,0.520528,0.625136,-0.823127,0.269000,0.500101,-0.911858,0.059265,0.406204,-0.985800,-0.026533,0.165813,-0.867992,-0.076240,-0.490690,-0.742220,0.406823,0.532546,-0.929161,0.139863,0.342197,-0.945417,0.005208,0.325820,-0.966783,-0.036337,0.253002,-0.909487,-0.034316,-0.414314,
		-0.639705,0.426092,0.639705,-0.974401,0.092814,0.204766,-0.972577,0.042217,0.228719,-0.969862,0.010279,0.243438,-0.988134,0.017422,0.152602
	],

	"faces": [
		32 ,0,1,5 ,0,1,5,
		32 ,5,1,6 ,5,1,6,
		32 ,5,6,10 ,5,6,10,
		32 ,10,6,11 ,10,6,11,
		32 ,10,11,15 ,10,11,15,
		32 ,15,11,16 ,15,11,16,
		32 ,15,16,20 ,15,16,20,
		32 ,20,16,21 ,20,16,21,
		32 ,1,2,6 ,1,2,6,
		32 ,6,2,7 ,6,2,7,
		32 ,6,7,11 ,6,7,11,
		32 ,11,7,12 ,11,7,12,
		32 ,11,12,16 ,11,12,16,
		32 ,16,12,17 ,16,12,17,
		32 ,16,17,21 ,16,17,21,
		32 ,21,17,22 ,21,17,22,
		32 ,2,3,7 ,2,3,7,
		32 ,7,3,8 ,7,3,8,
		32 ,7,8,12 ,7,8,12,
		32 ,12,8,13 ,12,8,13,
		32 ,12,13,17 ,12,13,17,
		32 ,17,13,18 ,17,13,18,
		32 ,17,18,22 ,17,18,22,
		32 ,22,18,23 ,22,18,23,
		32 ,3,4,8 ,3,4,8,
		32 ,8,4,9 ,8,4,9,
		32 ,8,9,13 ,8,9,13,
		32 ,13,9,14 ,13,9,14,
		32 ,13,14,18 ,13,14,18,
		32 ,18,14,19 ,18,14,19,
		32 ,18,19,23 ,18,19,23,
		32 ,23,19,24 ,23,19,24
	]

}
