{
	"metadata" : {
		"formatVersion" : 3,
		"description" : "Exported from LibZinc."
	},

	"vertices" : [
		100.538399,97.519653,-1685.000000,102.901611,95.921913,-1685.214600,108.703011,92.209778,-1685.572144,116.010223,88.004822,-1685.643677,122.890900,84.928658,-1685.000000,98.942902,98.718773,-1661.060059,103.219810,94.225891,-1658.365234,108.729385,90.879150,-1658.749756,115.093033,88.264282,-1659.983398,121.932159,85.966995,-1659.835938,
		97.385262,96.252190,-1633.168701,103.010895,91.155563,-1631.612061,108.973404,87.536461,-1631.739868,115.478928,84.969452,-1632.319092,122.733574,83.029091,-1632.116577,96.161385,91.778107,-1603.692993,102.656433,86.887527,-1604.431030,109.431152,82.777008,-1604.310425,116.688484,79.696754,-1603.792480,124.631378,77.896965,-1603.338745,
		95.567200,86.954742,-1575.000000,102.537971,81.598373,-1576.297974,110.098679,77.196098,-1576.228882,118.242294,74.022614,-1575.545410,126.961800,72.352623,-1575.000000
	],

	"normals" : [
		0.000000,-0.000000,0.000000,-0.554022,-0.832372,-0.014701,-0.524008,-0.851695,-0.005646,-0.466980,-0.882240,0.059856,-0.328789,-0.937236,0.116127,-0.792861,-0.605376,-0.069937,-0.604837,-0.793103,-0.071830,-0.447724,-0.890723,-0.078462,-0.344327,-0.936633,-0.064484,-0.301881,-0.952324,-0.044123,
		-0.698416,-0.704624,-0.125379,-0.586191,-0.801560,-0.117824,-0.443903,-0.886647,-0.129642,-0.308108,-0.940747,-0.141651,-0.204848,-0.969183,-0.136830,-0.640294,-0.753975,-0.146784,-0.564160,-0.812328,-0.147806,-0.449110,-0.879385,-0.158058,-0.295262,-0.939533,-0.173487,-0.119918,-0.976022,-0.181664,
		-0.670543,-0.731667,-0.122621,-0.561182,-0.812176,-0.159515,-0.423565,-0.889864,-0.169512,-0.263186,-0.949933,-0.168407,-0.085625,-0.980681,-0.175875
	],

	"faces": [
		32 ,0,1,5 ,0,1,5,
		32 ,5,1,6 ,5,1,6,
		32 ,5,6,10 ,5,6,10,
		32 ,10,6,11 ,10,6,11,
		32 ,10,11,15 ,10,11,15,
		32 ,15,11,16 ,15,11,16,
		32 ,15,16,20 ,15,16,20,
		32 ,20,16,21 ,20,16,21,
		32 ,1,2,6 ,1,2,6,
		32 ,6,2,7 ,6,2,7,
		32 ,6,7,11 ,6,7,11,
		32 ,11,7,12 ,11,7,12,
		32 ,11,12,16 ,11,12,16,
		32 ,16,12,17 ,16,12,17,
		32 ,16,17,21 ,16,17,21,
		32 ,21,17,22 ,21,17,22,
		32 ,2,3,7 ,2,3,7,
		32 ,7,3,8 ,7,3,8,
		32 ,7,8,12 ,7,8,12,
		32 ,12,8,13 ,12,8,13,
		32 ,12,13,17 ,12,13,17,
		32 ,17,13,18 ,17,13,18,
		32 ,17,18,22 ,17,18,22,
		32 ,22,18,23 ,22,18,23,
		32 ,3,4,8 ,3,4,8,
		32 ,8,4,9 ,8,4,9,
		32 ,8,9,13 ,8,9,13,
		32 ,13,9,14 ,13,9,14,
		32 ,13,14,18 ,13,14,18,
		32 ,18,14,19 ,18,14,19,
		32 ,18,19,23 ,18,19,23,
		32 ,23,19,24 ,23,19,24
	]

}
