{
	"metadata" : {
		"formatVersion" : 3,
		"description" : "Exported from LibZinc."
	},

	"vertices" : [
		173.445206,112.508400,-1575.000000,171.959000,121.778358,-1575.474731,168.499100,131.207565,-1576.218384,163.618347,140.170166,-1576.352783,157.869598,148.040298,-1575.000000,182.993301,111.873451,-1547.792603,180.804367,122.627487,-1548.306030,176.360184,133.239639,-1548.940308,170.182068,143.158264,-1549.139160,162.791306,151.831726,-1548.346924,
		194.444778,113.004532,-1520.858032,191.214539,125.215424,-1521.216064,185.315063,137.169144,-1521.536011,177.401413,148.213150,-1521.605225,168.128677,157.694885,-1521.211548,204.644455,115.286926,-1493.494385,200.469360,128.506699,-1493.618530,193.338760,141.531738,-1493.695801,184.031296,153.527374,-1493.666382,173.325577,163.658951,-1493.470337,
		210.437195,118.105904,-1465.000000,205.848694,131.465851,-1464.927002,198.406357,144.863052,-1465.110229,188.826584,157.293488,-1465.238403,177.825806,167.753098,-1465.000000
	],

	"normals" : [
		0.964561,0.032444,-0.261856,0.941000,0.235942,-0.242589,0.891020,0.394203,-0.225137,0.821703,0.532459,-0.203203,0.722490,0.668417,-0.176711,0.923142,0.067471,-0.378492,0.898134,0.261836,-0.353267,0.846123,0.425180,-0.321400,0.769359,0.569407,-0.289591,0.658970,0.704603,-0.263234,
		0.912931,0.116427,-0.391154,0.872526,0.323276,-0.366320,0.809052,0.482346,-0.335824,0.726854,0.613642,-0.308427,0.617528,0.732158,-0.287407,0.937111,0.172234,-0.303577,0.878634,0.380719,-0.288193,0.803186,0.529382,-0.273218,0.714484,0.648874,-0.261678,0.600877,0.759070,-0.250518,
		0.969673,0.220377,-0.105681,0.905532,0.409222,-0.112019,0.828890,0.544859,-0.126767,0.736844,0.660570,-0.143904,0.611672,0.776507,-0.151309
	],

	"faces": [
		32 ,0,1,5 ,0,1,5,
		32 ,5,1,6 ,5,1,6,
		32 ,5,6,10 ,5,6,10,
		32 ,10,6,11 ,10,6,11,
		32 ,10,11,15 ,10,11,15,
		32 ,15,11,16 ,15,11,16,
		32 ,15,16,20 ,15,16,20,
		32 ,20,16,21 ,20,16,21,
		32 ,1,2,6 ,1,2,6,
		32 ,6,2,7 ,6,2,7,
		32 ,6,7,11 ,6,7,11,
		32 ,11,7,12 ,11,7,12,
		32 ,11,12,16 ,11,12,16,
		32 ,16,12,17 ,16,12,17,
		32 ,16,17,21 ,16,17,21,
		32 ,21,17,22 ,21,17,22,
		32 ,2,3,7 ,2,3,7,
		32 ,7,3,8 ,7,3,8,
		32 ,7,8,12 ,7,8,12,
		32 ,12,8,13 ,12,8,13,
		32 ,12,13,17 ,12,13,17,
		32 ,17,13,18 ,17,13,18,
		32 ,17,18,22 ,17,18,22,
		32 ,22,18,23 ,22,18,23,
		32 ,3,4,8 ,3,4,8,
		32 ,8,4,9 ,8,4,9,
		32 ,8,9,13 ,8,9,13,
		32 ,13,9,14 ,13,9,14,
		32 ,13,14,18 ,13,14,18,
		32 ,18,14,19 ,18,14,19,
		32 ,18,19,23 ,18,19,23,
		32 ,23,19,24 ,23,19,24
	]

}
