{
	"metadata" : {
		"formatVersion" : 3,
		"description" : "Exported from LibZinc."
	},

	"vertices" : [
		95.567200,86.954742,-1575.000000,102.537971,81.598373,-1576.297974,110.098679,77.196098,-1576.228882,118.242294,74.022614,-1575.545410,126.961800,72.352623,-1575.000000,95.915016,81.647285,-1547.738770,103.491402,75.314156,-1548.131836,111.992645,70.865227,-1548.204712,121.219933,68.087738,-1548.015625,130.974472,66.768913,-1547.622559,
		96.959351,75.624344,-1520.649414,105.571198,68.765335,-1520.695923,115.431480,64.289124,-1520.700562,126.136795,61.859116,-1520.629150,137.283722,61.138702,-1520.447144,98.159416,70.399231,-1493.235352,107.986786,63.185135,-1493.232300,119.363907,58.712914,-1493.113770,131.667145,56.652534,-1493.009277,144.272873,56.673973,-1493.048096,
		98.974403,67.485252,-1465.000000,109.947594,59.806770,-1464.982788,122.738640,55.381706,-1464.841675,136.485260,53.783783,-1464.779663,150.325195,54.586720,-1465.000000
	],

	"normals" : [
		-0.670543,-0.731667,-0.122621,-0.561182,-0.812176,-0.159515,-0.423565,-0.889864,-0.169512,-0.263186,-0.949933,-0.168407,-0.085625,-0.980681,-0.175875,-0.720647,-0.681400,-0.127915,-0.548555,-0.819967,-0.163530,-0.365638,-0.912746,-0.182217,-0.197166,-0.961552,-0.191162,-0.055486,-0.978653,-0.197888,
		-0.716097,-0.688145,-0.116882,-0.511040,-0.846416,-0.149727,-0.306828,-0.936242,-0.171194,-0.132544,-0.973872,-0.184404,0.006163,-0.981591,-0.190896,-0.699100,-0.710193,-0.082976,-0.472141,-0.874845,-0.108299,-0.256292,-0.958447,-0.125274,-0.075270,-0.987797,-0.136348,0.073173,-0.987141,-0.142125,
		-0.694857,-0.718852,-0.020623,-0.444754,-0.894961,-0.035182,-0.213581,-0.976089,-0.040408,-0.023529,-0.998896,-0.040658,0.134221,-0.990106,-0.040919
	],

	"faces": [
		32 ,0,1,5 ,0,1,5,
		32 ,5,1,6 ,5,1,6,
		32 ,5,6,10 ,5,6,10,
		32 ,10,6,11 ,10,6,11,
		32 ,10,11,15 ,10,11,15,
		32 ,15,11,16 ,15,11,16,
		32 ,15,16,20 ,15,16,20,
		32 ,20,16,21 ,20,16,21,
		32 ,1,2,6 ,1,2,6,
		32 ,6,2,7 ,6,2,7,
		32 ,6,7,11 ,6,7,11,
		32 ,11,7,12 ,11,7,12,
		32 ,11,12,16 ,11,12,16,
		32 ,16,12,17 ,16,12,17,
		32 ,16,17,21 ,16,17,21,
		32 ,21,17,22 ,21,17,22,
		32 ,2,3,7 ,2,3,7,
		32 ,7,3,8 ,7,3,8,
		32 ,7,8,12 ,7,8,12,
		32 ,12,8,13 ,12,8,13,
		32 ,12,13,17 ,12,13,17,
		32 ,17,13,18 ,17,13,18,
		32 ,17,18,22 ,17,18,22,
		32 ,22,18,23 ,22,18,23,
		32 ,3,4,8 ,3,4,8,
		32 ,8,4,9 ,8,4,9,
		32 ,8,9,13 ,8,9,13,
		32 ,13,9,14 ,13,9,14,
		32 ,13,14,18 ,13,14,18,
		32 ,18,14,19 ,18,14,19,
		32 ,18,19,23 ,18,19,23,
		32 ,23,19,24 ,23,19,24
	]

}
