{
	"metadata" : {
		"formatVersion" : 3,
		"description" : "Exported from LibZinc."
	},

	"vertices" : [
		126.961800,72.352623,-1575.000000,136.203125,72.527718,-1574.791870,145.439514,74.599426,-1574.670288,153.954956,78.407310,-1574.713623,161.033401,83.790947,-1575.000000,130.974472,66.768913,-1547.622559,141.324661,67.098328,-1547.321533,151.834183,69.380440,-1547.287598,161.547195,73.574806,-1547.397217,169.507782,79.640991,-1547.527100,
		137.283722,61.138702,-1520.447144,149.049484,61.924526,-1520.304810,161.090515,64.429962,-1520.321533,172.222229,68.943504,-1520.416870,181.260040,75.753632,-1520.510742,144.272873,56.673973,-1493.048096,157.376846,58.150105,-1493.135254,170.702866,61.071301,-1493.142578,182.919312,66.033783,-1493.150391,192.694550,73.633774,-1493.238892,
		150.325195,54.586720,-1465.000000,164.305969,56.918850,-1465.206421,178.165604,60.627750,-1465.121094,190.577682,66.366035,-1464.975342,200.215698,74.786308,-1465.000000
	],

	"normals" : [
		-0.085625,-0.980681,-0.175875,0.123296,-0.973128,-0.194471,0.307332,-0.928221,-0.209648,0.488290,-0.843565,-0.223541,0.679500,-0.696264,-0.231292,-0.055486,-0.978653,-0.197888,0.122910,-0.966312,-0.226128,0.288855,-0.919071,-0.268088,0.466315,-0.825324,-0.318419,0.666194,-0.650119,-0.365418,
		0.006163,-0.981591,-0.190896,0.128868,-0.969711,-0.207495,0.271531,-0.929398,-0.249979,0.452753,-0.835267,-0.312000,0.671506,-0.636391,-0.379587,0.073173,-0.987141,-0.142125,0.152490,-0.978305,-0.140232,0.279811,-0.945922,-0.164125,0.471056,-0.855990,-0.213041,0.715366,-0.641120,-0.277880,
		0.134221,-0.990106,-0.040919,0.201574,-0.979158,-0.024853,0.326679,-0.945011,-0.015317,0.526843,-0.849702,-0.021032,0.786161,-0.616114,-0.048519
	],

	"faces": [
		32 ,0,1,5 ,0,1,5,
		32 ,5,1,6 ,5,1,6,
		32 ,5,6,10 ,5,6,10,
		32 ,10,6,11 ,10,6,11,
		32 ,10,11,15 ,10,11,15,
		32 ,15,11,16 ,15,11,16,
		32 ,15,16,20 ,15,16,20,
		32 ,20,16,21 ,20,16,21,
		32 ,1,2,6 ,1,2,6,
		32 ,6,2,7 ,6,2,7,
		32 ,6,7,11 ,6,7,11,
		32 ,11,7,12 ,11,7,12,
		32 ,11,12,16 ,11,12,16,
		32 ,16,12,17 ,16,12,17,
		32 ,16,17,21 ,16,17,21,
		32 ,21,17,22 ,21,17,22,
		32 ,2,3,7 ,2,3,7,
		32 ,7,3,8 ,7,3,8,
		32 ,7,8,12 ,7,8,12,
		32 ,12,8,13 ,12,8,13,
		32 ,12,13,17 ,12,13,17,
		32 ,17,13,18 ,17,13,18,
		32 ,17,18,22 ,17,18,22,
		32 ,22,18,23 ,22,18,23,
		32 ,3,4,8 ,3,4,8,
		32 ,8,4,9 ,8,4,9,
		32 ,8,9,13 ,8,9,13,
		32 ,13,9,14 ,13,9,14,
		32 ,13,14,18 ,13,14,18,
		32 ,18,14,19 ,18,14,19,
		32 ,18,19,23 ,18,19,23,
		32 ,23,19,24 ,23,19,24
	]

}
