{
	"metadata" : {
		"formatVersion" : 3,
		"description" : "Exported from LibZinc."
	},

	"vertices" : [
		475.269714,238.351501,-1877.000000,477.426849,236.231720,-1878.477051,480.423401,234.126373,-1878.870361,483.790161,232.439041,-1878.328491,487.057892,231.573303,-1877.000000,474.424896,235.528519,-1875.962158,476.821686,233.684692,-1877.555786,480.323792,231.905960,-1877.895020,484.313995,230.498169,-1877.218994,488.174927,229.767120,-1875.767212,
		474.004333,232.380981,-1874.862671,476.273865,231.160477,-1876.088013,480.192505,230.062927,-1876.333374,484.731842,229.216431,-1875.723999,488.863342,228.749054,-1874.385132,473.829529,227.894836,-1873.970093,475.850983,227.364349,-1874.598755,480.096497,226.941956,-1874.718506,485.068237,226.633316,-1874.236694,489.268402,226.444107,-1873.060425,
		473.721985,221.056000,-1873.552979,475.620575,221.001602,-1873.612915,480.102600,220.887695,-1873.583252,485.347687,220.788269,-1873.150269,489.535309,220.777298,-1872.000000
	],

	"normals" : [
		-0.752982,0.080487,-0.653100,-0.374322,-0.069743,-0.924672,-0.070203,-0.166154,-0.983598,0.183493,-0.220642,-0.957939,0.467909,-0.107163,-0.877256,-0.829138,-0.042857,-0.557400,-0.456506,-0.338942,-0.822630,-0.209179,-0.588571,-0.780915,-0.016785,-0.731680,-0.681442,0.293334,-0.645636,-0.705060,
		-0.867992,-0.076240,-0.490690,-0.331281,-0.398901,-0.855062,-0.098508,-0.598694,-0.794897,0.056116,-0.688230,-0.723319,0.289039,-0.638050,-0.713687,-0.909487,-0.034316,-0.414314,-0.145601,-0.250630,-0.957071,0.008008,-0.321573,-0.946851,0.141579,-0.315389,-0.938342,0.401507,-0.261483,-0.877735,
		0.999839,-0.016052,-0.008026,-0.021156,-0.068750,-0.997410,0.032456,-0.088203,-0.995574,0.144014,-0.086942,-0.985749,0.467068,-0.079825,-0.880611
	],

	"faces": [
		32 ,0,1,5 ,0,1,5,
		32 ,5,1,6 ,5,1,6,
		32 ,5,6,10 ,5,6,10,
		32 ,10,6,11 ,10,6,11,
		32 ,10,11,15 ,10,11,15,
		32 ,15,11,16 ,15,11,16,
		32 ,15,16,20 ,15,16,20,
		32 ,20,16,21 ,20,16,21,
		32 ,1,2,6 ,1,2,6,
		32 ,6,2,7 ,6,2,7,
		32 ,6,7,11 ,6,7,11,
		32 ,11,7,12 ,11,7,12,
		32 ,11,12,16 ,11,12,16,
		32 ,16,12,17 ,16,12,17,
		32 ,16,17,21 ,16,17,21,
		32 ,21,17,22 ,21,17,22,
		32 ,2,3,7 ,2,3,7,
		32 ,7,3,8 ,7,3,8,
		32 ,7,8,12 ,7,8,12,
		32 ,12,8,13 ,12,8,13,
		32 ,12,13,17 ,12,13,17,
		32 ,17,13,18 ,17,13,18,
		32 ,17,18,22 ,17,18,22,
		32 ,22,18,23 ,22,18,23,
		32 ,3,4,8 ,3,4,8,
		32 ,8,4,9 ,8,4,9,
		32 ,8,9,13 ,8,9,13,
		32 ,13,9,14 ,13,9,14,
		32 ,13,14,18 ,13,14,18,
		32 ,18,14,19 ,18,14,19,
		32 ,18,19,23 ,18,19,23,
		32 ,23,19,24 ,23,19,24
	]

}
