{
	"metadata" : {
		"formatVersion" : 3,
		"description" : "Exported from LibZinc."
	},

	"vertices" : [
		177.825806,167.753098,-1465.000000,165.575912,175.723984,-1464.631714,152.210724,181.329453,-1464.543457,138.389496,184.527390,-1464.683472,124.771500,185.275696,-1465.000000,183.810028,170.355896,-1434.458984,172.378860,178.213333,-1433.983276,159.853760,183.983475,-1433.984009,146.742111,187.653015,-1434.277100,133.551285,189.208725,-1434.679077,
		192.147858,173.401581,-1402.767334,181.737411,180.847107,-1402.464844,170.186478,186.597351,-1402.520386,157.958878,190.592941,-1402.757690,145.518417,192.774536,-1403.000366,200.316589,177.252838,-1373.193481,190.573380,184.383469,-1373.107056,179.677353,190.232239,-1373.180054,168.073425,194.614548,-1373.311523,156.206512,197.345764,-1373.400391,
		205.793503,182.272400,-1349.005981,195.808517,189.580627,-1348.940552,184.794830,195.949326,-1348.990356,173.119400,200.985245,-1349.125122,161.149200,204.295105,-1349.314941
	],

	"normals" : [
		0.611672,0.776507,-0.151309,0.458238,0.875964,-0.150681,0.303093,0.940882,-0.151244,0.142644,0.978118,-0.151449,-0.032009,0.987837,-0.152164,0.614884,0.759165,-0.213508,0.479803,0.855100,-0.196453,0.340472,0.923736,-0.175473,0.195739,0.968848,-0.151721,0.041301,0.991286,-0.125082,
		0.620127,0.742514,-0.253210,0.497205,0.835398,-0.234300,0.371843,0.903643,-0.212512,0.241720,0.951836,-0.188624,0.101828,0.981823,-0.160170,0.620099,0.732610,-0.280641,0.512080,0.815848,-0.268637,0.401660,0.877786,-0.261078,0.283630,0.924676,-0.254025,0.149934,0.959045,-0.240316,
		0.600532,0.739441,-0.304283,0.521141,0.797272,-0.304580,0.428666,0.842152,-0.327148,0.317951,0.877296,-0.359526,0.181053,0.902934,-0.389781
	],

	"faces": [
		32 ,0,1,5 ,0,1,5,
		32 ,5,1,6 ,5,1,6,
		32 ,5,6,10 ,5,6,10,
		32 ,10,6,11 ,10,6,11,
		32 ,10,11,15 ,10,11,15,
		32 ,15,11,16 ,15,11,16,
		32 ,15,16,20 ,15,16,20,
		32 ,20,16,21 ,20,16,21,
		32 ,1,2,6 ,1,2,6,
		32 ,6,2,7 ,6,2,7,
		32 ,6,7,11 ,6,7,11,
		32 ,11,7,12 ,11,7,12,
		32 ,11,12,16 ,11,12,16,
		32 ,16,12,17 ,16,12,17,
		32 ,16,17,21 ,16,17,21,
		32 ,21,17,22 ,21,17,22,
		32 ,2,3,7 ,2,3,7,
		32 ,7,3,8 ,7,3,8,
		32 ,7,8,12 ,7,8,12,
		32 ,12,8,13 ,12,8,13,
		32 ,12,13,17 ,12,13,17,
		32 ,17,13,18 ,17,13,18,
		32 ,17,18,22 ,17,18,22,
		32 ,22,18,23 ,22,18,23,
		32 ,3,4,8 ,3,4,8,
		32 ,8,4,9 ,8,4,9,
		32 ,8,9,13 ,8,9,13,
		32 ,13,9,14 ,13,9,14,
		32 ,13,14,18 ,13,14,18,
		32 ,18,14,19 ,18,14,19,
		32 ,18,19,23 ,18,19,23,
		32 ,23,19,24 ,23,19,24
	]

}
