{
	"metadata" : {
		"formatVersion" : 3,
		"description" : "Exported from LibZinc."
	},

	"vertices" : [
		79.261597,116.402298,-1465.000000,80.586395,103.770477,-1464.971069,84.298759,90.658615,-1464.936768,90.420738,78.189331,-1464.934082,98.974403,67.485252,-1465.000000,82.994881,120.309540,-1434.552124,83.549904,107.079910,-1434.575806,86.513237,93.339722,-1434.529175,92.108192,80.129883,-1434.459595,100.558105,68.491318,-1434.415039,
		90.996986,126.086639,-1402.957275,90.326202,112.714798,-1402.967896,91.947838,98.853691,-1402.854858,96.300919,85.347038,-1402.703003,103.824455,73.038582,-1402.596802,99.471771,132.673355,-1373.409790,97.819107,119.377991,-1373.407715,98.264175,105.685471,-1373.286987,101.413307,92.233238,-1373.129272,107.872849,79.658730,-1373.016479,
		104.623100,139.009399,-1349.104004,102.932457,125.772331,-1349.155762,103.123848,112.320023,-1349.198120,105.859772,99.180916,-1349.203613,111.802696,86.883438,-1349.145020
	],

	"normals" : [
		-0.999854,-0.011497,0.012619,-0.981891,-0.189058,0.012150,-0.935210,-0.354074,0.003674,-0.848776,-0.528706,-0.007080,-0.694857,-0.718852,-0.020623,-0.979851,0.043439,0.194949,-0.975105,-0.122672,0.184719,-0.941952,-0.291955,0.165796,-0.865545,-0.479179,0.145672,-0.720554,-0.682356,0.123259,
		-0.960699,0.122991,0.248860,-0.969436,-0.027189,0.243832,-0.952251,-0.198272,0.232176,-0.890521,-0.397867,0.220624,-0.760739,-0.615089,0.207224,-0.958920,0.184605,0.215392,-0.972101,0.051643,0.228805,-0.963693,-0.116807,0.240108,-0.911526,-0.323900,0.253397,-0.791608,-0.550777,0.264578,
		-0.981716,0.182517,0.054049,-0.990561,0.062953,0.121757,-0.976493,-0.099142,0.191398,-0.916447,-0.302185,0.262316,-0.788795,-0.520847,0.326374
	],

	"faces": [
		32 ,0,1,5 ,0,1,5,
		32 ,5,1,6 ,5,1,6,
		32 ,5,6,10 ,5,6,10,
		32 ,10,6,11 ,10,6,11,
		32 ,10,11,15 ,10,11,15,
		32 ,15,11,16 ,15,11,16,
		32 ,15,16,20 ,15,16,20,
		32 ,20,16,21 ,20,16,21,
		32 ,1,2,6 ,1,2,6,
		32 ,6,2,7 ,6,2,7,
		32 ,6,7,11 ,6,7,11,
		32 ,11,7,12 ,11,7,12,
		32 ,11,12,16 ,11,12,16,
		32 ,16,12,17 ,16,12,17,
		32 ,16,17,21 ,16,17,21,
		32 ,21,17,22 ,21,17,22,
		32 ,2,3,7 ,2,3,7,
		32 ,7,3,8 ,7,3,8,
		32 ,7,8,12 ,7,8,12,
		32 ,12,8,13 ,12,8,13,
		32 ,12,13,17 ,12,13,17,
		32 ,17,13,18 ,17,13,18,
		32 ,17,18,22 ,17,18,22,
		32 ,22,18,23 ,22,18,23,
		32 ,3,4,8 ,3,4,8,
		32 ,8,4,9 ,8,4,9,
		32 ,8,9,13 ,8,9,13,
		32 ,13,9,14 ,13,9,14,
		32 ,13,14,18 ,13,14,18,
		32 ,18,14,19 ,18,14,19,
		32 ,18,19,23 ,18,19,23,
		32 ,23,19,24 ,23,19,24
	]

}
