{
	"metadata" : {
		"formatVersion" : 3,
		"description" : "Exported from LibZinc."
	},

	"vertices" : [
		150.325195,54.586720,-1465.000000,164.305969,56.918850,-1465.206421,178.165604,60.627750,-1465.121094,190.577682,66.366035,-1464.975342,200.215698,74.786308,-1465.000000,154.962143,54.731327,-1434.602661,169.292862,57.889084,-1434.808105,182.979263,62.755177,-1434.706543,194.856003,69.691032,-1434.519653,203.757782,79.058090,-1434.469238,
		158.692886,56.309856,-1402.785767,173.084351,60.030823,-1402.974609,186.399734,66.047600,-1403.001709,197.705338,74.259354,-1402.947754,206.067429,84.565254,-1402.893188,161.382385,59.555820,-1373.068237,175.615891,63.455395,-1373.215698,188.554520,70.235573,-1373.357666,199.503387,79.341080,-1373.442261,207.767624,90.216644,-1373.417603,
		162.895599,64.702728,-1348.968994,176.822891,68.274124,-1349.041626,189.571045,75.049652,-1349.125610,200.627914,84.206314,-1349.186157,209.481293,94.921112,-1349.187988
	],

	"normals" : [
		0.134221,-0.990106,-0.040919,0.201574,-0.979158,-0.024853,0.326679,-0.945011,-0.015317,0.526843,-0.849702,-0.021032,0.786161,-0.616114,-0.048519,0.167633,-0.985844,0.003341,0.268048,-0.963358,0.009517,0.410012,-0.911700,0.026322,0.606654,-0.794191,0.035100,0.835957,-0.548631,0.013401,
		0.171995,-0.983464,0.056711,0.329191,-0.942950,0.049794,0.495509,-0.866450,0.061116,0.678664,-0.731381,0.067064,0.863826,-0.502177,0.040287,0.153181,-0.978772,0.136168,0.367312,-0.923277,0.112434,0.552147,-0.827068,0.105323,0.716998,-0.690996,0.091864,0.864654,-0.500138,0.047284,
		0.113487,-0.951181,0.287012,0.358550,-0.902486,0.238665,0.550923,-0.813222,0.187494,0.703139,-0.700427,0.122460,0.828223,-0.559719,0.027615
	],

	"faces": [
		32 ,0,1,5 ,0,1,5,
		32 ,5,1,6 ,5,1,6,
		32 ,5,6,10 ,5,6,10,
		32 ,10,6,11 ,10,6,11,
		32 ,10,11,15 ,10,11,15,
		32 ,15,11,16 ,15,11,16,
		32 ,15,16,20 ,15,16,20,
		32 ,20,16,21 ,20,16,21,
		32 ,1,2,6 ,1,2,6,
		32 ,6,2,7 ,6,2,7,
		32 ,6,7,11 ,6,7,11,
		32 ,11,7,12 ,11,7,12,
		32 ,11,12,16 ,11,12,16,
		32 ,16,12,17 ,16,12,17,
		32 ,16,17,21 ,16,17,21,
		32 ,21,17,22 ,21,17,22,
		32 ,2,3,7 ,2,3,7,
		32 ,7,3,8 ,7,3,8,
		32 ,7,8,12 ,7,8,12,
		32 ,12,8,13 ,12,8,13,
		32 ,12,13,17 ,12,13,17,
		32 ,17,13,18 ,17,13,18,
		32 ,17,18,22 ,17,18,22,
		32 ,22,18,23 ,22,18,23,
		32 ,3,4,8 ,3,4,8,
		32 ,8,4,9 ,8,4,9,
		32 ,8,9,13 ,8,9,13,
		32 ,13,9,14 ,13,9,14,
		32 ,13,14,18 ,13,14,18,
		32 ,18,14,19 ,18,14,19,
		32 ,18,19,23 ,18,19,23,
		32 ,23,19,24 ,23,19,24
	]

}
