{
	"metadata" : {
		"formatVersion" : 3,
		"description" : "Exported from LibZinc."
	},

	"vertices" : [
		200.215698,74.786308,-1465.000000,206.753311,84.729324,-1465.162354,210.692261,94.932182,-1465.245972,211.948318,105.891998,-1465.206543,210.437195,118.105904,-1465.000000,203.757782,79.058090,-1434.469238,209.694275,89.589493,-1434.594604,213.354279,100.085678,-1434.692017,214.591003,111.009018,-1434.618286,213.257629,122.821838,-1434.230347,
		206.067429,84.565254,-1402.893188,211.764053,95.756371,-1402.918945,215.568863,106.860367,-1402.964355,217.291550,118.131287,-1402.898071,216.741882,129.823181,-1402.588623,207.767624,90.216644,-1373.417603,213.742294,101.818504,-1373.364502,218.115585,113.481163,-1373.354004,220.632233,125.216721,-1373.319336,221.036957,137.037308,-1373.194092,
		209.481293,94.921112,-1349.187988,216.408676,106.364433,-1349.160522,221.774094,118.172989,-1349.151978,225.195251,130.223221,-1349.156006,226.289902,142.391602,-1349.166016
	],

	"normals" : [
		0.786161,-0.616114,-0.048519,0.883698,-0.465273,-0.050977,0.967707,-0.240930,-0.074134,0.995141,0.010801,-0.097863,0.969673,0.220377,-0.105681,0.835957,-0.548631,0.013401,0.907779,-0.419372,0.008039,0.973653,-0.226528,-0.026176,0.996652,0.003603,-0.081680,0.967057,0.214381,-0.137266,
		0.863826,-0.502177,0.040287,0.918219,-0.395300,0.024745,0.969835,-0.243274,-0.015423,0.995346,-0.052622,-0.080725,0.976294,0.148701,-0.157285,0.864654,-0.500138,0.047284,0.912373,-0.409245,0.009726,0.957486,-0.285435,-0.041791,0.986069,-0.125233,-0.109471,0.980370,0.063860,-0.186538,
		0.828223,-0.559719,0.027615,0.880589,-0.469449,-0.064662,0.926348,-0.345486,-0.150063,0.957457,-0.183402,-0.222799,0.960929,0.015212,-0.276376
	],

	"faces": [
		32 ,0,1,5 ,0,1,5,
		32 ,5,1,6 ,5,1,6,
		32 ,5,6,10 ,5,6,10,
		32 ,10,6,11 ,10,6,11,
		32 ,10,11,15 ,10,11,15,
		32 ,15,11,16 ,15,11,16,
		32 ,15,16,20 ,15,16,20,
		32 ,20,16,21 ,20,16,21,
		32 ,1,2,6 ,1,2,6,
		32 ,6,2,7 ,6,2,7,
		32 ,6,7,11 ,6,7,11,
		32 ,11,7,12 ,11,7,12,
		32 ,11,12,16 ,11,12,16,
		32 ,16,12,17 ,16,12,17,
		32 ,16,17,21 ,16,17,21,
		32 ,21,17,22 ,21,17,22,
		32 ,2,3,7 ,2,3,7,
		32 ,7,3,8 ,7,3,8,
		32 ,7,8,12 ,7,8,12,
		32 ,12,8,13 ,12,8,13,
		32 ,12,13,17 ,12,13,17,
		32 ,17,13,18 ,17,13,18,
		32 ,17,18,22 ,17,18,22,
		32 ,22,18,23 ,22,18,23,
		32 ,3,4,8 ,3,4,8,
		32 ,8,4,9 ,8,4,9,
		32 ,8,9,13 ,8,9,13,
		32 ,13,9,14 ,13,9,14,
		32 ,13,14,18 ,13,14,18,
		32 ,18,14,19 ,18,14,19,
		32 ,18,19,23 ,18,19,23,
		32 ,23,19,24 ,23,19,24
	]

}
