{
	"metadata" : {
		"formatVersion" : 3,
		"description" : "Exported from LibZinc."
	},

	"vertices" : [
		487.057892,231.573303,-1877.000000,489.733215,231.713394,-1874.822998,491.446777,232.662857,-1872.033691,491.915527,234.254272,-1869.227539,490.856293,236.320206,-1867.000000,488.174927,229.767120,-1875.767212,491.235840,229.893524,-1873.522583,493.055817,230.767807,-1870.682617,493.362427,232.260468,-1867.807373,491.883209,234.241959,-1865.457520,
		488.863342,228.749054,-1874.385132,491.883118,228.807709,-1872.305542,493.609436,229.431808,-1869.701904,493.797333,230.588120,-1867.040649,492.201752,232.243454,-1864.787842,489.268402,226.444107,-1873.060425,492.041199,226.475006,-1871.161743,493.588593,226.870651,-1868.815430,493.699371,227.702621,-1866.382690,492.162231,229.042526,-1864.224365,
		489.535309,220.777298,-1872.000000,492.076324,220.914474,-1870.081177,493.474243,221.300171,-1867.746826,493.547638,222.069366,-1865.289062,492.114990,223.356995,-1863.000000
	],

	"normals" : [
		0.467909,-0.107163,-0.877256,0.717089,0.201631,-0.667179,0.792920,0.375516,-0.479860,0.839432,0.477596,-0.259340,0.801317,0.584287,0.128452,0.293334,-0.645636,-0.705060,0.733424,-0.091804,-0.673544,0.855554,0.279705,-0.435651,0.898461,0.427865,-0.098483,0.761553,0.486169,0.428575,
		0.289039,-0.638050,-0.713687,0.683936,-0.368656,-0.629544,0.943317,-0.068187,-0.324813,0.974851,0.103361,0.197439,0.663302,0.171757,0.728375,0.401507,-0.261483,-0.877735,0.699635,-0.203434,-0.684928,0.945387,-0.112670,-0.305858,0.961548,0.004679,0.274597,0.659300,0.118627,0.742463,
		0.467068,-0.079825,-0.880611,0.738190,-0.080931,-0.669721,0.956213,-0.047241,-0.288834,0.969449,0.045428,0.241049,0.735218,0.168184,0.656634
	],

	"faces": [
		32 ,0,1,5 ,0,1,5,
		32 ,5,1,6 ,5,1,6,
		32 ,5,6,10 ,5,6,10,
		32 ,10,6,11 ,10,6,11,
		32 ,10,11,15 ,10,11,15,
		32 ,15,11,16 ,15,11,16,
		32 ,15,16,20 ,15,16,20,
		32 ,20,16,21 ,20,16,21,
		32 ,1,2,6 ,1,2,6,
		32 ,6,2,7 ,6,2,7,
		32 ,6,7,11 ,6,7,11,
		32 ,11,7,12 ,11,7,12,
		32 ,11,12,16 ,11,12,16,
		32 ,16,12,17 ,16,12,17,
		32 ,16,17,21 ,16,17,21,
		32 ,21,17,22 ,21,17,22,
		32 ,2,3,7 ,2,3,7,
		32 ,7,3,8 ,7,3,8,
		32 ,7,8,12 ,7,8,12,
		32 ,12,8,13 ,12,8,13,
		32 ,12,13,17 ,12,13,17,
		32 ,17,13,18 ,17,13,18,
		32 ,17,18,22 ,17,18,22,
		32 ,22,18,23 ,22,18,23,
		32 ,3,4,8 ,3,4,8,
		32 ,8,4,9 ,8,4,9,
		32 ,8,9,13 ,8,9,13,
		32 ,13,9,14 ,13,9,14,
		32 ,13,14,18 ,13,14,18,
		32 ,18,14,19 ,18,14,19,
		32 ,18,19,23 ,18,19,23,
		32 ,23,19,24 ,23,19,24
	]

}
