{
  "metadata": {
    "formatVersion": 3,
    "description": "Exported from LibZinc.",
    "materials": [
      {
        "DbgColor": 15658734,
        "DbgIndex": 0,
        "DbgName": "my_material",
        "colorDiffuse": [
          0.9,
          0.7,
          0.5
        ],
        "colorSpecular": [
          0.2,
          0.2,
          0.3
        ],
        "shading": "Phong",
        "specularCoef": 0,
        "opacity": 1,
        "vertexColors": true
      }
    ]
  },
  "vertices": [
    116.288696,
    240.998993,
    -450.0,
    112.472939,
    228.698929,
    -449.90329,
    109.585625,
    215.859863,
    -449.767334,
    107.939369,
    202.783157,
    -449.695526,
    107.846802,
    189.770203,
    -449.791199,
    114.380119,
    241.636139,
    -437.474579,
    110.898552,
    228.34758,
    -437.431549,
    109.093132,
    214.215317,
    -437.443726,
    108.69696,
    200.498993,
    -437.522278,
    109.443146,
    188.458237,
    -437.678314,
    112.341888,
    241.93689,
    -424.999634,
    109.720642,
    227.110352,
    -425.026337,
    109.657265,
    210.757065,
    -425.378815,
    110.892998,
    196.061798,
    -425.811676,
    112.169067,
    186.209351,
    -426.079529,
    110.715508,
    242.134872,
    -412.524872,
    109.274208,
    226.272842,
    -412.699097,
    110.791557,
    208.564514,
    -413.46637,
    113.275955,
    193.702057,
    -414.309875,
    114.735802,
    186.377701,
    -414.712738,
    110.042503,
    242.463699,
    -400.0,
    109.894218,
    227.120667,
    -400.461121,
    112.009506,
    210.717102,
    -401.600067,
    114.594322,
    197.650284,
    -402.76297,
    115.854599,
    192.317505,
    -403.295898
  ],
  "normals": [
    -0.933829,
    0.326334,
    -0.146522,
    -0.956658,
    0.256559,
    -0.137781,
    -0.980007,
    0.173799,
    -0.096851,
    -0.997043,
    0.07015,
    -0.031378,
    -0.996857,
    -0.061844,
    0.049507,
    -0.929987,
    0.32851,
    -0.164943,
    -0.978321,
    0.182537,
    -0.097814,
    -0.996826,
    0.07441,
    0.028298,
    -0.990788,
    -0.017799,
    0.134249,
    -0.978039,
    -0.114621,
    0.174073,
    -0.938999,
    0.309467,
    -0.150035,
    -0.995516,
    0.070834,
    -0.062698,
    -0.996691,
    -0.05112,
    0.063198,
    -0.978487,
    -0.117191,
    0.169791,
    -0.965348,
    -0.136481,
    0.222434,
    -0.961615,
    0.255513,
    -0.100045,
    -0.999775,
    -0.021123,
    0.00216,
    -0.985312,
    -0.139797,
    0.098065,
    -0.964624,
    -0.19758,
    0.174535,
    -0.968567,
    -0.139065,
    0.206249,
    -0.99023,
    0.139291,
    -0.00648,
    -0.989659,
    -0.082842,
    0.117098,
    -0.968808,
    -0.179808,
    0.17053,
    -0.951957,
    -0.232155,
    0.199703,
    0.845607,
    0.405588,
    -0.347055
  ],
  "faces": [
    32,
    0,
    1,
    5,
    0,
    1,
    5,
    32,
    5,
    1,
    6,
    5,
    1,
    6,
    32,
    5,
    6,
    10,
    5,
    6,
    10,
    32,
    10,
    6,
    11,
    10,
    6,
    11,
    32,
    10,
    11,
    15,
    10,
    11,
    15,
    32,
    15,
    11,
    16,
    15,
    11,
    16,
    32,
    15,
    16,
    20,
    15,
    16,
    20,
    32,
    20,
    16,
    21,
    20,
    16,
    21,
    32,
    1,
    2,
    6,
    1,
    2,
    6,
    32,
    6,
    2,
    7,
    6,
    2,
    7,
    32,
    6,
    7,
    11,
    6,
    7,
    11,
    32,
    11,
    7,
    12,
    11,
    7,
    12,
    32,
    11,
    12,
    16,
    11,
    12,
    16,
    32,
    16,
    12,
    17,
    16,
    12,
    17,
    32,
    16,
    17,
    21,
    16,
    17,
    21,
    32,
    21,
    17,
    22,
    21,
    17,
    22,
    32,
    2,
    3,
    7,
    2,
    3,
    7,
    32,
    7,
    3,
    8,
    7,
    3,
    8,
    32,
    7,
    8,
    12,
    7,
    8,
    12,
    32,
    12,
    8,
    13,
    12,
    8,
    13,
    32,
    12,
    13,
    17,
    12,
    13,
    17,
    32,
    17,
    13,
    18,
    17,
    13,
    18,
    32,
    17,
    18,
    22,
    17,
    18,
    22,
    32,
    22,
    18,
    23,
    22,
    18,
    23,
    32,
    3,
    4,
    8,
    3,
    4,
    8,
    32,
    8,
    4,
    9,
    8,
    4,
    9,
    32,
    8,
    9,
    13,
    8,
    9,
    13,
    32,
    13,
    9,
    14,
    13,
    9,
    14,
    32,
    13,
    14,
    18,
    13,
    14,
    18,
    32,
    18,
    14,
    19,
    18,
    14,
    19,
    32,
    18,
    19,
    23,
    18,
    19,
    23,
    32,
    23,
    19,
    24,
    23,
    19,
    24
  ],
  "additional_info": {
    "formatVersion": 3,
    "description": "Exported from LibZinc.",
    "materials": [
      {
        "DbgColor": 15658734,
        "DbgIndex": 0,
        "DbgName": "my_material",
        "colorDiffuse": [
          0.9,
          0.7,
          0.5
        ],
        "colorSpecular": [
          0.2,
          0.2,
          0.3
        ],
        "shading": "Phong",
        "specularCoef": 0,
        "opacity": 1,
        "vertexColors": true
      }
    ]
  }
}