{
  "metadata": {
    "formatVersion": 3,
    "description": "Exported from LibZinc.",
    "materials": [
      {
        "DbgColor": 15658734,
        "DbgIndex": 0,
        "DbgName": "my_material",
        "colorDiffuse": [
          0.9,
          0.7,
          0.5
        ],
        "colorSpecular": [
          0.2,
          0.2,
          0.3
        ],
        "shading": "Phong",
        "specularCoef": 0,
        "opacity": 1,
        "vertexColors": true
      }
    ]
  },
  "vertices": [
    109.3937,
    139.000107,
    -449.588104,
    105.893097,
    123.974121,
    -449.195129,
    102.164307,
    107.876457,
    -449.233154,
    100.732262,
    91.526398,
    -449.580627,
    104.121902,
    75.74324,
    -450.115906,
    110.569946,
    140.99646,
    -437.381287,
    106.958099,
    126.008965,
    -437.078033,
    103.059608,
    109.639839,
    -437.129791,
    100.962578,
    93.387123,
    -437.394897,
    102.755104,
    78.748856,
    -437.731628,
    112.513313,
    143.76825,
    -425.520813,
    108.971275,
    127.915779,
    -425.301392,
    104.415489,
    109.814072,
    -425.375,
    101.06881,
    93.280609,
    -425.509705,
    101.154083,
    82.132896,
    -425.473663,
    115.309128,
    147.19281,
    -414.046936,
    111.347267,
    130.260651,
    -413.864594,
    105.35405,
    110.18998,
    -413.855591,
    100.12458,
    93.135063,
    -413.812134,
    98.453949,
    85.25016,
    -413.526367,
    119.042702,
    151.147507,
    -403.0,
    113.500717,
    133.60965,
    -402.766937,
    104.997391,
    112.558395,
    -402.458496,
    97.203499,
    94.878693,
    -402.189301,
    93.78981,
    87.455467,
    -402.074097
  ],
  "normals": [
    -0.983116,
    0.177929,
    0.04272,
    -0.968437,
    0.248801,
    -0.015125,
    -0.983414,
    0.180618,
    -0.016534,
    -0.999364,
    -0.034655,
    0.008439,
    -0.916599,
    -0.398674,
    -0.030083,
    -0.976177,
    0.199428,
    0.085483,
    -0.964046,
    0.248943,
    0.092968,
    -0.976128,
    0.196185,
    0.0932,
    -0.999187,
    0.031323,
    0.025382,
    -0.948879,
    -0.315086,
    -0.018681,
    -0.973669,
    0.170983,
    0.150775,
    -0.959291,
    0.240984,
    0.147267,
    -0.966728,
    0.231843,
    0.108099,
    -0.990422,
    0.137013,
    -0.017054,
    -0.940276,
    -0.334551,
    -0.062894,
    -0.961905,
    0.151356,
    0.227663,
    -0.954347,
    0.266456,
    0.134994,
    -0.955057,
    0.296296,
    0.008697,
    -0.949001,
    0.273859,
    -0.1562,
    -0.752423,
    -0.654688,
    -0.072406,
    -0.93622,
    0.200361,
    0.288701,
    -0.936276,
    0.350078,
    0.028836,
    -0.895364,
    0.378866,
    -0.23406,
    -0.833355,
    0.371807,
    -0.408998,
    -0.881434,
    0.018411,
    -0.471948
  ],
  "faces": [
    32,
    0,
    1,
    5,
    0,
    1,
    5,
    32,
    5,
    1,
    6,
    5,
    1,
    6,
    32,
    5,
    6,
    10,
    5,
    6,
    10,
    32,
    10,
    6,
    11,
    10,
    6,
    11,
    32,
    10,
    11,
    15,
    10,
    11,
    15,
    32,
    15,
    11,
    16,
    15,
    11,
    16,
    32,
    15,
    16,
    20,
    15,
    16,
    20,
    32,
    20,
    16,
    21,
    20,
    16,
    21,
    32,
    1,
    2,
    6,
    1,
    2,
    6,
    32,
    6,
    2,
    7,
    6,
    2,
    7,
    32,
    6,
    7,
    11,
    6,
    7,
    11,
    32,
    11,
    7,
    12,
    11,
    7,
    12,
    32,
    11,
    12,
    16,
    11,
    12,
    16,
    32,
    16,
    12,
    17,
    16,
    12,
    17,
    32,
    16,
    17,
    21,
    16,
    17,
    21,
    32,
    21,
    17,
    22,
    21,
    17,
    22,
    32,
    2,
    3,
    7,
    2,
    3,
    7,
    32,
    7,
    3,
    8,
    7,
    3,
    8,
    32,
    7,
    8,
    12,
    7,
    8,
    12,
    32,
    12,
    8,
    13,
    12,
    8,
    13,
    32,
    12,
    13,
    17,
    12,
    13,
    17,
    32,
    17,
    13,
    18,
    17,
    13,
    18,
    32,
    17,
    18,
    22,
    17,
    18,
    22,
    32,
    22,
    18,
    23,
    22,
    18,
    23,
    32,
    3,
    4,
    8,
    3,
    4,
    8,
    32,
    8,
    4,
    9,
    8,
    4,
    9,
    32,
    8,
    9,
    13,
    8,
    9,
    13,
    32,
    13,
    9,
    14,
    13,
    9,
    14,
    32,
    13,
    14,
    18,
    13,
    14,
    18,
    32,
    18,
    14,
    19,
    18,
    14,
    19,
    32,
    18,
    19,
    23,
    18,
    19,
    23,
    32,
    23,
    19,
    24,
    23,
    19,
    24
  ],
  "additional_info": {
    "formatVersion": 3,
    "description": "Exported from LibZinc.",
    "materials": [
      {
        "DbgColor": 15658734,
        "DbgIndex": 0,
        "DbgName": "my_material",
        "colorDiffuse": [
          0.9,
          0.7,
          0.5
        ],
        "colorSpecular": [
          0.2,
          0.2,
          0.3
        ],
        "shading": "Phong",
        "specularCoef": 0,
        "opacity": 1,
        "vertexColors": true
      }
    ]
  }
}