{
	"metadata" : {
		"formatVersion" : 3,
		"description" : "Exported from LibZinc."
	},

	"vertices" : [
		110.042503,242.463699,-400.000000,109.894218,227.120667,-400.461121,112.009506,210.717102,-401.600067,114.594322,197.650284,-402.762970,115.854599,192.317505,-403.295898,110.395050,242.432327,-387.457672,111.024345,230.090530,-388.109100,112.829567,217.396973,-389.354309,114.716942,207.488022,-390.575775,115.592682,203.500031,-391.155945,
		111.407974,241.851089,-374.970917,112.057999,234.139252,-375.523865,113.344292,225.767151,-376.540375,114.589455,219.053253,-377.537994,115.116081,216.316025,-378.034332,112.966682,241.405624,-362.549896,113.254807,238.332657,-362.843262,113.928398,234.378433,-363.407471,114.575523,230.961090,-363.973083,114.784241,229.498779,-364.270721,
		114.956596,241.781601,-350.204803,114.874397,241.736526,-350.205078,114.956596,241.781601,-350.204803,115.038803,241.826675,-350.204529,114.956596,241.781601,-350.204803
	],

	"normals" : [
		-0.990230,0.139291,-0.006480,-0.989659,-0.082842,0.117098,-0.968808,-0.179808,0.170530,-0.951957,-0.232155,0.199703,0.151903,-0.748432,0.645581,-0.997980,0.028250,0.056910,-0.986563,-0.115220,0.115833,-0.969613,-0.184508,0.160646,-0.955551,-0.225526,0.189894,0.995362,-0.050252,0.082032,
		-0.994483,-0.018469,0.103256,-0.981655,-0.139277,0.130212,-0.967799,-0.190785,0.164216,-0.958383,-0.217233,0.185234,0.789058,0.452401,-0.415596,-0.989546,0.014681,0.143471,-0.974388,-0.162430,0.155513,-0.960957,-0.207138,0.183454,-0.958496,-0.211832,0.190823,0.268570,0.707951,-0.653203,
		-0.965551,-0.182820,0.185170,-0.965551,-0.182820,0.185170,-0.965551,-0.182820,0.185170,-0.965551,-0.182820,0.185170,-0.965551,-0.182820,0.185170
	],

	"faces": [
		32 ,0,1,5 ,0,1,5,
		32 ,5,1,6 ,5,1,6,
		32 ,5,6,10 ,5,6,10,
		32 ,10,6,11 ,10,6,11,
		32 ,10,11,15 ,10,11,15,
		32 ,15,11,16 ,15,11,16,
		32 ,15,16,20 ,15,16,20,
		32 ,20,16,21 ,20,16,21,
		32 ,1,2,6 ,1,2,6,
		32 ,6,2,7 ,6,2,7,
		32 ,6,7,11 ,6,7,11,
		32 ,11,7,12 ,11,7,12,
		32 ,11,12,16 ,11,12,16,
		32 ,16,12,17 ,16,12,17,
		32 ,16,17,21 ,16,17,21,
		32 ,21,17,22 ,21,17,22,
		32 ,2,3,7 ,2,3,7,
		32 ,7,3,8 ,7,3,8,
		32 ,7,8,12 ,7,8,12,
		32 ,12,8,13 ,12,8,13,
		32 ,12,13,17 ,12,13,17,
		32 ,17,13,18 ,17,13,18,
		32 ,17,18,22 ,17,18,22,
		32 ,22,18,23 ,22,18,23,
		32 ,3,4,8 ,3,4,8,
		32 ,8,4,9 ,8,4,9,
		32 ,8,9,13 ,8,9,13,
		32 ,13,9,14 ,13,9,14,
		32 ,13,14,18 ,13,14,18,
		32 ,18,14,19 ,18,14,19,
		32 ,18,19,23 ,18,19,23,
		32 ,23,19,24 ,23,19,24
	]

}
