{
	"metadata" : {
		"formatVersion" : 3,
		"description" : "Exported from LibZinc."
	},

	"vertices" : [
		477.599792,244.310394,-1867.000000,475.244995,246.608383,-1864.955444,472.033752,248.858917,-1863.166382,468.416656,250.921249,-1862.294067,464.844208,252.654602,-1863.000000,478.049835,240.879211,-1865.363770,475.538361,243.142639,-1863.370239,472.070679,245.572021,-1861.423096,468.194305,247.838898,-1860.356812,464.456696,249.614792,-1861.006104,
		478.001953,237.506348,-1863.921265,475.551147,239.315063,-1862.510010,471.701202,242.013321,-1860.500366,467.567474,244.660828,-1859.046753,464.265259,246.317337,-1859.303345,477.729065,233.503677,-1861.964600,475.459656,234.871429,-1861.098877,471.214478,237.807953,-1859.075806,466.850830,240.783829,-1857.234741,464.226074,242.269638,-1856.915649,
		477.504089,228.183105,-1858.786011,475.440216,229.557465,-1857.861206,470.899658,232.581055,-1855.826538,466.359100,235.604645,-1853.791870,464.295197,236.979004,-1852.866943
	],

	"normals" : [
		0.860007,0.371066,0.350284,0.729316,0.461976,0.504654,0.586443,0.539048,0.604576,0.350097,0.595967,0.722673,-0.104341,0.632274,0.767687,0.801868,0.268705,0.533672,0.663073,0.223010,0.714563,0.513530,0.239978,0.823831,0.278581,0.375052,0.884154,-0.235553,0.482318,0.843732,
		0.610101,0.291040,0.736935,0.578117,0.170242,0.797997,0.496281,0.151452,0.854849,0.348909,0.284028,0.893079,-0.342856,0.444281,0.827686,-0.155673,0.476302,0.865392,0.569972,0.320379,0.756630,0.565442,0.295641,0.769982,0.503568,0.358405,0.786108,-0.474718,0.486335,0.733568,
		-0.999627,-0.000000,-0.027322,0.607835,0.494947,0.620938,0.605212,0.483060,0.632748,0.601966,0.469156,0.646165,-0.766817,-0.425405,-0.480647
	],

	"faces": [
		32 ,0,1,5 ,0,1,5,
		32 ,5,1,6 ,5,1,6,
		32 ,5,6,10 ,5,6,10,
		32 ,10,6,11 ,10,6,11,
		32 ,10,11,15 ,10,11,15,
		32 ,15,11,16 ,15,11,16,
		32 ,15,16,20 ,15,16,20,
		32 ,20,16,21 ,20,16,21,
		32 ,1,2,6 ,1,2,6,
		32 ,6,2,7 ,6,2,7,
		32 ,6,7,11 ,6,7,11,
		32 ,11,7,12 ,11,7,12,
		32 ,11,12,16 ,11,12,16,
		32 ,16,12,17 ,16,12,17,
		32 ,16,17,21 ,16,17,21,
		32 ,21,17,22 ,21,17,22,
		32 ,2,3,7 ,2,3,7,
		32 ,7,3,8 ,7,3,8,
		32 ,7,8,12 ,7,8,12,
		32 ,12,8,13 ,12,8,13,
		32 ,12,13,17 ,12,13,17,
		32 ,17,13,18 ,17,13,18,
		32 ,17,18,22 ,17,18,22,
		32 ,22,18,23 ,22,18,23,
		32 ,3,4,8 ,3,4,8,
		32 ,8,4,9 ,8,4,9,
		32 ,8,9,13 ,8,9,13,
		32 ,13,9,14 ,13,9,14,
		32 ,13,14,18 ,13,14,18,
		32 ,18,14,19 ,18,14,19,
		32 ,18,19,23 ,18,19,23,
		32 ,23,19,24 ,23,19,24
	]

}
