{
	"metadata" : {
		"formatVersion" : 3,
		"description" : "Exported from LibZinc."
	},

	"vertices" : [
		39.673359,191.709702,-403.000000,32.732815,183.512344,-403.004242,27.509888,175.246384,-403.027466,23.444685,166.290359,-403.036957,19.977301,156.022797,-403.000000,45.240810,197.571533,-388.063232,36.895660,188.296661,-387.909607,29.910679,178.120605,-387.626465,24.399460,167.021027,-387.364197,20.475599,154.975494,-387.273193,
		50.265209,202.359909,-375.140472,40.535404,192.204346,-374.963989,32.053131,180.812424,-374.651398,25.374338,168.182251,-374.385254,21.054968,154.311920,-374.348175,55.257030,206.324921,-362.992401,44.183022,195.547119,-362.868988,34.426266,183.354843,-362.659973,26.817167,169.590958,-362.506561,22.186142,154.098389,-362.549896,
		60.726749,209.716705,-350.379700,48.369499,198.636658,-350.326172,37.519093,185.780838,-350.209991,29.175795,171.064056,-350.134521,24.339861,154.401199,-350.203186
	],

	"normals" : [
		-0.723503,0.690277,-0.007746,-0.804691,0.592784,0.032841,-0.880414,0.470802,0.056720,-0.931696,0.359952,0.048757,-0.956004,0.288512,0.053080,-0.700898,0.713211,-0.008447,-0.784025,0.620280,0.023603,-0.860608,0.508136,0.033946,-0.924764,0.379176,0.032216,-0.969839,0.239261,0.046545,
		-0.684005,0.729286,0.016702,-0.759746,0.649485,0.030904,-0.841779,0.538704,0.034720,-0.920219,0.388952,0.043744,-0.977555,0.198627,0.070241,-0.661041,0.748266,0.055881,-0.733981,0.676922,0.055209,-0.824218,0.562406,0.066055,-0.915042,0.392685,0.092172,-0.977103,0.169125,0.129099,
		-0.622229,0.777777,0.088852,-0.709504,0.699369,0.086535,-0.809584,0.574917,0.118510,-0.906206,0.390795,0.161463,-0.968293,0.148690,0.200750
	],

	"faces": [
		32 ,0,1,5 ,0,1,5,
		32 ,5,1,6 ,5,1,6,
		32 ,5,6,10 ,5,6,10,
		32 ,10,6,11 ,10,6,11,
		32 ,10,11,15 ,10,11,15,
		32 ,15,11,16 ,15,11,16,
		32 ,15,16,20 ,15,16,20,
		32 ,20,16,21 ,20,16,21,
		32 ,1,2,6 ,1,2,6,
		32 ,6,2,7 ,6,2,7,
		32 ,6,7,11 ,6,7,11,
		32 ,11,7,12 ,11,7,12,
		32 ,11,12,16 ,11,12,16,
		32 ,16,12,17 ,16,12,17,
		32 ,16,17,21 ,16,17,21,
		32 ,21,17,22 ,21,17,22,
		32 ,2,3,7 ,2,3,7,
		32 ,7,3,8 ,7,3,8,
		32 ,7,8,12 ,7,8,12,
		32 ,12,8,13 ,12,8,13,
		32 ,12,13,17 ,12,13,17,
		32 ,17,13,18 ,17,13,18,
		32 ,17,18,22 ,17,18,22,
		32 ,22,18,23 ,22,18,23,
		32 ,3,4,8 ,3,4,8,
		32 ,8,4,9 ,8,4,9,
		32 ,8,9,13 ,8,9,13,
		32 ,13,9,14 ,13,9,14,
		32 ,13,14,18 ,13,14,18,
		32 ,18,14,19 ,18,14,19,
		32 ,18,19,23 ,18,19,23,
		32 ,23,19,24 ,23,19,24
	]

}
