{
  "metadata": {
    "formatVersion": 3,
    "description": "Exported from LibZinc.",
    "materials": [
      {
        "DbgColor": 15658734,
        "DbgIndex": 0,
        "DbgName": "my_material",
        "colorDiffuse": [
          0.9,
          0.7,
          0.5
        ],
        "colorSpecular": [
          0.2,
          0.2,
          0.3
        ],
        "shading": "Phong",
        "specularCoef": 0,
        "opacity": 1,
        "vertexColors": true
      }
    ]
  },
  "vertices": [
    19.977301,
    156.022797,
    -403.0,
    16.479931,
    144.092575,
    -402.919464,
    13.681073,
    131.130371,
    -402.856323,
    13.055276,
    117.987419,
    -402.86499,
    16.077089,
    105.514999,
    -403.0,
    20.475599,
    154.975494,
    -387.273193,
    17.791739,
    142.008255,
    -387.153381,
    16.568306,
    128.560516,
    -386.870728,
    17.770565,
    115.235443,
    -386.674683,
    22.363785,
    102.636185,
    -386.814697,
    21.054968,
    154.31192,
    -374.348175,
    19.201324,
    139.682938,
    -374.362,
    19.828812,
    125.036995,
    -374.261902,
    23.357023,
    110.762527,
    -374.250427,
    30.205545,
    97.247948,
    -374.530151,
    22.186142,
    154.098389,
    -362.549896,
    21.078308,
    137.559052,
    -362.777435,
    23.496508,
    121.159805,
    -363.073853,
    29.457741,
    105.500938,
    -363.425995,
    38.979,
    91.182739,
    -363.820679,
    24.339861,
    154.401199,
    -350.203186,
    23.792313,
    136.078995,
    -350.631744,
    27.60531,
    117.528946,
    -351.350555,
    35.715813,
    100.382973,
    -352.035095,
    48.06078,
    86.273018,
    -352.360687
  ],
  "normals": [
    -0.956004,
    0.288512,
    0.05308,
    -0.96042,
    0.259588,
    0.101036,
    -0.976438,
    0.145344,
    0.159508,
    -0.975051,
    -0.072717,
    0.209731,
    -0.886492,
    -0.403294,
    0.226905,
    -0.969839,
    0.239261,
    0.046545,
    -0.980516,
    0.157927,
    0.116821,
    -0.975777,
    0.016949,
    0.218108,
    -0.934959,
    -0.194309,
    0.296808,
    -0.836781,
    -0.468801,
    0.282883,
    -0.977555,
    0.198627,
    0.070241,
    -0.988974,
    0.046679,
    0.140543,
    -0.960837,
    -0.131321,
    0.244023,
    -0.888918,
    -0.328236,
    0.31951,
    -0.78747,
    -0.535255,
    0.305604,
    -0.977103,
    0.169125,
    0.129099,
    -0.982252,
    -0.041588,
    0.182899,
    -0.938132,
    -0.248409,
    0.241248,
    -0.852912,
    -0.444255,
    0.274189,
    -0.73065,
    -0.62289,
    0.279567,
    -0.968293,
    0.14869,
    0.20075,
    -0.967592,
    -0.092869,
    0.234823,
    -0.920412,
    -0.313126,
    0.234082,
    -0.819302,
    -0.534829,
    0.206644,
    -0.623729,
    -0.748339,
    0.22572
  ],
  "faces": [
    32,
    0,
    1,
    5,
    0,
    1,
    5,
    32,
    5,
    1,
    6,
    5,
    1,
    6,
    32,
    5,
    6,
    10,
    5,
    6,
    10,
    32,
    10,
    6,
    11,
    10,
    6,
    11,
    32,
    10,
    11,
    15,
    10,
    11,
    15,
    32,
    15,
    11,
    16,
    15,
    11,
    16,
    32,
    15,
    16,
    20,
    15,
    16,
    20,
    32,
    20,
    16,
    21,
    20,
    16,
    21,
    32,
    1,
    2,
    6,
    1,
    2,
    6,
    32,
    6,
    2,
    7,
    6,
    2,
    7,
    32,
    6,
    7,
    11,
    6,
    7,
    11,
    32,
    11,
    7,
    12,
    11,
    7,
    12,
    32,
    11,
    12,
    16,
    11,
    12,
    16,
    32,
    16,
    12,
    17,
    16,
    12,
    17,
    32,
    16,
    17,
    21,
    16,
    17,
    21,
    32,
    21,
    17,
    22,
    21,
    17,
    22,
    32,
    2,
    3,
    7,
    2,
    3,
    7,
    32,
    7,
    3,
    8,
    7,
    3,
    8,
    32,
    7,
    8,
    12,
    7,
    8,
    12,
    32,
    12,
    8,
    13,
    12,
    8,
    13,
    32,
    12,
    13,
    17,
    12,
    13,
    17,
    32,
    17,
    13,
    18,
    17,
    13,
    18,
    32,
    17,
    18,
    22,
    17,
    18,
    22,
    32,
    22,
    18,
    23,
    22,
    18,
    23,
    32,
    3,
    4,
    8,
    3,
    4,
    8,
    32,
    8,
    4,
    9,
    8,
    4,
    9,
    32,
    8,
    9,
    13,
    8,
    9,
    13,
    32,
    13,
    9,
    14,
    13,
    9,
    14,
    32,
    13,
    14,
    18,
    13,
    14,
    18,
    32,
    18,
    14,
    19,
    18,
    14,
    19,
    32,
    18,
    19,
    23,
    18,
    19,
    23,
    32,
    23,
    19,
    24,
    23,
    19,
    24
  ],
  "additional_info": {
    "formatVersion": 3,
    "description": "Exported from LibZinc.",
    "materials": [
      {
        "DbgColor": 15658734,
        "DbgIndex": 0,
        "DbgName": "my_material",
        "colorDiffuse": [
          0.9,
          0.7,
          0.5
        ],
        "colorSpecular": [
          0.2,
          0.2,
          0.3
        ],
        "shading": "Phong",
        "specularCoef": 0,
        "opacity": 1,
        "vertexColors": true
      }
    ]
  }
}