{
  "metadata": {
    "formatVersion": 3,
    "description": "Exported from LibZinc.",
    "materials": [
      {
        "DbgColor": 15658734,
        "DbgIndex": 0,
        "DbgName": "my_material",
        "colorDiffuse": [
          0.9,
          0.7,
          0.5
        ],
        "colorSpecular": [
          0.2,
          0.2,
          0.3
        ],
        "shading": "Phong",
        "specularCoef": 0,
        "opacity": 1,
        "vertexColors": true
      }
    ]
  },
  "vertices": [
    53.714119,
    71.778198,
    -403.0,
    66.584206,
    72.747375,
    -402.653625,
    79.625969,
    78.300926,
    -402.357758,
    89.730736,
    84.512428,
    -402.15155,
    93.78981,
    87.455467,
    -402.074097,
    50.88076,
    77.085114,
    -388.108521,
    60.903782,
    77.454002,
    -387.999634,
    70.97451,
    81.119263,
    -388.134583,
    79.137337,
    85.57225,
    -387.911591,
    83.436623,
    88.304337,
    -386.728943,
    48.766445,
    80.845268,
    -375.996399,
    55.128628,
    80.955276,
    -375.94101,
    62.21122,
    82.948303,
    -376.03418,
    68.329689,
    85.474205,
    -375.788361,
    71.79953,
    87.182838,
    -374.716003,
    47.712631,
    83.695595,
    -364.726257,
    50.468407,
    83.718994,
    -364.665497,
    54.264004,
    84.446678,
    -364.596283,
    57.787086,
    85.350441,
    -364.398956,
    59.725319,
    85.902046,
    -363.953766,
    48.06078,
    86.273018,
    -352.360687,
    48.132767,
    86.212959,
    -352.360901,
    48.06078,
    86.273018,
    -352.360687,
    47.988792,
    86.333076,
    -352.360504,
    48.06078,
    86.273018,
    -352.360687
  ],
  "normals": [
    -0.217034,
    -0.927221,
    0.305216,
    0.250432,
    -0.893017,
    0.373905,
    0.427967,
    -0.807599,
    0.405743,
    0.506819,
    -0.748387,
    0.427845,
    0.076101,
    -0.981504,
    0.175666,
    -0.224353,
    -0.935967,
    0.27135,
    0.21568,
    -0.901211,
    0.375901,
    0.392677,
    -0.823018,
    0.410422,
    0.45271,
    -0.799457,
    0.394869,
    0.30942,
    -0.923158,
    0.228118,
    -0.234816,
    -0.944008,
    0.231754,
    0.173747,
    -0.927129,
    0.332029,
    0.317912,
    -0.879817,
    0.353346,
    0.366843,
    -0.87366,
    0.3196,
    0.297444,
    -0.934404,
    0.196001,
    -0.274703,
    -0.939769,
    0.203402,
    0.124029,
    -0.959485,
    0.252992,
    0.21208,
    -0.942451,
    0.258471,
    0.237272,
    -0.943438,
    0.231572,
    0.171014,
    -0.97777,
    0.121324,
    0.054776,
    -0.980788,
    0.187226,
    0.054776,
    -0.980788,
    0.187226,
    0.054776,
    -0.980788,
    0.187226,
    0.054776,
    -0.980788,
    0.187226,
    0.054776,
    -0.980788,
    0.187226
  ],
  "faces": [
    32,
    0,
    1,
    5,
    0,
    1,
    5,
    32,
    5,
    1,
    6,
    5,
    1,
    6,
    32,
    5,
    6,
    10,
    5,
    6,
    10,
    32,
    10,
    6,
    11,
    10,
    6,
    11,
    32,
    10,
    11,
    15,
    10,
    11,
    15,
    32,
    15,
    11,
    16,
    15,
    11,
    16,
    32,
    15,
    16,
    20,
    15,
    16,
    20,
    32,
    20,
    16,
    21,
    20,
    16,
    21,
    32,
    1,
    2,
    6,
    1,
    2,
    6,
    32,
    6,
    2,
    7,
    6,
    2,
    7,
    32,
    6,
    7,
    11,
    6,
    7,
    11,
    32,
    11,
    7,
    12,
    11,
    7,
    12,
    32,
    11,
    12,
    16,
    11,
    12,
    16,
    32,
    16,
    12,
    17,
    16,
    12,
    17,
    32,
    16,
    17,
    21,
    16,
    17,
    21,
    32,
    21,
    17,
    22,
    21,
    17,
    22,
    32,
    2,
    3,
    7,
    2,
    3,
    7,
    32,
    7,
    3,
    8,
    7,
    3,
    8,
    32,
    7,
    8,
    12,
    7,
    8,
    12,
    32,
    12,
    8,
    13,
    12,
    8,
    13,
    32,
    12,
    13,
    17,
    12,
    13,
    17,
    32,
    17,
    13,
    18,
    17,
    13,
    18,
    32,
    17,
    18,
    22,
    17,
    18,
    22,
    32,
    22,
    18,
    23,
    22,
    18,
    23,
    32,
    3,
    4,
    8,
    3,
    4,
    8,
    32,
    8,
    4,
    9,
    8,
    4,
    9,
    32,
    8,
    9,
    13,
    8,
    9,
    13,
    32,
    13,
    9,
    14,
    13,
    9,
    14,
    32,
    13,
    14,
    18,
    13,
    14,
    18,
    32,
    18,
    14,
    19,
    18,
    14,
    19,
    32,
    18,
    19,
    23,
    18,
    19,
    23,
    32,
    23,
    19,
    24,
    23,
    19,
    24
  ],
  "additional_info": {
    "formatVersion": 3,
    "description": "Exported from LibZinc.",
    "materials": [
      {
        "DbgColor": 15658734,
        "DbgIndex": 0,
        "DbgName": "my_material",
        "colorDiffuse": [
          0.9,
          0.7,
          0.5
        ],
        "colorSpecular": [
          0.2,
          0.2,
          0.3
        ],
        "shading": "Phong",
        "specularCoef": 0,
        "opacity": 1,
        "vertexColors": true
      }
    ]
  }
}