{
  "metadata": {
    "formatVersion": 3,
    "description": "Exported from LibZinc.",
    "materials": [
      {
        "DbgColor": 15658734,
        "DbgIndex": 0,
        "DbgName": "my_material",
        "colorDiffuse": [
          0.9,
          0.7,
          0.5
        ],
        "colorSpecular": [
          0.2,
          0.2,
          0.3
        ],
        "shading": "Phong",
        "specularCoef": 0,
        "opacity": 1,
        "vertexColors": true
      }
    ]
  },
  "vertices": [
    93.78981,
    87.455467,
    -402.074097,
    99.085144,
    80.593506,
    -402.072021,
    113.319275,
    65.22403,
    -401.846375,
    134.014404,
    49.171619,
    -401.068024,
    158.692703,
    40.260891,
    -399.407806,
    83.436623,
    88.304337,
    -386.728943,
    91.483551,
    77.485863,
    -388.020233,
    109.028648,
    61.715202,
    -388.749878,
    133.044662,
    47.176819,
    -388.585571,
    160.504379,
    40.055176,
    -387.194916,
    71.79953,
    87.182838,
    -374.716003,
    85.481575,
    71.945763,
    -376.31131,
    106.449486,
    56.893887,
    -376.725891,
    132.578217,
    45.134701,
    -376.237335,
    161.742767,
    39.775692,
    -375.123199,
    59.725319,
    85.902046,
    -363.953766,
    79.842361,
    67.748253,
    -364.995056,
    104.254868,
    53.758251,
    -364.67804,
    131.984909,
    44.302818,
    -363.756104,
    162.054565,
    39.752728,
    -362.982513,
    48.06078,
    86.273018,
    -352.360687,
    73.329048,
    68.668373,
    -352.121277,
    101.117874,
    55.30648,
    -351.509979,
    130.634583,
    45.93874,
    -350.874512,
    161.086502,
    40.316559,
    -350.562592
  ],
  "normals": [
    0.0,
    -0.0,
    0.0,
    -0.703263,
    -0.57827,
    -0.413552,
    -0.642052,
    -0.683714,
    -0.346849,
    -0.499772,
    -0.851042,
    -0.161106,
    -0.106146,
    -0.994275,
    0.01229,
    -0.75908,
    -0.128109,
    -0.638267,
    -0.632862,
    -0.546804,
    -0.548172,
    -0.554692,
    -0.720789,
    -0.415669,
    -0.400855,
    -0.897964,
    -0.181594,
    -0.046536,
    -0.998746,
    -0.018465,
    -0.626962,
    -0.294304,
    -0.721321,
    -0.560033,
    -0.596985,
    -0.574432,
    -0.463321,
    -0.797695,
    -0.386027,
    -0.301781,
    -0.943631,
    -0.135971,
    -0.036792,
    -0.999217,
    -0.014533,
    -0.583857,
    -0.445668,
    -0.678595,
    -0.535614,
    -0.738564,
    -0.409439,
    -0.399553,
    -0.900366,
    -0.172335,
    -0.236156,
    -0.971714,
    -0.001402,
    -0.063945,
    -0.997823,
    0.016145,
    -0.583609,
    -0.698233,
    -0.414574,
    -0.501383,
    -0.864762,
    0.028325,
    -0.362158,
    -0.907942,
    0.210911,
    -0.238646,
    -0.949852,
    0.202065,
    -0.123895,
    -0.990543,
    0.058938
  ],
  "faces": [
    32,
    0,
    1,
    5,
    0,
    1,
    5,
    32,
    5,
    1,
    6,
    5,
    1,
    6,
    32,
    5,
    6,
    10,
    5,
    6,
    10,
    32,
    10,
    6,
    11,
    10,
    6,
    11,
    32,
    10,
    11,
    15,
    10,
    11,
    15,
    32,
    15,
    11,
    16,
    15,
    11,
    16,
    32,
    15,
    16,
    20,
    15,
    16,
    20,
    32,
    20,
    16,
    21,
    20,
    16,
    21,
    32,
    1,
    2,
    6,
    1,
    2,
    6,
    32,
    6,
    2,
    7,
    6,
    2,
    7,
    32,
    6,
    7,
    11,
    6,
    7,
    11,
    32,
    11,
    7,
    12,
    11,
    7,
    12,
    32,
    11,
    12,
    16,
    11,
    12,
    16,
    32,
    16,
    12,
    17,
    16,
    12,
    17,
    32,
    16,
    17,
    21,
    16,
    17,
    21,
    32,
    21,
    17,
    22,
    21,
    17,
    22,
    32,
    2,
    3,
    7,
    2,
    3,
    7,
    32,
    7,
    3,
    8,
    7,
    3,
    8,
    32,
    7,
    8,
    12,
    7,
    8,
    12,
    32,
    12,
    8,
    13,
    12,
    8,
    13,
    32,
    12,
    13,
    17,
    12,
    13,
    17,
    32,
    17,
    13,
    18,
    17,
    13,
    18,
    32,
    17,
    18,
    22,
    17,
    18,
    22,
    32,
    22,
    18,
    23,
    22,
    18,
    23,
    32,
    3,
    4,
    8,
    3,
    4,
    8,
    32,
    8,
    4,
    9,
    8,
    4,
    9,
    32,
    8,
    9,
    13,
    8,
    9,
    13,
    32,
    13,
    9,
    14,
    13,
    9,
    14,
    32,
    13,
    14,
    18,
    13,
    14,
    18,
    32,
    18,
    14,
    19,
    18,
    14,
    19,
    32,
    18,
    19,
    23,
    18,
    19,
    23,
    32,
    23,
    19,
    24,
    23,
    19,
    24
  ],
  "additional_info": {
    "formatVersion": 3,
    "description": "Exported from LibZinc.",
    "materials": [
      {
        "DbgColor": 15658734,
        "DbgIndex": 0,
        "DbgName": "my_material",
        "colorDiffuse": [
          0.9,
          0.7,
          0.5
        ],
        "colorSpecular": [
          0.2,
          0.2,
          0.3
        ],
        "shading": "Phong",
        "specularCoef": 0,
        "opacity": 1,
        "vertexColors": true
      }
    ]
  }
}