{
	"metadata" : {
		"formatVersion" : 3,
		"description" : "Exported from LibZinc."
	}, "materials": [ { "DbgColor": 15658734, "DbgIndex": 0, "DbgName": "my_material", "colorDiffuse": [ 0.9, 0.7, 0.5 ], "colorSpecular": [ 0.2, 0.2, 0.3 ], "shading": "Phong", "specularCoef": 20, "opacity": 1, "vertexColors": true } ], 

	"vertices" : [
		406.444305,40.992989,-450.002197,428.869720,46.847485,-450.405457,447.436615,54.087029,-450.660675,462.280487,63.781010,-450.669800,473.536896,76.998810,-450.334686,408.857117,41.082882,-437.649597,432.120911,47.798779,-438.112396,451.816895,56.639305,-438.377075,466.974060,67.453835,-438.426086,476.621429,80.091751,-438.241821,
		410.660736,41.359734,-425.279175,434.832642,49.589226,-425.908051,455.969391,61.591568,-426.229431,471.763580,74.103027,-426.367554,479.907867,83.859856,-426.446655,411.414093,41.817921,-412.898743,436.834320,51.237534,-413.809784,459.713104,66.228127,-414.194977,476.498535,80.409859,-414.339996,483.638702,87.402878,-414.530365,
		410.676086,42.451832,-400.516113,437.955353,51.762409,-401.834961,462.867188,67.833275,-402.251038,481.028503,83.055595,-402.189148,488.056305,89.820549,-402.074097
	],

	"normals" : [
		0.219559,-0.974506,-0.046161,0.295330,-0.953033,-0.067146,0.440504,-0.888882,-0.125881,0.645555,-0.743450,-0.174763,0.846778,-0.521234,-0.106214,0.220445,-0.975095,-0.024366,0.339507,-0.939977,0.034317,0.485645,-0.864890,0.126940,0.680927,-0.728439,0.075599,0.895035,-0.433103,-0.106466,
		0.206543,-0.978415,0.006565,0.420156,-0.905606,0.057845,0.554831,-0.814232,0.170844,0.679816,-0.718027,0.149288,0.891806,-0.435732,-0.121735,0.175905,-0.983498,0.042290,0.472957,-0.880608,0.028986,0.607524,-0.792047,0.059802,0.679819,-0.732132,0.042766,0.736071,-0.673156,-0.071137,
		0.129567,-0.988764,0.074556,0.459793,-0.886549,-0.051186,0.592945,-0.781783,-0.192955,0.657020,-0.710729,-0.251376,0.579425,0.754100,-0.309193
	],

	"faces": [
		32 ,0,1,5 ,0,1,5,
		32 ,5,1,6 ,5,1,6,
		32 ,5,6,10 ,5,6,10,
		32 ,10,6,11 ,10,6,11,
		32 ,10,11,15 ,10,11,15,
		32 ,15,11,16 ,15,11,16,
		32 ,15,16,20 ,15,16,20,
		32 ,20,16,21 ,20,16,21,
		32 ,1,2,6 ,1,2,6,
		32 ,6,2,7 ,6,2,7,
		32 ,6,7,11 ,6,7,11,
		32 ,11,7,12 ,11,7,12,
		32 ,11,12,16 ,11,12,16,
		32 ,16,12,17 ,16,12,17,
		32 ,16,17,21 ,16,17,21,
		32 ,21,17,22 ,21,17,22,
		32 ,2,3,7 ,2,3,7,
		32 ,7,3,8 ,7,3,8,
		32 ,7,8,12 ,7,8,12,
		32 ,12,8,13 ,12,8,13,
		32 ,12,13,17 ,12,13,17,
		32 ,17,13,18 ,17,13,18,
		32 ,17,18,22 ,17,18,22,
		32 ,22,18,23 ,22,18,23,
		32 ,3,4,8 ,3,4,8,
		32 ,8,4,9 ,8,4,9,
		32 ,8,9,13 ,8,9,13,
		32 ,13,9,14 ,13,9,14,
		32 ,13,14,18 ,13,14,18,
		32 ,18,14,19 ,18,14,19,
		32 ,18,19,23 ,18,19,23,
		32 ,23,19,24 ,23,19,24
	]

}
