{
	"metadata" : {
		"formatVersion" : 3,
		"description" : "Exported from LibZinc."
	}, "materials": [ { "DbgColor": 15658734, "DbgIndex": 0, "DbgName": "my_material", "colorDiffuse": [ 0.9, 0.7, 0.5 ], "colorSpecular": [ 0.2, 0.2, 0.3 ], "shading": "Phong", "specularCoef": 20, "opacity": 1, "vertexColors": true } ], 

	"vertices" : [
		473.536896,76.998810,-450.334686,478.500214,92.921112,-449.888428,476.542297,109.351341,-449.654541,470.914978,125.292976,-449.670654,464.870087,139.749496,-449.974396,476.621429,80.091751,-438.241821,479.536743,94.832535,-437.939697,476.900818,111.013351,-437.705811,471.347076,127.070091,-437.628510,465.508972,141.438660,-437.796234,
		479.907867,83.859856,-426.446655,480.339630,94.939102,-426.336853,476.299438,111.123260,-426.015167,470.434723,128.706802,-425.766083,465.392883,143.984192,-425.874176,483.638702,87.402878,-414.530365,481.730927,95.037155,-414.584991,475.805145,111.477150,-414.345123,468.958282,130.844757,-414.129944,464.287231,147.261887,-414.258636,
		488.056305,89.820549,-402.074097,484.532654,96.923042,-402.189209,476.484955,113.871117,-402.458221,467.698212,134.125641,-402.766632,461.957306,151.147507,-403.000000
	],

	"normals" : [
		0.846778,-0.521234,-0.106214,0.993417,-0.056286,-0.099774,0.954321,0.254079,-0.157208,0.911258,0.376596,-0.166685,0.928763,0.355153,-0.106143,0.895035,-0.433103,-0.106466,0.997481,0.020207,-0.067993,0.963731,0.266639,0.011205,0.929420,0.368454,-0.020522,0.928068,0.362030,-0.087318,
		0.891806,-0.435732,-0.121735,0.984509,0.156599,-0.078857,0.954183,0.292903,0.061180,0.943689,0.325894,0.056958,0.960161,0.278521,-0.022732,0.736071,-0.673156,-0.071137,0.932124,0.319351,-0.170762,0.938818,0.343532,-0.024644,0.947705,0.314853,0.052189,0.977436,0.194625,0.082103,
		0.902485,0.225621,-0.366900,0.842388,0.406436,-0.353824,0.880922,0.400849,-0.251589,0.927027,0.370083,-0.060488,0.959391,0.216604,0.180696
	],

	"faces": [
		32 ,0,1,5 ,0,1,5,
		32 ,5,1,6 ,5,1,6,
		32 ,5,6,10 ,5,6,10,
		32 ,10,6,11 ,10,6,11,
		32 ,10,11,15 ,10,11,15,
		32 ,15,11,16 ,15,11,16,
		32 ,15,16,20 ,15,16,20,
		32 ,20,16,21 ,20,16,21,
		32 ,1,2,6 ,1,2,6,
		32 ,6,2,7 ,6,2,7,
		32 ,6,7,11 ,6,7,11,
		32 ,11,7,12 ,11,7,12,
		32 ,11,12,16 ,11,12,16,
		32 ,16,12,17 ,16,12,17,
		32 ,16,17,21 ,16,17,21,
		32 ,21,17,22 ,21,17,22,
		32 ,2,3,7 ,2,3,7,
		32 ,7,3,8 ,7,3,8,
		32 ,7,8,12 ,7,8,12,
		32 ,12,8,13 ,12,8,13,
		32 ,12,13,17 ,12,13,17,
		32 ,17,13,18 ,17,13,18,
		32 ,17,18,22 ,17,18,22,
		32 ,22,18,23 ,22,18,23,
		32 ,3,4,8 ,3,4,8,
		32 ,8,4,9 ,8,4,9,
		32 ,8,9,13 ,8,9,13,
		32 ,13,9,14 ,13,9,14,
		32 ,13,14,18 ,13,14,18,
		32 ,18,14,19 ,18,14,19,
		32 ,18,19,23 ,18,19,23,
		32 ,23,19,24 ,23,19,24
	]

}
