{
  "metadata": {
    "formatVersion": 3,
    "description": "Exported from LibZinc.",
    "materials": [
      {
        "DbgColor": 15658734,
        "DbgIndex": 0,
        "DbgName": "my_material",
        "colorDiffuse": [
          0.9,
          0.7,
          0.5
        ],
        "colorSpecular": [
          0.2,
          0.2,
          0.3
        ],
        "shading": "Phong",
        "specularCoef": 20,
        "opacity": 1,
        "vertexColors": true
      }
    ]
  },
  "vertices": [
    464.870087,
    139.749496,
    -449.974396,
    460.765472,
    152.37912,
    -450.224304,
    458.581604,
    164.032516,
    -450.182861,
    458.004242,
    175.501907,
    -450.043549,
    458.719299,
    187.579498,
    -450.0,
    465.508972,
    141.43866,
    -437.796234,
    461.328003,
    153.799515,
    -437.90213,
    458.919281,
    165.152466,
    -437.725037,
    458.176636,
    175.91246,
    -437.481781,
    458.993866,
    186.494431,
    -437.389191,
    465.392883,
    143.984192,
    -425.874176,
    462.357117,
    156.510529,
    -425.934784,
    460.67038,
    167.956726,
    -425.567932,
    460.21994,
    177.791046,
    -425.095032,
    460.893036,
    185.48172,
    -424.837524,
    464.287231,
    147.261887,
    -414.258636,
    462.597168,
    160.31601,
    -414.339874,
    462.25,
    172.377106,
    -413.979248,
    462.677582,
    181.740707,
    -413.491455,
    463.31189,
    186.702393,
    -413.191101,
    461.957306,
    151.147507,
    -403.0,
    460.792511,
    165.019836,
    -403.134918,
    462.073181,
    178.345413,
    -403.226776,
    464.092957,
    188.364532,
    -403.279236,
    465.145386,
    192.317505,
    -403.295898
  ],
  "normals": [
    0.928763,
    0.355153,
    -0.106143,
    0.968405,
    0.249277,
    -0.007238,
    0.991052,
    0.114437,
    0.068702,
    0.994952,
    -0.011419,
    0.0997,
    0.992724,
    -0.098261,
    0.069595,
    0.928068,
    0.36203,
    -0.087318,
    0.955694,
    0.266457,
    -0.125102,
    0.981718,
    0.142048,
    -0.126696,
    0.994305,
    -0.003106,
    -0.10653,
    0.982818,
    -0.144973,
    -0.114246,
    0.960161,
    0.278521,
    -0.022732,
    0.973837,
    0.191026,
    -0.123084,
    0.976336,
    0.103902,
    -0.189666,
    0.979625,
    -0.004902,
    -0.200773,
    0.96574,
    -0.178251,
    -0.188607,
    0.977436,
    0.194625,
    0.082103,
    0.997177,
    0.071397,
    0.023268,
    0.996613,
    -0.008681,
    -0.081772,
    0.984339,
    -0.073078,
    -0.160423,
    0.962323,
    -0.23422,
    -0.138117,
    0.959391,
    0.216604,
    0.180696,
    0.956272,
    -0.020945,
    0.291729,
    0.957135,
    -0.151168,
    0.247066,
    0.958619,
    -0.233636,
    0.162678,
    0.137381,
    -0.717814,
    0.682546
  ],
  "faces": [
    32,
    0,
    1,
    5,
    0,
    1,
    5,
    32,
    5,
    1,
    6,
    5,
    1,
    6,
    32,
    5,
    6,
    10,
    5,
    6,
    10,
    32,
    10,
    6,
    11,
    10,
    6,
    11,
    32,
    10,
    11,
    15,
    10,
    11,
    15,
    32,
    15,
    11,
    16,
    15,
    11,
    16,
    32,
    15,
    16,
    20,
    15,
    16,
    20,
    32,
    20,
    16,
    21,
    20,
    16,
    21,
    32,
    1,
    2,
    6,
    1,
    2,
    6,
    32,
    6,
    2,
    7,
    6,
    2,
    7,
    32,
    6,
    7,
    11,
    6,
    7,
    11,
    32,
    11,
    7,
    12,
    11,
    7,
    12,
    32,
    11,
    12,
    16,
    11,
    12,
    16,
    32,
    16,
    12,
    17,
    16,
    12,
    17,
    32,
    16,
    17,
    21,
    16,
    17,
    21,
    32,
    21,
    17,
    22,
    21,
    17,
    22,
    32,
    2,
    3,
    7,
    2,
    3,
    7,
    32,
    7,
    3,
    8,
    7,
    3,
    8,
    32,
    7,
    8,
    12,
    7,
    8,
    12,
    32,
    12,
    8,
    13,
    12,
    8,
    13,
    32,
    12,
    13,
    17,
    12,
    13,
    17,
    32,
    17,
    13,
    18,
    17,
    13,
    18,
    32,
    17,
    18,
    22,
    17,
    18,
    22,
    32,
    22,
    18,
    23,
    22,
    18,
    23,
    32,
    3,
    4,
    8,
    3,
    4,
    8,
    32,
    8,
    4,
    9,
    8,
    4,
    9,
    32,
    8,
    9,
    13,
    8,
    9,
    13,
    32,
    13,
    9,
    14,
    13,
    9,
    14,
    32,
    13,
    14,
    18,
    13,
    14,
    18,
    32,
    18,
    14,
    19,
    18,
    14,
    19,
    32,
    18,
    19,
    23,
    18,
    19,
    23,
    32,
    23,
    19,
    24,
    23,
    19,
    24
  ],
  "additional_info": {
    "formatVersion": 3,
    "description": "Exported from LibZinc.",
    "materials": [
      {
        "DbgColor": 15658734,
        "DbgIndex": 0,
        "DbgName": "my_material",
        "colorDiffuse": [
          0.9,
          0.7,
          0.5
        ],
        "colorSpecular": [
          0.2,
          0.2,
          0.3
        ],
        "shading": "Phong",
        "specularCoef": 20,
        "opacity": 1,
        "vertexColors": true
      }
    ]
  }
}