{
  "metadata": {
    "formatVersion": 3,
    "description": "Exported from LibZinc.",
    "materials": [
      {
        "DbgColor": 15658734,
        "DbgIndex": 0,
        "DbgName": "my_material",
        "colorDiffuse": [
          0.9,
          0.7,
          0.5
        ],
        "colorSpecular": [
          0.2,
          0.2,
          0.3
        ],
        "shading": "Phong",
        "specularCoef": 0,
        "opacity": 1,
        "vertexColors": true
      }
    ]
  },
  "vertices": [
    458.719299,
    187.579498,
    -450.0,
    459.675385,
    200.627228,
    -450.058899,
    459.613159,
    214.069443,
    -450.088196,
    457.906464,
    227.291992,
    -450.073425,
    453.929199,
    239.680695,
    -450.0,
    458.993866,
    186.494431,
    -437.389191,
    460.715393,
    198.613922,
    -437.44989,
    461.925537,
    212.705902,
    -437.502502,
    461.378021,
    227.264282,
    -437.517761,
    457.826599,
    240.78302,
    -437.4664,
    460.893036,
    185.48172,
    -424.837524,
    462.804199,
    195.433136,
    -424.863007,
    464.926514,
    210.298447,
    -424.966187,
    465.435089,
    226.918976,
    -425.059357,
    462.505035,
    242.136047,
    -425.054779,
    463.31189,
    186.702393,
    -413.191101,
    464.97995,
    194.144882,
    -413.062683,
    467.490387,
    209.092712,
    -412.902496,
    468.747253,
    227.054169,
    -412.742767,
    466.654633,
    243.537567,
    -412.615784,
    465.145386,
    192.317505,
    -403.295898,
    466.280792,
    197.809174,
    -402.813446,
    468.491425,
    211.334274,
    -401.73465,
    469.98407,
    228.467972,
    -400.612518,
    468.965515,
    244.7854,
    -400.0
  ],
  "normals": [
    0.992724,
    -0.098261,
    0.069595,
    0.998999,
    -0.041321,
    -0.017121,
    0.990357,
    0.057415,
    -0.126079,
    0.955438,
    0.203327,
    -0.214001,
    0.882952,
    0.401511,
    -0.243278,
    0.982818,
    -0.144973,
    -0.114246,
    0.978911,
    -0.123403,
    -0.162806,
    0.973496,
    -0.036601,
    -0.225754,
    0.946582,
    0.122278,
    -0.298379,
    0.857625,
    0.377941,
    -0.34877,
    0.96574,
    -0.178251,
    -0.188607,
    0.960506,
    -0.17367,
    -0.217408,
    0.963675,
    -0.097656,
    -0.248585,
    0.952775,
    0.051452,
    -0.299286,
    0.867271,
    0.340935,
    -0.362773,
    0.962323,
    -0.23422,
    -0.138117,
    0.968626,
    -0.195848,
    -0.152996,
    0.978549,
    -0.125444,
    -0.163421,
    0.979732,
    0.005394,
    -0.200239,
    0.914471,
    0.288644,
    -0.283598,
    0.991115,
    0.0,
    -0.133004,
    0.976037,
    -0.195912,
    0.094709,
    0.987542,
    -0.137817,
    0.075938,
    0.999133,
    -0.032118,
    0.026502,
    0.976586,
    0.195388,
    -0.090022
  ],
  "faces": [
    32,
    0,
    1,
    5,
    0,
    1,
    5,
    32,
    5,
    1,
    6,
    5,
    1,
    6,
    32,
    5,
    6,
    10,
    5,
    6,
    10,
    32,
    10,
    6,
    11,
    10,
    6,
    11,
    32,
    10,
    11,
    15,
    10,
    11,
    15,
    32,
    15,
    11,
    16,
    15,
    11,
    16,
    32,
    15,
    16,
    20,
    15,
    16,
    20,
    32,
    20,
    16,
    21,
    20,
    16,
    21,
    32,
    1,
    2,
    6,
    1,
    2,
    6,
    32,
    6,
    2,
    7,
    6,
    2,
    7,
    32,
    6,
    7,
    11,
    6,
    7,
    11,
    32,
    11,
    7,
    12,
    11,
    7,
    12,
    32,
    11,
    12,
    16,
    11,
    12,
    16,
    32,
    16,
    12,
    17,
    16,
    12,
    17,
    32,
    16,
    17,
    21,
    16,
    17,
    21,
    32,
    21,
    17,
    22,
    21,
    17,
    22,
    32,
    2,
    3,
    7,
    2,
    3,
    7,
    32,
    7,
    3,
    8,
    7,
    3,
    8,
    32,
    7,
    8,
    12,
    7,
    8,
    12,
    32,
    12,
    8,
    13,
    12,
    8,
    13,
    32,
    12,
    13,
    17,
    12,
    13,
    17,
    32,
    17,
    13,
    18,
    17,
    13,
    18,
    32,
    17,
    18,
    22,
    17,
    18,
    22,
    32,
    22,
    18,
    23,
    22,
    18,
    23,
    32,
    3,
    4,
    8,
    3,
    4,
    8,
    32,
    8,
    4,
    9,
    8,
    4,
    9,
    32,
    8,
    9,
    13,
    8,
    9,
    13,
    32,
    13,
    9,
    14,
    13,
    9,
    14,
    32,
    13,
    14,
    18,
    13,
    14,
    18,
    32,
    18,
    14,
    19,
    18,
    14,
    19,
    32,
    18,
    19,
    23,
    18,
    19,
    23,
    32,
    23,
    19,
    24,
    23,
    19,
    24
  ],
  "additional_info": {
    "formatVersion": 3,
    "description": "Exported from LibZinc.",
    "materials": [
      {
        "DbgColor": 15658734,
        "DbgIndex": 0,
        "DbgName": "my_material",
        "colorDiffuse": [
          0.9,
          0.7,
          0.5
        ],
        "colorSpecular": [
          0.2,
          0.2,
          0.3
        ],
        "shading": "Phong",
        "specularCoef": 0,
        "opacity": 1,
        "vertexColors": true
      }
    ]
  }
}