{
	"metadata" : {
		"formatVersion" : 3,
		"description" : "Exported from LibZinc."
	}, "materials": [ { "DbgColor": 15658734, "DbgIndex": 0, "DbgName": "my_material", "colorDiffuse": [ 0.9, 0.7, 0.5 ], "colorSpecular": [ 0.2, 0.2, 0.3 ], "shading": "Phong", "specularCoef": 20, "opacity": 1, "vertexColors": true } ], 

	"vertices" : [
		527.285889,71.778198,-403.000000,538.705139,76.248146,-403.151764,549.055908,84.074921,-403.191772,557.930908,94.187531,-403.135895,564.922913,105.514999,-403.000000,520.704285,72.626930,-387.462402,529.966736,76.124504,-387.305328,538.749573,82.350197,-386.754150,546.691895,90.556007,-386.121948,553.432800,99.993950,-385.721924,
		515.097534,72.281479,-374.454193,521.128662,74.745338,-374.278625,527.697754,79.291359,-373.782715,533.884521,85.027840,-373.238525,538.768677,91.063080,-372.918060,510.361481,71.829216,-362.455048,513.018799,73.159492,-362.386627,516.658997,75.694954,-362.204041,520.197205,78.607437,-362.006073,522.548828,81.068794,-361.891357,
		506.391815,72.357513,-349.944702,506.465210,72.415817,-349.944336,506.391815,72.357513,-349.944702,506.318390,72.299202,-349.945068,506.391815,72.357513,-349.944702
	],

	"normals" : [
		0.201521,-0.962194,0.183227,0.483571,-0.833192,0.268236,0.653619,-0.692025,0.306404,0.761014,-0.561648,0.324668,0.841370,-0.434557,0.321336,0.197429,-0.976133,0.090479,0.459823,-0.856652,0.233902,0.606082,-0.724283,0.328753,0.698413,-0.602370,0.386483,0.758809,-0.474078,0.446608,
		0.202424,-0.978528,0.038829,0.471210,-0.854945,0.216866,0.578242,-0.748616,0.324362,0.649028,-0.643921,0.405127,0.693357,-0.473250,0.543407,0.242950,-0.967039,0.076226,0.507629,-0.831600,0.225289,0.568518,-0.769836,0.290070,0.616399,-0.703647,0.353458,0.666697,-0.486728,0.564457,
		0.570355,-0.786335,0.237429,0.570355,-0.786335,0.237429,0.570355,-0.786335,0.237429,0.570355,-0.786335,0.237429,0.570355,-0.786335,0.237429
	],

	"faces": [
		32 ,0,1,5 ,0,1,5,
		32 ,5,1,6 ,5,1,6,
		32 ,5,6,10 ,5,6,10,
		32 ,10,6,11 ,10,6,11,
		32 ,10,11,15 ,10,11,15,
		32 ,15,11,16 ,15,11,16,
		32 ,15,16,20 ,15,16,20,
		32 ,20,16,21 ,20,16,21,
		32 ,1,2,6 ,1,2,6,
		32 ,6,2,7 ,6,2,7,
		32 ,6,7,11 ,6,7,11,
		32 ,11,7,12 ,11,7,12,
		32 ,11,12,16 ,11,12,16,
		32 ,16,12,17 ,16,12,17,
		32 ,16,17,21 ,16,17,21,
		32 ,21,17,22 ,21,17,22,
		32 ,2,3,7 ,2,3,7,
		32 ,7,3,8 ,7,3,8,
		32 ,7,8,12 ,7,8,12,
		32 ,12,8,13 ,12,8,13,
		32 ,12,13,17 ,12,13,17,
		32 ,17,13,18 ,17,13,18,
		32 ,17,18,22 ,17,18,22,
		32 ,22,18,23 ,22,18,23,
		32 ,3,4,8 ,3,4,8,
		32 ,8,4,9 ,8,4,9,
		32 ,8,9,13 ,8,9,13,
		32 ,13,9,14 ,13,9,14,
		32 ,13,14,18 ,13,14,18,
		32 ,18,14,19 ,18,14,19,
		32 ,18,19,23 ,18,19,23,
		32 ,23,19,24 ,23,19,24
	]

}
