{
	"metadata" : {
		"formatVersion" : 3,
		"description" : "Exported from LibZinc."
	},

	"vertices" : [
		541.326721,191.709702,-403.000000,532.882080,201.019623,-402.962158,523.287292,210.473480,-402.901031,512.571655,217.907089,-402.889374,500.764404,221.156296,-403.000000,537.214905,198.870667,-388.031921,527.999817,208.337692,-387.993744,517.829407,217.497086,-387.965027,506.617767,224.800629,-387.985779,494.279175,228.700073,-388.095947,
		533.134949,204.595245,-375.006439,523.203125,214.355469,-375.051666,512.711304,223.133636,-375.238373,501.106598,230.407578,-375.495453,487.836029,235.655106,-375.751892,528.558655,209.183365,-362.727722,517.651001,219.220642,-362.797821,506.506958,227.712830,-363.094208,494.182983,235.009323,-363.470917,479.735504,241.459473,-363.781891,
		522.957886,212.934906,-350.000000,510.502411,223.080887,-349.894043,497.790070,231.564392,-349.905823,483.991699,238.887268,-349.964691,468.278107,245.551300,-350.000000
	],

	"normals" : [
		0.727992,0.671887,-0.136365,0.729709,0.676557,-0.098972,0.650220,0.750970,-0.115143,0.441342,0.870587,-0.217476,0.038667,0.916403,-0.398385,0.715707,0.689436,-0.111540,0.699204,0.707467,-0.102981,0.617063,0.776205,-0.129382,0.435148,0.871111,-0.227622,0.121570,0.891258,-0.436897,
		0.714856,0.697960,-0.042801,0.678488,0.733236,-0.044943,0.594675,0.801116,-0.067637,0.454827,0.878351,-0.147074,0.262154,0.903021,-0.340336,0.700818,0.711824,0.046475,0.644697,0.762357,0.056372,0.558881,0.827869,0.047798,0.457889,0.889001,0.003959,0.361385,0.927112,-0.099320,
		0.658690,0.742905,0.119243,0.588669,0.793066,0.156572,0.505347,0.848652,0.156249,0.422928,0.895870,0.136194,0.355029,0.925406,0.132578
	],

	"faces": [
		32 ,0,1,5 ,0,1,5,
		32 ,5,1,6 ,5,1,6,
		32 ,5,6,10 ,5,6,10,
		32 ,10,6,11 ,10,6,11,
		32 ,10,11,15 ,10,11,15,
		32 ,15,11,16 ,15,11,16,
		32 ,15,16,20 ,15,16,20,
		32 ,20,16,21 ,20,16,21,
		32 ,1,2,6 ,1,2,6,
		32 ,6,2,7 ,6,2,7,
		32 ,6,7,11 ,6,7,11,
		32 ,11,7,12 ,11,7,12,
		32 ,11,12,16 ,11,12,16,
		32 ,16,12,17 ,16,12,17,
		32 ,16,17,21 ,16,17,21,
		32 ,21,17,22 ,21,17,22,
		32 ,2,3,7 ,2,3,7,
		32 ,7,3,8 ,7,3,8,
		32 ,7,8,12 ,7,8,12,
		32 ,12,8,13 ,12,8,13,
		32 ,12,13,17 ,12,13,17,
		32 ,17,13,18 ,17,13,18,
		32 ,17,18,22 ,17,18,22,
		32 ,22,18,23 ,22,18,23,
		32 ,3,4,8 ,3,4,8,
		32 ,8,4,9 ,8,4,9,
		32 ,8,9,13 ,8,9,13,
		32 ,13,9,14 ,13,9,14,
		32 ,13,14,18 ,13,14,18,
		32 ,18,14,19 ,18,14,19,
		32 ,18,19,23 ,18,19,23,
		32 ,23,19,24 ,23,19,24
	]

}
