{
  "metadata": {
    "formatVersion": 3,
    "description": "Exported from LibZinc.",
    "materials": [
      {
        "DbgColor": 15658734,
        "DbgIndex": 0,
        "DbgName": "my_material",
        "colorDiffuse": [
          0.9,
          0.7,
          0.5
        ],
        "colorSpecular": [
          0.2,
          0.2,
          0.3
        ],
        "shading": "Phong",
        "specularCoef": 0,
        "opacity": 1,
        "vertexColors": true
      }
    ]
  },
  "vertices": [
    500.764404,
    221.156296,
    -403.0,
    488.255798,
    216.895264,
    -403.156494,
    476.783203,
    206.954712,
    -403.245941,
    468.396484,
    196.905243,
    -403.286407,
    465.145386,
    192.317505,
    -403.295898,
    494.279175,
    228.700073,
    -388.095947,
    484.04953,
    225.433746,
    -388.422241,
    475.16394,
    217.639389,
    -388.973328,
    468.970367,
    209.818298,
    -389.392639,
    466.816742,
    206.471771,
    -389.323669,
    487.836029,
    235.655106,
    -375.751892,
    481.138092,
    233.352371,
    -375.954102,
    474.597656,
    227.84201,
    -376.308441,
    469.68631,
    222.33284,
    -376.54837,
    467.875671,
    220.033722,
    -376.407257,
    479.735504,
    241.459473,
    -363.781891,
    476.769226,
    240.214859,
    -363.798035,
    472.997864,
    237.250122,
    -363.800842,
    469.749603,
    234.286713,
    -363.751495,
    468.352631,
    233.046005,
    -363.611206,
    468.278107,
    245.5513,
    -350.0,
    468.190582,
    245.584885,
    -350.0,
    468.278107,
    245.5513,
    -350.0,
    468.365631,
    245.517715,
    -350.0,
    468.278107,
    245.5513,
    -350.0
  ],
  "normals": [
    0.038667,
    0.916403,
    -0.398385,
    -0.457551,
    0.710743,
    -0.534315,
    -0.620351,
    0.586269,
    -0.521011,
    -0.710905,
    0.532271,
    -0.459675,
    -0.322119,
    -0.655342,
    0.683203,
    0.046324,
    0.88287,
    -0.467327,
    -0.43177,
    0.716007,
    -0.548551,
    -0.621542,
    0.596234,
    -0.508125,
    -0.722222,
    0.518456,
    -0.45782,
    -0.147348,
    -0.677171,
    0.720922,
    0.055109,
    0.888697,
    -0.455172,
    -0.432742,
    0.70927,
    -0.55648,
    -0.590592,
    0.613071,
    -0.524733,
    -0.664248,
    0.550338,
    -0.505868,
    -0.209405,
    -0.669524,
    0.712662,
    0.085782,
    0.944977,
    -0.315689,
    -0.458776,
    0.692418,
    -0.55685,
    -0.549064,
    0.627311,
    -0.552277,
    -0.580408,
    0.597614,
    -0.553158,
    0.006245,
    0.715113,
    -0.698981,
    -0.497096,
    0.653334,
    -0.571008,
    -0.497096,
    0.653334,
    -0.571008,
    -0.497096,
    0.653334,
    -0.571008,
    -0.497096,
    0.653334,
    -0.571008,
    -0.497096,
    0.653334,
    -0.571008
  ],
  "faces": [
    32,
    0,
    1,
    5,
    0,
    1,
    5,
    32,
    5,
    1,
    6,
    5,
    1,
    6,
    32,
    5,
    6,
    10,
    5,
    6,
    10,
    32,
    10,
    6,
    11,
    10,
    6,
    11,
    32,
    10,
    11,
    15,
    10,
    11,
    15,
    32,
    15,
    11,
    16,
    15,
    11,
    16,
    32,
    15,
    16,
    20,
    15,
    16,
    20,
    32,
    20,
    16,
    21,
    20,
    16,
    21,
    32,
    1,
    2,
    6,
    1,
    2,
    6,
    32,
    6,
    2,
    7,
    6,
    2,
    7,
    32,
    6,
    7,
    11,
    6,
    7,
    11,
    32,
    11,
    7,
    12,
    11,
    7,
    12,
    32,
    11,
    12,
    16,
    11,
    12,
    16,
    32,
    16,
    12,
    17,
    16,
    12,
    17,
    32,
    16,
    17,
    21,
    16,
    17,
    21,
    32,
    21,
    17,
    22,
    21,
    17,
    22,
    32,
    2,
    3,
    7,
    2,
    3,
    7,
    32,
    7,
    3,
    8,
    7,
    3,
    8,
    32,
    7,
    8,
    12,
    7,
    8,
    12,
    32,
    12,
    8,
    13,
    12,
    8,
    13,
    32,
    12,
    13,
    17,
    12,
    13,
    17,
    32,
    17,
    13,
    18,
    17,
    13,
    18,
    32,
    17,
    18,
    22,
    17,
    18,
    22,
    32,
    22,
    18,
    23,
    22,
    18,
    23,
    32,
    3,
    4,
    8,
    3,
    4,
    8,
    32,
    8,
    4,
    9,
    8,
    4,
    9,
    32,
    8,
    9,
    13,
    8,
    9,
    13,
    32,
    13,
    9,
    14,
    13,
    9,
    14,
    32,
    13,
    14,
    18,
    13,
    14,
    18,
    32,
    18,
    14,
    19,
    18,
    14,
    19,
    32,
    18,
    19,
    23,
    18,
    19,
    23,
    32,
    23,
    19,
    24,
    23,
    19,
    24
  ],
  "additional_info": {
    "formatVersion": 3,
    "description": "Exported from LibZinc.",
    "materials": [
      {
        "DbgColor": 15658734,
        "DbgIndex": 0,
        "DbgName": "my_material",
        "colorDiffuse": [
          0.9,
          0.7,
          0.5
        ],
        "colorSpecular": [
          0.2,
          0.2,
          0.3
        ],
        "shading": "Phong",
        "specularCoef": 0,
        "opacity": 1,
        "vertexColors": true
      }
    ]
  }
}