{
	"metadata" : {
		"formatVersion" : 3,
		"description" : "Exported from LibZinc."
	}, "materials": [ { "DbgColor": 15658734, "DbgIndex": 0, "DbgName": "my_material", "colorDiffuse": [ 0.9, 0.7, 0.5 ], "colorSpecular": [ 0.2, 0.2, 0.3 ], "shading": "Phong", "specularCoef": 20, "opacity": 1, "vertexColors": true } ], 

	"vertices" : [
		465.145386,192.317505,-403.295898,466.280792,197.809174,-402.813446,468.491425,211.334274,-401.734650,469.984070,228.467972,-400.612518,468.965515,244.785400,-400.000000,466.816742,206.471771,-389.323669,467.279816,210.035492,-389.161835,468.648926,219.635712,-388.534943,469.784790,232.356979,-387.807434,469.548248,245.283829,-387.343689,
		467.875671,220.033722,-376.407257,468.018005,222.407852,-376.265015,468.770111,228.802689,-375.762695,469.482910,237.073303,-375.190155,469.507324,245.074768,-374.837158,468.352631,233.046005,-363.611206,468.365021,234.424805,-363.439026,468.698639,237.789719,-363.042786,469.027008,241.749405,-362.630951,469.023651,244.912506,-362.412018,
		468.278107,245.551300,-350.000000,468.190582,245.584885,-350.000000,468.278107,245.551300,-350.000000,468.365631,245.517715,-350.000000,468.278107,245.551300,-350.000000
	],

	"normals" : [
		0.000000,0.000000,0.000000,0.976537,-0.195613,0.090067,0.988250,-0.137266,0.067230,0.999282,-0.031797,0.020577,0.976586,0.195388,-0.090022,-0.419501,0.649551,-0.634116,0.983708,-0.159293,0.083333,0.989029,-0.127239,0.075050,0.998095,-0.049756,0.036472,0.993997,0.107708,-0.019202,
		-0.370955,0.652886,-0.660404,0.989855,-0.121671,0.073373,0.990269,-0.114296,0.079390,0.996889,-0.059098,0.052142,0.996922,0.074217,0.025264,-0.188748,0.703735,-0.684931,0.992295,-0.096230,0.078046,0.990153,-0.108028,0.089030,0.995866,-0.062990,0.065445,0.991651,0.118669,0.050457,
		0.995917,-0.055536,0.071173,0.995917,-0.055536,0.071173,0.995917,-0.055536,0.071173,0.995917,-0.055536,0.071173,0.995917,-0.055536,0.071173
	],

	"faces": [
		32 ,0,1,5 ,0,1,5,
		32 ,5,1,6 ,5,1,6,
		32 ,5,6,10 ,5,6,10,
		32 ,10,6,11 ,10,6,11,
		32 ,10,11,15 ,10,11,15,
		32 ,15,11,16 ,15,11,16,
		32 ,15,16,20 ,15,16,20,
		32 ,20,16,21 ,20,16,21,
		32 ,1,2,6 ,1,2,6,
		32 ,6,2,7 ,6,2,7,
		32 ,6,7,11 ,6,7,11,
		32 ,11,7,12 ,11,7,12,
		32 ,11,12,16 ,11,12,16,
		32 ,16,12,17 ,16,12,17,
		32 ,16,17,21 ,16,17,21,
		32 ,21,17,22 ,21,17,22,
		32 ,2,3,7 ,2,3,7,
		32 ,7,3,8 ,7,3,8,
		32 ,7,8,12 ,7,8,12,
		32 ,12,8,13 ,12,8,13,
		32 ,12,13,17 ,12,13,17,
		32 ,17,13,18 ,17,13,18,
		32 ,17,18,22 ,17,18,22,
		32 ,22,18,23 ,22,18,23,
		32 ,3,4,8 ,3,4,8,
		32 ,8,4,9 ,8,4,9,
		32 ,8,9,13 ,8,9,13,
		32 ,13,9,14 ,13,9,14,
		32 ,13,14,18 ,13,14,18,
		32 ,18,14,19 ,18,14,19,
		32 ,18,19,23 ,18,19,23,
		32 ,23,19,24 ,23,19,24
	]

}
