{
	"metadata" : {
		"formatVersion" : 3,
		"description" : "Exported from LibZinc."
	},

	"vertices" : [
		205.793503,182.272400,-1349.005981,195.808517,189.580627,-1348.940552,184.794830,195.949326,-1348.990356,173.119400,200.985245,-1349.125122,161.149200,204.295105,-1349.314941,208.385422,186.727966,-1332.164429,197.636810,194.355194,-1331.946777,186.080139,201.333817,-1331.952881,173.965805,207.076752,-1332.176514,161.544189,210.996887,-1332.611450,
		209.992874,189.503464,-1320.416138,198.699371,197.127670,-1320.063354,186.789459,204.359802,-1320.021484,174.434570,210.528214,-1320.284180,161.806091,214.961212,-1320.845215,211.233582,191.885880,-1310.711182,199.588715,199.412003,-1310.255127,187.463730,206.671722,-1310.151001,174.988739,213.008148,-1310.395386,162.293915,217.764374,-1310.985107,
		212.725296,195.162201,-1300.000000,200.897385,202.722153,-1299.487305,188.643845,209.914017,-1299.296387,176.091370,216.185074,-1299.457275,163.366699,220.982605,-1300.000000
	],

	"normals" : [
		0.600532,0.739441,-0.304283,0.521141,0.797272,-0.304580,0.428666,0.842152,-0.327148,0.317951,0.877296,-0.359526,0.181053,0.902934,-0.389781,0.574345,0.771566,-0.273520,0.531525,0.807597,-0.255475,0.462291,0.845334,-0.267764,0.361533,0.882710,-0.300195,0.220460,0.913586,-0.341698,
		0.543786,0.799451,-0.255293,0.527360,0.819286,-0.225082,0.477923,0.849516,-0.223412,0.391453,0.886726,-0.245930,0.258511,0.922339,-0.287164,0.513958,0.809071,-0.285046,0.509569,0.818583,-0.265067,0.474030,0.842968,-0.254363,0.402676,0.878591,-0.256768,0.285937,0.917907,-0.275112,
		0.499530,0.794926,-0.344329,0.485468,0.800848,-0.350661,0.451845,0.823711,-0.342544,0.391024,0.859539,-0.329078,0.292323,0.901793,-0.318303
	],

	"faces": [
		32 ,0,1,5 ,0,1,5,
		32 ,5,1,6 ,5,1,6,
		32 ,5,6,10 ,5,6,10,
		32 ,10,6,11 ,10,6,11,
		32 ,10,11,15 ,10,11,15,
		32 ,15,11,16 ,15,11,16,
		32 ,15,16,20 ,15,16,20,
		32 ,20,16,21 ,20,16,21,
		32 ,1,2,6 ,1,2,6,
		32 ,6,2,7 ,6,2,7,
		32 ,6,7,11 ,6,7,11,
		32 ,11,7,12 ,11,7,12,
		32 ,11,12,16 ,11,12,16,
		32 ,16,12,17 ,16,12,17,
		32 ,16,17,21 ,16,17,21,
		32 ,21,17,22 ,21,17,22,
		32 ,2,3,7 ,2,3,7,
		32 ,7,3,8 ,7,3,8,
		32 ,7,8,12 ,7,8,12,
		32 ,12,8,13 ,12,8,13,
		32 ,12,13,17 ,12,13,17,
		32 ,17,13,18 ,17,13,18,
		32 ,17,18,22 ,17,18,22,
		32 ,22,18,23 ,22,18,23,
		32 ,3,4,8 ,3,4,8,
		32 ,8,4,9 ,8,4,9,
		32 ,8,9,13 ,8,9,13,
		32 ,13,9,14 ,13,9,14,
		32 ,13,14,18 ,13,14,18,
		32 ,18,14,19 ,18,14,19,
		32 ,18,19,23 ,18,19,23,
		32 ,23,19,24 ,23,19,24
	]

}
