{
	"metadata" : {
		"formatVersion" : 3,
		"description" : "Exported from LibZinc."
	},

	"vertices" : [
		161.149200,204.295105,-1349.314941,149.204605,204.930115,-1349.451904,137.814285,202.301682,-1349.470459,127.657593,196.556808,-1349.404785,119.413902,187.842499,-1349.288940,161.544189,210.996887,-1332.611450,149.119431,211.949173,-1332.920532,137.330444,209.332169,-1332.870483,126.929771,203.374100,-1332.610962,118.669952,194.303223,-1332.291748,
		161.806091,214.961212,-1320.845215,149.110809,216.305679,-1321.256348,137.015320,213.835587,-1321.203857,126.380676,207.819870,-1320.882202,118.067940,198.527542,-1320.485962,162.293915,217.764374,-1310.985107,149.474609,219.449371,-1311.447876,137.170013,217.184540,-1311.439209,126.325897,211.231583,-1311.147095,117.888084,201.852188,-1310.759399,
		163.366699,220.982605,-1300.000000,150.506714,222.829956,-1300.483276,138.095596,220.751648,-1300.545044,127.081001,214.946640,-1300.334351,118.410599,205.613907,-1300.000000
	],

	"normals" : [
		0.181053,0.902934,-0.389781,-0.076572,0.911795,-0.403444,-0.334128,0.861135,-0.383151,-0.582394,0.743355,-0.328999,-0.797840,0.551912,-0.242578,0.220460,0.913586,-0.341698,-0.062737,0.926310,-0.371503,-0.340148,0.867215,-0.363644,-0.597881,0.735255,-0.319279,-0.814731,0.529042,-0.237337,
		0.258511,0.922339,-0.287164,-0.042019,0.945285,-0.323530,-0.335659,0.884319,-0.324520,-0.605285,0.741373,-0.289822,-0.828448,0.517292,-0.214670,0.285937,0.917907,-0.275112,-0.020604,0.956520,-0.290939,-0.324102,0.903391,-0.280787,-0.605757,0.758270,-0.241008,-0.837218,0.520724,-0.167073,
		0.292323,0.901793,-0.318303,-0.005229,0.953303,-0.301969,-0.307930,0.912943,-0.267795,-0.595700,0.775452,-0.209325,-0.832934,0.538346,-0.128080
	],

	"faces": [
		32 ,0,1,5 ,0,1,5,
		32 ,5,1,6 ,5,1,6,
		32 ,5,6,10 ,5,6,10,
		32 ,10,6,11 ,10,6,11,
		32 ,10,11,15 ,10,11,15,
		32 ,15,11,16 ,15,11,16,
		32 ,15,16,20 ,15,16,20,
		32 ,20,16,21 ,20,16,21,
		32 ,1,2,6 ,1,2,6,
		32 ,6,2,7 ,6,2,7,
		32 ,6,7,11 ,6,7,11,
		32 ,11,7,12 ,11,7,12,
		32 ,11,12,16 ,11,12,16,
		32 ,16,12,17 ,16,12,17,
		32 ,16,17,21 ,16,17,21,
		32 ,21,17,22 ,21,17,22,
		32 ,2,3,7 ,2,3,7,
		32 ,7,3,8 ,7,3,8,
		32 ,7,8,12 ,7,8,12,
		32 ,12,8,13 ,12,8,13,
		32 ,12,13,17 ,12,13,17,
		32 ,17,13,18 ,17,13,18,
		32 ,17,18,22 ,17,18,22,
		32 ,22,18,23 ,22,18,23,
		32 ,3,4,8 ,3,4,8,
		32 ,8,4,9 ,8,4,9,
		32 ,8,9,13 ,8,9,13,
		32 ,13,9,14 ,13,9,14,
		32 ,13,14,18 ,13,14,18,
		32 ,18,14,19 ,18,14,19,
		32 ,18,19,23 ,18,19,23,
		32 ,23,19,24 ,23,19,24
	]

}
