{
	"metadata" : {
		"formatVersion" : 3,
		"description" : "Exported from LibZinc."
	},

	"vertices" : [
		240.836304,150.349396,-1300.000000,237.992249,163.814484,-1300.106323,232.014679,175.980835,-1300.315674,223.420166,186.534683,-1300.367188,212.725296,195.162201,-1300.000000,243.887741,152.579300,-1287.648438,240.616669,166.620255,-1287.716797,234.276611,179.301239,-1287.898926,225.443405,190.351120,-1287.960449,214.692917,199.498764,-1287.667114,
		246.373550,154.729233,-1275.175781,242.824753,169.265625,-1275.171997,236.292160,182.450806,-1275.281494,227.411224,194.073288,-1275.338257,216.817352,203.921570,-1275.176636,248.329758,156.587845,-1262.615356,244.616180,171.595123,-1262.529175,238.029175,185.270767,-1262.563721,229.235123,197.459763,-1262.619751,218.900391,208.007156,-1262.597778,
		249.792404,157.943802,-1250.000000,245.990631,173.453293,-1249.845337,239.455444,187.602356,-1249.845947,230.826599,200.269180,-1249.923584,220.743805,211.332001,-1250.000000
	],

	"normals" : [
		0.958466,0.076236,-0.274830,0.907300,0.312671,-0.281146,0.804369,0.515090,-0.296097,0.665442,0.675273,-0.318108,0.499530,0.794926,-0.344329,0.966851,0.103137,-0.233583,0.910571,0.329869,-0.249093,0.809977,0.518758,-0.273547,0.679410,0.664610,-0.310960,0.524529,0.769864,-0.363563,
		0.974037,0.120159,-0.191867,0.916652,0.338262,-0.212903,0.822199,0.514229,-0.244045,0.706262,0.646120,-0.289349,0.574287,0.738874,-0.352504,0.980078,0.130634,-0.149606,0.924952,0.338832,-0.172212,0.838512,0.503845,-0.207456,0.737606,0.625603,-0.254081,0.629546,0.711188,-0.312863,
		0.984753,0.137196,-0.106954,0.934500,0.332515,-0.127058,0.856393,0.489711,-0.163629,0.766458,0.608668,-0.205100,0.673802,0.697425,-0.244112
	],

	"faces": [
		32 ,0,1,5 ,0,1,5,
		32 ,5,1,6 ,5,1,6,
		32 ,5,6,10 ,5,6,10,
		32 ,10,6,11 ,10,6,11,
		32 ,10,11,15 ,10,11,15,
		32 ,15,11,16 ,15,11,16,
		32 ,15,16,20 ,15,16,20,
		32 ,20,16,21 ,20,16,21,
		32 ,1,2,6 ,1,2,6,
		32 ,6,2,7 ,6,2,7,
		32 ,6,7,11 ,6,7,11,
		32 ,11,7,12 ,11,7,12,
		32 ,11,12,16 ,11,12,16,
		32 ,16,12,17 ,16,12,17,
		32 ,16,17,21 ,16,17,21,
		32 ,21,17,22 ,21,17,22,
		32 ,2,3,7 ,2,3,7,
		32 ,7,3,8 ,7,3,8,
		32 ,7,8,12 ,7,8,12,
		32 ,12,8,13 ,12,8,13,
		32 ,12,13,17 ,12,13,17,
		32 ,17,13,18 ,17,13,18,
		32 ,17,18,22 ,17,18,22,
		32 ,22,18,23 ,22,18,23,
		32 ,3,4,8 ,3,4,8,
		32 ,8,4,9 ,8,4,9,
		32 ,8,9,13 ,8,9,13,
		32 ,13,9,14 ,13,9,14,
		32 ,13,14,18 ,13,14,18,
		32 ,18,14,19 ,18,14,19,
		32 ,18,19,23 ,18,19,23,
		32 ,23,19,24 ,23,19,24
	]

}
