{
	"metadata" : {
		"formatVersion" : 3,
		"description" : "Exported from LibZinc."
	},

	"vertices" : [
		118.410599,205.613907,-1300.000000,112.656654,193.732407,-1299.796997,109.270615,180.594086,-1299.804932,107.518921,166.867355,-1299.910522,106.667999,153.220596,-1300.000000,119.608368,209.924789,-1287.629028,113.282417,198.060242,-1287.435547,109.303284,184.793335,-1287.413452,107.102371,170.827728,-1287.485596,106.111053,156.867172,-1287.575073,
		120.994980,213.960938,-1275.157349,113.928284,202.163773,-1274.983643,109.167160,188.815933,-1274.939331,106.327385,174.637100,-1274.982178,105.024750,160.346909,-1275.070312,122.161697,217.655045,-1262.607056,114.277733,205.904877,-1262.457764,108.618576,192.483383,-1262.411987,105.026611,178.100677,-1262.444458,103.344193,163.466797,-1262.530396,
		122.699799,220.939804,-1250.000000,114.014244,209.145432,-1249.874390,107.413887,195.617157,-1249.860718,103.032661,181.023697,-1249.916626,101.004501,166.033798,-1250.000000
	],

	"normals" : [
		-0.832934,0.538346,-0.128080,-0.940348,0.330885,-0.079129,-0.982356,0.177780,-0.058056,-0.995035,0.085456,-0.051007,-0.998050,0.048231,-0.039617,-0.814873,0.570432,-0.102907,-0.926470,0.368902,-0.074599,-0.974478,0.212729,-0.071691,-0.991240,0.106215,-0.078497,-0.996142,0.042220,-0.076929,
		-0.787639,0.607382,-0.103496,-0.904644,0.416209,-0.091594,-0.960464,0.258536,-0.103281,-0.983161,0.138079,-0.119700,-0.991495,0.047373,-0.121215,-0.758323,0.640237,-0.122647,-0.876857,0.464661,-0.123338,-0.939874,0.308292,-0.146945,-0.969983,0.173883,-0.169995,-0.984086,0.054082,-0.169264,
		-0.734032,0.661189,-0.155006,-0.846224,0.507038,-0.163759,-0.913569,0.355774,-0.197019,-0.951989,0.207296,-0.225267,-0.974220,0.053751,-0.219104
	],

	"faces": [
		32 ,0,1,5 ,0,1,5,
		32 ,5,1,6 ,5,1,6,
		32 ,5,6,10 ,5,6,10,
		32 ,10,6,11 ,10,6,11,
		32 ,10,11,15 ,10,11,15,
		32 ,15,11,16 ,15,11,16,
		32 ,15,16,20 ,15,16,20,
		32 ,20,16,21 ,20,16,21,
		32 ,1,2,6 ,1,2,6,
		32 ,6,2,7 ,6,2,7,
		32 ,6,7,11 ,6,7,11,
		32 ,11,7,12 ,11,7,12,
		32 ,11,12,16 ,11,12,16,
		32 ,16,12,17 ,16,12,17,
		32 ,16,17,21 ,16,17,21,
		32 ,21,17,22 ,21,17,22,
		32 ,2,3,7 ,2,3,7,
		32 ,7,3,8 ,7,3,8,
		32 ,7,8,12 ,7,8,12,
		32 ,12,8,13 ,12,8,13,
		32 ,12,13,17 ,12,13,17,
		32 ,17,13,18 ,17,13,18,
		32 ,17,18,22 ,17,18,22,
		32 ,22,18,23 ,22,18,23,
		32 ,3,4,8 ,3,4,8,
		32 ,8,4,9 ,8,4,9,
		32 ,8,9,13 ,8,9,13,
		32 ,13,9,14 ,13,9,14,
		32 ,13,14,18 ,13,14,18,
		32 ,18,14,19 ,18,14,19,
		32 ,18,19,23 ,18,19,23,
		32 ,23,19,24 ,23,19,24
	]

}
