{
	"metadata" : {
		"formatVersion" : 3,
		"description" : "Exported from LibZinc."
	},

	"vertices" : [
		474.133087,240.213593,-1874.000000,476.763641,239.574402,-1872.413696,478.315369,240.366547,-1870.712769,478.642639,242.106430,-1868.905396,477.599792,244.310394,-1867.000000,474.205444,236.294678,-1873.685303,476.953278,235.688354,-1871.715332,478.571533,236.489487,-1869.733032,478.967865,238.339340,-1867.646484,478.049835,240.879211,-1865.363770,
		474.093414,232.596497,-1873.588745,476.337097,232.353653,-1871.130493,477.741333,233.186249,-1868.753418,478.298767,234.951416,-1866.377197,478.001953,237.506348,-1863.921265,473.898438,227.917450,-1873.586182,475.321472,228.278122,-1870.895264,476.522583,229.536407,-1867.617676,477.369232,231.381775,-1864.418945,477.729065,233.503677,-1861.964600,
		473.721985,221.056000,-1873.552979,474.312958,222.169617,-1871.245605,475.613037,224.619553,-1866.169556,476.913147,227.069489,-1861.093384,477.504089,228.183105,-1858.786011
	],

	"normals" : [
		0.407372,-0.077356,-0.909980,0.614628,-0.018713,-0.788595,0.848695,0.075086,-0.523526,0.971813,0.224117,-0.073150,0.860007,0.371066,0.350284,0.502917,-0.049333,-0.862925,0.660103,-0.199872,-0.724096,0.922530,-0.199869,-0.330138,0.988405,-0.034634,0.147836,0.906301,0.203141,0.370609,
		0.682378,-0.034427,-0.730188,0.783734,-0.270449,-0.559122,0.913577,-0.367608,-0.173899,0.969670,-0.204939,0.133188,0.972554,0.045010,0.228282,0.823512,-0.029667,-0.566522,0.918563,-0.202121,-0.339691,0.939013,-0.312433,-0.143666,0.971066,-0.234706,-0.044089,0.998365,-0.052646,0.022267,
		0.000000,0.010768,0.999942,0.974399,-0.092558,-0.204890,0.973413,-0.138411,-0.182507,0.972819,-0.149061,-0.177214,-0.913531,-0.209768,-0.348508
	],

	"faces": [
		32 ,0,1,5 ,0,1,5,
		32 ,5,1,6 ,5,1,6,
		32 ,5,6,10 ,5,6,10,
		32 ,10,6,11 ,10,6,11,
		32 ,10,11,15 ,10,11,15,
		32 ,15,11,16 ,15,11,16,
		32 ,15,16,20 ,15,16,20,
		32 ,20,16,21 ,20,16,21,
		32 ,1,2,6 ,1,2,6,
		32 ,6,2,7 ,6,2,7,
		32 ,6,7,11 ,6,7,11,
		32 ,11,7,12 ,11,7,12,
		32 ,11,12,16 ,11,12,16,
		32 ,16,12,17 ,16,12,17,
		32 ,16,17,21 ,16,17,21,
		32 ,21,17,22 ,21,17,22,
		32 ,2,3,7 ,2,3,7,
		32 ,7,3,8 ,7,3,8,
		32 ,7,8,12 ,7,8,12,
		32 ,12,8,13 ,12,8,13,
		32 ,12,13,17 ,12,13,17,
		32 ,17,13,18 ,17,13,18,
		32 ,17,18,22 ,17,18,22,
		32 ,22,18,23 ,22,18,23,
		32 ,3,4,8 ,3,4,8,
		32 ,8,4,9 ,8,4,9,
		32 ,8,9,13 ,8,9,13,
		32 ,13,9,14 ,13,9,14,
		32 ,13,14,18 ,13,14,18,
		32 ,18,14,19 ,18,14,19,
		32 ,18,19,23 ,18,19,23,
		32 ,23,19,24 ,23,19,24
	]

}
