{
	"metadata" : {
		"formatVersion" : 3,
		"description" : "Exported from LibZinc."
	},

	"vertices" : [
		118.343903,102.767403,-1300.000000,127.538887,92.991898,-1300.020630,138.710938,85.403557,-1300.024048,151.353134,80.428886,-1300.015381,164.958603,78.494370,-1300.000000,118.537560,105.720840,-1287.580444,127.813934,96.083649,-1287.603882,138.912201,88.559692,-1287.616455,151.439270,83.478027,-1287.594727,165.002060,81.167755,-1287.515503,
		118.210083,107.882263,-1275.110718,127.652161,98.202988,-1275.092529,138.799973,90.680511,-1275.050049,151.362640,85.504196,-1274.971680,165.049286,82.863403,-1274.845581,117.598640,109.212830,-1262.585571,127.205261,99.306664,-1262.528442,138.449997,91.673973,-1262.421021,151.123276,86.373528,-1262.280396,165.015579,83.464088,-1262.123657,
		116.940399,109.673698,-1250.000000,126.624947,99.351456,-1249.953003,137.938004,91.448029,-1249.825073,150.721207,85.952156,-1249.655396,164.816193,82.852570,-1249.483032
	],

	"normals" : [
		-0.785079,-0.588803,0.192254,-0.629495,-0.738756,0.240783,-0.451267,-0.851696,0.266404,-0.248576,-0.930260,0.269864,-0.019259,-0.969283,0.245193,-0.783551,-0.609836,0.118948,-0.635720,-0.755195,0.159817,-0.463750,-0.866418,0.185085,-0.270541,-0.943247,0.192595,-0.058871,-0.983286,0.172287,
		-0.781958,-0.620880,0.055220,-0.638728,-0.765057,0.081937,-0.470454,-0.876716,0.100205,-0.285665,-0.952354,0.106855,-0.092766,-0.991504,0.091186,-0.784360,-0.620301,0.002444,-0.642880,-0.765927,0.007864,-0.475190,-0.879813,0.011113,-0.295295,-0.955342,0.011086,-0.116603,-0.993179,0.000164,
		-0.793938,-0.606854,-0.037288,-0.652955,-0.754938,-0.060970,-0.482630,-0.871973,-0.082044,-0.301396,-0.948690,-0.095642,-0.126782,-0.986683,-0.101893
	],

	"faces": [
		32 ,0,1,5 ,0,1,5,
		32 ,5,1,6 ,5,1,6,
		32 ,5,6,10 ,5,6,10,
		32 ,10,6,11 ,10,6,11,
		32 ,10,11,15 ,10,11,15,
		32 ,15,11,16 ,15,11,16,
		32 ,15,16,20 ,15,16,20,
		32 ,20,16,21 ,20,16,21,
		32 ,1,2,6 ,1,2,6,
		32 ,6,2,7 ,6,2,7,
		32 ,6,7,11 ,6,7,11,
		32 ,11,7,12 ,11,7,12,
		32 ,11,12,16 ,11,12,16,
		32 ,16,12,17 ,16,12,17,
		32 ,16,17,21 ,16,17,21,
		32 ,21,17,22 ,21,17,22,
		32 ,2,3,7 ,2,3,7,
		32 ,7,3,8 ,7,3,8,
		32 ,7,8,12 ,7,8,12,
		32 ,12,8,13 ,12,8,13,
		32 ,12,13,17 ,12,13,17,
		32 ,17,13,18 ,17,13,18,
		32 ,17,18,22 ,17,18,22,
		32 ,22,18,23 ,22,18,23,
		32 ,3,4,8 ,3,4,8,
		32 ,8,4,9 ,8,4,9,
		32 ,8,9,13 ,8,9,13,
		32 ,13,9,14 ,13,9,14,
		32 ,13,14,18 ,13,14,18,
		32 ,18,14,19 ,18,14,19,
		32 ,18,19,23 ,18,19,23,
		32 ,23,19,24 ,23,19,24
	]

}
