{
	"metadata" : {
		"formatVersion" : 3,
		"description" : "Exported from LibZinc."
	},

	"vertices" : [
		216.267105,100.566704,-1300.000000,226.578186,110.788010,-1300.084717,234.673080,122.959450,-1300.086060,239.707291,136.380188,-1300.044312,240.836304,150.349396,-1300.000000,218.591522,100.722908,-1287.588989,229.589523,110.995636,-1287.758667,238.017136,123.703293,-1287.783447,243.056000,137.884857,-1287.725830,243.887741,152.579300,-1287.648438,
		220.738251,100.322632,-1275.104126,232.225769,110.862228,-1275.338257,240.821594,124.290825,-1275.376709,245.784576,139.336975,-1275.296753,246.373550,154.729233,-1275.175781,222.531433,99.399521,-1262.582642,234.378220,110.342003,-1262.860352,243.062897,124.570366,-1262.901123,247.931427,140.510391,-1262.790894,248.329758,156.587845,-1262.615356,
		223.795197,97.987213,-1250.062012,235.938141,109.389153,-1250.361816,244.717407,124.390221,-1250.392212,249.534882,141.178925,-1250.242065,249.792404,157.943802,-1250.000000
	],

	"normals" : [
		0.625729,-0.774683,-0.091261,0.758570,-0.627083,-0.177027,0.864615,-0.448498,-0.226475,0.941556,-0.218747,-0.256169,0.958466,0.076236,-0.274830,0.582690,-0.804629,-0.114213,0.751888,-0.636914,-0.170307,0.875949,-0.441923,-0.193436,0.957000,-0.200248,-0.209886,0.966851,0.103137,-0.233583,
		0.556747,-0.820011,-0.132722,0.757097,-0.632678,-0.162856,0.890095,-0.424846,-0.165034,0.968843,-0.180802,-0.169276,0.974037,0.120159,-0.191867,0.544219,-0.826305,-0.145067,0.768190,-0.622032,-0.151527,0.903720,-0.405033,-0.138705,0.977508,-0.163468,-0.133249,0.980078,0.130634,-0.149606,
		0.541339,-0.827395,-0.149567,0.779817,-0.611379,-0.134541,0.914311,-0.388875,-0.113187,0.983402,-0.150601,-0.101196,0.984753,0.137196,-0.106954
	],

	"faces": [
		32 ,0,1,5 ,0,1,5,
		32 ,5,1,6 ,5,1,6,
		32 ,5,6,10 ,5,6,10,
		32 ,10,6,11 ,10,6,11,
		32 ,10,11,15 ,10,11,15,
		32 ,15,11,16 ,15,11,16,
		32 ,15,16,20 ,15,16,20,
		32 ,20,16,21 ,20,16,21,
		32 ,1,2,6 ,1,2,6,
		32 ,6,2,7 ,6,2,7,
		32 ,6,7,11 ,6,7,11,
		32 ,11,7,12 ,11,7,12,
		32 ,11,12,16 ,11,12,16,
		32 ,16,12,17 ,16,12,17,
		32 ,16,17,21 ,16,17,21,
		32 ,21,17,22 ,21,17,22,
		32 ,2,3,7 ,2,3,7,
		32 ,7,3,8 ,7,3,8,
		32 ,7,8,12 ,7,8,12,
		32 ,12,8,13 ,12,8,13,
		32 ,12,13,17 ,12,13,17,
		32 ,17,13,18 ,17,13,18,
		32 ,17,18,22 ,17,18,22,
		32 ,22,18,23 ,22,18,23,
		32 ,3,4,8 ,3,4,8,
		32 ,8,4,9 ,8,4,9,
		32 ,8,9,13 ,8,9,13,
		32 ,13,9,14 ,13,9,14,
		32 ,13,14,18 ,13,14,18,
		32 ,18,14,19 ,18,14,19,
		32 ,18,19,23 ,18,19,23,
		32 ,23,19,24 ,23,19,24
	]

}
