{
	"metadata" : {
		"formatVersion" : 3,
		"description" : "Exported from LibZinc."
	},

	"vertices" : [
		463.370087,258.182404,-1863.000000,461.530457,260.546967,-1862.171753,459.135956,262.300079,-1862.757202,456.463135,263.606628,-1864.213989,453.788513,264.631592,-1866.000000,463.860596,253.666397,-1860.901123,461.714722,256.119843,-1860.071533,458.893188,258.244080,-1860.344604,455.818756,259.937225,-1861.433716,452.914215,261.097321,-1863.052368,
		464.103943,248.536819,-1859.210083,461.807495,250.643921,-1858.707153,458.351166,253.269577,-1858.447266,454.742889,255.612442,-1858.668213,451.990509,256.871094,-1859.608154,464.211639,242.929199,-1856.880737,461.924652,244.579254,-1856.626831,457.800934,247.605606,-1855.841553,453.632599,250.527206,-1855.179565,451.211639,251.863068,-1855.295166,
		464.295197,236.979004,-1852.866943,462.182190,238.385925,-1852.378540,457.533539,241.481155,-1851.303955,452.884918,244.576385,-1850.229492,450.771912,245.983307,-1849.740967
	],

	"normals" : [
		0.907863,0.316835,0.274591,0.525204,0.549354,0.649901,0.058912,0.657133,0.751469,-0.177032,0.666312,0.724353,-0.235858,0.672751,0.701268,0.825378,0.240691,0.510704,0.330133,0.275419,0.902860,0.027629,0.391433,0.919792,-0.105844,0.568078,0.816140,-0.270296,0.644803,0.714961,
		0.606426,0.272078,0.747141,0.321307,0.236842,0.916879,0.242906,0.322669,0.914812,0.155000,0.505595,0.848734,-0.335748,0.638657,0.692380,0.013752,0.459091,0.888283,0.435349,0.393167,0.809871,0.448841,0.414738,0.791539,0.409450,0.496119,0.765648,-0.451993,0.624754,0.636699,
		-0.999782,0.000000,0.020877,0.536252,0.598895,0.594777,0.529420,0.580268,0.618873,0.521476,0.559553,0.644177,-0.896587,0.326277,0.299458
	],

	"faces": [
		32 ,0,1,5 ,0,1,5,
		32 ,5,1,6 ,5,1,6,
		32 ,5,6,10 ,5,6,10,
		32 ,10,6,11 ,10,6,11,
		32 ,10,11,15 ,10,11,15,
		32 ,15,11,16 ,15,11,16,
		32 ,15,16,20 ,15,16,20,
		32 ,20,16,21 ,20,16,21,
		32 ,1,2,6 ,1,2,6,
		32 ,6,2,7 ,6,2,7,
		32 ,6,7,11 ,6,7,11,
		32 ,11,7,12 ,11,7,12,
		32 ,11,12,16 ,11,12,16,
		32 ,16,12,17 ,16,12,17,
		32 ,16,17,21 ,16,17,21,
		32 ,21,17,22 ,21,17,22,
		32 ,2,3,7 ,2,3,7,
		32 ,7,3,8 ,7,3,8,
		32 ,7,8,12 ,7,8,12,
		32 ,12,8,13 ,12,8,13,
		32 ,12,13,17 ,12,13,17,
		32 ,17,13,18 ,17,13,18,
		32 ,17,18,22 ,17,18,22,
		32 ,22,18,23 ,22,18,23,
		32 ,3,4,8 ,3,4,8,
		32 ,8,4,9 ,8,4,9,
		32 ,8,9,13 ,8,9,13,
		32 ,13,9,14 ,13,9,14,
		32 ,13,14,18 ,13,14,18,
		32 ,18,14,19 ,18,14,19,
		32 ,18,19,23 ,18,19,23,
		32 ,23,19,24 ,23,19,24
	]

}
