{
	"metadata" : {
		"formatVersion" : 3,
		"description" : "Exported from LibZinc."
	},

	"vertices" : [
		481.016388,244.245605,-1876.000000,481.016388,244.245605,-1876.000000,481.016388,244.245605,-1876.000000,481.016388,244.245605,-1876.000000,481.016388,244.245605,-1876.000000,480.859436,244.453262,-1874.276489,480.063477,244.450119,-1874.898682,479.528198,244.213776,-1875.534912,479.314270,243.752518,-1876.142212,479.482269,243.074631,-1876.677368,
		480.629852,244.645477,-1872.723999,479.185669,244.598969,-1873.823730,478.131195,244.147552,-1875.034424,477.655975,243.302704,-1876.226196,477.949646,242.075882,-1877.269043,480.281769,244.298538,-1871.059570,478.276520,244.155350,-1872.536133,476.762634,243.479523,-1874.215820,476.066315,242.310669,-1875.921631,476.513763,240.688477,-1877.476196,
		479.769409,242.888702,-1869.000000,477.229462,242.582520,-1870.796631,475.359772,241.642258,-1872.796509,474.569977,240.190918,-1874.898071,475.269714,238.351501,-1877.000000
	],

	"normals" : [
		-0.677468,0.732755,-0.064082,-0.677468,0.732755,-0.064082,-0.677468,0.732755,-0.064082,-0.677468,0.732755,-0.064082,-0.677468,0.732755,-0.064082,0.221844,0.963766,-0.148124,0.032308,0.974993,-0.219876,-0.103774,0.894595,-0.434662,-0.088289,0.711388,-0.697232,0.029446,0.536272,-0.843531,
		0.094167,0.995500,0.010638,-0.140575,0.988388,-0.057694,-0.306842,0.908659,-0.283174,-0.297403,0.721430,-0.625372,-0.111539,0.502472,-0.857368,-0.163866,0.917708,0.361884,-0.428842,0.865178,0.259927,-0.637700,0.770160,0.013910,-0.705689,0.576895,-0.411333,-0.482380,0.330935,-0.811043,
		-0.337641,0.741582,0.579703,-0.573731,0.683553,0.451208,-0.793496,0.575463,0.198006,-0.913142,0.342752,-0.220663,-0.752982,0.080487,-0.653100
	],

	"faces": [
		32 ,0,1,5 ,0,1,5,
		32 ,5,1,6 ,5,1,6,
		32 ,5,6,10 ,5,6,10,
		32 ,10,6,11 ,10,6,11,
		32 ,10,11,15 ,10,11,15,
		32 ,15,11,16 ,15,11,16,
		32 ,15,16,20 ,15,16,20,
		32 ,20,16,21 ,20,16,21,
		32 ,1,2,6 ,1,2,6,
		32 ,6,2,7 ,6,2,7,
		32 ,6,7,11 ,6,7,11,
		32 ,11,7,12 ,11,7,12,
		32 ,11,12,16 ,11,12,16,
		32 ,16,12,17 ,16,12,17,
		32 ,16,17,21 ,16,17,21,
		32 ,21,17,22 ,21,17,22,
		32 ,2,3,7 ,2,3,7,
		32 ,7,3,8 ,7,3,8,
		32 ,7,8,12 ,7,8,12,
		32 ,12,8,13 ,12,8,13,
		32 ,12,13,17 ,12,13,17,
		32 ,17,13,18 ,17,13,18,
		32 ,17,18,22 ,17,18,22,
		32 ,22,18,23 ,22,18,23,
		32 ,3,4,8 ,3,4,8,
		32 ,8,4,9 ,8,4,9,
		32 ,8,9,13 ,8,9,13,
		32 ,13,9,14 ,13,9,14,
		32 ,13,14,18 ,13,14,18,
		32 ,18,14,19 ,18,14,19,
		32 ,18,19,23 ,18,19,23,
		32 ,23,19,24 ,23,19,24
	]

}
