{
	"metadata" : {
		"formatVersion" : 3,
		"description" : "Exported from LibZinc."
	},

	"vertices" : [
		224.796799,88.372948,-1200.484985,237.964417,101.806541,-1200.763550,247.628616,119.533920,-1200.646606,253.185944,139.167053,-1200.274902,254.032898,158.317902,-1199.788940,224.920471,85.363647,-1187.927856,238.492599,99.302818,-1188.253662,248.656067,117.672943,-1188.171997,254.637924,137.972961,-1187.802124,255.665222,157.701797,-1187.264038,
		225.286392,82.540230,-1175.201782,239.465378,96.813629,-1175.651611,250.297546,115.751564,-1175.693726,256.783386,136.722107,-1175.393066,257.923340,157.093292,-1174.815186,225.945251,79.969185,-1162.446289,240.833801,94.442352,-1163.039307,252.373596,113.898483,-1163.219238,259.369446,135.551575,-1163.002563,260.626190,156.615616,-1162.405884,
		226.947693,77.717010,-1149.801025,242.548920,92.292358,-1150.498657,254.704742,112.242386,-1150.756226,262.143280,134.598480,-1150.585938,263.592712,156.391998,-1150.000000
	],

	"normals" : [
		0.564041,-0.801286,-0.199496,0.803684,-0.579736,-0.134157,0.922777,-0.371548,-0.102152,0.982286,-0.161770,-0.094580,0.990848,0.096101,-0.094784,0.570890,-0.797533,-0.195001,0.798572,-0.579122,-0.164011,0.912702,-0.377016,-0.157589,0.972360,-0.169188,-0.160911,0.983969,0.095014,-0.150919,
		0.564049,-0.802955,-0.192644,0.787034,-0.587732,-0.187482,0.900484,-0.388364,-0.195710,0.962671,-0.177114,-0.204683,0.975972,0.101862,-0.192620,0.547620,-0.814748,-0.190523,0.773679,-0.599911,-0.203783,0.890234,-0.400748,-0.216527,0.956291,-0.185301,-0.226209,0.969448,0.106963,-0.220750,
		0.525190,-0.830205,-0.186912,0.762662,-0.610864,-0.212583,0.885208,-0.409712,-0.220323,0.954795,-0.193162,-0.225951,0.966405,0.101807,-0.236001
	],

	"faces": [
		32 ,0,1,5 ,0,1,5,
		32 ,5,1,6 ,5,1,6,
		32 ,5,6,10 ,5,6,10,
		32 ,10,6,11 ,10,6,11,
		32 ,10,11,15 ,10,11,15,
		32 ,15,11,16 ,15,11,16,
		32 ,15,16,20 ,15,16,20,
		32 ,20,16,21 ,20,16,21,
		32 ,1,2,6 ,1,2,6,
		32 ,6,2,7 ,6,2,7,
		32 ,6,7,11 ,6,7,11,
		32 ,11,7,12 ,11,7,12,
		32 ,11,12,16 ,11,12,16,
		32 ,16,12,17 ,16,12,17,
		32 ,16,17,21 ,16,17,21,
		32 ,21,17,22 ,21,17,22,
		32 ,2,3,7 ,2,3,7,
		32 ,7,3,8 ,7,3,8,
		32 ,7,8,12 ,7,8,12,
		32 ,12,8,13 ,12,8,13,
		32 ,12,13,17 ,12,13,17,
		32 ,17,13,18 ,17,13,18,
		32 ,17,18,22 ,17,18,22,
		32 ,22,18,23 ,22,18,23,
		32 ,3,4,8 ,3,4,8,
		32 ,8,4,9 ,8,4,9,
		32 ,8,9,13 ,8,9,13,
		32 ,13,9,14 ,13,9,14,
		32 ,13,14,18 ,13,14,18,
		32 ,18,14,19 ,18,14,19,
		32 ,18,19,23 ,18,19,23,
		32 ,23,19,24 ,23,19,24
	]

}
