{
	"metadata" : {
		"formatVersion" : 3,
		"description" : "Exported from LibZinc."
	},

	"vertices" : [
		453.788513,264.631592,-1866.000000,450.994934,265.620056,-1868.042725,448.369537,266.266937,-1870.427368,446.795288,265.911896,-1872.848389,447.155090,263.894592,-1875.000000,452.914215,261.097321,-1863.052368,449.991455,261.860229,-1865.262207,447.219299,262.110199,-1868.019653,445.555756,261.367950,-1870.880493,445.958862,259.154144,-1873.400635,
		451.990509,256.871094,-1859.608154,449.606781,256.990112,-1861.944946,447.055511,256.456573,-1865.469482,445.270966,255.282883,-1869.089478,445.187439,253.481506,-1871.713013,451.211639,251.863068,-1855.295166,449.565918,251.227097,-1857.866943,447.206879,249.681396,-1862.677246,445.152100,247.917252,-1867.536499,444.419220,246.625961,-1870.255371,
		450.771912,245.983307,-1849.740967,449.593872,244.788528,-1852.804321,447.002197,242.160049,-1859.543457,444.410522,239.531570,-1866.282715,443.232513,238.336807,-1869.345947
	],

	"normals" : [
		-0.235858,0.672751,0.701268,-0.303705,0.683965,0.663292,-0.507664,0.675078,0.535301,-0.867492,0.494703,0.052221,-0.734049,0.035441,-0.678171,-0.270296,0.644803,0.714961,-0.477962,0.546923,0.687333,-0.727974,0.366949,0.579140,-0.966183,0.179144,0.185464,-0.812407,-0.047211,-0.581177,
		-0.335748,0.638657,0.692380,-0.710092,0.412397,0.570700,-0.853568,0.190675,0.484835,-0.956776,0.079472,0.279757,-0.868739,-0.031470,-0.494270,-0.451993,0.624754,0.636699,-0.878427,0.280263,0.387064,-0.917695,0.140931,0.371450,-0.943403,0.092445,0.318505,-0.942834,0.059746,-0.327863,
		0.000000,-0.000000,0.000000,-0.934961,0.230521,0.269644,-0.938480,0.195536,0.284642,-0.939818,0.176394,0.292623,0.874841,-0.174195,-0.452006
	],

	"faces": [
		32 ,0,1,5 ,0,1,5,
		32 ,5,1,6 ,5,1,6,
		32 ,5,6,10 ,5,6,10,
		32 ,10,6,11 ,10,6,11,
		32 ,10,11,15 ,10,11,15,
		32 ,15,11,16 ,15,11,16,
		32 ,15,16,20 ,15,16,20,
		32 ,20,16,21 ,20,16,21,
		32 ,1,2,6 ,1,2,6,
		32 ,6,2,7 ,6,2,7,
		32 ,6,7,11 ,6,7,11,
		32 ,11,7,12 ,11,7,12,
		32 ,11,12,16 ,11,12,16,
		32 ,16,12,17 ,16,12,17,
		32 ,16,17,21 ,16,17,21,
		32 ,21,17,22 ,21,17,22,
		32 ,2,3,7 ,2,3,7,
		32 ,7,3,8 ,7,3,8,
		32 ,7,8,12 ,7,8,12,
		32 ,12,8,13 ,12,8,13,
		32 ,12,13,17 ,12,13,17,
		32 ,17,13,18 ,17,13,18,
		32 ,17,18,22 ,17,18,22,
		32 ,22,18,23 ,22,18,23,
		32 ,3,4,8 ,3,4,8,
		32 ,8,4,9 ,8,4,9,
		32 ,8,9,13 ,8,9,13,
		32 ,13,9,14 ,13,9,14,
		32 ,13,14,18 ,13,14,18,
		32 ,18,14,19 ,18,14,19,
		32 ,18,19,23 ,18,19,23,
		32 ,23,19,24 ,23,19,24
	]

}
