{
	"metadata" : {
		"formatVersion" : 3,
		"description" : "Exported from LibZinc."
	},

	"vertices" : [
		106.318703,237.380997,-1150.000000,93.850922,223.778793,-1150.061768,84.990257,207.117950,-1150.095337,79.987411,188.632843,-1150.081177,79.093086,169.557800,-1150.000000,104.554909,239.328735,-1137.513428,91.993240,225.262070,-1137.551514,83.205811,208.091095,-1137.573608,78.350166,189.115402,-1137.558228,77.583847,169.634583,-1137.483887,
		103.010849,241.168808,-1125.018799,90.335754,226.684921,-1125.045288,81.613876,209.052078,-1125.065796,76.903709,189.636826,-1125.054688,76.263718,169.805740,-1124.985962,101.679283,242.866547,-1112.514771,88.893501,228.006958,-1112.537842,80.231491,209.965118,-1112.562378,75.640427,190.163910,-1112.558228,75.067482,170.026230,-1112.494995,
		100.553001,244.387299,-1100.000000,87.681541,229.187775,-1100.023682,79.075699,210.794403,-1100.053467,74.552734,190.663437,-1100.056519,73.929916,170.251099,-1100.000000
	],

	"normals" : [
		-0.619705,0.755228,-0.213533,-0.804289,0.562065,-0.192878,-0.918119,0.360244,-0.165174,-0.978017,0.153713,-0.140906,-0.989554,-0.065726,-0.128310,-0.629845,0.751169,-0.197587,-0.814999,0.551117,-0.179015,-0.925607,0.346607,-0.152040,-0.981590,0.142957,-0.126669,-0.991469,-0.069003,-0.110576,
		-0.637452,0.749253,-0.179649,-0.824382,0.542314,-0.162139,-0.932474,0.334518,-0.136343,-0.984737,0.132983,-0.112290,-0.992569,-0.072228,-0.097927,-0.643874,0.748259,-0.159799,-0.832795,0.534975,-0.142318,-0.938545,0.324283,-0.118213,-0.987234,0.125580,-0.097974,-0.993315,-0.071518,-0.090612,
		-0.650325,0.747006,-0.138057,-0.840506,0.528439,-0.119594,-0.943635,0.316218,-0.097772,-0.988919,0.122474,-0.083901,-0.994047,-0.063158,-0.088781
	],

	"faces": [
		32 ,0,1,5 ,0,1,5,
		32 ,5,1,6 ,5,1,6,
		32 ,5,6,10 ,5,6,10,
		32 ,10,6,11 ,10,6,11,
		32 ,10,11,15 ,10,11,15,
		32 ,15,11,16 ,15,11,16,
		32 ,15,16,20 ,15,16,20,
		32 ,20,16,21 ,20,16,21,
		32 ,1,2,6 ,1,2,6,
		32 ,6,2,7 ,6,2,7,
		32 ,6,7,11 ,6,7,11,
		32 ,11,7,12 ,11,7,12,
		32 ,11,12,16 ,11,12,16,
		32 ,16,12,17 ,16,12,17,
		32 ,16,17,21 ,16,17,21,
		32 ,21,17,22 ,21,17,22,
		32 ,2,3,7 ,2,3,7,
		32 ,7,3,8 ,7,3,8,
		32 ,7,8,12 ,7,8,12,
		32 ,12,8,13 ,12,8,13,
		32 ,12,13,17 ,12,13,17,
		32 ,17,13,18 ,17,13,18,
		32 ,17,18,22 ,17,18,22,
		32 ,22,18,23 ,22,18,23,
		32 ,3,4,8 ,3,4,8,
		32 ,8,4,9 ,8,4,9,
		32 ,8,9,13 ,8,9,13,
		32 ,13,9,14 ,13,9,14,
		32 ,13,14,18 ,13,14,18,
		32 ,18,14,19 ,18,14,19,
		32 ,18,19,23 ,18,19,23,
		32 ,23,19,24 ,23,19,24
	]

}
