{
	"metadata" : {
		"formatVersion" : 3,
		"description" : "Exported from LibZinc."
	},

	"vertices" : [
		447.155090,263.894592,-1875.000000,449.375305,260.499634,-1876.311157,452.495239,256.884094,-1876.497925,456.067200,253.696442,-1875.685791,459.643585,251.585098,-1874.000000,445.958862,259.154144,-1873.400635,448.448334,255.789062,-1874.915527,451.976135,252.276535,-1875.229858,455.898529,249.162796,-1874.602905,459.571716,246.994080,-1873.294189,
		445.187439,253.481506,-1871.713013,447.626831,250.765137,-1872.963135,451.803650,247.417511,-1873.368652,456.241180,244.307632,-1873.194702,459.462799,242.304550,-1872.707153,444.419220,246.625961,-1870.255371,446.756622,244.694809,-1871.048950,451.622040,241.461517,-1871.621704,456.597046,238.293030,-1872.016846,459.263123,236.556335,-1872.278320,
		443.232513,238.336807,-1869.345947,445.683502,236.845001,-1869.768066,451.075714,233.563049,-1870.696533,456.467896,230.281097,-1871.625000,458.918915,228.789307,-1872.046997
	],

	"normals" : [
		-0.734049,0.035441,-0.678171,-0.372259,-0.096768,-0.923071,-0.051265,-0.143891,-0.988265,0.200980,-0.177689,-0.963345,0.471987,-0.141516,-0.870174,-0.812407,-0.047211,-0.581177,-0.491563,-0.226332,-0.840916,-0.237476,-0.321086,-0.916793,0.052520,-0.279680,-0.958656,0.367198,-0.140680,-0.919442,
		-0.868739,-0.031470,-0.494270,-0.424248,-0.260753,-0.867192,-0.256085,-0.326340,-0.909902,-0.082861,-0.258611,-0.962421,0.198082,-0.104814,-0.974565,-0.942834,0.059746,-0.327863,-0.292784,-0.191931,-0.936718,-0.211757,-0.195645,-0.957540,-0.156597,-0.129474,-0.979139,-0.310417,-0.036099,-0.949915,
		0.000000,-0.000000,0.000000,-0.202294,-0.055763,-0.977736,-0.177642,-0.013488,-0.984003,-0.152661,0.028648,-0.987863,-0.994050,0.048749,0.097406
	],

	"faces": [
		32 ,0,1,5 ,0,1,5,
		32 ,5,1,6 ,5,1,6,
		32 ,5,6,10 ,5,6,10,
		32 ,10,6,11 ,10,6,11,
		32 ,10,11,15 ,10,11,15,
		32 ,15,11,16 ,15,11,16,
		32 ,15,16,20 ,15,16,20,
		32 ,20,16,21 ,20,16,21,
		32 ,1,2,6 ,1,2,6,
		32 ,6,2,7 ,6,2,7,
		32 ,6,7,11 ,6,7,11,
		32 ,11,7,12 ,11,7,12,
		32 ,11,12,16 ,11,12,16,
		32 ,16,12,17 ,16,12,17,
		32 ,16,17,21 ,16,17,21,
		32 ,21,17,22 ,21,17,22,
		32 ,2,3,7 ,2,3,7,
		32 ,7,3,8 ,7,3,8,
		32 ,7,8,12 ,7,8,12,
		32 ,12,8,13 ,12,8,13,
		32 ,12,13,17 ,12,13,17,
		32 ,17,13,18 ,17,13,18,
		32 ,17,18,22 ,17,18,22,
		32 ,22,18,23 ,22,18,23,
		32 ,3,4,8 ,3,4,8,
		32 ,8,4,9 ,8,4,9,
		32 ,8,9,13 ,8,9,13,
		32 ,13,9,14 ,13,9,14,
		32 ,13,14,18 ,13,14,18,
		32 ,18,14,19 ,18,14,19,
		32 ,18,19,23 ,18,19,23,
		32 ,23,19,24 ,23,19,24
	]

}
