{
	"metadata" : {
		"formatVersion" : 3,
		"description" : "Exported from LibZinc."
	},

	"vertices" : [
		156.349106,61.196430,-1100.331055,174.431763,58.936123,-1099.871338,192.966995,59.238663,-1099.535889,212.028351,62.838726,-1099.582275,231.689407,70.470993,-1100.267944,155.429932,60.610405,-1087.770142,173.919785,58.189732,-1087.280029,192.942307,58.179832,-1086.905151,212.635864,61.363411,-1086.941040,233.138840,68.523155,-1087.683105,
		154.580215,59.679111,-1075.169312,173.449265,57.010548,-1074.670898,192.873749,56.712910,-1074.306763,213.217773,59.563725,-1074.345825,234.845444,66.340523,-1075.057129,153.816345,58.218258,-1062.580566,172.994415,55.240261,-1062.103516,192.699188,54.721249,-1061.792236,213.547577,57.393627,-1061.827515,236.156525,63.989799,-1062.390503,
		153.154694,56.043560,-1050.056030,172.529495,52.720558,-1049.637451,192.356461,52.088200,-1049.412964,213.398727,54.807068,-1049.416992,236.419403,61.537731,-1049.683960
	],

	"normals" : [
		-0.179887,-0.982371,-0.050869,-0.058842,-0.997074,-0.048789,0.097348,-0.992781,-0.070067,0.269682,-0.956412,-0.112020,0.430252,-0.887409,-0.165495,-0.179060,-0.981390,-0.069364,-0.069484,-0.994642,-0.076543,0.075850,-0.992338,-0.097532,0.239121,-0.961403,-0.136109,0.391799,-0.897974,-0.200341,
		-0.185160,-0.977373,-0.102264,-0.080728,-0.989876,-0.116739,0.058640,-0.989232,-0.134095,0.213225,-0.963800,-0.160078,0.355456,-0.910904,-0.209534,-0.196969,-0.969017,-0.149031,-0.091207,-0.981337,-0.169289,0.047992,-0.982511,-0.179912,0.198518,-0.962475,-0.185022,0.334730,-0.921106,-0.198793,
		-0.213375,-0.954412,-0.208731,-0.099759,-0.967153,-0.233801,0.045958,-0.970986,-0.234678,0.200347,-0.956894,-0.210274,0.338896,-0.925759,-0.167691
	],

	"faces": [
		32 ,0,1,5 ,0,1,5,
		32 ,5,1,6 ,5,1,6,
		32 ,5,6,10 ,5,6,10,
		32 ,10,6,11 ,10,6,11,
		32 ,10,11,15 ,10,11,15,
		32 ,15,11,16 ,15,11,16,
		32 ,15,16,20 ,15,16,20,
		32 ,20,16,21 ,20,16,21,
		32 ,1,2,6 ,1,2,6,
		32 ,6,2,7 ,6,2,7,
		32 ,6,7,11 ,6,7,11,
		32 ,11,7,12 ,11,7,12,
		32 ,11,12,16 ,11,12,16,
		32 ,16,12,17 ,16,12,17,
		32 ,16,17,21 ,16,17,21,
		32 ,21,17,22 ,21,17,22,
		32 ,2,3,7 ,2,3,7,
		32 ,7,3,8 ,7,3,8,
		32 ,7,8,12 ,7,8,12,
		32 ,12,8,13 ,12,8,13,
		32 ,12,13,17 ,12,13,17,
		32 ,17,13,18 ,17,13,18,
		32 ,17,18,22 ,17,18,22,
		32 ,22,18,23 ,22,18,23,
		32 ,3,4,8 ,3,4,8,
		32 ,8,4,9 ,8,4,9,
		32 ,8,9,13 ,8,9,13,
		32 ,13,9,14 ,13,9,14,
		32 ,13,14,18 ,13,14,18,
		32 ,18,14,19 ,18,14,19,
		32 ,18,19,23 ,18,19,23,
		32 ,23,19,24 ,23,19,24
	]

}
