{
	"metadata" : {
		"formatVersion" : 3,
		"description" : "Exported from LibZinc."
	},

	"vertices" : [
		470.481293,139.882706,-1349.175049,467.499054,153.001968,-1349.147949,463.232880,165.985168,-1349.161743,457.776367,178.506668,-1349.242676,451.223114,190.240906,-1349.416992,466.872162,146.260437,-1332.616943,463.991302,159.878799,-1332.582275,460.048859,173.667511,-1332.518921,454.885895,187.007782,-1332.584473,448.343506,199.280807,-1332.936523,
		464.738068,150.828018,-1320.889404,461.912811,164.715027,-1320.785767,458.138519,178.966766,-1320.617432,453.111664,192.802902,-1320.615356,446.528748,205.443100,-1321.010498,463.686462,154.447876,-1311.021729,460.803650,168.573792,-1310.845825,456.991180,183.165588,-1310.613159,451.878357,197.335846,-1310.562866,445.094391,210.197144,-1310.934204,
		463.324707,157.982498,-1300.042969,460.203857,172.518204,-1299.850220,456.096283,187.546631,-1299.661987,450.610718,202.050461,-1299.654297,443.355988,215.012299,-1300.003052
	],

	"normals" : [
		0.973208,0.171369,0.153291,0.958690,0.266174,0.100325,0.934302,0.355866,0.020980,0.894830,0.441567,-0.065554,0.839481,0.525622,-0.137819,0.975492,0.176214,0.131772,0.967078,0.236601,0.093701,0.948983,0.314220,0.026388,0.910275,0.409995,-0.057483,0.839746,0.523613,-0.143724,
		0.980861,0.178913,0.076825,0.973574,0.222127,0.053044,0.955992,0.293353,0.004749,0.917045,0.394012,-0.061503,0.840195,0.524233,-0.138751,0.982975,0.183737,-0.000053,0.975251,0.221007,-0.006466,0.956564,0.290104,-0.028705,0.916554,0.394281,-0.066872,0.835397,0.536413,-0.119886,
		0.979840,0.194169,-0.047040,0.971986,0.231328,-0.041610,0.952125,0.302020,-0.047349,0.908873,0.411497,-0.067979,0.817999,0.565594,-0.104790
	],

	"faces": [
		32 ,0,1,5 ,0,1,5,
		32 ,5,1,6 ,5,1,6,
		32 ,5,6,10 ,5,6,10,
		32 ,10,6,11 ,10,6,11,
		32 ,10,11,15 ,10,11,15,
		32 ,15,11,16 ,15,11,16,
		32 ,15,16,20 ,15,16,20,
		32 ,20,16,21 ,20,16,21,
		32 ,1,2,6 ,1,2,6,
		32 ,6,2,7 ,6,2,7,
		32 ,6,7,11 ,6,7,11,
		32 ,11,7,12 ,11,7,12,
		32 ,11,12,16 ,11,12,16,
		32 ,16,12,17 ,16,12,17,
		32 ,16,17,21 ,16,17,21,
		32 ,21,17,22 ,21,17,22,
		32 ,2,3,7 ,2,3,7,
		32 ,7,3,8 ,7,3,8,
		32 ,7,8,12 ,7,8,12,
		32 ,12,8,13 ,12,8,13,
		32 ,12,13,17 ,12,13,17,
		32 ,17,13,18 ,17,13,18,
		32 ,17,18,22 ,17,18,22,
		32 ,22,18,23 ,22,18,23,
		32 ,3,4,8 ,3,4,8,
		32 ,8,4,9 ,8,4,9,
		32 ,8,9,13 ,8,9,13,
		32 ,13,9,14 ,13,9,14,
		32 ,13,14,18 ,13,14,18,
		32 ,18,14,19 ,18,14,19,
		32 ,18,19,23 ,18,19,23,
		32 ,23,19,24 ,23,19,24
	]

}
