{
	"metadata" : {
		"formatVersion" : 3,
		"description" : "Exported from LibZinc."
	},

	"vertices" : [
		459.643585,251.585098,-1874.000000,462.430542,251.341599,-1871.432495,463.956573,252.842575,-1868.317505,464.257751,255.364151,-1865.293701,463.370087,258.182404,-1863.000000,459.571716,246.994080,-1873.294189,462.523773,246.754745,-1870.307129,464.184937,248.165909,-1866.949951,464.611694,250.659241,-1863.666748,463.860596,253.666397,-1860.901123,
		459.462799,242.304550,-1872.707153,461.890717,242.474350,-1869.192505,463.449615,243.743088,-1865.674927,464.175385,245.850616,-1862.299194,464.103943,248.536819,-1859.210083,459.263123,236.556335,-1872.278320,460.859650,237.309418,-1868.602173,462.380402,238.880402,-1864.255981,463.579620,240.882568,-1860.071533,464.211639,242.929199,-1856.880737,
		458.918915,228.789307,-1872.046997,459.758942,230.068939,-1869.050171,461.607056,232.884155,-1862.457031,463.455139,235.699356,-1855.863892,464.295197,236.979004,-1852.866943
	],

	"normals" : [
		0.471987,-0.141516,-0.870174,0.810135,-0.020200,-0.585895,0.943757,0.077162,-0.321510,0.982935,0.171454,-0.066654,0.907863,0.316835,0.274591,0.557054,-0.129680,-0.820289,0.817908,-0.214657,-0.533806,0.967534,-0.139201,-0.210953,0.997703,-0.012363,0.066601,0.938267,0.173682,0.299147,
		0.760922,-0.087255,-0.642950,0.865031,-0.258689,-0.429886,0.948057,-0.262729,-0.179334,0.991883,-0.127128,-0.002567,0.993504,0.061518,0.095731,0.892129,-0.058421,-0.447988,0.934320,-0.182375,-0.306244,0.949311,-0.242436,-0.200082,0.973211,-0.177092,-0.146624,0.995894,-0.030760,-0.085138,
		-0.706895,0.024482,-0.706895,0.968222,-0.083597,-0.235705,0.967909,-0.125459,-0.217742,0.966410,-0.155885,-0.204331,0.984805,0.122796,0.122800
	],

	"faces": [
		32 ,0,1,5 ,0,1,5,
		32 ,5,1,6 ,5,1,6,
		32 ,5,6,10 ,5,6,10,
		32 ,10,6,11 ,10,6,11,
		32 ,10,11,15 ,10,11,15,
		32 ,15,11,16 ,15,11,16,
		32 ,15,16,20 ,15,16,20,
		32 ,20,16,21 ,20,16,21,
		32 ,1,2,6 ,1,2,6,
		32 ,6,2,7 ,6,2,7,
		32 ,6,7,11 ,6,7,11,
		32 ,11,7,12 ,11,7,12,
		32 ,11,12,16 ,11,12,16,
		32 ,16,12,17 ,16,12,17,
		32 ,16,17,21 ,16,17,21,
		32 ,21,17,22 ,21,17,22,
		32 ,2,3,7 ,2,3,7,
		32 ,7,3,8 ,7,3,8,
		32 ,7,8,12 ,7,8,12,
		32 ,12,8,13 ,12,8,13,
		32 ,12,13,17 ,12,13,17,
		32 ,17,13,18 ,17,13,18,
		32 ,17,18,22 ,17,18,22,
		32 ,22,18,23 ,22,18,23,
		32 ,3,4,8 ,3,4,8,
		32 ,8,4,9 ,8,4,9,
		32 ,8,9,13 ,8,9,13,
		32 ,13,9,14 ,13,9,14,
		32 ,13,14,18 ,13,14,18,
		32 ,18,14,19 ,18,14,19,
		32 ,18,19,23 ,18,19,23,
		32 ,23,19,24 ,23,19,24
	]

}
