{
	"metadata" : {
		"formatVersion" : 3,
		"description" : "Exported from LibZinc."
	},

	"vertices" : [
		463.324707,157.982498,-1300.042969,460.203857,172.518204,-1299.850220,456.096283,187.546631,-1299.661987,450.610718,202.050461,-1299.654297,443.355988,215.012299,-1300.003052,463.536530,161.502228,-1287.506104,460.060486,176.535538,-1287.336060,455.423492,192.034012,-1287.252075,449.287140,206.838272,-1287.337280,441.312958,219.788971,-1287.674683,
		464.368958,164.526184,-1274.952759,460.605469,179.972031,-1274.800659,455.347534,195.796951,-1274.783936,448.408478,210.755737,-1274.918701,439.601654,223.603165,-1275.220947,465.674377,167.090042,-1262.395874,461.806213,182.929184,-1262.270996,455.965088,198.985840,-1262.282227,448.183350,213.994003,-1262.415771,438.493317,226.687683,-1262.657471,
		467.305206,169.229507,-1249.848022,463.630157,185.508545,-1249.774536,457.372925,201.751022,-1249.771851,448.820343,216.744202,-1249.845215,438.259094,229.275299,-1250.000000
	],

	"normals" : [
		0.979840,0.194169,-0.047040,0.971986,0.231328,-0.041610,0.952125,0.302020,-0.047349,0.908873,0.411497,-0.067979,0.817999,0.565594,-0.104790,0.974169,0.204546,-0.095689,0.963990,0.250256,-0.089969,0.941712,0.327192,-0.078258,0.893384,0.443354,-0.072822,0.789664,0.607460,-0.086150,
		0.970521,0.203187,-0.129628,0.953226,0.270270,-0.135330,0.925593,0.359582,-0.118231,0.870655,0.482383,-0.096262,0.756074,0.648429,-0.088833,0.971408,0.184111,-0.149900,0.942392,0.284035,-0.176697,0.905458,0.391279,-0.164459,0.842350,0.521807,-0.134771,0.719546,0.685491,-0.111151,
		0.977230,0.141771,-0.157867,0.934195,0.285026,-0.214569,0.883433,0.415710,-0.216175,0.810172,0.555730,-0.186512,0.682110,0.715304,-0.151878
	],

	"faces": [
		32 ,0,1,5 ,0,1,5,
		32 ,5,1,6 ,5,1,6,
		32 ,5,6,10 ,5,6,10,
		32 ,10,6,11 ,10,6,11,
		32 ,10,11,15 ,10,11,15,
		32 ,15,11,16 ,15,11,16,
		32 ,15,16,20 ,15,16,20,
		32 ,20,16,21 ,20,16,21,
		32 ,1,2,6 ,1,2,6,
		32 ,6,2,7 ,6,2,7,
		32 ,6,7,11 ,6,7,11,
		32 ,11,7,12 ,11,7,12,
		32 ,11,12,16 ,11,12,16,
		32 ,16,12,17 ,16,12,17,
		32 ,16,17,21 ,16,17,21,
		32 ,21,17,22 ,21,17,22,
		32 ,2,3,7 ,2,3,7,
		32 ,7,3,8 ,7,3,8,
		32 ,7,8,12 ,7,8,12,
		32 ,12,8,13 ,12,8,13,
		32 ,12,13,17 ,12,13,17,
		32 ,17,13,18 ,17,13,18,
		32 ,17,18,22 ,17,18,22,
		32 ,22,18,23 ,22,18,23,
		32 ,3,4,8 ,3,4,8,
		32 ,8,4,9 ,8,4,9,
		32 ,8,9,13 ,8,9,13,
		32 ,13,9,14 ,13,9,14,
		32 ,13,14,18 ,13,14,18,
		32 ,18,14,19 ,18,14,19,
		32 ,18,19,23 ,18,19,23,
		32 ,23,19,24 ,23,19,24
	]

}
