{
	"metadata" : {
		"formatVersion" : 3,
		"description" : "Exported from LibZinc."
	},

	"vertices" : [
		355.938995,197.393600,-1300.000000,347.651093,187.367752,-1300.023193,340.242828,176.717224,-1299.921753,334.693787,165.128418,-1299.859375,331.983612,152.287796,-1300.000000,352.891876,201.208267,-1287.665161,344.835419,190.851639,-1287.565063,337.443085,179.860016,-1287.419067,331.738525,167.864227,-1287.373413,328.745331,154.495117,-1287.573975,
		349.820038,205.083298,-1275.159302,342.009949,194.345322,-1274.955322,334.761749,182.974548,-1274.804321,329.078918,170.568604,-1274.808838,325.965057,156.725128,-1275.071167,346.928772,208.757050,-1262.573730,339.290863,197.692932,-1262.303345,332.219910,185.967484,-1262.166382,326.663422,173.165955,-1262.222900,323.568939,158.873611,-1262.532959,
		344.423309,211.967896,-1250.000000,336.794189,200.738678,-1249.718506,329.838684,188.745560,-1249.594116,324.440460,175.580734,-1249.672729,321.483093,160.836395,-1250.000000
	],

	"normals" : [
		-0.707382,0.610384,-0.356430,-0.746233,0.579095,-0.328307,-0.816513,0.486958,-0.310125,-0.900655,0.318185,-0.295938,-0.956307,0.074126,-0.282810,-0.731108,0.577933,-0.362595,-0.759869,0.560719,-0.328928,-0.823771,0.481003,-0.300063,-0.905313,0.325336,-0.273068,-0.963964,0.094656,-0.248622,
		-0.758142,0.550595,-0.349379,-0.778894,0.539951,-0.319026,-0.836484,0.467151,-0.286469,-0.912923,0.321444,-0.251484,-0.970282,0.105006,-0.218007,-0.781151,0.537195,-0.318158,-0.797719,0.523482,-0.299351,-0.851019,0.450529,-0.269796,-0.922217,0.309752,-0.231449,-0.975964,0.105275,-0.190819,
		-0.793757,0.545993,-0.268033,-0.811593,0.518148,-0.269888,-0.864245,0.436254,-0.250524,-0.931888,0.293245,-0.213524,-0.981294,0.095307,-0.167269
	],

	"faces": [
		32 ,0,1,5 ,0,1,5,
		32 ,5,1,6 ,5,1,6,
		32 ,5,6,10 ,5,6,10,
		32 ,10,6,11 ,10,6,11,
		32 ,10,11,15 ,10,11,15,
		32 ,15,11,16 ,15,11,16,
		32 ,15,16,20 ,15,16,20,
		32 ,20,16,21 ,20,16,21,
		32 ,1,2,6 ,1,2,6,
		32 ,6,2,7 ,6,2,7,
		32 ,6,7,11 ,6,7,11,
		32 ,11,7,12 ,11,7,12,
		32 ,11,12,16 ,11,12,16,
		32 ,16,12,17 ,16,12,17,
		32 ,16,17,21 ,16,17,21,
		32 ,21,17,22 ,21,17,22,
		32 ,2,3,7 ,2,3,7,
		32 ,7,3,8 ,7,3,8,
		32 ,7,8,12 ,7,8,12,
		32 ,12,8,13 ,12,8,13,
		32 ,12,13,17 ,12,13,17,
		32 ,17,13,18 ,17,13,18,
		32 ,17,18,22 ,17,18,22,
		32 ,22,18,23 ,22,18,23,
		32 ,3,4,8 ,3,4,8,
		32 ,8,4,9 ,8,4,9,
		32 ,8,9,13 ,8,9,13,
		32 ,13,9,14 ,13,9,14,
		32 ,13,14,18 ,13,14,18,
		32 ,18,14,19 ,18,14,19,
		32 ,18,19,23 ,18,19,23,
		32 ,23,19,24 ,23,19,24
	]

}
