{
	"metadata" : {
		"formatVersion" : 3,
		"description" : "Exported from LibZinc."
	},

	"vertices" : [
		358.525391,105.092003,-1299.953979,370.719452,98.788300,-1299.679688,383.217957,93.648232,-1299.696411,395.912994,90.153847,-1299.871338,408.696686,88.787178,-1300.072021,355.516510,104.238304,-1287.614990,368.375793,98.108932,-1287.251831,381.537018,93.554314,-1287.188354,394.763153,90.810669,-1287.312134,407.817078,90.114220,-1287.510498,
		353.100952,103.267288,-1275.144409,366.431335,97.097511,-1274.754517,380.077179,92.962601,-1274.647339,393.730652,90.830612,-1274.733032,407.083893,90.669617,-1274.921509,351.278290,102.218872,-1262.592896,364.951691,95.860703,-1262.207397,378.949890,91.977554,-1262.081177,392.936035,90.298767,-1262.142456,406.573151,90.553688,-1262.319458,
		350.048096,101.133003,-1250.010986,364.002411,94.505180,-1249.630005,378.266632,90.703651,-1249.497681,392.499786,89.300240,-1249.549072,406.360992,89.866753,-1249.718994
	],

	"normals" : [
		-0.475041,-0.860719,-0.183024,-0.420883,-0.899095,-0.120355,-0.329275,-0.943695,-0.031912,-0.191800,-0.979568,0.060499,-0.009189,-0.990497,0.137225,-0.463941,-0.870213,-0.165792,-0.376425,-0.917478,-0.128602,-0.268197,-0.961388,-0.061671,-0.132123,-0.991136,0.013882,0.032544,-0.996624,0.075375,
		-0.471948,-0.868702,-0.150405,-0.350197,-0.927228,-0.132704,-0.221796,-0.971335,-0.085522,-0.084169,-0.996069,-0.027622,0.062300,-0.997872,0.019219,-0.489130,-0.862015,-0.132978,-0.338219,-0.931984,-0.130438,-0.189993,-0.976368,-0.102997,-0.048535,-0.996760,-0.064136,0.083936,-0.996003,-0.030553,
		-0.506825,-0.854771,-0.111782,-0.336964,-0.933830,-0.120070,-0.172876,-0.978400,-0.113345,-0.025312,-0.995103,-0.095546,0.101926,-0.992061,-0.073659
	],

	"faces": [
		32 ,0,1,5 ,0,1,5,
		32 ,5,1,6 ,5,1,6,
		32 ,5,6,10 ,5,6,10,
		32 ,10,6,11 ,10,6,11,
		32 ,10,11,15 ,10,11,15,
		32 ,15,11,16 ,15,11,16,
		32 ,15,16,20 ,15,16,20,
		32 ,20,16,21 ,20,16,21,
		32 ,1,2,6 ,1,2,6,
		32 ,6,2,7 ,6,2,7,
		32 ,6,7,11 ,6,7,11,
		32 ,11,7,12 ,11,7,12,
		32 ,11,12,16 ,11,12,16,
		32 ,16,12,17 ,16,12,17,
		32 ,16,17,21 ,16,17,21,
		32 ,21,17,22 ,21,17,22,
		32 ,2,3,7 ,2,3,7,
		32 ,7,3,8 ,7,3,8,
		32 ,7,8,12 ,7,8,12,
		32 ,12,8,13 ,12,8,13,
		32 ,12,13,17 ,12,13,17,
		32 ,17,13,18 ,17,13,18,
		32 ,17,18,22 ,17,18,22,
		32 ,22,18,23 ,22,18,23,
		32 ,3,4,8 ,3,4,8,
		32 ,8,4,9 ,8,4,9,
		32 ,8,9,13 ,8,9,13,
		32 ,13,9,14 ,13,9,14,
		32 ,13,14,18 ,13,14,18,
		32 ,18,14,19 ,18,14,19,
		32 ,18,19,23 ,18,19,23,
		32 ,23,19,24 ,23,19,24
	]

}
