{
	"metadata" : {
		"formatVersion" : 3,
		"description" : "Exported from LibZinc."
	},

	"vertices" : [
		382.817505,258.966003,-1150.000000,367.731964,253.126236,-1150.063599,354.706818,245.211960,-1150.204224,343.075745,235.360916,-1150.242676,332.172302,223.710800,-1150.000000,382.991302,261.099457,-1137.459717,367.410309,255.167435,-1137.519043,353.831909,247.122330,-1137.663330,341.608398,237.087799,-1137.701782,330.091980,225.187500,-1137.443481,
		382.864166,263.406006,-1124.936768,366.712921,257.548859,-1125.008057,352.505432,249.441772,-1125.167969,339.643616,239.225220,-1125.211426,327.529388,227.039627,-1124.933472,382.461060,265.902771,-1112.445557,365.680450,260.215210,-1112.525269,350.809998,252.073105,-1112.679688,337.307373,241.660690,-1112.719849,324.630188,229.162155,-1112.456787,
		381.806885,268.606903,-1100.000000,364.353577,263.111237,-1100.065430,348.828369,254.919128,-1100.160522,334.725677,244.281723,-1100.175293,321.540009,231.450104,-1100.000000
	],

	"normals" : [
		-0.276745,0.949474,-0.148024,-0.438397,0.888550,-0.135229,-0.582766,0.801277,-0.135421,-0.687495,0.710921,-0.148132,-0.749822,0.639320,-0.170401,-0.273098,0.947352,-0.167160,-0.427878,0.886767,-0.174824,-0.566550,0.802493,-0.187153,-0.668969,0.714638,-0.204384,-0.732350,0.643230,-0.223425,
		-0.256891,0.948109,-0.187339,-0.410349,0.887753,-0.208585,-0.548010,0.804925,-0.227554,-0.651730,0.717488,-0.245883,-0.718868,0.643919,-0.261910,-0.233459,0.949896,-0.207832,-0.390515,0.889767,-0.236249,-0.530927,0.807597,-0.256716,-0.637917,0.720064,-0.273075,-0.708962,0.644376,-0.286622,
		-0.207791,0.951133,-0.228404,-0.372607,0.891414,-0.257963,-0.518434,0.809648,-0.275132,-0.628934,0.722680,-0.286662,-0.701749,0.647022,-0.298178
	],

	"faces": [
		32 ,0,1,5 ,0,1,5,
		32 ,5,1,6 ,5,1,6,
		32 ,5,6,10 ,5,6,10,
		32 ,10,6,11 ,10,6,11,
		32 ,10,11,15 ,10,11,15,
		32 ,15,11,16 ,15,11,16,
		32 ,15,16,20 ,15,16,20,
		32 ,20,16,21 ,20,16,21,
		32 ,1,2,6 ,1,2,6,
		32 ,6,2,7 ,6,2,7,
		32 ,6,7,11 ,6,7,11,
		32 ,11,7,12 ,11,7,12,
		32 ,11,12,16 ,11,12,16,
		32 ,16,12,17 ,16,12,17,
		32 ,16,17,21 ,16,17,21,
		32 ,21,17,22 ,21,17,22,
		32 ,2,3,7 ,2,3,7,
		32 ,7,3,8 ,7,3,8,
		32 ,7,8,12 ,7,8,12,
		32 ,12,8,13 ,12,8,13,
		32 ,12,13,17 ,12,13,17,
		32 ,17,13,18 ,17,13,18,
		32 ,17,18,22 ,17,18,22,
		32 ,22,18,23 ,22,18,23,
		32 ,3,4,8 ,3,4,8,
		32 ,8,4,9 ,8,4,9,
		32 ,8,9,13 ,8,9,13,
		32 ,13,9,14 ,13,9,14,
		32 ,13,14,18 ,13,14,18,
		32 ,18,14,19 ,18,14,19,
		32 ,18,19,23 ,18,19,23,
		32 ,23,19,24 ,23,19,24
	]

}
