{
	"metadata" : {
		"formatVersion" : 3,
		"description" : "Exported from LibZinc."
	},

	"vertices" : [
		446.437988,263.873688,-1874.000000,449.658325,263.699951,-1872.336182,452.116577,264.485138,-1869.513428,453.342865,265.891113,-1866.183838,452.867188,267.579803,-1863.000000,445.831146,258.664917,-1872.632080,449.141418,258.542450,-1870.557861,451.580872,259.369873,-1867.514648,452.801422,260.863739,-1864.000488,452.455048,262.740601,-1860.513428,
		445.253204,253.051849,-1871.279785,448.034637,253.273788,-1868.461060,450.147247,254.220459,-1865.179932,451.452698,255.718552,-1861.654175,451.812683,257.594757,-1858.101318,444.466278,246.465500,-1870.124146,446.427765,247.176117,-1866.788452,448.419708,248.622116,-1862.519409,450.111816,250.384003,-1858.227661,451.173767,252.042297,-1854.823853,
		443.232513,238.336807,-1869.345947,444.410522,239.531570,-1866.282715,447.002197,242.160049,-1859.543457,449.593872,244.788528,-1852.804321,450.771912,245.983307,-1849.740967
	],

	"normals" : [
		0.179726,-0.264113,-0.947598,0.628996,-0.214501,-0.747231,0.869627,-0.145598,-0.471753,0.992406,-0.030806,-0.119089,0.914507,0.176419,0.364079,0.306425,-0.270532,-0.912642,0.648377,-0.373692,-0.663295,0.866524,-0.341607,-0.363924,0.975169,-0.219613,-0.028550,0.943320,0.044218,0.328927,
		0.608273,-0.227713,-0.760362,0.757843,-0.378667,-0.531305,0.865912,-0.409660,-0.287010,0.947707,-0.309377,-0.078345,0.992564,-0.080447,0.091350,0.806041,-0.184919,-0.562230,0.880418,-0.303680,-0.364202,0.897055,-0.367729,-0.245087,0.926518,-0.326915,-0.186256,0.973896,-0.185262,-0.131168,
		-0.325571,-0.000000,-0.945517,0.935414,-0.226700,-0.271308,0.931559,-0.255651,-0.258534,0.929476,-0.268832,-0.252592,-0.949327,0.236360,0.207153
	],

	"faces": [
		32 ,0,1,5 ,0,1,5,
		32 ,5,1,6 ,5,1,6,
		32 ,5,6,10 ,5,6,10,
		32 ,10,6,11 ,10,6,11,
		32 ,10,11,15 ,10,11,15,
		32 ,15,11,16 ,15,11,16,
		32 ,15,16,20 ,15,16,20,
		32 ,20,16,21 ,20,16,21,
		32 ,1,2,6 ,1,2,6,
		32 ,6,2,7 ,6,2,7,
		32 ,6,7,11 ,6,7,11,
		32 ,11,7,12 ,11,7,12,
		32 ,11,12,16 ,11,12,16,
		32 ,16,12,17 ,16,12,17,
		32 ,16,17,21 ,16,17,21,
		32 ,21,17,22 ,21,17,22,
		32 ,2,3,7 ,2,3,7,
		32 ,7,3,8 ,7,3,8,
		32 ,7,8,12 ,7,8,12,
		32 ,12,8,13 ,12,8,13,
		32 ,12,13,17 ,12,13,17,
		32 ,17,13,18 ,17,13,18,
		32 ,17,18,22 ,17,18,22,
		32 ,22,18,23 ,22,18,23,
		32 ,3,4,8 ,3,4,8,
		32 ,8,4,9 ,8,4,9,
		32 ,8,9,13 ,8,9,13,
		32 ,13,9,14 ,13,9,14,
		32 ,13,14,18 ,13,14,18,
		32 ,18,14,19 ,18,14,19,
		32 ,18,19,23 ,18,19,23,
		32 ,23,19,24 ,23,19,24
	]

}
