{
	"metadata" : {
		"formatVersion" : 3,
		"description" : "Exported from LibZinc."
	},

	"vertices" : [
		438.863312,272.554901,-1860.000000,434.623657,274.706299,-1856.915161,428.744751,276.672272,-1854.949097,422.443329,278.330048,-1854.008423,416.936096,279.556793,-1854.000000,438.406677,267.567688,-1857.714600,434.248810,269.661194,-1854.628784,428.217560,271.723358,-1852.285034,421.567780,273.559998,-1850.873413,415.554474,274.976959,-1850.583496,
		437.427887,262.634888,-1854.940063,433.898285,264.303925,-1852.470215,428.068939,266.454407,-1849.694336,421.364349,268.565063,-1847.538696,415.208984,270.114594,-1846.929199,436.107269,257.494934,-1851.210449,433.329468,258.656281,-1849.520752,427.744324,260.794067,-1846.583496,421.049774,263.053589,-1843.984741,414.943695,264.580078,-1843.310303,
		434.625092,251.886200,-1846.060059,432.299835,252.739944,-1844.861572,426.689178,254.670959,-1842.359253,419.840851,256.733978,-1840.192383,413.802612,257.983704,-1840.000000
	],

	"normals" : [
		0.814040,0.211289,0.541013,0.515144,0.371080,0.772610,0.320453,0.443937,0.836797,0.181341,0.489479,0.852951,0.040672,0.560724,0.827003,0.806425,0.161148,0.568955,0.527798,0.285387,0.799990,0.365889,0.399378,0.840608,0.243180,0.524793,0.815754,0.079504,0.600117,0.795951,
		0.770482,0.202289,0.604513,0.558007,0.295616,0.775396,0.455526,0.391463,0.799533,0.330378,0.514859,0.791057,0.046786,0.581322,0.812327,0.631908,0.382119,0.674298,0.572355,0.382629,0.725262,0.507208,0.408904,0.758642,0.370173,0.463696,0.804958,-0.049187,0.507633,0.860168,
		0.828202,0.281653,0.484514,0.520534,0.529554,0.669788,0.454700,0.474095,0.753977,0.294829,0.412313,0.862017,-0.194378,0.424349,0.884390
	],

	"faces": [
		32 ,0,1,5 ,0,1,5,
		32 ,5,1,6 ,5,1,6,
		32 ,5,6,10 ,5,6,10,
		32 ,10,6,11 ,10,6,11,
		32 ,10,11,15 ,10,11,15,
		32 ,15,11,16 ,15,11,16,
		32 ,15,16,20 ,15,16,20,
		32 ,20,16,21 ,20,16,21,
		32 ,1,2,6 ,1,2,6,
		32 ,6,2,7 ,6,2,7,
		32 ,6,7,11 ,6,7,11,
		32 ,11,7,12 ,11,7,12,
		32 ,11,12,16 ,11,12,16,
		32 ,16,12,17 ,16,12,17,
		32 ,16,17,21 ,16,17,21,
		32 ,21,17,22 ,21,17,22,
		32 ,2,3,7 ,2,3,7,
		32 ,7,3,8 ,7,3,8,
		32 ,7,8,12 ,7,8,12,
		32 ,12,8,13 ,12,8,13,
		32 ,12,13,17 ,12,13,17,
		32 ,17,13,18 ,17,13,18,
		32 ,17,18,22 ,17,18,22,
		32 ,22,18,23 ,22,18,23,
		32 ,3,4,8 ,3,4,8,
		32 ,8,4,9 ,8,4,9,
		32 ,8,9,13 ,8,9,13,
		32 ,13,9,14 ,13,9,14,
		32 ,13,14,18 ,13,14,18,
		32 ,18,14,19 ,18,14,19,
		32 ,18,19,23 ,18,19,23,
		32 ,23,19,24 ,23,19,24
	]

}
