{
	"metadata" : {
		"formatVersion" : 3,
		"description" : "Exported from LibZinc."
	},

	"vertices" : [
		381.036591,279.443207,-1050.118042,361.131256,275.040253,-1050.180054,342.608704,267.138885,-1050.281494,325.715179,256.447235,-1050.271606,310.696991,243.673294,-1050.000000,382.431946,281.918915,-1037.589478,362.092346,278.090363,-1037.629150,342.965973,270.639984,-1037.715698,325.463898,260.245514,-1037.724121,309.997162,247.584564,-1037.529541,
		384.531311,284.019623,-1025.044067,363.892578,280.722504,-1025.045532,344.248291,273.729523,-1025.035156,326.300079,263.716492,-1025.024780,310.749634,251.359329,-1025.026245,387.058685,285.636444,-1012.506165,366.297211,282.780609,-1012.485962,346.296631,276.215820,-1012.424866,328.073792,266.621063,-1012.405334,312.645599,254.675186,-1012.509766,
		389.738098,286.660614,-1000.000000,369.071533,284.108521,-1000.006958,348.951935,277.907318,-1000.069702,330.634979,268.720001,-1000.097534,315.376312,257.209686,-1000.000000
	],

	"normals" : [
		-0.114853,0.973907,-0.195741,-0.300467,0.926557,-0.226301,-0.452194,0.854441,-0.255834,-0.572707,0.770337,-0.280337,-0.670334,0.681228,-0.294247,-0.084764,0.982053,-0.168483,-0.273468,0.944051,-0.184346,-0.431382,0.879190,-0.202324,-0.562107,0.797961,-0.217474,-0.674428,0.706018,-0.216067,
		-0.057827,0.988872,-0.137067,-0.248835,0.958619,-0.138313,-0.410216,0.900303,-0.145525,-0.550173,0.821261,-0.151128,-0.679694,0.721381,-0.132759,-0.036922,0.994455,-0.098466,-0.227884,0.969947,-0.085271,-0.389974,0.917227,-0.081335,-0.537619,0.839717,-0.076429,-0.684621,0.727581,-0.043816,
		-0.024767,0.998441,-0.050029,-0.212705,0.976862,-0.022300,-0.372762,0.927914,-0.004795,-0.524033,0.851612,0.012067,-0.681993,0.729831,0.047245
	],

	"faces": [
		32 ,0,1,5 ,0,1,5,
		32 ,5,1,6 ,5,1,6,
		32 ,5,6,10 ,5,6,10,
		32 ,10,6,11 ,10,6,11,
		32 ,10,11,15 ,10,11,15,
		32 ,15,11,16 ,15,11,16,
		32 ,15,16,20 ,15,16,20,
		32 ,20,16,21 ,20,16,21,
		32 ,1,2,6 ,1,2,6,
		32 ,6,2,7 ,6,2,7,
		32 ,6,7,11 ,6,7,11,
		32 ,11,7,12 ,11,7,12,
		32 ,11,12,16 ,11,12,16,
		32 ,16,12,17 ,16,12,17,
		32 ,16,17,21 ,16,17,21,
		32 ,21,17,22 ,21,17,22,
		32 ,2,3,7 ,2,3,7,
		32 ,7,3,8 ,7,3,8,
		32 ,7,8,12 ,7,8,12,
		32 ,12,8,13 ,12,8,13,
		32 ,12,13,17 ,12,13,17,
		32 ,17,13,18 ,17,13,18,
		32 ,17,18,22 ,17,18,22,
		32 ,22,18,23 ,22,18,23,
		32 ,3,4,8 ,3,4,8,
		32 ,8,4,9 ,8,4,9,
		32 ,8,9,13 ,8,9,13,
		32 ,13,9,14 ,13,9,14,
		32 ,13,14,18 ,13,14,18,
		32 ,18,14,19 ,18,14,19,
		32 ,18,19,23 ,18,19,23,
		32 ,23,19,24 ,23,19,24
	]

}
