{
	"metadata" : {
		"formatVersion" : 3,
		"description" : "Exported from LibZinc."
	},

	"vertices" : [
		310.696991,243.673294,-1050.000000,298.600677,228.929428,-1049.751221,289.964752,212.265320,-1049.789307,284.273438,194.295166,-1049.932739,281.011108,175.633194,-1050.000000,309.997162,247.584564,-1037.529541,297.633789,232.672516,-1036.861206,288.842621,215.857925,-1035.822266,283.136169,198.318390,-1034.848022,280.026855,181.231522,-1034.374268,
		310.749634,251.359329,-1025.026245,298.035339,236.384705,-1023.955933,288.297058,219.741898,-1021.580566,281.788452,203.940720,-1019.186890,278.763184,191.490967,-1018.061707,312.645599,254.675186,-1012.509766,299.550720,239.678925,-1011.484497,288.503418,223.136932,-1008.974548,280.784027,209.033966,-1006.410522,277.672882,201.354843,-1005.223145,
		315.376312,257.209686,-1000.000000,301.925201,242.168121,-999.895813,289.637054,225.262695,-999.914246,280.676666,211.469971,-999.980347,277.208801,205.766495,-1000.018982
	],

	"normals" : [
		-0.670334,0.681228,-0.294247,-0.809976,0.525558,-0.260248,-0.910369,0.371160,-0.182944,-0.967422,0.231385,-0.102740,-0.991157,0.116905,-0.062782,-0.674428,0.706018,-0.216067,-0.829246,0.532111,-0.170904,-0.916759,0.368669,-0.153741,-0.960665,0.230323,-0.155160,-0.984205,0.117297,-0.132595,
		-0.679694,0.721381,-0.132759,-0.823001,0.560518,-0.092141,-0.898089,0.420659,-0.128382,-0.939468,0.284802,-0.190495,-0.979476,0.117159,-0.164013,-0.684621,0.727581,-0.043816,-0.801701,0.597554,-0.014310,-0.860705,0.502647,-0.080828,-0.892670,0.395175,-0.216741,-0.976351,0.116991,-0.181800,
		-0.681993,0.729831,0.047245,-0.782842,0.616551,0.083806,-0.823197,0.558601,0.101544,-0.844274,0.524110,0.111853,0.000000,-0.000000,-0.000000
	],

	"faces": [
		32 ,0,1,5 ,0,1,5,
		32 ,5,1,6 ,5,1,6,
		32 ,5,6,10 ,5,6,10,
		32 ,10,6,11 ,10,6,11,
		32 ,10,11,15 ,10,11,15,
		32 ,15,11,16 ,15,11,16,
		32 ,15,16,20 ,15,16,20,
		32 ,20,16,21 ,20,16,21,
		32 ,1,2,6 ,1,2,6,
		32 ,6,2,7 ,6,2,7,
		32 ,6,7,11 ,6,7,11,
		32 ,11,7,12 ,11,7,12,
		32 ,11,12,16 ,11,12,16,
		32 ,16,12,17 ,16,12,17,
		32 ,16,17,21 ,16,17,21,
		32 ,21,17,22 ,21,17,22,
		32 ,2,3,7 ,2,3,7,
		32 ,7,3,8 ,7,3,8,
		32 ,7,8,12 ,7,8,12,
		32 ,12,8,13 ,12,8,13,
		32 ,12,13,17 ,12,13,17,
		32 ,17,13,18 ,17,13,18,
		32 ,17,18,22 ,17,18,22,
		32 ,22,18,23 ,22,18,23,
		32 ,3,4,8 ,3,4,8,
		32 ,8,4,9 ,8,4,9,
		32 ,8,9,13 ,8,9,13,
		32 ,13,9,14 ,13,9,14,
		32 ,13,14,18 ,13,14,18,
		32 ,18,14,19 ,18,14,19,
		32 ,18,19,23 ,18,19,23,
		32 ,23,19,24 ,23,19,24
	]

}
