{
	"metadata" : {
		"formatVersion" : 3,
		"description" : "Exported from LibZinc."
	},

	"vertices" : [
		416.306000,62.709179,-1049.838989,432.990509,67.803719,-1049.992920,446.798889,74.278862,-1049.957031,458.888336,83.019417,-1049.902344,470.415985,94.910172,-1050.000000,417.542206,60.496799,-1037.355835,434.361481,65.586647,-1037.489868,448.296600,72.360489,-1037.443481,460.428772,81.548714,-1037.382080,471.839081,93.881729,-1037.471313,
		418.925293,58.068718,-1024.835693,435.834808,63.054802,-1024.974121,449.968933,70.132904,-1024.953735,462.225922,79.836761,-1024.907837,473.503967,92.700119,-1024.969727,420.351837,55.906796,-1012.269592,437.280518,60.756775,-1012.467407,451.619293,68.069366,-1012.493469,464.036011,78.225174,-1012.460999,475.198456,91.604820,-1012.483398,
		421.718292,54.492901,-999.648987,438.568573,59.241169,-999.991943,453.051025,66.643105,-1000.068665,465.615173,77.055534,-1000.023315,476.710388,90.835297,-1000.000000
	],

	"normals" : [
		0.239824,-0.955689,-0.170712,0.345052,-0.922339,-0.173870,0.498819,-0.851291,-0.162739,0.651995,-0.744712,-0.142500,0.757286,-0.642157,-0.118964,0.226460,-0.951809,-0.206824,0.348175,-0.911306,-0.219761,0.511042,-0.833608,-0.209601,0.664470,-0.723699,-0.186383,0.767996,-0.621708,-0.153819,
		0.208864,-0.956261,-0.204792,0.351006,-0.909273,-0.223644,0.524630,-0.822953,-0.217970,0.680249,-0.705712,-0.198071,0.785119,-0.597203,-0.164125,0.193491,-0.967092,-0.165209,0.354200,-0.916499,-0.185936,0.537514,-0.821928,-0.188449,0.696763,-0.694850,-0.178058,0.805099,-0.573762,-0.150374,
		0.187953,-0.978287,-0.087336,0.356952,-0.928358,-0.103613,0.545779,-0.829463,-0.118812,0.710089,-0.692853,-0.125412,0.823651,-0.555826,-0.112502
	],

	"faces": [
		32 ,0,1,5 ,0,1,5,
		32 ,5,1,6 ,5,1,6,
		32 ,5,6,10 ,5,6,10,
		32 ,10,6,11 ,10,6,11,
		32 ,10,11,15 ,10,11,15,
		32 ,15,11,16 ,15,11,16,
		32 ,15,16,20 ,15,16,20,
		32 ,20,16,21 ,20,16,21,
		32 ,1,2,6 ,1,2,6,
		32 ,6,2,7 ,6,2,7,
		32 ,6,7,11 ,6,7,11,
		32 ,11,7,12 ,11,7,12,
		32 ,11,12,16 ,11,12,16,
		32 ,16,12,17 ,16,12,17,
		32 ,16,17,21 ,16,17,21,
		32 ,21,17,22 ,21,17,22,
		32 ,2,3,7 ,2,3,7,
		32 ,7,3,8 ,7,3,8,
		32 ,7,8,12 ,7,8,12,
		32 ,12,8,13 ,12,8,13,
		32 ,12,13,17 ,12,13,17,
		32 ,17,13,18 ,17,13,18,
		32 ,17,18,22 ,17,18,22,
		32 ,22,18,23 ,22,18,23,
		32 ,3,4,8 ,3,4,8,
		32 ,8,4,9 ,8,4,9,
		32 ,8,9,13 ,8,9,13,
		32 ,13,9,14 ,13,9,14,
		32 ,13,14,18 ,13,14,18,
		32 ,18,14,19 ,18,14,19,
		32 ,18,19,23 ,18,19,23,
		32 ,23,19,24 ,23,19,24
	]

}
