{
	"metadata" : {
		"formatVersion" : 3,
		"description" : "Exported from LibZinc."
	},

	"vertices" : [
		416.936096,279.556793,-1854.000000,413.059113,280.193665,-1855.013428,410.948883,280.131226,-1857.026001,410.772736,279.320923,-1859.775513,412.698090,277.714203,-1863.000000,415.554474,274.976959,-1850.583496,411.169312,275.718445,-1851.663086,408.723785,275.632416,-1853.984619,408.452362,274.680267,-1857.174561,410.589539,272.823456,-1860.859741,
		415.208984,270.114594,-1846.929199,410.687927,270.825928,-1848.227417,408.106964,270.728546,-1850.871704,407.721527,269.761017,-1854.403687,409.787140,267.861969,-1858.364868,414.943695,264.580078,-1843.310303,410.530579,265.128998,-1844.980591,407.950012,264.967224,-1848.000244,407.452515,264.007019,-1851.831787,409.288574,262.160553,-1855.937500,
		413.802612,257.983704,-1840.000000,409.612793,258.240540,-1842.196655,407.104523,257.896179,-1845.683105,406.517548,256.862152,-1849.828003,408.091614,255.050003,-1854.000000
	],

	"normals" : [
		0.040672,0.560724,0.827003,-0.280892,0.682550,0.674704,-0.700318,0.679668,0.218186,-0.822211,0.411874,-0.392847,-0.683985,0.161689,-0.711351,0.079504,0.600117,0.795951,-0.312558,0.610020,0.728137,-0.831752,0.445314,0.331489,-0.952739,0.104747,-0.285160,-0.770961,-0.105223,-0.628130,
		0.046786,0.581322,0.812327,-0.392419,0.507260,0.767265,-0.886593,0.256040,0.385223,-0.981029,-0.040446,-0.189597,-0.805323,-0.196639,-0.559274,-0.049187,0.507633,0.860168,-0.502107,0.404459,0.764396,-0.904720,0.200978,0.375619,-0.987866,0.007001,-0.155152,-0.821021,-0.111592,-0.559885,
		-0.194378,0.424349,0.884390,-0.613718,0.360789,0.702268,-0.909547,0.261057,0.323378,-0.972955,0.167670,-0.158888,-0.802042,0.073164,-0.592769
	],

	"faces": [
		32 ,0,1,5 ,0,1,5,
		32 ,5,1,6 ,5,1,6,
		32 ,5,6,10 ,5,6,10,
		32 ,10,6,11 ,10,6,11,
		32 ,10,11,15 ,10,11,15,
		32 ,15,11,16 ,15,11,16,
		32 ,15,16,20 ,15,16,20,
		32 ,20,16,21 ,20,16,21,
		32 ,1,2,6 ,1,2,6,
		32 ,6,2,7 ,6,2,7,
		32 ,6,7,11 ,6,7,11,
		32 ,11,7,12 ,11,7,12,
		32 ,11,12,16 ,11,12,16,
		32 ,16,12,17 ,16,12,17,
		32 ,16,17,21 ,16,17,21,
		32 ,21,17,22 ,21,17,22,
		32 ,2,3,7 ,2,3,7,
		32 ,7,3,8 ,7,3,8,
		32 ,7,8,12 ,7,8,12,
		32 ,12,8,13 ,12,8,13,
		32 ,12,13,17 ,12,13,17,
		32 ,17,13,18 ,17,13,18,
		32 ,17,18,22 ,17,18,22,
		32 ,22,18,23 ,22,18,23,
		32 ,3,4,8 ,3,4,8,
		32 ,8,4,9 ,8,4,9,
		32 ,8,9,13 ,8,9,13,
		32 ,13,9,14 ,13,9,14,
		32 ,13,14,18 ,13,14,18,
		32 ,18,14,19 ,18,14,19,
		32 ,18,19,23 ,18,19,23,
		32 ,23,19,24 ,23,19,24
	]

}
