{
	"metadata" : {
		"formatVersion" : 3,
		"description" : "Exported from LibZinc."
	},

	"vertices" : [
		280.698486,111.835197,-1000.000000,286.579559,104.298180,-1000.249329,301.493988,87.217117,-1000.663696,321.348480,68.886986,-1000.742310,342.049896,57.602772,-999.984680,281.405243,101.212219,-995.372314,289.576477,94.340103,-994.474243,306.038849,78.740440,-992.469727,326.493103,62.366295,-990.027039,346.639893,53.170719,-987.814575,
		282.984619,77.613419,-983.472839,294.733185,73.495079,-982.472717,311.588654,63.706593,-980.486206,330.958038,53.403919,-977.952393,350.248291,47.743023,-975.310547,284.625458,53.444016,-967.276794,299.851105,52.337208,-966.774109,316.787140,48.951622,-966.067871,334.787628,45.215199,-964.791077,353.206787,43.055866,-962.576782,
		285.516510,41.109241,-949.759583,302.731720,41.440571,-949.907654,320.278015,41.311584,-950.569458,338.026184,41.015476,-950.815796,355.846985,40.845440,-949.717285
	],

	"normals" : [
		0.000000,0.000000,0.000000,-0.765160,-0.624018,0.158528,-0.721669,-0.684800,0.101208,-0.611297,-0.791399,0.001565,-0.230842,-0.958283,-0.168538,0.065436,-0.410951,-0.909306,-0.405500,-0.514712,-0.755408,-0.522409,-0.652626,-0.548788,-0.488587,-0.791284,-0.367631,-0.111864,-0.927988,-0.355421,
		0.063079,-0.484672,-0.872418,-0.208807,-0.555216,-0.805068,-0.310345,-0.671702,-0.672683,-0.299957,-0.818135,-0.490593,-0.028244,-0.923151,-0.383398,0.058947,-0.645920,-0.761126,-0.085908,-0.693108,-0.715696,-0.142578,-0.788762,-0.597935,-0.122897,-0.901924,-0.414039,0.004863,-0.959693,-0.281007,
		0.041641,-0.990359,-0.132120,-0.001321,-0.991025,-0.133667,-0.018572,-0.993492,-0.112375,-0.014628,-0.996997,-0.076044,0.003116,-0.999510,-0.031132
	],

	"faces": [
		32 ,0,1,5 ,0,1,5,
		32 ,5,1,6 ,5,1,6,
		32 ,5,6,10 ,5,6,10,
		32 ,10,6,11 ,10,6,11,
		32 ,10,11,15 ,10,11,15,
		32 ,15,11,16 ,15,11,16,
		32 ,15,16,20 ,15,16,20,
		32 ,20,16,21 ,20,16,21,
		32 ,1,2,6 ,1,2,6,
		32 ,6,2,7 ,6,2,7,
		32 ,6,7,11 ,6,7,11,
		32 ,11,7,12 ,11,7,12,
		32 ,11,12,16 ,11,12,16,
		32 ,16,12,17 ,16,12,17,
		32 ,16,17,21 ,16,17,21,
		32 ,21,17,22 ,21,17,22,
		32 ,2,3,7 ,2,3,7,
		32 ,7,3,8 ,7,3,8,
		32 ,7,8,12 ,7,8,12,
		32 ,12,8,13 ,12,8,13,
		32 ,12,13,17 ,12,13,17,
		32 ,17,13,18 ,17,13,18,
		32 ,17,18,22 ,17,18,22,
		32 ,22,18,23 ,22,18,23,
		32 ,3,4,8 ,3,4,8,
		32 ,8,4,9 ,8,4,9,
		32 ,8,9,13 ,8,9,13,
		32 ,13,9,14 ,13,9,14,
		32 ,13,14,18 ,13,14,18,
		32 ,18,14,19 ,18,14,19,
		32 ,18,19,23 ,18,19,23,
		32 ,23,19,24 ,23,19,24
	]

}
