{
	"metadata" : {
		"formatVersion" : 3,
		"description" : "Exported from LibZinc."
	},

	"vertices" : [
		481.016388,244.245605,-1876.000000,481.016388,244.245605,-1876.000000,481.016388,244.245605,-1876.000000,481.016388,244.245605,-1876.000000,481.016388,244.245605,-1876.000000,479.482269,243.074631,-1876.677368,480.026581,242.341919,-1877.034790,480.815155,241.734848,-1877.140137,481.718872,241.289703,-1876.997559,482.608582,241.042755,-1876.611328,
		477.949646,242.075882,-1877.269043,479.044128,240.656204,-1877.971924,480.643860,239.346619,-1878.218140,482.447449,238.329300,-1877.989380,484.153412,237.786469,-1877.267578,476.513763,240.688477,-1877.476196,478.150421,238.761719,-1878.542358,480.510620,236.878067,-1878.904663,483.153992,235.375412,-1878.568604,485.640106,234.591690,-1877.540039,
		475.269714,238.351501,-1877.000000,477.426849,236.231720,-1878.477051,480.423401,234.126373,-1878.870361,483.790161,232.439041,-1878.328491,487.057892,231.573303,-1877.000000
	],

	"normals" : [
		0.177122,0.227106,-0.957628,0.177122,0.227106,-0.957628,0.177122,0.227106,-0.957628,0.177122,0.227106,-0.957628,0.177122,0.227106,-0.957628,0.029446,0.536272,-0.843531,0.142015,0.446105,-0.883641,0.265810,0.401622,-0.876382,0.391211,0.394148,-0.831626,0.518522,0.413147,-0.748629,
		-0.111539,0.502472,-0.857368,0.072277,0.387076,-0.919211,0.227105,0.342264,-0.911745,0.378242,0.340955,-0.860629,0.533567,0.374757,-0.758197,-0.482380,0.330935,-0.811043,-0.151274,0.192758,-0.969516,0.091665,0.141797,-0.985642,0.310151,0.147148,-0.939230,0.528166,0.229389,-0.817571,
		-0.752982,0.080487,-0.653100,-0.374322,-0.069743,-0.924672,-0.070203,-0.166154,-0.983598,0.183493,-0.220642,-0.957939,0.467909,-0.107163,-0.877256
	],

	"faces": [
		32 ,0,1,5 ,0,1,5,
		32 ,5,1,6 ,5,1,6,
		32 ,5,6,10 ,5,6,10,
		32 ,10,6,11 ,10,6,11,
		32 ,10,11,15 ,10,11,15,
		32 ,15,11,16 ,15,11,16,
		32 ,15,16,20 ,15,16,20,
		32 ,20,16,21 ,20,16,21,
		32 ,1,2,6 ,1,2,6,
		32 ,6,2,7 ,6,2,7,
		32 ,6,7,11 ,6,7,11,
		32 ,11,7,12 ,11,7,12,
		32 ,11,12,16 ,11,12,16,
		32 ,16,12,17 ,16,12,17,
		32 ,16,17,21 ,16,17,21,
		32 ,21,17,22 ,21,17,22,
		32 ,2,3,7 ,2,3,7,
		32 ,7,3,8 ,7,3,8,
		32 ,7,8,12 ,7,8,12,
		32 ,12,8,13 ,12,8,13,
		32 ,12,13,17 ,12,13,17,
		32 ,17,13,18 ,17,13,18,
		32 ,17,18,22 ,17,18,22,
		32 ,22,18,23 ,22,18,23,
		32 ,3,4,8 ,3,4,8,
		32 ,8,4,9 ,8,4,9,
		32 ,8,9,13 ,8,9,13,
		32 ,13,9,14 ,13,9,14,
		32 ,13,14,18 ,13,14,18,
		32 ,18,14,19 ,18,14,19,
		32 ,18,19,23 ,18,19,23,
		32 ,23,19,24 ,23,19,24
	]

}
