{
	"metadata" : {
		"formatVersion" : 3,
		"description" : "Exported from LibZinc."
	},

	"vertices" : [
		278.577301,228.542999,-950.000000,264.895630,229.309982,-949.912292,252.493942,234.517044,-949.903076,240.667557,242.498032,-949.942322,228.711807,251.586807,-950.000000,279.453278,240.872696,-938.480530,266.026825,240.993179,-938.226624,252.951813,243.585266,-937.693359,240.280319,248.044144,-937.244141,228.064438,253.764999,-937.242615,
		280.517639,254.396683,-926.193726,267.237671,254.006729,-926.029297,254.091156,254.519058,-925.516602,241.184128,255.847305,-924.961670,228.622620,257.905121,-924.670593,281.662262,266.886810,-913.310059,268.498840,266.178253,-913.356506,255.538071,265.212402,-913.173706,242.679520,264.109131,-912.797363,229.822754,262.988251,-912.263245,
		282.778992,276.114990,-900.000000,269.780975,275.335297,-900.244629,256.918610,273.559265,-900.465515,244.067017,271.031250,-900.453674,231.101303,267.995514,-900.000000
	],

	"normals" : [
		-0.104462,0.709581,-0.696838,0.180137,0.722015,-0.668016,0.440807,0.768206,-0.464272,0.590612,0.788005,-0.173856,0.595530,0.803227,0.013027,-0.064479,0.669086,-0.740383,0.049896,0.681594,-0.730027,0.181373,0.742441,-0.644891,0.330600,0.818948,-0.469071,0.450060,0.863212,-0.228714,
		-0.038822,0.687209,-0.725421,-0.017247,0.693424,-0.720323,0.022527,0.737020,-0.675496,0.088307,0.817520,-0.569090,0.175565,0.914718,-0.363961,-0.022448,0.760598,-0.648835,-0.053715,0.761634,-0.645777,-0.077906,0.786689,-0.612415,-0.093297,0.841462,-0.532201,-0.095498,0.920482,-0.378937,
		-0.007151,0.891400,-0.453161,-0.081244,0.887475,-0.453639,-0.147415,0.890336,-0.430778,-0.202883,0.899160,-0.387749,-0.242970,0.914162,-0.324458
	],

	"faces": [
		32 ,0,1,5 ,0,1,5,
		32 ,5,1,6 ,5,1,6,
		32 ,5,6,10 ,5,6,10,
		32 ,10,6,11 ,10,6,11,
		32 ,10,11,15 ,10,11,15,
		32 ,15,11,16 ,15,11,16,
		32 ,15,16,20 ,15,16,20,
		32 ,20,16,21 ,20,16,21,
		32 ,1,2,6 ,1,2,6,
		32 ,6,2,7 ,6,2,7,
		32 ,6,7,11 ,6,7,11,
		32 ,11,7,12 ,11,7,12,
		32 ,11,12,16 ,11,12,16,
		32 ,16,12,17 ,16,12,17,
		32 ,16,17,21 ,16,17,21,
		32 ,21,17,22 ,21,17,22,
		32 ,2,3,7 ,2,3,7,
		32 ,7,3,8 ,7,3,8,
		32 ,7,8,12 ,7,8,12,
		32 ,12,8,13 ,12,8,13,
		32 ,12,13,17 ,12,13,17,
		32 ,17,13,18 ,17,13,18,
		32 ,17,18,22 ,17,18,22,
		32 ,22,18,23 ,22,18,23,
		32 ,3,4,8 ,3,4,8,
		32 ,8,4,9 ,8,4,9,
		32 ,8,9,13 ,8,9,13,
		32 ,13,9,14 ,13,9,14,
		32 ,13,14,18 ,13,14,18,
		32 ,18,14,19 ,18,14,19,
		32 ,18,19,23 ,18,19,23,
		32 ,23,19,24 ,23,19,24
	]

}
