{
	"metadata" : {
		"formatVersion" : 3,
		"description" : "Exported from LibZinc."
	},

	"vertices" : [
		74.658707,165.727097,-950.000000,75.330803,144.261292,-949.983948,77.630547,123.049393,-949.831848,81.793373,102.452827,-949.748108,88.054703,82.833038,-949.937012,76.473366,166.893188,-937.646729,77.018875,145.252533,-937.670349,78.591736,123.525375,-937.500244,81.739197,102.217926,-937.359375,87.008499,81.836365,-937.470764,
		78.295349,168.102341,-925.310303,78.531982,146.306915,-925.385193,79.201897,124.084991,-925.206360,81.292938,102.147484,-925.003235,85.792961,81.205307,-925.004883,79.940956,169.251389,-912.924927,79.726746,147.317780,-913.068604,79.483086,124.675186,-912.900757,80.637199,102.238724,-912.647827,84.616318,80.923523,-912.536438,
		81.226479,170.237198,-900.424683,80.459778,148.178467,-900.661011,79.457367,125.242912,-900.533875,79.954597,102.488869,-900.261536,83.686813,80.974678,-900.062378
	],

	"normals" : [
		-0.990189,0.002136,0.139719,-0.987505,-0.065970,0.143115,-0.984137,-0.149148,0.096064,-0.968602,-0.248438,0.009452,-0.928054,-0.358632,-0.100493,-0.988726,-0.011243,0.149315,-0.989962,-0.043339,0.134528,-0.992323,-0.103628,0.067501,-0.980885,-0.193023,-0.024635,-0.944601,-0.309775,-0.108481,
		-0.989540,-0.018057,0.143123,-0.993579,-0.012502,0.112450,-0.997786,-0.054253,0.038457,-0.988509,-0.143859,-0.046410,-0.953213,-0.283688,-0.104432,-0.992567,-0.015018,0.120767,-0.996727,0.020907,0.078094,-0.999900,-0.009462,0.010513,-0.992912,-0.105513,-0.054716,-0.957694,-0.274635,-0.086016,
		-0.996579,0.001392,0.082632,-0.998112,0.051644,0.033254,-0.999617,0.023374,-0.014849,-0.995435,-0.082044,-0.048766,-0.959433,-0.277114,-0.051921
	],

	"faces": [
		32 ,0,1,5 ,0,1,5,
		32 ,5,1,6 ,5,1,6,
		32 ,5,6,10 ,5,6,10,
		32 ,10,6,11 ,10,6,11,
		32 ,10,11,15 ,10,11,15,
		32 ,15,11,16 ,15,11,16,
		32 ,15,16,20 ,15,16,20,
		32 ,20,16,21 ,20,16,21,
		32 ,1,2,6 ,1,2,6,
		32 ,6,2,7 ,6,2,7,
		32 ,6,7,11 ,6,7,11,
		32 ,11,7,12 ,11,7,12,
		32 ,11,12,16 ,11,12,16,
		32 ,16,12,17 ,16,12,17,
		32 ,16,17,21 ,16,17,21,
		32 ,21,17,22 ,21,17,22,
		32 ,2,3,7 ,2,3,7,
		32 ,7,3,8 ,7,3,8,
		32 ,7,8,12 ,7,8,12,
		32 ,12,8,13 ,12,8,13,
		32 ,12,13,17 ,12,13,17,
		32 ,17,13,18 ,17,13,18,
		32 ,17,18,22 ,17,18,22,
		32 ,22,18,23 ,22,18,23,
		32 ,3,4,8 ,3,4,8,
		32 ,8,4,9 ,8,4,9,
		32 ,8,9,13 ,8,9,13,
		32 ,13,9,14 ,13,9,14,
		32 ,13,14,18 ,13,14,18,
		32 ,18,14,19 ,18,14,19,
		32 ,18,19,23 ,18,19,23,
		32 ,23,19,24 ,23,19,24
	]

}
