{
	"metadata" : {
		"formatVersion" : 3,
		"description" : "Exported from LibZinc."
	},

	"vertices" : [
		487.325287,172.207397,-949.663025,483.373047,192.657700,-949.774658,477.496033,212.513580,-949.910156,469.617371,231.292999,-949.987427,459.660095,248.513901,-949.924316,485.302887,172.764862,-937.268372,481.528992,193.122391,-937.347961,475.961792,212.755646,-937.444641,468.400085,231.215912,-937.477478,458.642792,248.054489,-937.365234,
		483.352875,173.315765,-924.898132,479.688232,193.570740,-924.939758,474.323486,212.970917,-925.000977,466.931519,231.071518,-925.005005,457.185120,247.427719,-924.875244,481.591827,173.918839,-912.509216,477.883301,194.043991,-912.512634,472.542999,213.160461,-912.548584,465.151733,230.821365,-912.540405,455.290314,246.579819,-912.411560,
		480.136292,174.632797,-900.058716,476.146820,194.583374,-900.028992,470.582153,213.325302,-900.056885,463.000885,230.427032,-900.053955,452.961609,245.457001,-899.931580
	],

	"normals" : [
		0.977824,0.143766,0.152287,0.963072,0.234218,0.132793,0.937249,0.332348,0.105404,0.894090,0.440457,0.081241,0.826389,0.558779,0.069623,0.978306,0.140352,0.152378,0.965184,0.223683,0.135597,0.940079,0.321547,0.113399,0.894794,0.435329,0.099160,0.819989,0.562645,0.105109,
		0.979962,0.139571,0.142107,0.966839,0.217112,0.134481,0.940583,0.316274,0.123594,0.890674,0.437952,0.122060,0.804525,0.576725,0.141871,0.981959,0.145163,0.121182,0.967143,0.218955,0.129199,0.937672,0.319941,0.135677,0.881096,0.448682,0.149515,0.782059,0.596859,0.179284,
		0.982927,0.160891,0.089265,0.964927,0.233811,0.119369,0.929931,0.336120,0.149167,0.865111,0.467819,0.180912,0.754924,0.618898,0.216921
	],

	"faces": [
		32 ,0,1,5 ,0,1,5,
		32 ,5,1,6 ,5,1,6,
		32 ,5,6,10 ,5,6,10,
		32 ,10,6,11 ,10,6,11,
		32 ,10,11,15 ,10,11,15,
		32 ,15,11,16 ,15,11,16,
		32 ,15,16,20 ,15,16,20,
		32 ,20,16,21 ,20,16,21,
		32 ,1,2,6 ,1,2,6,
		32 ,6,2,7 ,6,2,7,
		32 ,6,7,11 ,6,7,11,
		32 ,11,7,12 ,11,7,12,
		32 ,11,12,16 ,11,12,16,
		32 ,16,12,17 ,16,12,17,
		32 ,16,17,21 ,16,17,21,
		32 ,21,17,22 ,21,17,22,
		32 ,2,3,7 ,2,3,7,
		32 ,7,3,8 ,7,3,8,
		32 ,7,8,12 ,7,8,12,
		32 ,12,8,13 ,12,8,13,
		32 ,12,13,17 ,12,13,17,
		32 ,17,13,18 ,17,13,18,
		32 ,17,18,22 ,17,18,22,
		32 ,22,18,23 ,22,18,23,
		32 ,3,4,8 ,3,4,8,
		32 ,8,4,9 ,8,4,9,
		32 ,8,9,13 ,8,9,13,
		32 ,13,9,14 ,13,9,14,
		32 ,13,14,18 ,13,14,18,
		32 ,18,14,19 ,18,14,19,
		32 ,18,19,23 ,18,19,23,
		32 ,23,19,24 ,23,19,24
	]

}
