{
	"metadata" : {
		"formatVersion" : 3,
		"description" : "Exported from LibZinc."
	},

	"vertices" : [
		359.244293,40.466270,-849.820923,377.909454,40.763218,-849.849854,396.593933,40.950325,-849.930542,415.103149,42.003738,-849.996338,433.242493,44.899590,-849.980713,359.407776,40.095058,-837.323120,378.042847,40.462490,-837.363647,396.683441,40.799942,-837.441528,415.098511,42.144722,-837.485962,433.057098,45.534145,-837.426025,
		359.635773,39.962574,-824.824341,378.208618,40.333328,-824.872864,396.736237,40.878880,-824.931641,414.962341,42.646839,-824.940002,432.630585,46.684830,-824.837097,359.890106,39.931679,-812.326416,378.382294,40.355827,-812.388489,396.741425,41.237995,-812.423401,414.682709,43.596199,-812.393860,431.921326,48.448456,-812.262756,
		360.132507,39.865238,-799.830872,378.539368,40.510086,-799.921570,396.688049,41.928146,-799.939148,414.247742,45.078907,-799.882874,430.887695,50.921848,-799.751770
	],

	"normals" : [
		0.036416,-0.998403,-0.043191,0.004128,-0.999495,-0.031522,0.024459,-0.999499,-0.020088,0.098227,-0.995163,-0.001317,0.225326,-0.973718,0.033204,0.039209,-0.999052,-0.018938,0.009547,-0.999809,-0.017058,0.035953,-0.999346,-0.003743,0.119499,-0.992520,0.024978,0.258989,-0.963098,0.073258,
		0.034147,-0.999402,-0.005381,0.015234,-0.999875,-0.004216,0.053278,-0.998441,0.016669,0.149573,-0.987025,0.058394,0.300625,-0.945950,0.121667,0.028926,-0.999578,-0.002654,0.026184,-0.999633,0.006991,0.079409,-0.995987,0.041269,0.189854,-0.976805,0.099028,0.350486,-0.919466,0.178161,
		0.031280,-0.999451,-0.010953,0.047528,-0.998732,0.016584,0.117435,-0.990599,0.070162,0.241697,-0.959206,0.146648,0.408698,-0.880091,0.241672
	],

	"faces": [
		32 ,0,1,5 ,0,1,5,
		32 ,5,1,6 ,5,1,6,
		32 ,5,6,10 ,5,6,10,
		32 ,10,6,11 ,10,6,11,
		32 ,10,11,15 ,10,11,15,
		32 ,15,11,16 ,15,11,16,
		32 ,15,16,20 ,15,16,20,
		32 ,20,16,21 ,20,16,21,
		32 ,1,2,6 ,1,2,6,
		32 ,6,2,7 ,6,2,7,
		32 ,6,7,11 ,6,7,11,
		32 ,11,7,12 ,11,7,12,
		32 ,11,12,16 ,11,12,16,
		32 ,16,12,17 ,16,12,17,
		32 ,16,17,21 ,16,17,21,
		32 ,21,17,22 ,21,17,22,
		32 ,2,3,7 ,2,3,7,
		32 ,7,3,8 ,7,3,8,
		32 ,7,8,12 ,7,8,12,
		32 ,12,8,13 ,12,8,13,
		32 ,12,13,17 ,12,13,17,
		32 ,17,13,18 ,17,13,18,
		32 ,17,18,22 ,17,18,22,
		32 ,22,18,23 ,22,18,23,
		32 ,3,4,8 ,3,4,8,
		32 ,8,4,9 ,8,4,9,
		32 ,8,9,13 ,8,9,13,
		32 ,13,9,14 ,13,9,14,
		32 ,13,14,18 ,13,14,18,
		32 ,18,14,19 ,18,14,19,
		32 ,18,19,23 ,18,19,23,
		32 ,23,19,24 ,23,19,24
	]

}
