{
	"metadata" : {
		"formatVersion" : 3,
		"description" : "Exported from LibZinc."
	},

	"vertices" : [
		387.682007,261.036499,-850.000000,374.742157,264.565674,-849.925842,362.326111,268.196716,-849.941650,350.105591,272.090729,-849.986572,337.752289,276.408813,-850.000000,386.427368,258.714722,-837.440552,374.296906,263.071991,-837.283264,362.737915,267.873444,-837.220520,351.284729,273.107819,-837.239746,339.471588,278.763947,-837.328369,
		386.028412,257.478210,-824.869141,374.718872,262.937927,-824.686035,364.015991,269.055511,-824.612732,353.280914,275.656769,-824.665039,341.874603,282.567596,-824.859009,386.770142,257.618927,-812.363220,376.252350,264.258911,-812.201538,366.192352,271.506683,-812.129883,355.878113,279.159668,-812.199097,344.597595,287.015320,-812.460083,
		388.937500,259.428802,-800.000000,379.141632,267.130341,-799.897217,369.298981,274.990692,-799.783691,358.860413,283.038605,-799.778320,347.276794,291.302795,-800.000000
	],

	"normals" : [
		0.251367,0.937915,0.239018,0.266911,0.947270,0.177306,0.290045,0.953105,0.086401,0.316341,0.948401,-0.021513,0.340348,0.930939,-0.132346,0.310660,0.937331,0.157800,0.362586,0.929846,0.062587,0.401330,0.913938,-0.060427,0.419697,0.888433,-0.185856,0.418158,0.860482,-0.291058,
		0.394563,0.918009,0.039736,0.468822,0.880061,-0.075492,0.505789,0.840616,-0.193755,0.504920,0.810652,-0.296478,0.475303,0.796465,-0.373806,0.490537,0.863159,-0.119706,0.548537,0.803657,-0.230744,0.567827,0.764298,-0.305650,0.554204,0.752759,-0.355263,0.513997,0.763316,-0.391351,
		0.577488,0.755671,-0.308982,0.572077,0.722055,-0.389056,0.567696,0.721599,-0.396252,0.557436,0.742729,-0.370970,0.533635,0.769923,-0.349931
	],

	"faces": [
		32 ,0,1,5 ,0,1,5,
		32 ,5,1,6 ,5,1,6,
		32 ,5,6,10 ,5,6,10,
		32 ,10,6,11 ,10,6,11,
		32 ,10,11,15 ,10,11,15,
		32 ,15,11,16 ,15,11,16,
		32 ,15,16,20 ,15,16,20,
		32 ,20,16,21 ,20,16,21,
		32 ,1,2,6 ,1,2,6,
		32 ,6,2,7 ,6,2,7,
		32 ,6,7,11 ,6,7,11,
		32 ,11,7,12 ,11,7,12,
		32 ,11,12,16 ,11,12,16,
		32 ,16,12,17 ,16,12,17,
		32 ,16,17,21 ,16,17,21,
		32 ,21,17,22 ,21,17,22,
		32 ,2,3,7 ,2,3,7,
		32 ,7,3,8 ,7,3,8,
		32 ,7,8,12 ,7,8,12,
		32 ,12,8,13 ,12,8,13,
		32 ,12,13,17 ,12,13,17,
		32 ,17,13,18 ,17,13,18,
		32 ,17,18,22 ,17,18,22,
		32 ,22,18,23 ,22,18,23,
		32 ,3,4,8 ,3,4,8,
		32 ,8,4,9 ,8,4,9,
		32 ,8,9,13 ,8,9,13,
		32 ,13,9,14 ,13,9,14,
		32 ,13,14,18 ,13,14,18,
		32 ,18,14,19 ,18,14,19,
		32 ,18,19,23 ,18,19,23,
		32 ,23,19,24 ,23,19,24
	]

}
