{
	"metadata" : {
		"formatVersion" : 3,
		"description" : "Exported from LibZinc."
	},

	"vertices" : [
		216.664902,301.409393,-800.000000,203.693176,293.454529,-799.686584,192.374435,284.786835,-799.620300,181.954147,275.719910,-799.743896,171.677795,266.567413,-800.000000,213.777222,306.287720,-787.693176,200.559555,297.625732,-787.309937,189.148773,288.189301,-787.201721,178.773544,278.403076,-787.309875,168.662521,268.691772,-787.575806,
		211.165771,310.400909,-775.219055,197.595688,301.369202,-774.856995,185.989502,291.396149,-774.747070,175.602600,281.007355,-774.834229,165.690338,270.728455,-775.063416,208.878448,313.720184,-762.635498,194.890625,304.561310,-762.353638,183.028275,294.262665,-762.279663,172.597549,283.413818,-762.354614,162.904572,272.604492,-762.519348,
		206.963104,316.216797,-750.000000,192.533417,307.078552,-749.825745,180.396774,296.644135,-749.822876,169.914658,285.503540,-749.908569,160.448502,274.246887,-750.000000
	],

	"normals" : [
		-0.432816,0.784409,-0.444267,-0.527420,0.749337,-0.400402,-0.596358,0.719844,-0.355222,-0.630496,0.710293,-0.312985,-0.625714,0.728937,-0.277728,-0.464134,0.794510,-0.391578,-0.560152,0.738749,-0.374807,-0.626658,0.697060,-0.348434,-0.657884,0.683969,-0.315238,-0.650323,0.707755,-0.275975,
		-0.473198,0.814943,-0.334592,-0.577491,0.742535,-0.339332,-0.648457,0.686523,-0.328922,-0.683950,0.662856,-0.304688,-0.682383,0.681285,-0.264961,-0.468714,0.840330,-0.272311,-0.584448,0.756817,-0.292657,-0.664021,0.686637,-0.295982,-0.708108,0.647861,-0.280820,-0.718010,0.652043,-0.243520,
		-0.458137,0.865125,-0.204132,-0.584401,0.777270,-0.233080,-0.674458,0.695363,-0.248144,-0.729565,0.639461,-0.242536,-0.753556,0.622855,-0.210251
	],

	"faces": [
		32 ,0,1,5 ,0,1,5,
		32 ,5,1,6 ,5,1,6,
		32 ,5,6,10 ,5,6,10,
		32 ,10,6,11 ,10,6,11,
		32 ,10,11,15 ,10,11,15,
		32 ,15,11,16 ,15,11,16,
		32 ,15,16,20 ,15,16,20,
		32 ,20,16,21 ,20,16,21,
		32 ,1,2,6 ,1,2,6,
		32 ,6,2,7 ,6,2,7,
		32 ,6,7,11 ,6,7,11,
		32 ,11,7,12 ,11,7,12,
		32 ,11,12,16 ,11,12,16,
		32 ,16,12,17 ,16,12,17,
		32 ,16,17,21 ,16,17,21,
		32 ,21,17,22 ,21,17,22,
		32 ,2,3,7 ,2,3,7,
		32 ,7,3,8 ,7,3,8,
		32 ,7,8,12 ,7,8,12,
		32 ,12,8,13 ,12,8,13,
		32 ,12,13,17 ,12,13,17,
		32 ,17,13,18 ,17,13,18,
		32 ,17,18,22 ,17,18,22,
		32 ,22,18,23 ,22,18,23,
		32 ,3,4,8 ,3,4,8,
		32 ,8,4,9 ,8,4,9,
		32 ,8,9,13 ,8,9,13,
		32 ,13,9,14 ,13,9,14,
		32 ,13,14,18 ,13,14,18,
		32 ,18,14,19 ,18,14,19,
		32 ,18,19,23 ,18,19,23,
		32 ,23,19,24 ,23,19,24
	]

}
