{
	"metadata" : {
		"formatVersion" : 3,
		"description" : "Exported from LibZinc."
	},

	"vertices" : [
		347.276794,291.302795,-800.000000,333.839203,299.379700,-800.258301,318.603973,306.341248,-800.313904,302.170044,311.429565,-800.212585,285.136292,313.886810,-800.000000,350.027618,295.456238,-787.457153,336.063843,303.811615,-787.767273,320.227905,311.138397,-788.008118,303.115631,316.547485,-788.115601,285.322784,319.149750,-788.025757,
		353.029694,299.810150,-774.920288,338.461090,307.999268,-775.223206,321.849487,314.825134,-775.485718,303.928528,319.668579,-775.634155,285.431885,321.910614,-775.594666,356.015839,304.022552,-762.423340,340.810730,311.785400,-762.676453,323.359222,317.605347,-762.849548,304.597198,321.370026,-762.920166,285.460663,322.967072,-762.866150,
		358.718689,307.751587,-750.000000,342.892548,315.012665,-750.177612,324.647705,319.682953,-750.202209,305.110199,322.228851,-750.125732,285.406189,323.116791,-750.000000
	],

	"normals" : [
		0.533635,0.769923,-0.349931,0.437954,0.819731,-0.369105,0.326131,0.846899,-0.420000,0.194333,0.858991,-0.473675,0.037430,0.864170,-0.501806,0.519838,0.763421,-0.383348,0.442879,0.818347,-0.366287,0.347203,0.873408,-0.341481,0.218746,0.922805,-0.317144,0.044374,0.952106,-0.302532,
		0.508785,0.767721,-0.389541,0.413917,0.841038,-0.348322,0.314131,0.909988,-0.270636,0.192254,0.963177,-0.187960,0.038034,0.989479,-0.139584,0.501762,0.782324,-0.369058,0.366167,0.876368,-0.312890,0.250558,0.945718,-0.206974,0.139301,0.985413,-0.097754,0.024761,0.999023,-0.036602,
		0.498941,0.805674,-0.319292,0.313648,0.913398,-0.259478,0.179499,0.971568,-0.154386,0.082074,0.995279,-0.051809,0.011067,0.999934,0.003010
	],

	"faces": [
		32 ,0,1,5 ,0,1,5,
		32 ,5,1,6 ,5,1,6,
		32 ,5,6,10 ,5,6,10,
		32 ,10,6,11 ,10,6,11,
		32 ,10,11,15 ,10,11,15,
		32 ,15,11,16 ,15,11,16,
		32 ,15,16,20 ,15,16,20,
		32 ,20,16,21 ,20,16,21,
		32 ,1,2,6 ,1,2,6,
		32 ,6,2,7 ,6,2,7,
		32 ,6,7,11 ,6,7,11,
		32 ,11,7,12 ,11,7,12,
		32 ,11,12,16 ,11,12,16,
		32 ,16,12,17 ,16,12,17,
		32 ,16,17,21 ,16,17,21,
		32 ,21,17,22 ,21,17,22,
		32 ,2,3,7 ,2,3,7,
		32 ,7,3,8 ,7,3,8,
		32 ,7,8,12 ,7,8,12,
		32 ,12,8,13 ,12,8,13,
		32 ,12,13,17 ,12,13,17,
		32 ,17,13,18 ,17,13,18,
		32 ,17,18,22 ,17,18,22,
		32 ,22,18,23 ,22,18,23,
		32 ,3,4,8 ,3,4,8,
		32 ,8,4,9 ,8,4,9,
		32 ,8,9,13 ,8,9,13,
		32 ,13,9,14 ,13,9,14,
		32 ,13,14,18 ,13,14,18,
		32 ,18,14,19 ,18,14,19,
		32 ,18,19,23 ,18,19,23,
		32 ,23,19,24 ,23,19,24
	]

}
