{
	"metadata" : {
		"formatVersion" : 3,
		"description" : "Exported from LibZinc."
	}, "materials": [ { "DbgColor": 15658734, "DbgIndex": 0, "DbgName": "my_material", "colorDiffuse": [ 0.9, 0.7, 0.5 ], "colorSpecular": [ 0.2, 0.2, 0.3 ], "shading": "Phong", "specularCoef": 20, "opacity": 1, "vertexColors": true } ], 

	"vertices" : [
		128.819794,232.799393,-750.000000,120.738770,220.018295,-750.042908,112.822578,206.179794,-750.099548,105.779221,191.187088,-750.142822,100.316704,174.943405,-750.145630,128.926453,233.131302,-737.466187,121.838814,220.140945,-737.566650,114.576599,206.308762,-737.633667,107.747864,191.496857,-737.628540,101.960655,175.567383,-737.512695,
		128.799255,233.611969,-724.941589,122.814499,220.395935,-725.099365,116.762840,206.403442,-725.204651,110.770119,191.593887,-725.183228,104.962196,175.926666,-724.961121,128.234207,234.248215,-712.446167,123.198479,220.881592,-712.643738,118.552368,206.694962,-712.780518,113.815300,191.790161,-712.758484,108.506668,176.269028,-712.479553,
		127.027298,235.046799,-700.000000,122.523392,221.696228,-700.202576,119.116287,207.414413,-700.329529,115.852722,192.397675,-700.305908,111.779404,176.842300,-700.056702
	],

	"normals" : [
		-0.840238,0.542218,-0.000808,-0.851805,0.519814,0.064976,-0.881674,0.464903,0.080720,-0.923864,0.377135,0.065142,-0.966594,0.253757,0.036092,-0.880202,0.474402,-0.013670,-0.876557,0.475907,0.071837,-0.884887,0.441890,0.147338,-0.905877,0.378967,0.189132,-0.941137,0.290164,0.173398,
		-0.907460,0.418109,-0.041257,-0.913202,0.405123,0.044020,-0.911629,0.382160,0.151280,-0.906263,0.353969,0.231071,-0.913817,0.327024,0.240820,-0.919131,0.384702,-0.084867,-0.944967,0.326442,-0.021755,-0.949676,0.300277,0.089162,-0.932409,0.304323,0.194940,-0.908180,0.337759,0.247243,
		-0.911795,0.384377,-0.144513,-0.956304,0.263781,-0.126106,-0.976462,0.211444,-0.042581,-0.971775,0.223252,0.076237,-0.936300,0.289812,0.198370
	],

	"faces": [
		32 ,0,1,5 ,0,1,5,
		32 ,5,1,6 ,5,1,6,
		32 ,5,6,10 ,5,6,10,
		32 ,10,6,11 ,10,6,11,
		32 ,10,11,15 ,10,11,15,
		32 ,15,11,16 ,15,11,16,
		32 ,15,16,20 ,15,16,20,
		32 ,20,16,21 ,20,16,21,
		32 ,1,2,6 ,1,2,6,
		32 ,6,2,7 ,6,2,7,
		32 ,6,7,11 ,6,7,11,
		32 ,11,7,12 ,11,7,12,
		32 ,11,12,16 ,11,12,16,
		32 ,16,12,17 ,16,12,17,
		32 ,16,17,21 ,16,17,21,
		32 ,21,17,22 ,21,17,22,
		32 ,2,3,7 ,2,3,7,
		32 ,7,3,8 ,7,3,8,
		32 ,7,8,12 ,7,8,12,
		32 ,12,8,13 ,12,8,13,
		32 ,12,13,17 ,12,13,17,
		32 ,17,13,18 ,17,13,18,
		32 ,17,18,22 ,17,18,22,
		32 ,22,18,23 ,22,18,23,
		32 ,3,4,8 ,3,4,8,
		32 ,8,4,9 ,8,4,9,
		32 ,8,9,13 ,8,9,13,
		32 ,13,9,14 ,13,9,14,
		32 ,13,14,18 ,13,14,18,
		32 ,18,14,19 ,18,14,19,
		32 ,18,19,23 ,18,19,23,
		32 ,23,19,24 ,23,19,24
	]

}
