{
	"metadata" : {
		"formatVersion" : 3,
		"description" : "Exported from LibZinc."
	},

	"vertices" : [
		213.112595,40.511829,-749.833130,230.285706,44.446087,-749.770142,247.835159,49.785740,-749.847534,265.825195,54.433384,-749.959351,284.320007,56.291611,-750.000000,212.711578,42.381523,-737.458313,229.833237,47.193958,-737.527405,247.380966,53.497013,-737.737183,265.428101,58.815910,-737.946533,284.048035,60.675854,-738.014221,
		212.467438,43.817535,-725.065979,229.578842,48.787037,-725.137817,247.142105,55.346287,-725.291382,265.221985,60.838463,-725.439819,283.883179,62.606735,-725.496399,212.373474,44.738556,-712.642090,229.504150,49.272549,-712.664734,247.098038,55.560444,-712.684082,265.200409,60.901672,-712.704529,283.856476,62.595669,-712.730347,
		212.423004,45.063271,-700.172485,229.590775,48.697708,-700.171387,247.228195,54.366360,-700.089478,265.356995,59.406166,-700.005981,283.998901,61.154072,-700.000000
	],

	"normals" : [
		0.143568,-0.975285,0.167952,0.266547,-0.926120,0.266935,0.270203,-0.890366,0.366387,0.176474,-0.881704,0.437556,-0.011959,-0.895450,0.445001,0.185939,-0.973131,0.135803,0.322410,-0.930758,0.172457,0.325112,-0.921071,0.214311,0.208901,-0.946412,0.246303,-0.036213,-0.969706,0.241575,
		0.190076,-0.977020,0.096455,0.336653,-0.938040,0.082133,0.340966,-0.936842,0.077909,0.216405,-0.973267,0.076937,-0.051490,-0.996337,0.068268,0.160737,-0.985695,0.050682,0.319958,-0.947422,-0.004215,0.331002,-0.942756,-0.040613,0.210638,-0.975660,-0.060990,-0.054261,-0.996538,-0.062983,
		0.101571,-0.994828,-0.001011,0.280237,-0.955976,-0.087042,0.306033,-0.941362,-0.142064,0.201974,-0.964876,-0.167991,-0.041509,-0.987102,-0.154615
	],

	"faces": [
		32 ,0,1,5 ,0,1,5,
		32 ,5,1,6 ,5,1,6,
		32 ,5,6,10 ,5,6,10,
		32 ,10,6,11 ,10,6,11,
		32 ,10,11,15 ,10,11,15,
		32 ,15,11,16 ,15,11,16,
		32 ,15,16,20 ,15,16,20,
		32 ,20,16,21 ,20,16,21,
		32 ,1,2,6 ,1,2,6,
		32 ,6,2,7 ,6,2,7,
		32 ,6,7,11 ,6,7,11,
		32 ,11,7,12 ,11,7,12,
		32 ,11,12,16 ,11,12,16,
		32 ,16,12,17 ,16,12,17,
		32 ,16,17,21 ,16,17,21,
		32 ,21,17,22 ,21,17,22,
		32 ,2,3,7 ,2,3,7,
		32 ,7,3,8 ,7,3,8,
		32 ,7,8,12 ,7,8,12,
		32 ,12,8,13 ,12,8,13,
		32 ,12,13,17 ,12,13,17,
		32 ,17,13,18 ,17,13,18,
		32 ,17,18,22 ,17,18,22,
		32 ,22,18,23 ,22,18,23,
		32 ,3,4,8 ,3,4,8,
		32 ,8,4,9 ,8,4,9,
		32 ,8,9,13 ,8,9,13,
		32 ,13,9,14 ,13,9,14,
		32 ,13,14,18 ,13,14,18,
		32 ,18,14,19 ,18,14,19,
		32 ,18,19,23 ,18,19,23,
		32 ,23,19,24 ,23,19,24
	]

}
