{
	"metadata" : {
		"formatVersion" : 3,
		"description" : "Exported from LibZinc."
	}, "materials": [ { "DbgColor": 15658734, "DbgIndex": 0, "DbgName": "my_material", "colorDiffuse": [ 0.9, 0.7, 0.5 ], "colorSpecular": [ 0.2, 0.2, 0.3 ], "shading": "Phong", "specularCoef": 20, "opacity": 1, "vertexColors": true } ], 

	"vertices" : [
		360.282104,44.710220,-750.202271,378.316895,45.643627,-750.164795,395.501373,49.136631,-750.032166,411.419495,55.325706,-749.878906,425.655396,64.347343,-749.779785,360.140350,46.742641,-737.815125,378.132935,47.751842,-737.741089,395.202362,51.519279,-737.619446,410.920135,58.079304,-737.498413,424.857788,67.466270,-737.426270,
		360.078247,47.851028,-725.263977,378.146271,49.172321,-725.191406,395.245819,53.352196,-725.116943,410.923462,60.321007,-725.053345,424.725769,70.009102,-725.013489,360.149689,48.315765,-712.641846,378.351746,50.076477,-712.574463,395.569061,54.723297,-712.545166,411.312988,62.110886,-712.533325,425.094879,72.093918,-712.518555,
		360.408508,48.417240,-700.041809,378.744171,50.635735,-699.948853,396.109436,55.720482,-699.924561,411.972229,63.508995,-699.928101,425.800507,73.838783,-699.918579
	],

	"normals" : [
		-0.015675,-0.978410,0.206079,0.119377,-0.972402,0.200459,0.270086,-0.938583,0.214744,0.432729,-0.868783,0.240752,0.596909,-0.755993,0.268654,-0.019654,-0.992464,0.120949,0.132053,-0.981695,0.137251,0.293891,-0.942177,0.161029,0.462673,-0.867559,0.182413,0.629848,-0.752332,0.193100,
		-0.007333,-0.998254,0.058602,0.153582,-0.984275,0.087269,0.318747,-0.940938,0.114176,0.485990,-0.864170,0.130475,0.649403,-0.749174,0.130435,0.014430,-0.999724,0.018537,0.178172,-0.982704,0.050475,0.341655,-0.936831,0.074964,0.504110,-0.859293,0.086536,0.661953,-0.744963,0.082748,
		0.039191,-0.999232,-0.000098,0.200739,-0.979279,0.026768,0.360547,-0.931704,0.043974,0.519095,-0.853168,0.051435,0.673704,-0.737279,0.050422
	],

	"faces": [
		32 ,0,1,5 ,0,1,5,
		32 ,5,1,6 ,5,1,6,
		32 ,5,6,10 ,5,6,10,
		32 ,10,6,11 ,10,6,11,
		32 ,10,11,15 ,10,11,15,
		32 ,15,11,16 ,15,11,16,
		32 ,15,16,20 ,15,16,20,
		32 ,20,16,21 ,20,16,21,
		32 ,1,2,6 ,1,2,6,
		32 ,6,2,7 ,6,2,7,
		32 ,6,7,11 ,6,7,11,
		32 ,11,7,12 ,11,7,12,
		32 ,11,12,16 ,11,12,16,
		32 ,16,12,17 ,16,12,17,
		32 ,16,17,21 ,16,17,21,
		32 ,21,17,22 ,21,17,22,
		32 ,2,3,7 ,2,3,7,
		32 ,7,3,8 ,7,3,8,
		32 ,7,8,12 ,7,8,12,
		32 ,12,8,13 ,12,8,13,
		32 ,12,13,17 ,12,13,17,
		32 ,17,13,18 ,17,13,18,
		32 ,17,18,22 ,17,18,22,
		32 ,22,18,23 ,22,18,23,
		32 ,3,4,8 ,3,4,8,
		32 ,8,4,9 ,8,4,9,
		32 ,8,9,13 ,8,9,13,
		32 ,13,9,14 ,13,9,14,
		32 ,13,14,18 ,13,14,18,
		32 ,18,14,19 ,18,14,19,
		32 ,18,19,23 ,18,19,23,
		32 ,23,19,24 ,23,19,24
	]

}
