{
	"metadata" : {
		"formatVersion" : 3,
		"description" : "Exported from LibZinc."
	},

	"vertices" : [
		401.519409,269.447510,-749.967224,393.279327,279.742889,-749.957397,383.486237,289.527008,-749.879883,372.009521,298.847412,-749.854187,358.718689,307.751587,-750.000000,403.590637,270.520905,-737.412292,395.480377,281.239166,-737.425720,385.776581,291.542664,-737.406433,374.258118,301.315918,-737.433228,360.703766,310.443329,-737.584595,
		405.268005,271.190552,-724.932251,397.052521,282.033173,-724.938660,387.257080,292.585785,-724.934570,375.610168,302.631073,-724.971497,361.840332,311.951843,-725.100830,406.561981,271.542816,-712.477905,398.081909,282.305695,-712.464600,388.077820,292.893494,-712.451294,376.254578,303.057098,-712.473450,362.317017,312.547302,-712.566650,
		407.483093,271.664093,-700.000000,398.654663,282.237427,-699.971802,388.388977,292.703064,-699.943604,376.380188,302.858185,-699.943604,362.322388,312.499908,-700.000000
	],

	"normals" : [
		0.798902,0.566343,-0.202513,0.721183,0.648183,-0.244444,0.639246,0.712991,-0.288112,0.562883,0.762886,-0.318068,0.498941,0.805674,-0.319292,0.817178,0.553657,-0.160262,0.753625,0.635081,-0.169473,0.677062,0.712014,-0.186071,0.592424,0.780376,-0.200117,0.505543,0.839163,-0.200579,
		0.817840,0.562829,-0.119840,0.763447,0.637372,-0.104431,0.692174,0.714923,-0.098891,0.606223,0.789082,-0.099216,0.510031,0.854282,-0.100353,0.806516,0.585492,-0.082039,0.757957,0.650266,-0.051539,0.691757,0.721462,-0.031055,0.609556,0.792448,-0.021622,0.515122,0.856775,-0.024231,
		0.788436,0.613223,-0.048234,0.743281,0.668860,-0.012628,0.682148,0.731055,0.015243,0.607315,0.793886,0.030217,0.522716,0.852115,0.025847
	],

	"faces": [
		32 ,0,1,5 ,0,1,5,
		32 ,5,1,6 ,5,1,6,
		32 ,5,6,10 ,5,6,10,
		32 ,10,6,11 ,10,6,11,
		32 ,10,11,15 ,10,11,15,
		32 ,15,11,16 ,15,11,16,
		32 ,15,16,20 ,15,16,20,
		32 ,20,16,21 ,20,16,21,
		32 ,1,2,6 ,1,2,6,
		32 ,6,2,7 ,6,2,7,
		32 ,6,7,11 ,6,7,11,
		32 ,11,7,12 ,11,7,12,
		32 ,11,12,16 ,11,12,16,
		32 ,16,12,17 ,16,12,17,
		32 ,16,17,21 ,16,17,21,
		32 ,21,17,22 ,21,17,22,
		32 ,2,3,7 ,2,3,7,
		32 ,7,3,8 ,7,3,8,
		32 ,7,8,12 ,7,8,12,
		32 ,12,8,13 ,12,8,13,
		32 ,12,13,17 ,12,13,17,
		32 ,17,13,18 ,17,13,18,
		32 ,17,18,22 ,17,18,22,
		32 ,22,18,23 ,22,18,23,
		32 ,3,4,8 ,3,4,8,
		32 ,8,4,9 ,8,4,9,
		32 ,8,9,13 ,8,9,13,
		32 ,13,9,14 ,13,9,14,
		32 ,13,14,18 ,13,14,18,
		32 ,18,14,19 ,18,14,19,
		32 ,18,19,23 ,18,19,23,
		32 ,23,19,24 ,23,19,24
	]

}
