{
	"metadata" : {
		"formatVersion" : 3,
		"description" : "Exported from LibZinc."
	},

	"vertices" : [
		358.718689,307.751587,-750.000000,342.892548,315.012665,-750.177612,324.647705,319.682953,-750.202209,305.110199,322.228851,-750.125732,285.406189,323.116791,-750.000000,360.703766,310.443329,-737.584595,344.397186,317.545868,-737.701538,325.582245,321.793854,-737.632263,305.478149,323.895660,-737.466614,285.304077,324.559601,-737.294373,
		361.840332,311.951843,-725.100830,345.252106,319.380798,-725.189819,326.140106,324.212524,-725.123108,305.717987,326.922638,-724.978455,285.199432,327.986694,-724.833557,362.317017,312.547302,-712.566650,345.592346,320.556702,-712.642761,326.376465,326.450714,-712.619873,305.827545,330.239471,-712.542725,285.103607,331.933105,-712.455933,
		362.322388,312.499908,-700.000000,345.552856,321.112976,-700.060669,326.346619,328.020203,-700.067749,305.804688,332.775757,-700.041016,285.028015,334.933807,-700.000000
	],

	"normals" : [
		0.498941,0.805674,-0.319292,0.313648,0.913398,-0.259478,0.179499,0.971568,-0.154386,0.082074,0.995279,-0.051809,0.011067,0.999934,0.003010,0.505543,0.839163,-0.200579,0.293190,0.936894,-0.190444,0.149554,0.970236,-0.190461,0.059039,0.978374,-0.198236,0.007412,0.977972,-0.208606,
		0.510031,0.854282,-0.100353,0.315233,0.940481,-0.126976,0.177316,0.965314,-0.191645,0.082146,0.962052,-0.260207,0.017102,0.953095,-0.302188,0.515122,0.856775,-0.024231,0.356622,0.931816,-0.067374,0.231146,0.960642,-0.154076,0.125555,0.962494,-0.240500,0.029366,0.957454,-0.287088,
		0.522716,0.852115,0.025847,0.395898,0.918201,-0.013120,0.281537,0.956359,-0.078196,0.165204,0.976588,-0.137782,0.033831,0.986510,-0.160165
	],

	"faces": [
		32 ,0,1,5 ,0,1,5,
		32 ,5,1,6 ,5,1,6,
		32 ,5,6,10 ,5,6,10,
		32 ,10,6,11 ,10,6,11,
		32 ,10,11,15 ,10,11,15,
		32 ,15,11,16 ,15,11,16,
		32 ,15,16,20 ,15,16,20,
		32 ,20,16,21 ,20,16,21,
		32 ,1,2,6 ,1,2,6,
		32 ,6,2,7 ,6,2,7,
		32 ,6,7,11 ,6,7,11,
		32 ,11,7,12 ,11,7,12,
		32 ,11,12,16 ,11,12,16,
		32 ,16,12,17 ,16,12,17,
		32 ,16,17,21 ,16,17,21,
		32 ,21,17,22 ,21,17,22,
		32 ,2,3,7 ,2,3,7,
		32 ,7,3,8 ,7,3,8,
		32 ,7,8,12 ,7,8,12,
		32 ,12,8,13 ,12,8,13,
		32 ,12,13,17 ,12,13,17,
		32 ,17,13,18 ,17,13,18,
		32 ,17,18,22 ,17,18,22,
		32 ,22,18,23 ,22,18,23,
		32 ,3,4,8 ,3,4,8,
		32 ,8,4,9 ,8,4,9,
		32 ,8,9,13 ,8,9,13,
		32 ,13,9,14 ,13,9,14,
		32 ,13,14,18 ,13,14,18,
		32 ,18,14,19 ,18,14,19,
		32 ,18,19,23 ,18,19,23,
		32 ,23,19,24 ,23,19,24
	]

}
