{
	"metadata" : {
		"formatVersion" : 3,
		"description" : "Exported from LibZinc."
	},

	"vertices" : [
		285.028015,334.933807,-700.000000,263.975403,334.276062,-699.984192,242.713562,331.049622,-699.999451,222.505142,325.506683,-700.014954,204.612793,317.899414,-700.000000,285.005951,336.570953,-687.486633,263.951141,335.589844,-687.477722,242.722855,331.765259,-687.484741,222.547394,325.597504,-687.489136,204.651031,317.586761,-687.472290,
		285.033386,337.521118,-675.013245,263.900757,336.352295,-675.001587,242.615128,332.225769,-674.988281,222.391907,325.765778,-674.972778,204.446457,317.596710,-674.954468,285.065369,337.960785,-662.533264,263.787811,336.738953,-662.522949,242.358582,332.583801,-662.498901,222.005875,326.126068,-662.473572,203.957901,317.996429,-662.459473,
		285.057098,338.066498,-650.000000,263.575928,336.925262,-650.008789,241.921402,332.992188,-650.005188,221.356522,326.792938,-649.999023,203.144196,318.853210,-650.000000
	],

	"normals" : [
		0.033831,0.986510,-0.160165,-0.091645,0.987272,-0.129984,-0.206223,0.976089,-0.068724,-0.324912,0.945738,-0.003440,-0.464048,0.885024,0.037300,0.029264,0.994484,-0.100721,-0.115309,0.990080,-0.080289,-0.235846,0.970771,-0.044508,-0.349294,0.936963,-0.009692,-0.472509,0.881284,0.008559,
		0.025020,0.998262,-0.053354,-0.127368,0.990875,-0.044097,-0.249287,0.967858,-0.033269,-0.358901,0.933016,-0.025899,-0.473292,0.880508,-0.026484,0.021878,0.999571,-0.019489,-0.128499,0.991465,-0.022026,-0.248373,0.968049,-0.034521,-0.355842,0.933124,-0.051543,-0.467968,0.881147,-0.067728,
		0.020493,0.999790,0.000263,-0.119644,0.992717,-0.014054,-0.234711,0.970893,-0.047731,-0.341759,0.935827,-0.086192,-0.458039,0.881467,-0.114963
	],

	"faces": [
		32 ,0,1,5 ,0,1,5,
		32 ,5,1,6 ,5,1,6,
		32 ,5,6,10 ,5,6,10,
		32 ,10,6,11 ,10,6,11,
		32 ,10,11,15 ,10,11,15,
		32 ,15,11,16 ,15,11,16,
		32 ,15,16,20 ,15,16,20,
		32 ,20,16,21 ,20,16,21,
		32 ,1,2,6 ,1,2,6,
		32 ,6,2,7 ,6,2,7,
		32 ,6,7,11 ,6,7,11,
		32 ,11,7,12 ,11,7,12,
		32 ,11,12,16 ,11,12,16,
		32 ,16,12,17 ,16,12,17,
		32 ,16,17,21 ,16,17,21,
		32 ,21,17,22 ,21,17,22,
		32 ,2,3,7 ,2,3,7,
		32 ,7,3,8 ,7,3,8,
		32 ,7,8,12 ,7,8,12,
		32 ,12,8,13 ,12,8,13,
		32 ,12,13,17 ,12,13,17,
		32 ,17,13,18 ,17,13,18,
		32 ,17,18,22 ,17,18,22,
		32 ,22,18,23 ,22,18,23,
		32 ,3,4,8 ,3,4,8,
		32 ,8,4,9 ,8,4,9,
		32 ,8,9,13 ,8,9,13,
		32 ,13,9,14 ,13,9,14,
		32 ,13,14,18 ,13,14,18,
		32 ,18,14,19 ,18,14,19,
		32 ,18,19,23 ,18,19,23,
		32 ,23,19,24 ,23,19,24
	]

}
