{
	"metadata" : {
		"formatVersion" : 3,
		"description" : "Exported from LibZinc."
	}, "materials": [ { "DbgColor": 15658734, "DbgIndex": 0, "DbgName": "my_material", "colorDiffuse": [ 0.9, 0.7, 0.5 ], "colorSpecular": [ 0.2, 0.2, 0.3 ], "shading": "Phong", "specularCoef": 20, "opacity": 1, "vertexColors": true } ], 

	"vertices" : [
		155.452393,277.063110,-700.000000,146.816406,266.682617,-699.933594,139.301361,256.936615,-699.869202,132.755569,246.749786,-699.870178,127.027298,235.046799,-700.000000,154.769104,277.351440,-687.481750,145.928650,267.089447,-687.422424,138.240646,257.416473,-687.381104,131.498856,247.320969,-687.408081,125.496994,235.791504,-687.553528,
		154.116913,277.666199,-674.987000,145.146774,267.438629,-674.931519,137.352325,257.747467,-674.892944,130.454498,247.669403,-674.919006,124.174316,236.281189,-675.057556,153.492615,278.027161,-662.498779,144.484238,267.748840,-662.445923,136.647659,257.980835,-662.404480,129.653931,247.865494,-662.418701,123.174103,236.545258,-662.532776,
		152.893005,278.454102,-650.000000,143.954453,268.038849,-649.950867,136.137955,258.167755,-649.915771,129.128525,247.979614,-649.922791,122.611198,236.613098,-650.000000
	],

	"normals" : [
		-0.765938,0.640368,-0.057158,-0.773183,0.629119,-0.079984,-0.809255,0.578786,-0.100559,-0.862913,0.490500,-0.121617,-0.911795,0.384377,-0.144513,-0.753125,0.655505,-0.055824,-0.764060,0.641292,-0.070405,-0.801588,0.592296,-0.081497,-0.854824,0.509681,-0.097478,-0.902937,0.411246,-0.124822,
		-0.744728,0.665028,-0.055843,-0.760645,0.646293,-0.061038,-0.798334,0.598787,-0.064158,-0.847944,0.524911,-0.073887,-0.892718,0.439985,-0.097300,-0.743333,0.666468,-0.057230,-0.762216,0.645241,-0.051870,-0.798662,0.599811,-0.048634,-0.844142,0.533665,-0.051244,-0.885581,0.460261,-0.062496,
		-0.751289,0.657254,-0.059845,-0.767917,0.639117,-0.042807,-0.801645,0.596783,-0.034859,-0.845256,0.533537,-0.029667,-0.886641,0.461986,-0.020897
	],

	"faces": [
		32 ,0,1,5 ,0,1,5,
		32 ,5,1,6 ,5,1,6,
		32 ,5,6,10 ,5,6,10,
		32 ,10,6,11 ,10,6,11,
		32 ,10,11,15 ,10,11,15,
		32 ,15,11,16 ,15,11,16,
		32 ,15,16,20 ,15,16,20,
		32 ,20,16,21 ,20,16,21,
		32 ,1,2,6 ,1,2,6,
		32 ,6,2,7 ,6,2,7,
		32 ,6,7,11 ,6,7,11,
		32 ,11,7,12 ,11,7,12,
		32 ,11,12,16 ,11,12,16,
		32 ,16,12,17 ,16,12,17,
		32 ,16,17,21 ,16,17,21,
		32 ,21,17,22 ,21,17,22,
		32 ,2,3,7 ,2,3,7,
		32 ,7,3,8 ,7,3,8,
		32 ,7,8,12 ,7,8,12,
		32 ,12,8,13 ,12,8,13,
		32 ,12,13,17 ,12,13,17,
		32 ,17,13,18 ,17,13,18,
		32 ,17,18,22 ,17,18,22,
		32 ,22,18,23 ,22,18,23,
		32 ,3,4,8 ,3,4,8,
		32 ,8,4,9 ,8,4,9,
		32 ,8,9,13 ,8,9,13,
		32 ,13,9,14 ,13,9,14,
		32 ,13,14,18 ,13,14,18,
		32 ,18,14,19 ,18,14,19,
		32 ,18,19,23 ,18,19,23,
		32 ,23,19,24 ,23,19,24
	]

}
