{
	"metadata" : {
		"formatVersion" : 3,
		"description" : "Exported from LibZinc."
	}, "materials": [ { "DbgColor": 15658734, "DbgIndex": 0, "DbgName": "my_material", "colorDiffuse": [ 0.9, 0.7, 0.5 ], "colorSpecular": [ 0.2, 0.2, 0.3 ], "shading": "Phong", "specularCoef": 20, "opacity": 1, "vertexColors": true } ], 

	"vertices" : [
		111.779404,176.842300,-700.056702,107.258644,160.091110,-699.774963,104.149536,142.078217,-699.683594,103.743965,123.886841,-699.752075,107.333801,106.600197,-699.950195,113.739525,177.692444,-687.597229,110.357445,160.905273,-687.375793,107.421837,142.981064,-687.257202,106.606636,124.933670,-687.254150,109.585777,107.777008,-687.379578,
		114.144051,178.568863,-675.055847,112.210915,161.796524,-674.896729,110.222504,143.989838,-674.817200,109.854095,126.124222,-674.814453,112.781006,109.175056,-674.885986,113.375183,179.274445,-662.496216,112.824272,162.578583,-662.395264,112.222275,144.951660,-662.382385,112.944115,127.349701,-662.421082,116.364731,110.728775,-662.475037,
		111.815102,179.612106,-649.981873,112.202713,163.065201,-649.928772,113.091888,145.713577,-649.971558,115.334450,128.501343,-650.062012,119.782204,112.372597,-650.152222
	],

	"normals" : [
		-0.936300,0.289812,0.198370,-0.937763,0.217991,0.270334,-0.960982,0.103777,0.256407,-0.976837,-0.076596,0.199805,-0.928523,-0.341455,0.145787,-0.979158,0.189141,0.074000,-0.965230,0.191102,0.178357,-0.966073,0.115443,0.231032,-0.967681,-0.044549,0.248213,-0.920774,-0.308432,0.238842,
		-0.996159,0.083923,-0.025003,-0.987889,0.127400,0.088567,-0.979166,0.079720,0.186758,-0.964382,-0.055403,0.258645,-0.911678,-0.291408,0.289698,-0.995225,0.003230,-0.097557,-0.998916,0.046453,-0.002871,-0.992927,0.009328,0.118362,-0.967299,-0.103873,0.231394,-0.904848,-0.300140,0.301937,
		-0.989080,-0.027361,-0.144817,-0.994731,-0.028850,-0.098375,-0.996484,-0.081446,0.019678,-0.969179,-0.185432,0.162192,-0.897187,-0.344083,0.276879
	],

	"faces": [
		32 ,0,1,5 ,0,1,5,
		32 ,5,1,6 ,5,1,6,
		32 ,5,6,10 ,5,6,10,
		32 ,10,6,11 ,10,6,11,
		32 ,10,11,15 ,10,11,15,
		32 ,15,11,16 ,15,11,16,
		32 ,15,16,20 ,15,16,20,
		32 ,20,16,21 ,20,16,21,
		32 ,1,2,6 ,1,2,6,
		32 ,6,2,7 ,6,2,7,
		32 ,6,7,11 ,6,7,11,
		32 ,11,7,12 ,11,7,12,
		32 ,11,12,16 ,11,12,16,
		32 ,16,12,17 ,16,12,17,
		32 ,16,17,21 ,16,17,21,
		32 ,21,17,22 ,21,17,22,
		32 ,2,3,7 ,2,3,7,
		32 ,7,3,8 ,7,3,8,
		32 ,7,8,12 ,7,8,12,
		32 ,12,8,13 ,12,8,13,
		32 ,12,13,17 ,12,13,17,
		32 ,17,13,18 ,17,13,18,
		32 ,17,18,22 ,17,18,22,
		32 ,22,18,23 ,22,18,23,
		32 ,3,4,8 ,3,4,8,
		32 ,8,4,9 ,8,4,9,
		32 ,8,9,13 ,8,9,13,
		32 ,13,9,14 ,13,9,14,
		32 ,13,14,18 ,13,14,18,
		32 ,18,14,19 ,18,14,19,
		32 ,18,19,23 ,18,19,23,
		32 ,23,19,24 ,23,19,24
	]

}
