{
	"metadata" : {
		"formatVersion" : 3,
		"description" : "Exported from LibZinc."
	},

	"vertices" : [
		151.896698,56.232719,-700.144714,166.345596,49.865677,-700.206787,180.950150,45.963169,-700.187988,196.159561,44.403072,-700.154541,212.423004,45.063271,-700.172485,152.794556,58.003395,-687.591858,167.030212,51.552025,-687.667175,181.422302,47.367058,-687.653503,196.458710,45.236450,-687.631104,212.627274,44.948166,-687.680176,
		154.295227,59.892166,-675.062073,168.140610,53.161541,-675.135864,182.195480,48.538494,-675.131653,196.959366,45.772583,-675.124756,212.931854,44.613377,-675.190430,156.211502,61.907677,-662.584595,169.499603,54.714756,-662.634766,183.102676,49.495033,-662.629211,197.515167,46.022980,-662.628357,213.231537,44.073074,-662.692444,
		158.356201,64.058563,-650.188416,170.929977,56.232201,-650.185669,183.976898,50.254238,-650.153137,197.979706,45.999149,-650.134949,213.421097,43.341419,-650.175598
	],

	"normals" : [
		-0.460150,-0.876843,0.139318,-0.330250,-0.933482,0.139808,-0.178738,-0.976228,0.122601,-0.027429,-0.996521,0.078705,0.101571,-0.994828,-0.001011,-0.463040,-0.869466,0.172115,-0.344039,-0.927367,0.147061,-0.207637,-0.971951,0.110442,-0.075308,-0.995537,0.056877,0.033123,-0.999272,-0.018908,
		-0.480951,-0.853628,0.200014,-0.371834,-0.915613,0.152947,-0.245974,-0.964225,0.098824,-0.124564,-0.991538,0.036549,-0.026476,-0.999054,-0.034504,-0.512915,-0.828789,0.223668,-0.413784,-0.896682,0.157304,-0.294523,-0.951694,0.086801,-0.175619,-0.984323,0.016288,-0.076484,-0.995855,-0.049229,
		-0.557915,-0.793802,0.242095,-0.469751,-0.868435,0.158600,-0.353630,-0.932561,0.072635,-0.228432,-0.973544,-0.005475,-0.115773,-0.991202,-0.064156
	],

	"faces": [
		32 ,0,1,5 ,0,1,5,
		32 ,5,1,6 ,5,1,6,
		32 ,5,6,10 ,5,6,10,
		32 ,10,6,11 ,10,6,11,
		32 ,10,11,15 ,10,11,15,
		32 ,15,11,16 ,15,11,16,
		32 ,15,16,20 ,15,16,20,
		32 ,20,16,21 ,20,16,21,
		32 ,1,2,6 ,1,2,6,
		32 ,6,2,7 ,6,2,7,
		32 ,6,7,11 ,6,7,11,
		32 ,11,7,12 ,11,7,12,
		32 ,11,12,16 ,11,12,16,
		32 ,16,12,17 ,16,12,17,
		32 ,16,17,21 ,16,17,21,
		32 ,21,17,22 ,21,17,22,
		32 ,2,3,7 ,2,3,7,
		32 ,7,3,8 ,7,3,8,
		32 ,7,8,12 ,7,8,12,
		32 ,12,8,13 ,12,8,13,
		32 ,12,13,17 ,12,13,17,
		32 ,17,13,18 ,17,13,18,
		32 ,17,18,22 ,17,18,22,
		32 ,22,18,23 ,22,18,23,
		32 ,3,4,8 ,3,4,8,
		32 ,8,4,9 ,8,4,9,
		32 ,8,9,13 ,8,9,13,
		32 ,13,9,14 ,13,9,14,
		32 ,13,14,18 ,13,14,18,
		32 ,18,14,19 ,18,14,19,
		32 ,18,19,23 ,18,19,23,
		32 ,23,19,24 ,23,19,24
	]

}
