{
	"metadata" : {
		"formatVersion" : 3,
		"description" : "Exported from LibZinc."
	}, "materials": [ { "DbgColor": 15658734, "DbgIndex": 0, "DbgName": "my_material", "colorDiffuse": [ 0.9, 0.7, 0.5 ], "colorSpecular": [ 0.2, 0.2, 0.3 ], "shading": "Phong", "specularCoef": 20, "opacity": 1, "vertexColors": true } ], 

	"vertices" : [
		212.423004,45.063271,-700.172485,229.590775,48.697708,-700.171387,247.228195,54.366360,-700.089478,265.356995,59.406166,-700.005981,283.998901,61.154072,-700.000000,212.627274,44.948166,-687.680176,229.794189,47.501804,-687.696167,247.477051,52.345856,-687.592468,265.640808,56.941612,-687.476562,284.250458,58.750374,-687.455688,
		212.931854,44.613377,-675.190430,230.029205,46.150322,-675.222351,247.746048,50.083157,-675.133484,265.949463,54.076897,-675.028076,284.506531,55.796551,-675.010437,213.231537,44.073074,-662.692444,230.216568,44.729759,-662.731018,247.950089,47.808762,-662.670105,266.199249,51.181488,-662.595276,284.731201,52.719341,-662.592041,
		213.421097,43.341419,-650.175598,230.276947,43.326618,-650.202942,248.004044,45.753174,-650.159790,266.306519,48.624863,-650.112732,284.888489,49.945469,-650.128296
	],

	"normals" : [
		0.101571,-0.994828,-0.001011,0.280237,-0.955976,-0.087042,0.306033,-0.941362,-0.142064,0.201974,-0.964876,-0.167991,-0.041509,-0.987102,-0.154615,0.033123,-0.999272,-0.018908,0.229226,-0.967777,-0.104230,0.272777,-0.946675,-0.171460,0.189874,-0.958188,-0.214066,-0.023071,-0.976425,-0.214621,
		-0.026476,-0.999054,-0.034504,0.175590,-0.977968,-0.112905,0.232426,-0.955496,-0.181672,0.169973,-0.958054,-0.230743,-0.010949,-0.970471,-0.240970,-0.076484,-0.995855,-0.049229,0.126061,-0.985477,-0.113768,0.192615,-0.965948,-0.172756,0.147715,-0.964632,-0.218324,-0.005428,-0.972149,-0.234301,
		-0.115773,-0.991202,-0.064156,0.087983,-0.990301,-0.107527,0.161588,-0.976179,-0.144792,0.128440,-0.975897,-0.176431,-0.007060,-0.980901,-0.194381
	],

	"faces": [
		32 ,0,1,5 ,0,1,5,
		32 ,5,1,6 ,5,1,6,
		32 ,5,6,10 ,5,6,10,
		32 ,10,6,11 ,10,6,11,
		32 ,10,11,15 ,10,11,15,
		32 ,15,11,16 ,15,11,16,
		32 ,15,16,20 ,15,16,20,
		32 ,20,16,21 ,20,16,21,
		32 ,1,2,6 ,1,2,6,
		32 ,6,2,7 ,6,2,7,
		32 ,6,7,11 ,6,7,11,
		32 ,11,7,12 ,11,7,12,
		32 ,11,12,16 ,11,12,16,
		32 ,16,12,17 ,16,12,17,
		32 ,16,17,21 ,16,17,21,
		32 ,21,17,22 ,21,17,22,
		32 ,2,3,7 ,2,3,7,
		32 ,7,3,8 ,7,3,8,
		32 ,7,8,12 ,7,8,12,
		32 ,12,8,13 ,12,8,13,
		32 ,12,13,17 ,12,13,17,
		32 ,17,13,18 ,17,13,18,
		32 ,17,18,22 ,17,18,22,
		32 ,22,18,23 ,22,18,23,
		32 ,3,4,8 ,3,4,8,
		32 ,8,4,9 ,8,4,9,
		32 ,8,9,13 ,8,9,13,
		32 ,13,9,14 ,13,9,14,
		32 ,13,14,18 ,13,14,18,
		32 ,18,14,19 ,18,14,19,
		32 ,18,19,23 ,18,19,23,
		32 ,23,19,24 ,23,19,24
	]

}
