{
	"metadata" : {
		"formatVersion" : 3,
		"description" : "Exported from LibZinc."
	},

	"vertices" : [
		425.800507,73.838783,-699.918579,437.135010,86.370842,-699.920044,445.857147,100.447159,-699.964233,451.945831,115.426689,-700.022278,455.380005,130.668396,-700.065186,426.018768,75.940704,-687.292358,437.083801,88.842873,-687.289368,445.472046,103.139534,-687.317932,451.187714,118.170799,-687.366455,454.235077,133.276779,-687.423523,
		425.208954,78.779549,-674.756714,435.726440,92.013710,-674.762756,443.682709,106.396019,-674.770447,449.142090,121.308952,-674.786682,452.168884,136.134979,-674.818420,423.631439,81.997719,-662.346008,433.524597,95.489899,-662.356995,441.114807,109.824356,-662.323120,446.503174,124.475922,-662.277954,449.790863,138.919418,-662.254761,
		421.546509,85.237587,-650.094482,430.940063,98.877991,-650.088745,438.394043,113.032303,-649.977295,443.965240,127.306488,-649.835205,447.710510,141.306503,-649.737427
	],

	"normals" : [
		0.673704,-0.737279,0.050422,0.799944,-0.598286,0.046294,0.891383,-0.451100,0.044097,0.953251,-0.298310,0.048200,0.988573,-0.136830,0.063250,0.685594,-0.709918,0.161172,0.802313,-0.568996,0.180384,0.886943,-0.422807,0.185919,0.945523,-0.272252,0.178508,0.981144,-0.112123,0.157433,
		0.705030,-0.668957,0.235435,0.803738,-0.532946,0.264527,0.877119,-0.398036,0.268755,0.931839,-0.263029,0.249985,0.970782,-0.121412,0.206982,0.729212,-0.625477,0.277539,0.808191,-0.504005,0.304641,0.871789,-0.387919,0.299169,0.923955,-0.273534,0.267369,0.964963,-0.154733,0.211904,
		0.753823,-0.588994,0.291267,0.814990,-0.492677,0.305058,0.872563,-0.400102,0.280272,0.924191,-0.304649,0.230350,0.965240,-0.201036,0.167021
	],

	"faces": [
		32 ,0,1,5 ,0,1,5,
		32 ,5,1,6 ,5,1,6,
		32 ,5,6,10 ,5,6,10,
		32 ,10,6,11 ,10,6,11,
		32 ,10,11,15 ,10,11,15,
		32 ,15,11,16 ,15,11,16,
		32 ,15,16,20 ,15,16,20,
		32 ,20,16,21 ,20,16,21,
		32 ,1,2,6 ,1,2,6,
		32 ,6,2,7 ,6,2,7,
		32 ,6,7,11 ,6,7,11,
		32 ,11,7,12 ,11,7,12,
		32 ,11,12,16 ,11,12,16,
		32 ,16,12,17 ,16,12,17,
		32 ,16,17,21 ,16,17,21,
		32 ,21,17,22 ,21,17,22,
		32 ,2,3,7 ,2,3,7,
		32 ,7,3,8 ,7,3,8,
		32 ,7,8,12 ,7,8,12,
		32 ,12,8,13 ,12,8,13,
		32 ,12,13,17 ,12,13,17,
		32 ,17,13,18 ,17,13,18,
		32 ,17,18,22 ,17,18,22,
		32 ,22,18,23 ,22,18,23,
		32 ,3,4,8 ,3,4,8,
		32 ,8,4,9 ,8,4,9,
		32 ,8,9,13 ,8,9,13,
		32 ,13,9,14 ,13,9,14,
		32 ,13,14,18 ,13,14,18,
		32 ,18,14,19 ,18,14,19,
		32 ,18,19,23 ,18,19,23,
		32 ,23,19,24 ,23,19,24
	]

}
