{
	"metadata" : {
		"formatVersion" : 3,
		"description" : "Exported from LibZinc."
	}, "materials": [ { "DbgColor": 15658734, "DbgIndex": 0, "DbgName": "my_material", "colorDiffuse": [ 0.9, 0.7, 0.5 ], "colorSpecular": [ 0.2, 0.2, 0.3 ], "shading": "Phong", "specularCoef": 20, "opacity": 1, "vertexColors": true } ], 

	"vertices" : [
		446.303009,186.493607,-700.000000,442.489563,198.728210,-700.032593,438.977844,210.408447,-700.037720,435.324707,221.657394,-700.023987,431.087006,232.598206,-700.000000,446.389557,187.713852,-687.485962,443.575317,199.893143,-687.547424,440.702484,211.486145,-687.591431,437.326324,222.597443,-687.608154,433.002197,233.331665,-687.587891,
		447.214935,188.986191,-674.997864,444.920654,200.969849,-675.065674,442.209473,212.334991,-675.103210,438.764954,223.208221,-675.110901,434.270630,233.716202,-675.089172,448.169983,190.093857,-662.510803,446.084167,201.799774,-662.571106,443.294067,212.880432,-662.583862,439.641876,223.493744,-662.568848,434.969879,233.797638,-662.545837,
		448.645508,190.820099,-650.000000,446.624390,202.224396,-650.047302,443.751373,213.047943,-650.043884,439.958435,223.457993,-650.018555,435.177490,233.621796,-650.000000
	],

	"normals" : [
		0.950264,0.311317,0.008973,0.953953,0.286668,-0.088293,0.943539,0.289356,-0.161268,0.924832,0.323685,-0.199785,0.900365,0.389435,-0.194121,0.971498,0.227475,-0.066682,0.966860,0.225053,-0.120553,0.955328,0.256682,-0.146498,0.934398,0.323542,-0.149065,0.897727,0.420211,-0.132326,
		0.980249,0.173499,-0.094917,0.971720,0.203755,-0.119345,0.958266,0.260967,-0.116716,0.934153,0.342986,-0.098582,0.893677,0.442018,-0.077211,0.986481,0.145408,-0.075580,0.974904,0.206598,-0.082938,0.956724,0.282505,-0.069781,0.928517,0.368205,-0.047769,0.889314,0.456362,-0.029218,
		0.990632,0.136342,-0.007626,0.976665,0.214570,-0.009232,0.954144,0.299313,-0.004630,0.923043,0.384682,0.003275,0.885450,0.464589,0.011592
	],

	"faces": [
		32 ,0,1,5 ,0,1,5,
		32 ,5,1,6 ,5,1,6,
		32 ,5,6,10 ,5,6,10,
		32 ,10,6,11 ,10,6,11,
		32 ,10,11,15 ,10,11,15,
		32 ,15,11,16 ,15,11,16,
		32 ,15,16,20 ,15,16,20,
		32 ,20,16,21 ,20,16,21,
		32 ,1,2,6 ,1,2,6,
		32 ,6,2,7 ,6,2,7,
		32 ,6,7,11 ,6,7,11,
		32 ,11,7,12 ,11,7,12,
		32 ,11,12,16 ,11,12,16,
		32 ,16,12,17 ,16,12,17,
		32 ,16,17,21 ,16,17,21,
		32 ,21,17,22 ,21,17,22,
		32 ,2,3,7 ,2,3,7,
		32 ,7,3,8 ,7,3,8,
		32 ,7,8,12 ,7,8,12,
		32 ,12,8,13 ,12,8,13,
		32 ,12,13,17 ,12,13,17,
		32 ,17,13,18 ,17,13,18,
		32 ,17,18,22 ,17,18,22,
		32 ,22,18,23 ,22,18,23,
		32 ,3,4,8 ,3,4,8,
		32 ,8,4,9 ,8,4,9,
		32 ,8,9,13 ,8,9,13,
		32 ,13,9,14 ,13,9,14,
		32 ,13,14,18 ,13,14,18,
		32 ,18,14,19 ,18,14,19,
		32 ,18,19,23 ,18,19,23,
		32 ,23,19,24 ,23,19,24
	]

}
