{
	"metadata" : {
		"formatVersion" : 3,
		"description" : "Exported from LibZinc."
	}, "materials": [ { "DbgColor": 15658734, "DbgIndex": 0, "DbgName": "my_material", "colorDiffuse": [ 0.9, 0.7, 0.5 ], "colorSpecular": [ 0.2, 0.2, 0.3 ], "shading": "Phong", "specularCoef": 20, "opacity": 1, "vertexColors": true } ], 

	"vertices" : [
		285.057098,338.066498,-650.000000,263.575928,336.925262,-650.008789,241.921402,332.992188,-650.005188,221.356522,326.792938,-649.999023,203.144196,318.853210,-650.000000,284.986694,337.710236,-637.434570,263.320557,336.733551,-637.472900,241.430511,333.196106,-637.502747,220.624710,327.440704,-637.525574,202.211227,319.810059,-637.542847,
		284.884399,336.623688,-624.903259,263.132507,335.831726,-624.964661,241.084732,332.778564,-625.005981,220.083282,327.594482,-625.033081,201.470398,320.409668,-625.051697,284.783417,334.773010,-612.427368,263.058411,334.163605,-612.504150,240.960144,331.648743,-612.531860,219.837402,327.144897,-612.534119,201.038925,320.568665,-612.534668,
		284.716888,332.124298,-600.028015,263.144806,331.673065,-600.111694,241.132828,329.715851,-600.097412,219.992188,325.982727,-600.041382,201.033997,320.203705,-600.000000
	],

	"normals" : [
		0.020493,0.999790,0.000263,-0.119644,0.992717,-0.014054,-0.234711,0.970893,-0.047731,-0.341759,0.935827,-0.086192,-0.458039,0.881467,-0.114963,0.019637,0.998177,0.057064,-0.104606,0.993680,0.040718,-0.213091,0.977032,-0.000182,-0.321853,0.945542,-0.048595,-0.448132,0.889699,-0.087255,
		0.017529,0.993058,0.116310,-0.087330,0.991120,0.100270,-0.186806,0.980807,0.055868,-0.295951,0.955203,0.000174,-0.431977,0.900540,-0.049237,0.013803,0.984008,0.177587,-0.069182,0.984053,0.163867,-0.156996,0.980347,0.119467,-0.263580,0.962810,0.059349,-0.406214,0.913777,-0.001210,
		0.008086,0.970648,0.240368,-0.051442,0.971708,0.230514,-0.124752,0.974002,0.189093,-0.224215,0.966185,0.127336,-0.367095,0.928513,0.055719
	],

	"faces": [
		32 ,0,1,5 ,0,1,5,
		32 ,5,1,6 ,5,1,6,
		32 ,5,6,10 ,5,6,10,
		32 ,10,6,11 ,10,6,11,
		32 ,10,11,15 ,10,11,15,
		32 ,15,11,16 ,15,11,16,
		32 ,15,16,20 ,15,16,20,
		32 ,20,16,21 ,20,16,21,
		32 ,1,2,6 ,1,2,6,
		32 ,6,2,7 ,6,2,7,
		32 ,6,7,11 ,6,7,11,
		32 ,11,7,12 ,11,7,12,
		32 ,11,12,16 ,11,12,16,
		32 ,16,12,17 ,16,12,17,
		32 ,16,17,21 ,16,17,21,
		32 ,21,17,22 ,21,17,22,
		32 ,2,3,7 ,2,3,7,
		32 ,7,3,8 ,7,3,8,
		32 ,7,8,12 ,7,8,12,
		32 ,12,8,13 ,12,8,13,
		32 ,12,13,17 ,12,13,17,
		32 ,17,13,18 ,17,13,18,
		32 ,17,18,22 ,17,18,22,
		32 ,22,18,23 ,22,18,23,
		32 ,3,4,8 ,3,4,8,
		32 ,8,4,9 ,8,4,9,
		32 ,8,9,13 ,8,9,13,
		32 ,13,9,14 ,13,9,14,
		32 ,13,14,18 ,13,14,18,
		32 ,18,14,19 ,18,14,19,
		32 ,18,19,23 ,18,19,23,
		32 ,23,19,24 ,23,19,24
	]

}
