{
	"metadata" : {
		"formatVersion" : 3,
		"description" : "Exported from LibZinc."
	}, "materials": [ { "DbgColor": 15658734, "DbgIndex": 0, "DbgName": "my_material", "colorDiffuse": [ 0.9, 0.7, 0.5 ], "colorSpecular": [ 0.2, 0.2, 0.3 ], "shading": "Phong", "specularCoef": 20, "opacity": 1, "vertexColors": true } ], 

	"vertices" : [
		213.421097,43.341419,-650.175598,230.276947,43.326618,-650.202942,248.004044,45.753174,-650.159790,266.306519,48.624863,-650.112732,284.888489,49.945469,-650.128296,213.285248,42.647289,-637.662292,230.072632,42.147148,-637.656372,247.847214,44.107681,-637.598450,266.260132,46.583069,-637.554810,284.962433,47.627510,-637.592041,
		212.558182,42.173996,-625.168213,229.436340,41.267300,-625.120056,247.416153,42.778240,-625.028198,266.069366,44.821236,-624.972107,284.967773,45.510708,-625.031433,211.058838,41.867374,-612.672791,228.244537,40.578094,-612.591003,246.621567,41.567333,-612.476135,265.681244,43.092457,-612.413147,284.914795,43.410828,-612.487183,
		208.606201,41.673241,-600.155273,226.373627,39.970558,-600.066101,245.374161,40.277447,-599.969360,265.042633,41.149830,-599.926697,284.813812,41.143631,-600.000000
	],

	"normals" : [
		-0.115773,-0.991202,-0.064156,0.087983,-0.990301,-0.107527,0.161588,-0.976179,-0.144792,0.128440,-0.975897,-0.176431,-0.007060,-0.980901,-0.194381,-0.145442,-0.988098,-0.050096,0.060711,-0.995078,-0.078324,0.138217,-0.984183,-0.110814,0.110206,-0.983348,-0.144500,-0.017723,-0.985024,-0.171503,
		-0.166996,-0.984952,-0.044516,0.035417,-0.997660,-0.058484,0.112952,-0.989329,-0.092037,0.088118,-0.987352,-0.131798,-0.033406,-0.986030,-0.163184,-0.179969,-0.982550,-0.046975,0.008160,-0.998752,-0.049263,0.082187,-0.992562,-0.089815,0.062358,-0.988323,-0.139028,-0.046023,-0.984449,-0.169533,
		-0.184258,-0.981273,-0.056152,-0.024409,-0.998325,-0.052458,0.042893,-0.993447,-0.105937,0.033466,-0.985414,-0.166849,-0.047760,-0.980520,-0.190525
	],

	"faces": [
		32 ,0,1,5 ,0,1,5,
		32 ,5,1,6 ,5,1,6,
		32 ,5,6,10 ,5,6,10,
		32 ,10,6,11 ,10,6,11,
		32 ,10,11,15 ,10,11,15,
		32 ,15,11,16 ,15,11,16,
		32 ,15,16,20 ,15,16,20,
		32 ,20,16,21 ,20,16,21,
		32 ,1,2,6 ,1,2,6,
		32 ,6,2,7 ,6,2,7,
		32 ,6,7,11 ,6,7,11,
		32 ,11,7,12 ,11,7,12,
		32 ,11,12,16 ,11,12,16,
		32 ,16,12,17 ,16,12,17,
		32 ,16,17,21 ,16,17,21,
		32 ,21,17,22 ,21,17,22,
		32 ,2,3,7 ,2,3,7,
		32 ,7,3,8 ,7,3,8,
		32 ,7,8,12 ,7,8,12,
		32 ,12,8,13 ,12,8,13,
		32 ,12,13,17 ,12,13,17,
		32 ,17,13,18 ,17,13,18,
		32 ,17,18,22 ,17,18,22,
		32 ,22,18,23 ,22,18,23,
		32 ,3,4,8 ,3,4,8,
		32 ,8,4,9 ,8,4,9,
		32 ,8,9,13 ,8,9,13,
		32 ,13,9,14 ,13,9,14,
		32 ,13,14,18 ,13,14,18,
		32 ,18,14,19 ,18,14,19,
		32 ,18,19,23 ,18,19,23,
		32 ,23,19,24 ,23,19,24
	]

}
