{
	"metadata" : {
		"formatVersion" : 3,
		"description" : "Exported from LibZinc."
	},

	"vertices" : [
		458.918915,228.789307,-1872.046997,461.231873,227.580978,-1872.282349,466.320465,224.922653,-1872.800049,471.409027,222.264328,-1873.317627,473.721985,221.056000,-1873.552979,458.461823,218.564682,-1871.834839,461.151154,217.325226,-1871.984863,466.084625,214.864700,-1872.695068,470.987549,212.453888,-1873.403687,473.585297,211.363556,-1873.549072,
		458.029327,206.620438,-1870.846802,461.447235,204.942871,-1871.324951,465.875580,202.792328,-1872.110229,470.237823,200.795197,-1872.802734,473.457367,199.577805,-1873.003052,457.726410,193.761429,-1868.197021,461.757935,191.576340,-1869.107300,465.705994,189.652786,-1869.947632,469.572968,187.987335,-1870.574341,473.361328,186.576614,-1870.843750,
		457.657990,180.792496,-1863.000000,461.721039,178.368118,-1864.136719,465.588379,176.393295,-1865.109619,469.406128,174.729401,-1865.777710,473.320312,173.237793,-1866.000000
	],

	"normals" : [
		0.000000,-0.000000,0.000000,-0.128017,-0.052178,-0.990398,-0.113117,-0.023088,-0.993313,-0.093636,0.014628,-0.995499,-0.986298,0.013979,-0.164383,0.353171,-0.052229,-0.934100,-0.136573,-0.026041,-0.990288,-0.155314,-0.011146,-0.987802,-0.125842,-0.001614,-0.992049,0.425940,-0.013345,-0.904653,
		-0.134856,-0.126873,-0.982709,-0.213739,-0.098167,-0.971946,-0.213055,-0.087585,-0.973107,-0.165548,-0.089630,-0.982120,0.052541,-0.093578,-0.994225,-0.344519,-0.255998,-0.903201,-0.327411,-0.235299,-0.915116,-0.285205,-0.228086,-0.930932,-0.211181,-0.234384,-0.948929,-0.093432,-0.240580,-0.966122,
		-0.480103,-0.413513,-0.773633,-0.444360,-0.409927,-0.796558,-0.377843,-0.414057,-0.828125,-0.275945,-0.421460,-0.863844,-0.148263,-0.438754,-0.886292
	],

	"faces": [
		32 ,0,1,5 ,0,1,5,
		32 ,5,1,6 ,5,1,6,
		32 ,5,6,10 ,5,6,10,
		32 ,10,6,11 ,10,6,11,
		32 ,10,11,15 ,10,11,15,
		32 ,15,11,16 ,15,11,16,
		32 ,15,16,20 ,15,16,20,
		32 ,20,16,21 ,20,16,21,
		32 ,1,2,6 ,1,2,6,
		32 ,6,2,7 ,6,2,7,
		32 ,6,7,11 ,6,7,11,
		32 ,11,7,12 ,11,7,12,
		32 ,11,12,16 ,11,12,16,
		32 ,16,12,17 ,16,12,17,
		32 ,16,17,21 ,16,17,21,
		32 ,21,17,22 ,21,17,22,
		32 ,2,3,7 ,2,3,7,
		32 ,7,3,8 ,7,3,8,
		32 ,7,8,12 ,7,8,12,
		32 ,12,8,13 ,12,8,13,
		32 ,12,13,17 ,12,13,17,
		32 ,17,13,18 ,17,13,18,
		32 ,17,18,22 ,17,18,22,
		32 ,22,18,23 ,22,18,23,
		32 ,3,4,8 ,3,4,8,
		32 ,8,4,9 ,8,4,9,
		32 ,8,9,13 ,8,9,13,
		32 ,13,9,14 ,13,9,14,
		32 ,13,14,18 ,13,14,18,
		32 ,18,14,19 ,18,14,19,
		32 ,18,19,23 ,18,19,23,
		32 ,23,19,24 ,23,19,24
	]

}
