{
	"metadata" : {
		"formatVersion" : 3,
		"description" : "Exported from LibZinc."
	}, "materials": [ { "DbgColor": 15658734, "DbgIndex": 0, "DbgName": "my_material", "colorDiffuse": [ 0.9, 0.7, 0.5 ], "colorSpecular": [ 0.2, 0.2, 0.3 ], "shading": "Phong", "specularCoef": 20, "opacity": 1, "vertexColors": true } ], 

	"vertices" : [
		447.710510,141.306503,-649.737427,449.763733,154.563812,-649.734558,450.412537,167.053879,-649.802307,449.944061,179.048660,-649.903259,448.645508,190.820099,-650.000000,446.346252,142.845413,-637.260315,448.751495,155.779266,-637.235535,449.755951,167.929443,-637.296936,449.582458,179.596207,-637.396362,448.454010,191.079849,-637.485596,
		445.676086,143.438477,-624.794678,448.041382,156.222061,-624.762329,449.097656,168.179108,-624.816711,449.024292,179.652435,-624.909607,448.000641,190.984863,-624.992554,445.648804,143.291779,-612.311401,447.713013,156.037781,-612.287476,448.621887,167.917282,-612.339172,448.523285,179.314484,-612.424927,447.565125,190.613602,-612.503235,
		446.213196,142.611404,-599.781189,447.846069,155.372086,-599.783447,448.512787,167.258392,-599.841675,448.333221,178.679489,-599.924377,447.427307,190.044495,-600.000000
	],

	"normals" : [
		0.965240,-0.201036,0.167021,0.989614,-0.100218,0.103052,0.998857,-0.003109,0.047701,0.996872,0.078513,0.009049,0.990632,0.136342,-0.007626,0.968316,-0.229959,0.097377,0.988228,-0.131765,0.077732,0.997917,-0.031417,0.056351,0.997453,0.059898,0.038722,0.990810,0.132222,0.028519,
		0.973783,-0.225495,0.029982,0.989885,-0.135064,0.043411,0.998091,-0.039182,0.047743,0.997610,0.051251,0.046349,0.991214,0.125608,0.041453,0.979783,-0.197981,-0.028808,0.992944,-0.118501,0.004558,0.999163,-0.032685,0.024608,0.998245,0.049183,0.032977,0.992653,0.116951,0.031005,
		0.984269,-0.158929,-0.077171,0.995075,-0.091843,-0.037292,0.999739,-0.019374,-0.012103,0.998768,0.049620,-0.001012,0.994308,0.106506,-0.002820
	],

	"faces": [
		32 ,0,1,5 ,0,1,5,
		32 ,5,1,6 ,5,1,6,
		32 ,5,6,10 ,5,6,10,
		32 ,10,6,11 ,10,6,11,
		32 ,10,11,15 ,10,11,15,
		32 ,15,11,16 ,15,11,16,
		32 ,15,16,20 ,15,16,20,
		32 ,20,16,21 ,20,16,21,
		32 ,1,2,6 ,1,2,6,
		32 ,6,2,7 ,6,2,7,
		32 ,6,7,11 ,6,7,11,
		32 ,11,7,12 ,11,7,12,
		32 ,11,12,16 ,11,12,16,
		32 ,16,12,17 ,16,12,17,
		32 ,16,17,21 ,16,17,21,
		32 ,21,17,22 ,21,17,22,
		32 ,2,3,7 ,2,3,7,
		32 ,7,3,8 ,7,3,8,
		32 ,7,8,12 ,7,8,12,
		32 ,12,8,13 ,12,8,13,
		32 ,12,13,17 ,12,13,17,
		32 ,17,13,18 ,17,13,18,
		32 ,17,18,22 ,17,18,22,
		32 ,22,18,23 ,22,18,23,
		32 ,3,4,8 ,3,4,8,
		32 ,8,4,9 ,8,4,9,
		32 ,8,9,13 ,8,9,13,
		32 ,13,9,14 ,13,9,14,
		32 ,13,14,18 ,13,14,18,
		32 ,18,14,19 ,18,14,19,
		32 ,18,19,23 ,18,19,23,
		32 ,23,19,24 ,23,19,24
	]

}
