{
	"metadata" : {
		"formatVersion" : 3,
		"description" : "Exported from LibZinc."
	}, "materials": [ { "DbgColor": 15658734, "DbgIndex": 0, "DbgName": "my_material", "colorDiffuse": [ 0.9, 0.7, 0.5 ], "colorSpecular": [ 0.2, 0.2, 0.3 ], "shading": "Phong", "specularCoef": 20, "opacity": 1, "vertexColors": true } ], 

	"vertices" : [
		448.645508,190.820099,-650.000000,446.624390,202.224396,-650.047302,443.751373,213.047943,-650.043884,439.958435,223.457993,-650.018555,435.177490,233.621796,-650.000000,448.454010,191.079849,-637.485596,446.500519,202.261139,-637.522766,443.667572,212.926956,-637.516052,439.901367,223.236771,-637.492188,435.148224,233.350113,-637.478088,
		448.000641,190.984863,-624.992554,446.147400,202.073212,-625.024963,443.429871,212.690659,-625.015503,439.794189,222.994537,-624.990112,435.186584,233.142227,-624.974731,447.565125,190.613602,-612.503235,445.836884,201.720734,-612.535461,443.285095,212.390137,-612.526855,439.843231,222.778214,-612.501648,435.444855,233.041397,-612.484009,
		447.427307,190.044495,-600.000000,445.840912,201.263794,-600.036072,443.480042,212.076462,-600.034607,440.254822,222.634735,-600.015869,436.075287,233.090805,-600.000000
	],

	"normals" : [
		0.990632,0.136342,-0.007626,0.976665,0.214570,-0.009232,0.954144,0.299313,-0.004630,0.923043,0.384682,0.003275,0.885450,0.464589,0.011592,0.990810,0.132222,0.028519,0.976612,0.213707,0.023622,0.953743,0.299966,0.019877,0.922748,0.385073,0.015964,0.886118,0.463338,0.010623,
		0.991214,0.125608,0.041453,0.978027,0.205662,0.034144,0.956613,0.290353,0.024231,0.927388,0.373913,0.011807,0.892634,0.450773,-0.002953,0.992653,0.116951,0.031005,0.981089,0.192305,0.021980,0.961859,0.273425,0.008146,0.934880,0.354842,-0.009335,0.901906,0.430949,-0.029127,
		0.994308,0.106506,-0.002820,0.984409,0.175415,-0.012964,0.967279,0.252111,-0.028485,0.942237,0.331563,-0.047495,0.910404,0.408128,-0.067799
	],

	"faces": [
		32 ,0,1,5 ,0,1,5,
		32 ,5,1,6 ,5,1,6,
		32 ,5,6,10 ,5,6,10,
		32 ,10,6,11 ,10,6,11,
		32 ,10,11,15 ,10,11,15,
		32 ,15,11,16 ,15,11,16,
		32 ,15,16,20 ,15,16,20,
		32 ,20,16,21 ,20,16,21,
		32 ,1,2,6 ,1,2,6,
		32 ,6,2,7 ,6,2,7,
		32 ,6,7,11 ,6,7,11,
		32 ,11,7,12 ,11,7,12,
		32 ,11,12,16 ,11,12,16,
		32 ,16,12,17 ,16,12,17,
		32 ,16,17,21 ,16,17,21,
		32 ,21,17,22 ,21,17,22,
		32 ,2,3,7 ,2,3,7,
		32 ,7,3,8 ,7,3,8,
		32 ,7,8,12 ,7,8,12,
		32 ,12,8,13 ,12,8,13,
		32 ,12,13,17 ,12,13,17,
		32 ,17,13,18 ,17,13,18,
		32 ,17,18,22 ,17,18,22,
		32 ,22,18,23 ,22,18,23,
		32 ,3,4,8 ,3,4,8,
		32 ,8,4,9 ,8,4,9,
		32 ,8,9,13 ,8,9,13,
		32 ,13,9,14 ,13,9,14,
		32 ,13,14,18 ,13,14,18,
		32 ,18,14,19 ,18,14,19,
		32 ,18,19,23 ,18,19,23,
		32 ,23,19,24 ,23,19,24
	]

}
