{
	"metadata" : {
		"formatVersion" : 3,
		"description" : "Exported from LibZinc."
	},

	"vertices" : [
		284.716888,332.124298,-600.028015,263.144806,331.673065,-600.111694,241.132828,329.715851,-600.097412,219.992188,325.982727,-600.041382,201.033997,320.203705,-600.000000,284.719971,329.137878,-587.611572,263.383240,328.834015,-587.697144,241.579041,327.379944,-587.647766,220.542221,324.367157,-587.544189,201.507690,319.387085,-587.467346,
		284.783112,326.248596,-575.102539,263.711914,326.117706,-575.186890,242.183884,325.077087,-575.138062,221.343521,322.632629,-575.034363,202.335388,318.290192,-574.953735,284.872528,323.384521,-562.549255,264.097321,323.463928,-562.625732,242.886841,322.770508,-562.600464,222.293396,320.782532,-562.528015,203.369324,316.978271,-562.463196,
		284.954498,320.473785,-550.000000,264.505951,320.812347,-550.058655,243.627335,320.423370,-550.066833,223.289108,318.820251,-550.041565,204.461700,315.516510,-550.000000
	],

	"normals" : [
		0.008086,0.970648,0.240368,-0.051442,0.971708,0.230514,-0.124752,0.974002,0.189093,-0.224215,0.966185,0.127336,-0.367095,0.928513,0.055719,0.004368,0.973557,0.228401,-0.036367,0.975420,0.217333,-0.097137,0.977860,0.185347,-0.187931,0.972059,0.140649,-0.325611,0.941184,0.090276,
		0.005665,0.974875,0.222681,-0.022946,0.977614,0.209153,-0.075354,0.980071,0.183800,-0.159786,0.975504,0.151198,-0.292224,0.949457,0.114620,0.012472,0.974723,0.223068,-0.010333,0.978494,0.206017,-0.057847,0.981049,0.184921,-0.137134,0.977547,0.159987,-0.263026,0.955988,0.130019,
		0.025364,0.972969,0.229539,0.002319,0.978131,0.207976,-0.043113,0.981031,0.188995,-0.117303,0.978853,0.167591,-0.233743,0.962559,0.137278
	],

	"faces": [
		32 ,0,1,5 ,0,1,5,
		32 ,5,1,6 ,5,1,6,
		32 ,5,6,10 ,5,6,10,
		32 ,10,6,11 ,10,6,11,
		32 ,10,11,15 ,10,11,15,
		32 ,15,11,16 ,15,11,16,
		32 ,15,16,20 ,15,16,20,
		32 ,20,16,21 ,20,16,21,
		32 ,1,2,6 ,1,2,6,
		32 ,6,2,7 ,6,2,7,
		32 ,6,7,11 ,6,7,11,
		32 ,11,7,12 ,11,7,12,
		32 ,11,12,16 ,11,12,16,
		32 ,16,12,17 ,16,12,17,
		32 ,16,17,21 ,16,17,21,
		32 ,21,17,22 ,21,17,22,
		32 ,2,3,7 ,2,3,7,
		32 ,7,3,8 ,7,3,8,
		32 ,7,8,12 ,7,8,12,
		32 ,12,8,13 ,12,8,13,
		32 ,12,13,17 ,12,13,17,
		32 ,17,13,18 ,17,13,18,
		32 ,17,18,22 ,17,18,22,
		32 ,22,18,23 ,22,18,23,
		32 ,3,4,8 ,3,4,8,
		32 ,8,4,9 ,8,4,9,
		32 ,8,9,13 ,8,9,13,
		32 ,13,9,14 ,13,9,14,
		32 ,13,14,18 ,13,14,18,
		32 ,18,14,19 ,18,14,19,
		32 ,18,19,23 ,18,19,23,
		32 ,23,19,24 ,23,19,24
	]

}
