{
	"metadata" : {
		"formatVersion" : 3,
		"description" : "Exported from LibZinc."
	}, "materials": [ { "DbgColor": 15658734, "DbgIndex": 0, "DbgName": "my_material", "colorDiffuse": [ 0.9, 0.7, 0.5 ], "colorSpecular": [ 0.2, 0.2, 0.3 ], "shading": "Phong", "specularCoef": 20, "opacity": 1, "vertexColors": true } ], 

	"vertices" : [
		201.033997,320.203705,-600.000000,185.007385,312.390259,-599.991882,171.468719,303.019714,-599.993774,159.940125,292.520813,-599.998718,149.943695,281.322388,-600.000000,201.507690,319.387085,-587.467346,185.210052,312.280090,-587.448608,171.322250,303.423615,-587.457092,159.486633,293.214752,-587.480164,149.345566,282.050537,-587.505005,
		202.335388,318.290192,-574.953735,185.822937,311.797729,-574.925171,171.582077,303.443207,-574.923645,159.426117,293.542542,-574.946228,149.168335,282.411621,-574.989990,203.369324,316.978271,-562.463196,186.700653,311.035156,-562.424866,172.164688,303.127563,-562.405212,159.750732,293.479004,-562.418762,149.448029,282.313049,-562.479980,
		204.461700,315.516510,-550.000000,187.697861,310.084290,-549.951172,172.986572,302.525665,-549.913879,160.452591,292.998901,-549.919617,150.220703,281.662201,-550.000000
	],

	"normals" : [
		-0.367095,0.928513,0.055719,-0.507636,0.861521,-0.009372,-0.625309,0.778303,-0.056859,-0.712191,0.696751,-0.085572,-0.768640,0.632776,-0.093745,-0.325611,0.941184,0.090276,-0.471619,0.880976,0.038156,-0.599854,0.800052,-0.009614,-0.700624,0.712199,-0.043573,-0.772964,0.632262,-0.052634,
		-0.292224,0.949457,0.114620,-0.436764,0.896644,0.072566,-0.571678,0.819926,0.030080,-0.687089,0.726573,-0.000592,-0.778943,0.627078,-0.004535,-0.263026,0.955988,0.130019,-0.405566,0.909145,0.094722,-0.546421,0.835177,0.062471,-0.676365,0.735280,0.043525,-0.787442,0.614322,0.050429,
		-0.233743,0.962559,0.137278,-0.379993,0.918945,0.105572,-0.529705,0.843597,0.088076,-0.673373,0.733938,0.088901,-0.798773,0.591195,0.111582
	],

	"faces": [
		32 ,0,1,5 ,0,1,5,
		32 ,5,1,6 ,5,1,6,
		32 ,5,6,10 ,5,6,10,
		32 ,10,6,11 ,10,6,11,
		32 ,10,11,15 ,10,11,15,
		32 ,15,11,16 ,15,11,16,
		32 ,15,16,20 ,15,16,20,
		32 ,20,16,21 ,20,16,21,
		32 ,1,2,6 ,1,2,6,
		32 ,6,2,7 ,6,2,7,
		32 ,6,7,11 ,6,7,11,
		32 ,11,7,12 ,11,7,12,
		32 ,11,12,16 ,11,12,16,
		32 ,16,12,17 ,16,12,17,
		32 ,16,17,21 ,16,17,21,
		32 ,21,17,22 ,21,17,22,
		32 ,2,3,7 ,2,3,7,
		32 ,7,3,8 ,7,3,8,
		32 ,7,8,12 ,7,8,12,
		32 ,12,8,13 ,12,8,13,
		32 ,12,13,17 ,12,13,17,
		32 ,17,13,18 ,17,13,18,
		32 ,17,18,22 ,17,18,22,
		32 ,22,18,23 ,22,18,23,
		32 ,3,4,8 ,3,4,8,
		32 ,8,4,9 ,8,4,9,
		32 ,8,9,13 ,8,9,13,
		32 ,13,9,14 ,13,9,14,
		32 ,13,14,18 ,13,14,18,
		32 ,18,14,19 ,18,14,19,
		32 ,18,19,23 ,18,19,23,
		32 ,23,19,24 ,23,19,24
	]

}
