{
	"metadata" : {
		"formatVersion" : 3,
		"description" : "Exported from LibZinc."
	}, "materials": [ { "DbgColor": 15658734, "DbgIndex": 0, "DbgName": "my_material", "colorDiffuse": [ 0.9, 0.7, 0.5 ], "colorSpecular": [ 0.2, 0.2, 0.3 ], "shading": "Phong", "specularCoef": 20, "opacity": 1, "vertexColors": true } ], 

	"vertices" : [
		123.121803,118.716301,-600.420227,129.769180,105.494385,-600.484497,137.094681,93.076118,-600.497375,145.422043,81.373390,-600.478088,155.074997,70.298080,-600.445923,120.993034,120.915276,-587.791931,126.521500,107.751457,-587.786377,132.864059,95.258446,-587.744446,140.453827,83.319588,-587.708435,149.723938,71.818253,-587.720581,
		118.336693,123.499496,-575.149170,122.647560,110.380531,-575.067505,127.863281,97.815155,-574.936646,134.571686,85.627022,-574.843689,143.360626,73.639793,-574.875854,115.622604,126.207039,-562.535034,118.716652,113.121422,-562.398438,122.759918,100.447456,-562.194824,128.492172,87.965065,-562.055908,136.653198,75.454170,-562.113464,
		113.320602,128.776001,-549.992676,115.298065,115.713959,-549.849731,118.221542,102.856583,-549.639954,122.931854,90.003120,-549.517212,130.269806,76.952827,-549.635315
	],

	"normals" : [
		-0.903683,-0.424274,-0.057876,-0.873670,-0.472661,-0.115294,-0.829809,-0.535512,-0.156981,-0.773082,-0.607831,-0.181347,-0.705807,-0.682351,-0.190350,-0.926227,-0.360046,-0.111667,-0.894748,-0.409997,-0.177000,-0.848372,-0.480375,-0.222494,-0.788803,-0.563838,-0.244697,-0.718686,-0.649866,-0.247315,
		-0.947083,-0.285699,-0.146323,-0.916748,-0.335840,-0.216299,-0.869927,-0.415866,-0.265108,-0.808016,-0.513741,-0.288411,-0.734344,-0.613276,-0.290916,-0.965933,-0.207824,-0.154216,-0.940032,-0.255556,-0.225899,-0.896267,-0.344786,-0.278978,-0.833489,-0.457990,-0.309097,-0.755333,-0.571804,-0.320176,
		-0.982940,-0.133146,-0.126887,-0.964801,-0.175502,-0.195850,-0.928774,-0.270128,-0.253791,-0.868262,-0.396116,-0.298685,-0.785142,-0.523395,-0.331073
	],

	"faces": [
		32 ,0,1,5 ,0,1,5,
		32 ,5,1,6 ,5,1,6,
		32 ,5,6,10 ,5,6,10,
		32 ,10,6,11 ,10,6,11,
		32 ,10,11,15 ,10,11,15,
		32 ,15,11,16 ,15,11,16,
		32 ,15,16,20 ,15,16,20,
		32 ,20,16,21 ,20,16,21,
		32 ,1,2,6 ,1,2,6,
		32 ,6,2,7 ,6,2,7,
		32 ,6,7,11 ,6,7,11,
		32 ,11,7,12 ,11,7,12,
		32 ,11,12,16 ,11,12,16,
		32 ,16,12,17 ,16,12,17,
		32 ,16,17,21 ,16,17,21,
		32 ,21,17,22 ,21,17,22,
		32 ,2,3,7 ,2,3,7,
		32 ,7,3,8 ,7,3,8,
		32 ,7,8,12 ,7,8,12,
		32 ,12,8,13 ,12,8,13,
		32 ,12,13,17 ,12,13,17,
		32 ,17,13,18 ,17,13,18,
		32 ,17,18,22 ,17,18,22,
		32 ,22,18,23 ,22,18,23,
		32 ,3,4,8 ,3,4,8,
		32 ,8,4,9 ,8,4,9,
		32 ,8,9,13 ,8,9,13,
		32 ,13,9,14 ,13,9,14,
		32 ,13,14,18 ,13,14,18,
		32 ,18,14,19 ,18,14,19,
		32 ,18,19,23 ,18,19,23,
		32 ,23,19,24 ,23,19,24
	]

}
