{
	"metadata" : {
		"formatVersion" : 3,
		"description" : "Exported from LibZinc."
	}, "materials": [ { "DbgColor": 15658734, "DbgIndex": 0, "DbgName": "my_material", "colorDiffuse": [ 0.9, 0.7, 0.5 ], "colorSpecular": [ 0.2, 0.2, 0.3 ], "shading": "Phong", "specularCoef": 20, "opacity": 1, "vertexColors": true } ], 

	"vertices" : [
		155.074997,70.298080,-600.445923,166.122116,60.353428,-600.394531,178.571213,52.184586,-600.316895,192.654999,45.916279,-600.231079,208.606201,41.673241,-600.155273,149.723938,71.818253,-587.720581,160.840805,61.348522,-587.755371,173.735672,52.699631,-587.758179,188.488983,46.047619,-587.727783,205.181198,41.568523,-587.662842,
		143.360626,73.639793,-574.875854,154.550522,62.559502,-575.018799,167.981873,53.364113,-575.162659,183.522690,46.285244,-575.250977,201.040955,41.554501,-575.227234,136.653198,75.454170,-562.113464,147.777039,63.757439,-562.356445,161.675232,54.041332,-562.619385,178.003799,46.571480,-562.802124,196.418732,41.613510,-562.804565,
		130.269806,76.952827,-549.635315,141.046127,64.713409,-549.939880,155.181137,54.594593,-550.217407,172.179977,46.848663,-550.382812,191.547806,41.727901,-550.351074
	],

	"normals" : [
		-0.705807,-0.682351,-0.190350,-0.603050,-0.779160,-0.171000,-0.475093,-0.869653,-0.134129,-0.330357,-0.939284,-0.092794,-0.184258,-0.981273,-0.056152,-0.718686,-0.649866,-0.247315,-0.610302,-0.762877,-0.213423,-0.479453,-0.862493,-0.161962,-0.333241,-0.936593,-0.108372,-0.184599,-0.980914,-0.061075,
		-0.734344,-0.613276,-0.290916,-0.618283,-0.745548,-0.248766,-0.483518,-0.855148,-0.186901,-0.335706,-0.934036,-0.121976,-0.184493,-0.980771,-0.063641,-0.755333,-0.571804,-0.320176,-0.627967,-0.727186,-0.277234,-0.486395,-0.848542,-0.208316,-0.335702,-0.932620,-0.132380,-0.182879,-0.981094,-0.063327,
		-0.785142,-0.523395,-0.331073,-0.640569,-0.707639,-0.298192,-0.487209,-0.843663,-0.225520,-0.331463,-0.933258,-0.138426,-0.178921,-0.982046,-0.059767
	],

	"faces": [
		32 ,0,1,5 ,0,1,5,
		32 ,5,1,6 ,5,1,6,
		32 ,5,6,10 ,5,6,10,
		32 ,10,6,11 ,10,6,11,
		32 ,10,11,15 ,10,11,15,
		32 ,15,11,16 ,15,11,16,
		32 ,15,16,20 ,15,16,20,
		32 ,20,16,21 ,20,16,21,
		32 ,1,2,6 ,1,2,6,
		32 ,6,2,7 ,6,2,7,
		32 ,6,7,11 ,6,7,11,
		32 ,11,7,12 ,11,7,12,
		32 ,11,12,16 ,11,12,16,
		32 ,16,12,17 ,16,12,17,
		32 ,16,17,21 ,16,17,21,
		32 ,21,17,22 ,21,17,22,
		32 ,2,3,7 ,2,3,7,
		32 ,7,3,8 ,7,3,8,
		32 ,7,8,12 ,7,8,12,
		32 ,12,8,13 ,12,8,13,
		32 ,12,13,17 ,12,13,17,
		32 ,17,13,18 ,17,13,18,
		32 ,17,18,22 ,17,18,22,
		32 ,22,18,23 ,22,18,23,
		32 ,3,4,8 ,3,4,8,
		32 ,8,4,9 ,8,4,9,
		32 ,8,9,13 ,8,9,13,
		32 ,13,9,14 ,13,9,14,
		32 ,13,14,18 ,13,14,18,
		32 ,18,14,19 ,18,14,19,
		32 ,18,19,23 ,18,19,23,
		32 ,23,19,24 ,23,19,24
	]

}
