{
	"metadata" : {
		"formatVersion" : 3,
		"description" : "Exported from LibZinc."
	}, "materials": [ { "DbgColor": 15658734, "DbgIndex": 0, "DbgName": "my_material", "colorDiffuse": [ 0.9, 0.7, 0.5 ], "colorSpecular": [ 0.2, 0.2, 0.3 ], "shading": "Phong", "specularCoef": 20, "opacity": 1, "vertexColors": true } ], 

	"vertices" : [
		284.813812,41.143631,-600.000000,304.939270,40.176926,-600.106750,325.553345,39.784145,-600.156250,345.914886,40.945747,-600.197998,365.282806,44.642189,-600.281494,284.695221,39.136467,-587.495850,305.501343,38.473755,-587.541931,326.760010,38.524612,-587.549438,347.715668,40.058201,-587.581909,367.612671,43.843674,-587.703064,
		284.598816,37.841156,-574.912109,306.255890,37.480896,-574.902649,328.330963,37.841591,-574.890381,350.017426,39.585152,-574.931458,370.508606,43.373474,-575.082275,284.548798,37.110146,-562.306641,307.210663,37.007473,-562.255493,330.237305,37.574314,-562.235474,352.769562,39.413948,-562.292542,373.948303,43.129673,-562.472656,
		284.569305,36.795879,-549.737183,308.373413,36.862617,-549.666992,332.450195,37.562012,-549.641235,355.921509,39.431961,-549.711060,377.909393,43.010349,-549.927673
	],

	"normals" : [
		-0.047760,-0.980520,-0.190525,-0.041104,-0.985327,-0.165653,0.010404,-0.991813,-0.127275,0.111757,-0.988429,-0.102562,0.270573,-0.955200,-0.119926,-0.037749,-0.990960,-0.128740,-0.020483,-0.994500,-0.102711,0.031129,-0.996477,-0.077876,0.121701,-0.989978,-0.071637,0.258729,-0.960683,-0.100733,
		-0.023574,-0.996650,-0.078313,-0.004946,-0.998474,-0.055004,0.042695,-0.998238,-0.041212,0.123818,-0.991115,-0.048575,0.246441,-0.965163,-0.087908,-0.010548,-0.999163,-0.039519,0.005763,-0.999732,-0.022436,0.048035,-0.998705,-0.016781,0.120576,-0.992161,-0.032837,0.231777,-0.969400,-0.080888,
		-0.002967,-0.999919,-0.012358,0.012192,-0.999914,-0.004760,0.049893,-0.998745,-0.004468,0.114233,-0.993153,-0.024440,0.213181,-0.973814,-0.079000
	],

	"faces": [
		32 ,0,1,5 ,0,1,5,
		32 ,5,1,6 ,5,1,6,
		32 ,5,6,10 ,5,6,10,
		32 ,10,6,11 ,10,6,11,
		32 ,10,11,15 ,10,11,15,
		32 ,15,11,16 ,15,11,16,
		32 ,15,16,20 ,15,16,20,
		32 ,20,16,21 ,20,16,21,
		32 ,1,2,6 ,1,2,6,
		32 ,6,2,7 ,6,2,7,
		32 ,6,7,11 ,6,7,11,
		32 ,11,7,12 ,11,7,12,
		32 ,11,12,16 ,11,12,16,
		32 ,16,12,17 ,16,12,17,
		32 ,16,17,21 ,16,17,21,
		32 ,21,17,22 ,21,17,22,
		32 ,2,3,7 ,2,3,7,
		32 ,7,3,8 ,7,3,8,
		32 ,7,8,12 ,7,8,12,
		32 ,12,8,13 ,12,8,13,
		32 ,12,13,17 ,12,13,17,
		32 ,17,13,18 ,17,13,18,
		32 ,17,18,22 ,17,18,22,
		32 ,22,18,23 ,22,18,23,
		32 ,3,4,8 ,3,4,8,
		32 ,8,4,9 ,8,4,9,
		32 ,8,9,13 ,8,9,13,
		32 ,13,9,14 ,13,9,14,
		32 ,13,14,18 ,13,14,18,
		32 ,18,14,19 ,18,14,19,
		32 ,18,19,23 ,18,19,23,
		32 ,23,19,24 ,23,19,24
	]

}
