{
	"metadata" : {
		"formatVersion" : 3,
		"description" : "Exported from LibZinc."
	}, "materials": [ { "DbgColor": 15658734, "DbgIndex": 0, "DbgName": "my_material", "colorDiffuse": [ 0.9, 0.7, 0.5 ], "colorSpecular": [ 0.2, 0.2, 0.3 ], "shading": "Phong", "specularCoef": 20, "opacity": 1, "vertexColors": true } ], 

	"vertices" : [
		424.386108,86.761833,-600.276306,432.727112,100.790359,-600.085083,438.963715,114.954788,-599.939636,443.368286,128.985123,-599.838745,446.213196,142.611404,-599.781189,428.078461,85.633713,-587.758972,436.082642,99.806213,-587.522339,441.691864,114.048592,-587.355469,445.363251,128.108749,-587.259583,447.553925,141.734604,-587.235840,
		432.373657,84.832771,-575.197571,440.146484,99.109138,-574.958679,445.195282,113.343254,-574.804565,448.168488,127.341644,-574.733276,449.714539,140.910873,-574.742798,437.075653,84.275467,-562.652039,444.617401,98.613983,-562.436646,449.169159,112.798210,-562.323303,451.513306,126.705849,-562.292908,452.432159,140.214630,-562.326111,
		441.988403,83.878227,-550.182312,449.194153,98.235603,-549.998779,453.308777,112.372894,-549.948181,455.127075,126.223366,-549.971558,455.443909,139.720306,-550.009827
	],

	"normals" : [
		0.796853,-0.540680,-0.269610,0.865061,-0.440233,-0.240550,0.920176,-0.341566,-0.191335,0.959948,-0.246915,-0.132409,0.984269,-0.158929,-0.077171,0.797835,-0.525333,-0.295778,0.867923,-0.405893,-0.286288,0.922202,-0.294225,-0.250947,0.959926,-0.196503,-0.199822,0.981770,-0.118232,-0.148825,
		0.796194,-0.516862,-0.314530,0.869435,-0.379192,-0.316696,0.922669,-0.252206,-0.291674,0.957411,-0.148550,-0.247581,0.976805,-0.077813,-0.199491,0.796396,-0.508895,-0.326770,0.872834,-0.357837,-0.331832,0.924497,-0.216514,-0.313730,0.955291,-0.104546,-0.276568,0.972464,-0.035242,-0.230372,
		0.802404,-0.494604,-0.333939,0.880463,-0.338845,-0.331616,0.929606,-0.188025,-0.316984,0.955506,-0.066144,-0.287460,0.970034,0.011852,-0.242680
	],

	"faces": [
		32 ,0,1,5 ,0,1,5,
		32 ,5,1,6 ,5,1,6,
		32 ,5,6,10 ,5,6,10,
		32 ,10,6,11 ,10,6,11,
		32 ,10,11,15 ,10,11,15,
		32 ,15,11,16 ,15,11,16,
		32 ,15,16,20 ,15,16,20,
		32 ,20,16,21 ,20,16,21,
		32 ,1,2,6 ,1,2,6,
		32 ,6,2,7 ,6,2,7,
		32 ,6,7,11 ,6,7,11,
		32 ,11,7,12 ,11,7,12,
		32 ,11,12,16 ,11,12,16,
		32 ,16,12,17 ,16,12,17,
		32 ,16,17,21 ,16,17,21,
		32 ,21,17,22 ,21,17,22,
		32 ,2,3,7 ,2,3,7,
		32 ,7,3,8 ,7,3,8,
		32 ,7,8,12 ,7,8,12,
		32 ,12,8,13 ,12,8,13,
		32 ,12,13,17 ,12,13,17,
		32 ,17,13,18 ,17,13,18,
		32 ,17,18,22 ,17,18,22,
		32 ,22,18,23 ,22,18,23,
		32 ,3,4,8 ,3,4,8,
		32 ,8,4,9 ,8,4,9,
		32 ,8,9,13 ,8,9,13,
		32 ,13,9,14 ,13,9,14,
		32 ,13,14,18 ,13,14,18,
		32 ,18,14,19 ,18,14,19,
		32 ,18,19,23 ,18,19,23,
		32 ,23,19,24 ,23,19,24
	]

}
