{
	"metadata" : {
		"formatVersion" : 3,
		"description" : "Exported from LibZinc."
	}, "materials": [ { "DbgColor": 15658734, "DbgIndex": 0, "DbgName": "my_material", "colorDiffuse": [ 0.9, 0.7, 0.5 ], "colorSpecular": [ 0.2, 0.2, 0.3 ], "shading": "Phong", "specularCoef": 20, "opacity": 1, "vertexColors": true } ], 

	"vertices" : [
		446.213196,142.611404,-599.781189,447.846069,155.372086,-599.783447,448.512787,167.258392,-599.841675,448.333221,178.679489,-599.924377,447.427307,190.044495,-600.000000,447.553925,141.734604,-587.235840,448.707275,154.497208,-587.271240,449.041321,166.412201,-587.338501,448.675140,177.894257,-587.417786,447.727905,189.358093,-587.489014,
		449.714539,140.910873,-574.742798,450.350494,153.657196,-574.799316,450.253906,165.588943,-574.864563,449.563965,177.115646,-574.929932,448.419861,188.646851,-574.986755,452.432159,140.214630,-562.326111,452.536072,152.955292,-562.381165,451.998016,164.903824,-562.428040,450.944305,176.455887,-562.465271,449.501129,188.007065,-562.491089,
		455.443909,139.720306,-550.009827,455.024292,152.494705,-550.030212,454.121063,164.472015,-550.037292,452.760712,176.027176,-550.028198,450.969696,187.535095,-550.000000
	],

	"normals" : [
		0.984269,-0.158929,-0.077171,0.995075,-0.091843,-0.037292,0.999739,-0.019374,-0.012103,0.998768,0.049620,-0.001012,0.994308,0.106506,-0.002820,0.981770,-0.118232,-0.148825,0.992529,-0.059029,-0.106780,0.997446,0.002611,-0.071376,0.997204,0.058844,-0.046067,0.994158,0.102565,-0.033615,
		0.976805,-0.077813,-0.199491,0.987486,-0.020630,-0.156351,0.992446,0.034772,-0.117651,0.992977,0.080993,-0.086240,0.991602,0.112295,-0.064155,0.972464,-0.035242,-0.230372,0.982083,0.018262,-0.187564,0.985951,0.068382,-0.152395,0.986504,0.108698,-0.122452,0.986384,0.134577,-0.094527,
		0.970034,0.011852,-0.242680,0.977970,0.052649,-0.201999,0.979583,0.095105,-0.177119,0.978511,0.135057,-0.155810,0.977686,0.168642,-0.125259
	],

	"faces": [
		32 ,0,1,5 ,0,1,5,
		32 ,5,1,6 ,5,1,6,
		32 ,5,6,10 ,5,6,10,
		32 ,10,6,11 ,10,6,11,
		32 ,10,11,15 ,10,11,15,
		32 ,15,11,16 ,15,11,16,
		32 ,15,16,20 ,15,16,20,
		32 ,20,16,21 ,20,16,21,
		32 ,1,2,6 ,1,2,6,
		32 ,6,2,7 ,6,2,7,
		32 ,6,7,11 ,6,7,11,
		32 ,11,7,12 ,11,7,12,
		32 ,11,12,16 ,11,12,16,
		32 ,16,12,17 ,16,12,17,
		32 ,16,17,21 ,16,17,21,
		32 ,21,17,22 ,21,17,22,
		32 ,2,3,7 ,2,3,7,
		32 ,7,3,8 ,7,3,8,
		32 ,7,8,12 ,7,8,12,
		32 ,12,8,13 ,12,8,13,
		32 ,12,13,17 ,12,13,17,
		32 ,17,13,18 ,17,13,18,
		32 ,17,18,22 ,17,18,22,
		32 ,22,18,23 ,22,18,23,
		32 ,3,4,8 ,3,4,8,
		32 ,8,4,9 ,8,4,9,
		32 ,8,9,13 ,8,9,13,
		32 ,13,9,14 ,13,9,14,
		32 ,13,14,18 ,13,14,18,
		32 ,18,14,19 ,18,14,19,
		32 ,18,19,23 ,18,19,23,
		32 ,23,19,24 ,23,19,24
	]

}
