{
	"metadata" : {
		"formatVersion" : 3,
		"description" : "Exported from LibZinc."
	}, "materials": [ { "DbgColor": 15658734, "DbgIndex": 0, "DbgName": "my_material", "colorDiffuse": [ 0.9, 0.7, 0.5 ], "colorSpecular": [ 0.2, 0.2, 0.3 ], "shading": "Phong", "specularCoef": 20, "opacity": 1, "vertexColors": true } ], 

	"vertices" : [
		204.461700,315.516510,-550.000000,187.697861,310.084290,-549.951172,172.986572,302.525665,-549.913879,160.452591,292.998901,-549.919617,150.220703,281.662201,-550.000000,205.425888,314.107269,-537.532898,188.603210,309.133942,-537.476562,173.787628,301.797119,-537.432556,161.214279,292.257935,-537.435120,151.118317,280.677460,-537.518311,
		206.192505,312.860748,-525.036011,189.295456,308.278839,-524.980286,174.330429,301.087402,-524.942383,161.640854,291.519470,-524.943665,151.570145,279.808167,-525.005554,206.789703,311.703888,-512.521057,189.764343,307.469727,-512.475769,174.565338,300.424316,-512.452332,161.608139,290.919769,-512.455505,151.308182,279.308258,-512.489990,
		207.245605,310.563599,-500.000000,189.999680,306.657379,-499.976379,174.442749,299.835815,-499.971436,160.991959,290.595123,-499.980743,150.064407,279.431610,-500.000000
	],

	"normals" : [
		-0.233743,0.962559,0.137278,-0.379993,0.918945,0.105572,-0.529705,0.843597,0.088076,-0.673373,0.733938,0.088901,-0.798773,0.591195,0.111582,-0.204362,0.971935,0.116523,-0.361465,0.928066,0.089650,-0.523005,0.848782,0.077686,-0.679385,0.729626,0.077983,-0.816409,0.570228,0.091190,
		-0.176145,0.978998,0.102641,-0.346251,0.934916,0.077735,-0.517342,0.853408,0.063658,-0.681575,0.729877,0.052295,-0.826136,0.561915,0.041840,-0.149597,0.984118,0.095561,-0.331222,0.940970,0.069765,-0.506984,0.860723,0.046072,-0.672019,0.740430,0.012408,-0.817124,0.575358,-0.035659,
		-0.125416,0.987530,0.095159,-0.313229,0.947391,0.065862,-0.486290,0.873424,0.025556,-0.642186,0.765494,-0.040205,-0.774443,0.617180,-0.139021
	],

	"faces": [
		32 ,0,1,5 ,0,1,5,
		32 ,5,1,6 ,5,1,6,
		32 ,5,6,10 ,5,6,10,
		32 ,10,6,11 ,10,6,11,
		32 ,10,11,15 ,10,11,15,
		32 ,15,11,16 ,15,11,16,
		32 ,15,16,20 ,15,16,20,
		32 ,20,16,21 ,20,16,21,
		32 ,1,2,6 ,1,2,6,
		32 ,6,2,7 ,6,2,7,
		32 ,6,7,11 ,6,7,11,
		32 ,11,7,12 ,11,7,12,
		32 ,11,12,16 ,11,12,16,
		32 ,16,12,17 ,16,12,17,
		32 ,16,17,21 ,16,17,21,
		32 ,21,17,22 ,21,17,22,
		32 ,2,3,7 ,2,3,7,
		32 ,7,3,8 ,7,3,8,
		32 ,7,8,12 ,7,8,12,
		32 ,12,8,13 ,12,8,13,
		32 ,12,13,17 ,12,13,17,
		32 ,17,13,18 ,17,13,18,
		32 ,17,18,22 ,17,18,22,
		32 ,22,18,23 ,22,18,23,
		32 ,3,4,8 ,3,4,8,
		32 ,8,4,9 ,8,4,9,
		32 ,8,9,13 ,8,9,13,
		32 ,13,9,14 ,13,9,14,
		32 ,13,14,18 ,13,14,18,
		32 ,18,14,19 ,18,14,19,
		32 ,18,19,23 ,18,19,23,
		32 ,23,19,24 ,23,19,24
	]

}
