{
	"metadata" : {
		"formatVersion" : 3,
		"description" : "Exported from LibZinc."
	},

	"vertices" : [
		150.220703,281.662201,-550.000000,141.695175,269.686768,-550.094238,134.072540,257.939972,-550.123169,127.165848,246.124481,-550.090515,120.788200,233.942902,-550.000000,151.118317,280.677460,-537.518311,142.753204,268.389191,-537.623352,135.112640,256.445160,-537.666870,128.042068,244.584412,-537.646179,121.386925,232.545944,-537.558655,
		151.570145,279.808167,-525.005554,143.265076,267.386841,-525.095093,135.589020,255.366989,-525.151978,128.460297,243.499023,-525.156189,121.797188,231.533340,-525.087646,151.308182,279.308258,-512.489990,142.890472,266.996765,-512.549500,135.245056,255.015335,-512.603943,128.284897,243.150742,-512.622131,121.922958,231.189728,-512.572815,
		150.064407,279.431610,-500.000000,141.289093,267.535950,-500.026611,133.824127,255.700073,-500.048248,127.380257,243.821991,-500.045746,121.668198,231.799698,-500.000000
	],

	"normals" : [
		-0.798773,0.591195,0.111582,-0.818736,0.556785,0.140220,-0.841476,0.518874,0.150627,-0.866255,0.479995,0.138591,-0.891122,0.442479,0.100566,-0.816409,0.570228,0.091190,-0.829703,0.547559,0.108500,-0.845500,0.522480,0.110202,-0.862608,0.495806,0.100421,-0.879354,0.468722,0.083881,
		-0.826136,0.561915,0.041840,-0.835950,0.547269,0.041035,-0.848988,0.526926,0.039602,-0.864446,0.501089,0.040542,-0.881017,0.470707,0.047376,-0.817124,0.575358,-0.035659,-0.832063,0.551122,-0.062742,-0.850805,0.521850,-0.061672,-0.871957,0.487914,-0.040380,-0.892896,0.450217,-0.006530,
		-0.774443,0.617180,-0.139021,-0.809568,0.551975,-0.199809,-0.848024,0.494854,-0.189669,-0.884154,0.446516,-0.137459,-0.910102,0.407962,-0.072678
	],

	"faces": [
		32 ,0,1,5 ,0,1,5,
		32 ,5,1,6 ,5,1,6,
		32 ,5,6,10 ,5,6,10,
		32 ,10,6,11 ,10,6,11,
		32 ,10,11,15 ,10,11,15,
		32 ,15,11,16 ,15,11,16,
		32 ,15,16,20 ,15,16,20,
		32 ,20,16,21 ,20,16,21,
		32 ,1,2,6 ,1,2,6,
		32 ,6,2,7 ,6,2,7,
		32 ,6,7,11 ,6,7,11,
		32 ,11,7,12 ,11,7,12,
		32 ,11,12,16 ,11,12,16,
		32 ,16,12,17 ,16,12,17,
		32 ,16,17,21 ,16,17,21,
		32 ,21,17,22 ,21,17,22,
		32 ,2,3,7 ,2,3,7,
		32 ,7,3,8 ,7,3,8,
		32 ,7,8,12 ,7,8,12,
		32 ,12,8,13 ,12,8,13,
		32 ,12,13,17 ,12,13,17,
		32 ,17,13,18 ,17,13,18,
		32 ,17,18,22 ,17,18,22,
		32 ,22,18,23 ,22,18,23,
		32 ,3,4,8 ,3,4,8,
		32 ,8,4,9 ,8,4,9,
		32 ,8,9,13 ,8,9,13,
		32 ,13,9,14 ,13,9,14,
		32 ,13,14,18 ,13,14,18,
		32 ,18,14,19 ,18,14,19,
		32 ,18,19,23 ,18,19,23,
		32 ,23,19,24 ,23,19,24
	]

}
