{
	"metadata" : {
		"formatVersion" : 3,
		"description" : "Exported from LibZinc."
	}, "materials": [ { "DbgColor": 15658734, "DbgIndex": 0, "DbgName": "my_material", "colorDiffuse": [ 0.9, 0.7, 0.5 ], "colorSpecular": [ 0.2, 0.2, 0.3 ], "shading": "Phong", "specularCoef": 20, "opacity": 1, "vertexColors": true } ], 

	"vertices" : [
		113.320602,128.776001,-549.992676,115.298065,115.713959,-549.849731,118.221542,102.856583,-549.639954,122.931854,90.003120,-549.517212,130.269806,76.952827,-549.635315,111.890343,130.850739,-537.495361,112.852203,117.679581,-537.389160,114.625702,104.440178,-537.264893,118.256058,91.039276,-537.218933,124.788467,77.383614,-537.347656,
		111.264778,132.337479,-524.977783,111.270798,118.820595,-524.917664,111.758911,104.930473,-524.924744,114.238434,90.802345,-524.966980,120.218681,76.571442,-525.012390,111.123672,133.367050,-512.425720,110.270134,119.298157,-512.405334,109.402176,104.530548,-512.533691,110.707985,89.607788,-512.655396,116.375748,75.073410,-512.614868,
		111.146797,134.070297,-499.824890,109.566513,119.273399,-499.822266,107.336525,103.443489,-500.006073,107.493721,87.771057,-500.178162,113.074997,73.446587,-500.140289
	],

	"normals" : [
		-0.982940,-0.133146,-0.126887,-0.964801,-0.175502,-0.195850,-0.928774,-0.270128,-0.253791,-0.868262,-0.396116,-0.298685,-0.785142,-0.523395,-0.331073,-0.995324,-0.068698,-0.067904,-0.985364,-0.090598,-0.144392,-0.955215,-0.183247,-0.232347,-0.895001,-0.324448,-0.306117,-0.808260,-0.481402,-0.339068,
		-0.999497,-0.020359,-0.024307,-0.995075,0.000172,-0.099124,-0.975401,-0.085225,-0.203295,-0.919757,-0.256618,-0.296977,-0.819204,-0.472938,-0.324400,-0.999962,0.008626,-0.001026,-0.994305,0.084340,-0.065146,-0.985130,0.011348,-0.171437,-0.939949,-0.196776,-0.278881,-0.814735,-0.497256,-0.298234,
		-0.999846,0.017500,-0.000928,-0.986932,0.153800,-0.048068,-0.984656,0.097147,-0.144965,-0.954449,-0.146703,-0.259816,-0.787969,-0.557370,-0.261616
	],

	"faces": [
		32 ,0,1,5 ,0,1,5,
		32 ,5,1,6 ,5,1,6,
		32 ,5,6,10 ,5,6,10,
		32 ,10,6,11 ,10,6,11,
		32 ,10,11,15 ,10,11,15,
		32 ,15,11,16 ,15,11,16,
		32 ,15,16,20 ,15,16,20,
		32 ,20,16,21 ,20,16,21,
		32 ,1,2,6 ,1,2,6,
		32 ,6,2,7 ,6,2,7,
		32 ,6,7,11 ,6,7,11,
		32 ,11,7,12 ,11,7,12,
		32 ,11,12,16 ,11,12,16,
		32 ,16,12,17 ,16,12,17,
		32 ,16,17,21 ,16,17,21,
		32 ,21,17,22 ,21,17,22,
		32 ,2,3,7 ,2,3,7,
		32 ,7,3,8 ,7,3,8,
		32 ,7,8,12 ,7,8,12,
		32 ,12,8,13 ,12,8,13,
		32 ,12,13,17 ,12,13,17,
		32 ,17,13,18 ,17,13,18,
		32 ,17,18,22 ,17,18,22,
		32 ,22,18,23 ,22,18,23,
		32 ,3,4,8 ,3,4,8,
		32 ,8,4,9 ,8,4,9,
		32 ,8,9,13 ,8,9,13,
		32 ,13,9,14 ,13,9,14,
		32 ,13,14,18 ,13,14,18,
		32 ,18,14,19 ,18,14,19,
		32 ,18,19,23 ,18,19,23,
		32 ,23,19,24 ,23,19,24
	]

}
