{
	"metadata" : {
		"formatVersion" : 3,
		"description" : "Exported from LibZinc."
	},

	"vertices" : [
		130.269806,76.952827,-549.635315,141.046127,64.713409,-549.939880,155.181137,54.594593,-550.217407,172.179977,46.848663,-550.382812,191.547806,41.727901,-550.351074,124.788467,77.383614,-537.347656,135.011093,64.779556,-537.575378,148.839981,54.616703,-537.745667,166.012192,46.926567,-537.833191,186.264771,41.740669,-537.812988,
		120.218681,76.571442,-525.012390,129.986633,63.891346,-525.039551,143.063705,54.077446,-525.065247,159.810822,46.757690,-525.114685,180.588928,41.560028,-525.213013,116.375748,75.073410,-512.614868,125.990631,62.694828,-512.459106,138.324936,53.405586,-512.373596,154.347580,46.498440,-512.410645,175.027527,41.266144,-512.622437,
		113.074997,73.446587,-500.140289,123.040955,61.836063,-499.960754,135.096329,53.029892,-499.868103,150.394241,46.305218,-499.904541,170.087799,40.939190,-500.112305
	],

	"normals" : [
		-0.785142,-0.523395,-0.331073,-0.640569,-0.707639,-0.298192,-0.487209,-0.843663,-0.225520,-0.331463,-0.933258,-0.138426,-0.178921,-0.982046,-0.059767,-0.808260,-0.481402,-0.339068,-0.653399,-0.686781,-0.318437,-0.483119,-0.836966,-0.257069,-0.320728,-0.932662,-0.165149,-0.176899,-0.980481,-0.085817,
		-0.819204,-0.472938,-0.324400,-0.669040,-0.679049,-0.302121,-0.481957,-0.840672,-0.246957,-0.310854,-0.936364,-0.163071,-0.182419,-0.977920,-0.101963,-0.814735,-0.497256,-0.298234,-0.679964,-0.689146,-0.250454,-0.484812,-0.852354,-0.196088,-0.308838,-0.941194,-0.137016,-0.194945,-0.974859,-0.107918,
		-0.787969,-0.557370,-0.261616,-0.672213,-0.723149,-0.158701,-0.490630,-0.865843,-0.097971,-0.323272,-0.942457,-0.085262,-0.216204,-0.970986,-0.102184
	],

	"faces": [
		32 ,0,1,5 ,0,1,5,
		32 ,5,1,6 ,5,1,6,
		32 ,5,6,10 ,5,6,10,
		32 ,10,6,11 ,10,6,11,
		32 ,10,11,15 ,10,11,15,
		32 ,15,11,16 ,15,11,16,
		32 ,15,16,20 ,15,16,20,
		32 ,20,16,21 ,20,16,21,
		32 ,1,2,6 ,1,2,6,
		32 ,6,2,7 ,6,2,7,
		32 ,6,7,11 ,6,7,11,
		32 ,11,7,12 ,11,7,12,
		32 ,11,12,16 ,11,12,16,
		32 ,16,12,17 ,16,12,17,
		32 ,16,17,21 ,16,17,21,
		32 ,21,17,22 ,21,17,22,
		32 ,2,3,7 ,2,3,7,
		32 ,7,3,8 ,7,3,8,
		32 ,7,8,12 ,7,8,12,
		32 ,12,8,13 ,12,8,13,
		32 ,12,13,17 ,12,13,17,
		32 ,17,13,18 ,17,13,18,
		32 ,17,18,22 ,17,18,22,
		32 ,22,18,23 ,22,18,23,
		32 ,3,4,8 ,3,4,8,
		32 ,8,4,9 ,8,4,9,
		32 ,8,9,13 ,8,9,13,
		32 ,13,9,14 ,13,9,14,
		32 ,13,14,18 ,13,14,18,
		32 ,18,14,19 ,18,14,19,
		32 ,18,19,23 ,18,19,23,
		32 ,23,19,24 ,23,19,24
	]

}
