{
	"metadata" : {
		"formatVersion" : 3,
		"description" : "Exported from LibZinc."
	},

	"vertices" : [
		441.988403,83.878227,-550.182312,449.194153,98.235603,-549.998779,453.308777,112.372894,-549.948181,455.127075,126.223366,-549.971558,455.443909,139.720306,-550.009827,446.802887,83.069489,-537.676514,453.708862,97.473984,-537.581665,457.259705,111.727829,-537.588684,458.369446,125.726257,-537.637878,457.952026,139.364471,-537.669617,
		451.353088,81.516808,-525.060913,458.169952,95.991333,-525.113403,460.911133,110.610962,-525.148987,460.931763,125.060997,-525.176208,459.587006,139.026749,-525.203552,455.657318,79.495361,-512.452515,462.540771,93.945847,-512.623840,464.323547,109.112816,-512.657471,463.040955,124.271248,-512.642883,460.728271,138.696136,-512.669434,
		459.734009,77.280342,-499.968292,466.784637,91.495720,-500.143036,467.557526,107.323936,-500.142609,464.923981,123.400665,-500.094177,461.755310,138.361603,-500.124908
	],

	"normals" : [
		0.802404,-0.494604,-0.333939,0.880463,-0.338845,-0.331616,0.929606,-0.188025,-0.316984,0.955506,-0.066144,-0.287460,0.970034,0.011852,-0.242680,0.800971,-0.488887,-0.345593,0.884077,-0.311977,-0.347964,0.943084,-0.146029,-0.298779,0.974115,-0.014468,-0.225588,0.985400,0.064296,-0.157645,
		0.784630,-0.512297,-0.349152,0.891832,-0.279175,-0.355945,0.957398,-0.076381,-0.278486,0.982344,0.060845,-0.176914,0.988255,0.114118,-0.101633,0.754142,-0.557363,-0.347298,0.902249,-0.243454,-0.355917,0.966835,0.005728,-0.255336,0.979634,0.140460,-0.143484,0.985313,0.152851,-0.076131,
		0.709388,-0.618358,-0.338234,0.913981,-0.207283,-0.348817,0.968976,0.085029,-0.232070,0.969660,0.208365,-0.127840,0.981434,0.173783,-0.081155
	],

	"faces": [
		32 ,0,1,5 ,0,1,5,
		32 ,5,1,6 ,5,1,6,
		32 ,5,6,10 ,5,6,10,
		32 ,10,6,11 ,10,6,11,
		32 ,10,11,15 ,10,11,15,
		32 ,15,11,16 ,15,11,16,
		32 ,15,16,20 ,15,16,20,
		32 ,20,16,21 ,20,16,21,
		32 ,1,2,6 ,1,2,6,
		32 ,6,2,7 ,6,2,7,
		32 ,6,7,11 ,6,7,11,
		32 ,11,7,12 ,11,7,12,
		32 ,11,12,16 ,11,12,16,
		32 ,16,12,17 ,16,12,17,
		32 ,16,17,21 ,16,17,21,
		32 ,21,17,22 ,21,17,22,
		32 ,2,3,7 ,2,3,7,
		32 ,7,3,8 ,7,3,8,
		32 ,7,8,12 ,7,8,12,
		32 ,12,8,13 ,12,8,13,
		32 ,12,13,17 ,12,13,17,
		32 ,17,13,18 ,17,13,18,
		32 ,17,18,22 ,17,18,22,
		32 ,22,18,23 ,22,18,23,
		32 ,3,4,8 ,3,4,8,
		32 ,8,4,9 ,8,4,9,
		32 ,8,9,13 ,8,9,13,
		32 ,13,9,14 ,13,9,14,
		32 ,13,14,18 ,13,14,18,
		32 ,18,14,19 ,18,14,19,
		32 ,18,19,23 ,18,19,23,
		32 ,23,19,24 ,23,19,24
	]

}
