{
	"metadata" : {
		"formatVersion" : 3,
		"description" : "Exported from LibZinc."
	}, "materials": [ { "DbgColor": 15658734, "DbgIndex": 0, "DbgName": "my_material", "colorDiffuse": [ 0.9, 0.7, 0.5 ], "colorSpecular": [ 0.2, 0.2, 0.3 ], "shading": "Phong", "specularCoef": 20, "opacity": 1, "vertexColors": true } ], 

	"vertices" : [
		285.127411,307.620605,-500.000000,265.462738,308.373840,-500.103729,245.507507,310.113953,-500.103668,225.891785,311.343140,-500.051788,207.245605,310.563599,-500.000000,285.147980,304.552277,-487.386749,265.566040,305.468384,-487.522614,245.831406,307.908905,-487.555786,226.386475,309.978241,-487.541077,207.673752,309.780792,-487.533417,
		285.157349,300.646301,-474.951111,265.628662,301.953278,-475.099060,246.186447,305.506165,-475.112671,227.007370,308.798553,-475.085022,208.268051,309.323914,-475.109283,285.142975,296.434082,-462.539917,265.800781,298.180206,-462.686157,246.739716,302.809143,-462.654388,227.888809,307.282349,-462.588043,209.177109,308.561218,-462.630524,
		285.092285,292.447113,-450.000000,266.232635,294.500824,-450.136993,247.658234,299.721161,-450.061035,229.165176,304.907928,-449.954559,210.549500,306.860992,-450.000000
	],

	"normals" : [
		-0.013877,0.981623,0.190323,0.073144,0.978996,0.190305,0.085972,0.982743,0.163782,0.024857,0.991496,0.127742,-0.125416,0.987530,0.095159,-0.026650,0.961079,0.274984,0.096361,0.962963,0.251826,0.127619,0.976116,0.175814,0.065047,0.993662,0.091679,-0.107148,0.993210,0.045312,
		-0.035643,0.947735,0.317060,0.137584,0.949323,0.282590,0.191444,0.962993,0.189722,0.121174,0.988272,0.092924,-0.091464,0.994759,0.045704,-0.039007,0.947116,0.318513,0.180868,0.942140,0.282241,0.253285,0.945810,0.203200,0.176096,0.975794,0.129674,-0.071548,0.992851,0.095543,
		-0.034466,0.959359,0.280077,0.210827,0.944498,0.251945,0.290445,0.931996,0.216852,0.212633,0.956786,0.198362,-0.040072,0.981256,0.188496
	],

	"faces": [
		32 ,0,1,5 ,0,1,5,
		32 ,5,1,6 ,5,1,6,
		32 ,5,6,10 ,5,6,10,
		32 ,10,6,11 ,10,6,11,
		32 ,10,11,15 ,10,11,15,
		32 ,15,11,16 ,15,11,16,
		32 ,15,16,20 ,15,16,20,
		32 ,20,16,21 ,20,16,21,
		32 ,1,2,6 ,1,2,6,
		32 ,6,2,7 ,6,2,7,
		32 ,6,7,11 ,6,7,11,
		32 ,11,7,12 ,11,7,12,
		32 ,11,12,16 ,11,12,16,
		32 ,16,12,17 ,16,12,17,
		32 ,16,17,21 ,16,17,21,
		32 ,21,17,22 ,21,17,22,
		32 ,2,3,7 ,2,3,7,
		32 ,7,3,8 ,7,3,8,
		32 ,7,8,12 ,7,8,12,
		32 ,12,8,13 ,12,8,13,
		32 ,12,13,17 ,12,13,17,
		32 ,17,13,18 ,17,13,18,
		32 ,17,18,22 ,17,18,22,
		32 ,22,18,23 ,22,18,23,
		32 ,3,4,8 ,3,4,8,
		32 ,8,4,9 ,8,4,9,
		32 ,8,9,13 ,8,9,13,
		32 ,13,9,14 ,13,9,14,
		32 ,13,14,18 ,13,14,18,
		32 ,18,14,19 ,18,14,19,
		32 ,18,19,23 ,18,19,23,
		32 ,23,19,24 ,23,19,24
	]

}
