{
	"metadata" : {
		"formatVersion" : 3,
		"description" : "Exported from LibZinc."
	}, "materials": [ { "DbgColor": 15658734, "DbgIndex": 0, "DbgName": "my_material", "colorDiffuse": [ 0.9, 0.7, 0.5 ], "colorSpecular": [ 0.2, 0.2, 0.3 ], "shading": "Phong", "specularCoef": 20, "opacity": 1, "vertexColors": true } ], 

	"vertices" : [
		207.245605,310.563599,-500.000000,189.999680,306.657379,-499.976379,174.442749,299.835815,-499.971436,160.991959,290.595123,-499.980743,150.064407,279.431610,-500.000000,207.673752,309.780792,-487.533417,190.021912,306.127838,-487.546967,173.813492,299.521973,-487.557159,159.571732,290.604736,-487.560547,147.819839,280.017639,-487.553650,
		208.268051,309.323914,-475.109283,190.076447,305.878815,-475.169006,172.968430,299.439575,-475.187469,157.762589,290.769165,-475.167206,145.277557,280.630676,-475.110840,209.177109,308.561218,-462.630524,190.490417,305.428650,-462.730896,172.517990,299.251495,-462.751953,156.393982,290.866852,-462.707855,143.252533,281.111908,-462.612579,
		210.549500,306.860992,-450.000000,191.590988,304.295624,-450.120941,173.072662,298.620605,-450.140320,156.295319,290.676178,-450.089508,142.559799,281.302490,-450.000000
	],

	"normals" : [
		-0.125416,0.987530,0.095159,-0.313229,0.947391,0.065862,-0.486290,0.873424,0.025556,-0.642186,0.765494,-0.040205,-0.774443,0.617180,-0.139021,-0.107148,0.993210,0.045312,-0.294033,0.955508,0.023455,-0.456946,0.889252,-0.020780,-0.599211,0.795204,-0.092721,-0.723250,0.666535,-0.180666,
		-0.091464,0.994759,0.045704,-0.274065,0.961390,0.024872,-0.426374,0.904325,-0.020032,-0.561199,0.822857,-0.089236,-0.690194,0.704225,-0.166432,-0.071548,0.992851,0.095543,-0.250240,0.965723,0.068993,-0.395272,0.918241,0.024373,-0.527543,0.848762,-0.036079,-0.666717,0.738468,-0.100765,
		-0.040072,0.981256,0.188496,-0.217280,0.964461,0.150346,-0.360410,0.926767,0.105867,-0.493237,0.867867,0.059363,-0.639711,0.768509,0.012820
	],

	"faces": [
		32 ,0,1,5 ,0,1,5,
		32 ,5,1,6 ,5,1,6,
		32 ,5,6,10 ,5,6,10,
		32 ,10,6,11 ,10,6,11,
		32 ,10,11,15 ,10,11,15,
		32 ,15,11,16 ,15,11,16,
		32 ,15,16,20 ,15,16,20,
		32 ,20,16,21 ,20,16,21,
		32 ,1,2,6 ,1,2,6,
		32 ,6,2,7 ,6,2,7,
		32 ,6,7,11 ,6,7,11,
		32 ,11,7,12 ,11,7,12,
		32 ,11,12,16 ,11,12,16,
		32 ,16,12,17 ,16,12,17,
		32 ,16,17,21 ,16,17,21,
		32 ,21,17,22 ,21,17,22,
		32 ,2,3,7 ,2,3,7,
		32 ,7,3,8 ,7,3,8,
		32 ,7,8,12 ,7,8,12,
		32 ,12,8,13 ,12,8,13,
		32 ,12,13,17 ,12,13,17,
		32 ,17,13,18 ,17,13,18,
		32 ,17,18,22 ,17,18,22,
		32 ,22,18,23 ,22,18,23,
		32 ,3,4,8 ,3,4,8,
		32 ,8,4,9 ,8,4,9,
		32 ,8,9,13 ,8,9,13,
		32 ,13,9,14 ,13,9,14,
		32 ,13,14,18 ,13,14,18,
		32 ,18,14,19 ,18,14,19,
		32 ,18,19,23 ,18,19,23,
		32 ,23,19,24 ,23,19,24
	]

}
