{
	"metadata" : {
		"formatVersion" : 3,
		"description" : "Exported from LibZinc."
	},

	"vertices" : [
		113.074997,73.446587,-500.140289,123.040955,61.836063,-499.960754,135.096329,53.029892,-499.868103,150.394241,46.305218,-499.904541,170.087799,40.939190,-500.112305,110.225639,72.470833,-487.604980,120.522720,61.474415,-487.574799,132.522812,52.943047,-487.559631,147.393173,46.255501,-487.583496,166.301041,40.790546,-487.670593,
		107.821823,72.541481,-475.062073,117.832642,61.424461,-475.224060,129.567825,52.923111,-475.280518,144.367325,46.316277,-475.266663,163.571060,40.882793,-475.217682,105.806328,73.638847,-462.552185,115.006027,61.815098,-462.873962,126.431786,53.076927,-462.960266,141.459198,46.478230,-462.885284,161.463867,41.072899,-462.723206,
		104.121902,75.743240,-450.115906,112.078156,62.775211,-450.490021,123.315094,53.511330,-450.528351,138.811325,46.732048,-450.370667,159.545502,41.217831,-450.156891
	],

	"normals" : [
		-0.787969,-0.557370,-0.261616,-0.672213,-0.723149,-0.158701,-0.490630,-0.865843,-0.097971,-0.323272,-0.942457,-0.085262,-0.216204,-0.970986,-0.102184,-0.770960,-0.610125,-0.182670,-0.653575,-0.741520,-0.151618,-0.489795,-0.864009,-0.116576,-0.335935,-0.938277,-0.082362,-0.230923,-0.971153,-0.059472,
		-0.793096,-0.598868,-0.111161,-0.667024,-0.731661,-0.140538,-0.491687,-0.862498,-0.119751,-0.330739,-0.941005,-0.071561,-0.226563,-0.973542,-0.029749,-0.847647,-0.527468,-0.057203,-0.703945,-0.698767,-0.127223,-0.497376,-0.860803,-0.107871,-0.319389,-0.945966,-0.056022,-0.217707,-0.975833,-0.018819,
		-0.916599,-0.398674,-0.030083,-0.752641,-0.648734,-0.112584,-0.507442,-0.857826,-0.081462,-0.313646,-0.948733,-0.039141,-0.217648,-0.975620,-0.028196
	],

	"faces": [
		32 ,0,1,5 ,0,1,5,
		32 ,5,1,6 ,5,1,6,
		32 ,5,6,10 ,5,6,10,
		32 ,10,6,11 ,10,6,11,
		32 ,10,11,15 ,10,11,15,
		32 ,15,11,16 ,15,11,16,
		32 ,15,16,20 ,15,16,20,
		32 ,20,16,21 ,20,16,21,
		32 ,1,2,6 ,1,2,6,
		32 ,6,2,7 ,6,2,7,
		32 ,6,7,11 ,6,7,11,
		32 ,11,7,12 ,11,7,12,
		32 ,11,12,16 ,11,12,16,
		32 ,16,12,17 ,16,12,17,
		32 ,16,17,21 ,16,17,21,
		32 ,21,17,22 ,21,17,22,
		32 ,2,3,7 ,2,3,7,
		32 ,7,3,8 ,7,3,8,
		32 ,7,8,12 ,7,8,12,
		32 ,12,8,13 ,12,8,13,
		32 ,12,13,17 ,12,13,17,
		32 ,17,13,18 ,17,13,18,
		32 ,17,18,22 ,17,18,22,
		32 ,22,18,23 ,22,18,23,
		32 ,3,4,8 ,3,4,8,
		32 ,8,4,9 ,8,4,9,
		32 ,8,9,13 ,8,9,13,
		32 ,13,9,14 ,13,9,14,
		32 ,13,14,18 ,13,14,18,
		32 ,18,14,19 ,18,14,19,
		32 ,18,19,23 ,18,19,23,
		32 ,23,19,24 ,23,19,24
	]

}
