{
	"metadata" : {
		"formatVersion" : 3,
		"description" : "Exported from LibZinc."
	}, "materials": [ { "DbgColor": 15658734, "DbgIndex": 0, "DbgName": "my_material", "colorDiffuse": [ 0.9, 0.7, 0.5 ], "colorSpecular": [ 0.2, 0.2, 0.3 ], "shading": "Phong", "specularCoef": 20, "opacity": 1, "vertexColors": true } ], 

	"vertices" : [
		170.087799,40.939190,-500.112305,195.225677,37.537762,-500.280914,224.413040,36.439110,-500.245117,255.137741,36.518700,-500.114838,284.887604,36.652012,-500.000000,166.301041,40.790546,-487.670593,191.346329,37.359535,-487.731323,221.656403,36.357670,-487.693329,253.939606,36.539474,-487.606537,284.904327,36.659477,-487.520966,
		163.571060,40.882793,-475.217682,189.200119,37.325699,-475.169403,220.176788,36.083931,-475.127197,253.192749,36.040211,-475.080414,284.939667,36.077244,-475.018402,161.463867,41.072899,-462.723206,187.926346,37.360367,-462.598572,219.371445,35.831333,-462.553680,252.741043,35.526585,-462.539398,284.977081,35.486916,-462.506622,
		159.545502,41.217831,-450.156891,186.664322,37.387676,-450.022095,218.637543,35.813309,-449.979584,252.428375,35.504269,-449.986481,285.000000,35.470089,-450.000000
	],

	"normals" : [
		-0.216204,-0.970986,-0.102184,-0.074565,-0.995869,-0.051812,-0.010617,-0.999936,0.003801,0.009409,-0.999270,0.037037,-0.007645,-0.999179,0.039783,-0.230923,-0.971153,-0.059472,-0.070973,-0.997198,-0.023635,-0.006316,-0.999818,-0.017983,0.011212,-0.999625,-0.024988,-0.011085,-0.999467,-0.030720,
		-0.226563,-0.973542,-0.029749,-0.076463,-0.997036,-0.008495,-0.013988,-0.999592,-0.024914,0.005622,-0.998888,-0.046820,-0.009683,-0.998467,-0.054501,-0.217707,-0.975833,-0.018819,-0.083224,-0.996523,-0.003984,-0.022980,-0.999626,-0.014807,-0.000357,-0.999606,-0.028073,-0.007337,-0.999462,-0.031975,
		-0.217648,-0.975620,-0.028196,-0.084094,-0.996403,-0.010448,-0.023256,-0.999659,0.011887,-0.000178,-0.999514,0.031188,-0.007323,-0.999285,0.037085
	],

	"faces": [
		32 ,0,1,5 ,0,1,5,
		32 ,5,1,6 ,5,1,6,
		32 ,5,6,10 ,5,6,10,
		32 ,10,6,11 ,10,6,11,
		32 ,10,11,15 ,10,11,15,
		32 ,15,11,16 ,15,11,16,
		32 ,15,16,20 ,15,16,20,
		32 ,20,16,21 ,20,16,21,
		32 ,1,2,6 ,1,2,6,
		32 ,6,2,7 ,6,2,7,
		32 ,6,7,11 ,6,7,11,
		32 ,11,7,12 ,11,7,12,
		32 ,11,12,16 ,11,12,16,
		32 ,16,12,17 ,16,12,17,
		32 ,16,17,21 ,16,17,21,
		32 ,21,17,22 ,21,17,22,
		32 ,2,3,7 ,2,3,7,
		32 ,7,3,8 ,7,3,8,
		32 ,7,8,12 ,7,8,12,
		32 ,12,8,13 ,12,8,13,
		32 ,12,13,17 ,12,13,17,
		32 ,17,13,18 ,17,13,18,
		32 ,17,18,22 ,17,18,22,
		32 ,22,18,23 ,22,18,23,
		32 ,3,4,8 ,3,4,8,
		32 ,8,4,9 ,8,4,9,
		32 ,8,9,13 ,8,9,13,
		32 ,13,9,14 ,13,9,14,
		32 ,13,14,18 ,13,14,18,
		32 ,18,14,19 ,18,14,19,
		32 ,18,19,23 ,18,19,23,
		32 ,23,19,24 ,23,19,24
	]

}
