{
	"metadata" : {
		"formatVersion" : 3,
		"description" : "Exported from LibZinc."
	}, "materials": [ { "DbgColor": 15658734, "DbgIndex": 0, "DbgName": "my_material", "colorDiffuse": [ 0.9, 0.7, 0.5 ], "colorSpecular": [ 0.2, 0.2, 0.3 ], "shading": "Phong", "specularCoef": 20, "opacity": 1, "vertexColors": true } ], 

	"vertices" : [
		459.734009,77.280342,-499.968292,466.784637,91.495720,-500.143036,467.557526,107.323936,-500.142609,464.923981,123.400665,-500.094177,461.755310,138.361603,-500.124908,463.548706,75.527191,-487.569031,470.692139,89.616219,-487.582123,470.517761,106.000282,-487.492401,466.642365,122.805611,-487.434937,462.682800,138.158447,-487.544769,
		467.087769,74.801895,-475.150604,474.012817,89.202240,-474.925842,473.035309,105.867218,-474.718506,468.160034,122.867989,-474.671844,463.391815,138.275681,-474.929138,470.400696,75.245445,-462.732635,476.648285,90.291344,-462.314514,475.060150,106.969368,-462.034637,469.557404,123.669785,-462.014038,464.061279,138.782852,-462.373749,
		473.536896,76.998810,-450.334686,478.500214,92.921112,-449.888428,476.542297,109.351341,-449.654541,470.914978,125.292976,-449.670654,464.870087,139.749496,-449.974396
	],

	"normals" : [
		0.709388,-0.618358,-0.338234,0.913981,-0.207283,-0.348817,0.968976,0.085029,-0.232070,0.969660,0.208365,-0.127840,0.981434,0.173783,-0.081155,0.687870,-0.673030,-0.271783,0.942200,-0.173500,-0.286629,0.968026,0.151587,-0.199868,0.957652,0.264068,-0.114760,0.979048,0.194477,-0.060356,
		0.705306,-0.679201,-0.203051,0.964766,-0.136944,-0.224662,0.962539,0.203232,-0.179489,0.942663,0.312540,-0.117069,0.970828,0.233057,-0.056362,0.760998,-0.632936,-0.142389,0.981816,-0.098310,-0.162398,0.956654,0.238562,-0.167039,0.926589,0.351232,-0.134418,0.955280,0.287077,-0.070903,
		0.846778,-0.521234,-0.106214,0.993417,-0.056286,-0.099774,0.954321,0.254079,-0.157208,0.911258,0.376596,-0.166685,0.928763,0.355153,-0.106143
	],

	"faces": [
		32 ,0,1,5 ,0,1,5,
		32 ,5,1,6 ,5,1,6,
		32 ,5,6,10 ,5,6,10,
		32 ,10,6,11 ,10,6,11,
		32 ,10,11,15 ,10,11,15,
		32 ,15,11,16 ,15,11,16,
		32 ,15,16,20 ,15,16,20,
		32 ,20,16,21 ,20,16,21,
		32 ,1,2,6 ,1,2,6,
		32 ,6,2,7 ,6,2,7,
		32 ,6,7,11 ,6,7,11,
		32 ,11,7,12 ,11,7,12,
		32 ,11,12,16 ,11,12,16,
		32 ,16,12,17 ,16,12,17,
		32 ,16,17,21 ,16,17,21,
		32 ,21,17,22 ,21,17,22,
		32 ,2,3,7 ,2,3,7,
		32 ,7,3,8 ,7,3,8,
		32 ,7,8,12 ,7,8,12,
		32 ,12,8,13 ,12,8,13,
		32 ,12,13,17 ,12,13,17,
		32 ,17,13,18 ,17,13,18,
		32 ,17,18,22 ,17,18,22,
		32 ,22,18,23 ,22,18,23,
		32 ,3,4,8 ,3,4,8,
		32 ,8,4,9 ,8,4,9,
		32 ,8,9,13 ,8,9,13,
		32 ,13,9,14 ,13,9,14,
		32 ,13,14,18 ,13,14,18,
		32 ,18,14,19 ,18,14,19,
		32 ,18,19,23 ,18,19,23,
		32 ,23,19,24 ,23,19,24
	]

}
