{
	"metadata" : {
		"formatVersion" : 3,
		"description" : "Exported from LibZinc."
	},

	"vertices" : [
		142.559799,281.302490,-450.000000,132.611084,271.724854,-449.952667,125.621635,262.211700,-449.972137,120.533493,252.168076,-450.005554,116.288696,240.998993,-450.000000,143.455246,281.193512,-437.470062,132.690659,272.061859,-437.450104,124.856911,262.940826,-437.476257,119.053551,253.056793,-437.500458,114.380119,241.636139,-437.474579,
		145.384781,280.818451,-425.109558,133.484726,272.238739,-425.106171,124.314720,263.485321,-425.139496,117.419022,253.678085,-425.130402,112.341888,241.936890,-424.999634,147.948380,280.082306,-412.694275,134.788544,272.161011,-412.700409,124.000374,263.796173,-412.736786,115.877991,254.087555,-412.709534,110.715508,242.134872,-412.524872,
		150.746002,278.890015,-400.000000,136.397354,271.734314,-400.012482,123.919189,263.824432,-400.042999,114.678551,254.340775,-400.052032,110.042503,242.463699,-400.000000
	],

	"normals" : [
		-0.639711,0.768509,0.012820,-0.750890,0.659177,-0.040608,-0.851592,0.516122,-0.091697,-0.911961,0.389993,-0.127406,-0.933829,0.326334,-0.146522,-0.597417,0.797333,0.085753,-0.701136,0.712943,0.010963,-0.812539,0.578308,-0.073082,-0.891282,0.431052,-0.140751,-0.929987,0.328510,-0.164943,
		-0.542273,0.828827,0.137788,-0.630821,0.774232,0.051276,-0.753020,0.656141,-0.049394,-0.866378,0.481118,-0.133846,-0.938999,0.309467,-0.150035,-0.482009,0.859338,0.170898,-0.551963,0.829881,0.081447,-0.682798,0.730299,-0.021216,-0.842818,0.527110,-0.108687,-0.961615,0.255513,-0.100045,
		-0.421504,0.886581,0.190551,-0.474168,0.874140,0.105085,-0.611109,0.791487,0.009688,-0.825117,0.560701,-0.069256,-0.990230,0.139291,-0.006480
	],

	"faces": [
		32 ,0,1,5 ,0,1,5,
		32 ,5,1,6 ,5,1,6,
		32 ,5,6,10 ,5,6,10,
		32 ,10,6,11 ,10,6,11,
		32 ,10,11,15 ,10,11,15,
		32 ,15,11,16 ,15,11,16,
		32 ,15,16,20 ,15,16,20,
		32 ,20,16,21 ,20,16,21,
		32 ,1,2,6 ,1,2,6,
		32 ,6,2,7 ,6,2,7,
		32 ,6,7,11 ,6,7,11,
		32 ,11,7,12 ,11,7,12,
		32 ,11,12,16 ,11,12,16,
		32 ,16,12,17 ,16,12,17,
		32 ,16,17,21 ,16,17,21,
		32 ,21,17,22 ,21,17,22,
		32 ,2,3,7 ,2,3,7,
		32 ,7,3,8 ,7,3,8,
		32 ,7,8,12 ,7,8,12,
		32 ,12,8,13 ,12,8,13,
		32 ,12,13,17 ,12,13,17,
		32 ,17,13,18 ,17,13,18,
		32 ,17,18,22 ,17,18,22,
		32 ,22,18,23 ,22,18,23,
		32 ,3,4,8 ,3,4,8,
		32 ,8,4,9 ,8,4,9,
		32 ,8,9,13 ,8,9,13,
		32 ,13,9,14 ,13,9,14,
		32 ,13,14,18 ,13,14,18,
		32 ,18,14,19 ,18,14,19,
		32 ,18,19,23 ,18,19,23,
		32 ,23,19,24 ,23,19,24
	]

}
