{
	"metadata" : {
		"formatVersion" : 3,
		"description" : "Exported from LibZinc."
	},

	"vertices" : [
		60.726749,209.716705,-350.379700,48.369499,198.636658,-350.326172,37.519093,185.780838,-350.209991,29.175795,171.064056,-350.134521,24.339861,154.401199,-350.203186,65.816048,212.584335,-338.506073,52.241417,201.287994,-338.562744,40.722073,187.859741,-338.506470,32.085800,172.404572,-338.445190,27.160381,155.027435,-338.486908,
		70.843826,214.943832,-327.776459,56.110142,203.462677,-327.901489,44.324242,189.650238,-327.913391,35.776470,173.723511,-327.901611,30.757158,155.899460,-327.955414,78.086411,216.995758,-315.753571,62.253803,205.692230,-315.687195,50.162495,191.619324,-315.726898,41.586220,175.299805,-315.840759,36.298721,157.256500,-315.996979,
		89.820107,218.940598,-300.000000,72.950546,208.508179,-299.264801,60.073715,194.233963,-299.242981,50.853458,177.412369,-299.599670,44.953590,159.337799,-300.000000
	],

	"normals" : [
		-0.622229,0.777777,0.088852,-0.709504,0.699369,0.086535,-0.809584,0.574917,0.118510,-0.906206,0.390795,0.161463,-0.968293,0.148690,0.200750,-0.579289,0.813182,0.056212,-0.696597,0.713871,0.071702,-0.808927,0.572242,0.134815,-0.900180,0.379350,0.213939,-0.954901,0.143937,0.259705,
		-0.534083,0.837663,0.114350,-0.682447,0.715457,0.149628,-0.802057,0.549899,0.233057,-0.878348,0.354719,0.320435,-0.921217,0.153359,0.357548,-0.470576,0.861121,0.192426,-0.653833,0.712792,0.253830,-0.780257,0.523807,0.341798,-0.848663,0.335491,0.408922,-0.886101,0.172080,0.430365,
		-0.372802,0.905684,0.201879,-0.611281,0.728551,0.309110,-0.753630,0.519835,0.402260,-0.826611,0.340141,0.448350,-0.865764,0.198412,0.459440
	],

	"faces": [
		32 ,0,1,5 ,0,1,5,
		32 ,5,1,6 ,5,1,6,
		32 ,5,6,10 ,5,6,10,
		32 ,10,6,11 ,10,6,11,
		32 ,10,11,15 ,10,11,15,
		32 ,15,11,16 ,15,11,16,
		32 ,15,16,20 ,15,16,20,
		32 ,20,16,21 ,20,16,21,
		32 ,1,2,6 ,1,2,6,
		32 ,6,2,7 ,6,2,7,
		32 ,6,7,11 ,6,7,11,
		32 ,11,7,12 ,11,7,12,
		32 ,11,12,16 ,11,12,16,
		32 ,16,12,17 ,16,12,17,
		32 ,16,17,21 ,16,17,21,
		32 ,21,17,22 ,21,17,22,
		32 ,2,3,7 ,2,3,7,
		32 ,7,3,8 ,7,3,8,
		32 ,7,8,12 ,7,8,12,
		32 ,12,8,13 ,12,8,13,
		32 ,12,13,17 ,12,13,17,
		32 ,17,13,18 ,17,13,18,
		32 ,17,18,22 ,17,18,22,
		32 ,22,18,23 ,22,18,23,
		32 ,3,4,8 ,3,4,8,
		32 ,8,4,9 ,8,4,9,
		32 ,8,9,13 ,8,9,13,
		32 ,13,9,14 ,13,9,14,
		32 ,13,14,18 ,13,14,18,
		32 ,18,14,19 ,18,14,19,
		32 ,18,19,23 ,18,19,23,
		32 ,23,19,24 ,23,19,24
	]

}
