{
	"metadata" : {
		"formatVersion" : 3,
		"description" : "Exported from LibZinc."
	}, "materials": [ { "DbgColor": 15658734, "DbgIndex": 0, "DbgName": "my_material", "colorDiffuse": [ 0.9, 0.7, 0.5 ], "colorSpecular": [ 0.2, 0.2, 0.3 ], "shading": "Phong", "specularCoef": 20, "opacity": 1, "vertexColors": true } ], 

	"vertices" : [
		554.185425,152.479996,-350.164215,551.919373,171.536743,-350.389771,545.095703,187.535431,-350.368225,535.010010,201.120132,-350.203583,522.957886,212.934906,-350.000000,550.676697,152.786987,-338.159119,548.637451,172.724716,-338.433075,541.706604,189.619980,-338.500671,530.935608,203.880280,-338.392090,517.376099,215.913116,-338.137512,
		546.431702,153.561676,-327.284912,544.547363,173.933441,-327.601227,537.851318,191.309616,-327.773132,526.735962,205.939026,-327.767395,511.594025,218.070526,-327.550842,540.039551,155.253906,-314.793396,537.983887,175.583878,-315.143250,531.364929,193.091248,-315.453979,519.870728,207.751709,-315.658234,503.189209,219.540970,-315.688751,
		530.089478,158.313507,-297.936310,527.281738,178.097000,-298.308105,520.082581,195.451797,-298.811615,507.799347,209.773636,-299.393402,489.739288,220.458298,-300.000000
	],

	"normals" : [
		0.965791,-0.015870,0.258837,0.941744,0.258414,0.215267,0.851138,0.501400,0.155442,0.741195,0.662499,0.108283,0.658690,0.742905,0.119243,0.948459,-0.027591,0.315698,0.933654,0.239542,0.266288,0.851295,0.495137,0.173599,0.724270,0.681938,0.101951,0.601566,0.791565,0.107438,
		0.909984,-0.019923,0.414164,0.899955,0.213185,0.380307,0.833106,0.469870,0.291816,0.696133,0.686918,0.208670,0.533872,0.822966,0.194183,0.873358,0.002875,0.487070,0.856123,0.202462,0.475461,0.790323,0.449310,0.416545,0.645232,0.687824,0.332526,0.452643,0.845730,0.282587,
		0.856070,0.041837,0.515164,0.825391,0.228447,0.516276,0.744704,0.466258,0.477514,0.583059,0.714962,0.385838,0.355300,0.888600,0.290089
	],

	"faces": [
		32 ,0,1,5 ,0,1,5,
		32 ,5,1,6 ,5,1,6,
		32 ,5,6,10 ,5,6,10,
		32 ,10,6,11 ,10,6,11,
		32 ,10,11,15 ,10,11,15,
		32 ,15,11,16 ,15,11,16,
		32 ,15,16,20 ,15,16,20,
		32 ,20,16,21 ,20,16,21,
		32 ,1,2,6 ,1,2,6,
		32 ,6,2,7 ,6,2,7,
		32 ,6,7,11 ,6,7,11,
		32 ,11,7,12 ,11,7,12,
		32 ,11,12,16 ,11,12,16,
		32 ,16,12,17 ,16,12,17,
		32 ,16,17,21 ,16,17,21,
		32 ,21,17,22 ,21,17,22,
		32 ,2,3,7 ,2,3,7,
		32 ,7,3,8 ,7,3,8,
		32 ,7,8,12 ,7,8,12,
		32 ,12,8,13 ,12,8,13,
		32 ,12,13,17 ,12,13,17,
		32 ,17,13,18 ,17,13,18,
		32 ,17,18,22 ,17,18,22,
		32 ,22,18,23 ,22,18,23,
		32 ,3,4,8 ,3,4,8,
		32 ,8,4,9 ,8,4,9,
		32 ,8,9,13 ,8,9,13,
		32 ,13,9,14 ,13,9,14,
		32 ,13,14,18 ,13,14,18,
		32 ,18,14,19 ,18,14,19,
		32 ,18,19,23 ,18,19,23,
		32 ,23,19,24 ,23,19,24
	]

}
