{
	"metadata" : {
		"formatVersion" : 3,
		"description" : "Exported from LibZinc."
	},

	"vertices" : [
		326.809204,257.743286,-350.000000,314.839478,256.889801,-349.644714,304.518311,255.981537,-349.650452,294.890289,255.298843,-349.830963,285.000000,255.121994,-350.000000,321.971832,251.120453,-337.987030,311.625427,250.490814,-337.735352,302.422729,249.746597,-337.770294,293.726776,249.151428,-337.928497,284.900543,248.968887,-338.046600,
		317.629669,245.093842,-325.677826,308.791260,244.724625,-325.493958,300.546265,244.295258,-325.506226,292.625153,243.940430,-325.593018,284.758362,243.794876,-325.632690,314.028046,240.431198,-313.029724,306.479523,240.385666,-312.891083,299.052887,240.343567,-312.904022,291.791077,240.246613,-312.947968,284.737000,240.036591,-312.902466,
		311.412415,237.900208,-300.000000,304.832764,238.268402,-299.897186,298.106537,238.607620,-300.009369,291.430145,238.650726,-300.116852,285.000000,238.130600,-300.000000
	],

	"normals" : [
		-0.027079,0.876610,0.480439,-0.068447,0.882707,0.464912,-0.081461,0.880561,0.466880,-0.053762,0.876585,0.478235,0.009563,0.873761,0.486262,-0.019881,0.886182,0.462910,-0.063832,0.893723,0.444054,-0.078584,0.899076,0.430682,-0.053308,0.903692,0.424853,0.009062,0.904981,0.425356,
		-0.015363,0.917419,0.397626,-0.043008,0.925095,0.377292,-0.051226,0.933571,0.354714,-0.036260,0.940109,0.338939,0.001516,0.940779,0.339016,0.000926,0.960297,0.278979,-0.002955,0.967299,0.253622,-0.009415,0.974224,0.225386,-0.020182,0.977688,0.209091,-0.036036,0.974662,0.220762,
		0.049650,0.993901,0.098469,0.058967,0.996355,0.061640,0.034275,0.998916,0.031487,-0.029563,0.999191,0.027277,-0.137697,0.988096,0.068596
	],

	"faces": [
		32 ,0,1,5 ,0,1,5,
		32 ,5,1,6 ,5,1,6,
		32 ,5,6,10 ,5,6,10,
		32 ,10,6,11 ,10,6,11,
		32 ,10,11,15 ,10,11,15,
		32 ,15,11,16 ,15,11,16,
		32 ,15,16,20 ,15,16,20,
		32 ,20,16,21 ,20,16,21,
		32 ,1,2,6 ,1,2,6,
		32 ,6,2,7 ,6,2,7,
		32 ,6,7,11 ,6,7,11,
		32 ,11,7,12 ,11,7,12,
		32 ,11,12,16 ,11,12,16,
		32 ,16,12,17 ,16,12,17,
		32 ,16,17,21 ,16,17,21,
		32 ,21,17,22 ,21,17,22,
		32 ,2,3,7 ,2,3,7,
		32 ,7,3,8 ,7,3,8,
		32 ,7,8,12 ,7,8,12,
		32 ,12,8,13 ,12,8,13,
		32 ,12,13,17 ,12,13,17,
		32 ,17,13,18 ,17,13,18,
		32 ,17,18,22 ,17,18,22,
		32 ,22,18,23 ,22,18,23,
		32 ,3,4,8 ,3,4,8,
		32 ,8,4,9 ,8,4,9,
		32 ,8,9,13 ,8,9,13,
		32 ,13,9,14 ,13,9,14,
		32 ,13,14,18 ,13,14,18,
		32 ,18,14,19 ,18,14,19,
		32 ,18,19,23 ,18,19,23,
		32 ,23,19,24 ,23,19,24
	]

}
