{
	"metadata" : {
		"formatVersion" : 3,
		"description" : "Exported from LibZinc."
	}, "materials": [ { "DbgColor": 15658734, "DbgIndex": 0, "DbgName": "my_material", "colorDiffuse": [ 0.9, 0.7, 0.5 ], "colorSpecular": [ 0.2, 0.2, 0.3 ], "shading": "Phong", "specularCoef": 20, "opacity": 1, "vertexColors": true } ], 

	"vertices" : [
		335.345093,230.515106,-300.000000,327.551819,232.751862,-300.172516,321.922333,235.072281,-300.247833,317.021027,236.960388,-300.199249,311.412415,237.900208,-300.000000,329.809357,227.186661,-285.893646,323.461334,229.948578,-285.994720,318.752991,232.682999,-286.256256,314.539429,234.958130,-286.481750,309.675720,236.342209,-286.474640,
		327.992798,224.917557,-272.218353,322.171295,227.438751,-272.274750,317.293823,230.130905,-272.501556,312.848145,232.567703,-272.778778,308.321899,234.322754,-272.986328,327.303009,223.065445,-259.856720,321.639801,225.199188,-259.849701,316.294800,227.738129,-259.912994,311.381317,230.223328,-260.099579,307.012634,232.195877,-260.462341,
		325.147491,220.988007,-249.691406,319.824982,223.206757,-249.556778,314.505829,225.826752,-249.419861,309.573059,228.359268,-249.453354,305.409698,230.315598,-249.830002
	],

	"normals" : [
		0.187905,0.908088,0.374256,0.318759,0.890154,0.325604,0.384447,0.884372,0.264739,0.285696,0.940820,0.182305,0.049650,0.993901,0.098469,0.320098,0.914014,0.249231,0.446423,0.862884,0.236936,0.492658,0.840573,0.225221,0.386844,0.899616,0.202589,0.144583,0.978350,0.148081,
		0.331647,0.929964,0.158675,0.441922,0.879440,0.176891,0.480222,0.854339,0.198727,0.422094,0.882355,0.208053,0.250510,0.951529,0.178429,0.289818,0.940336,0.178253,0.392193,0.899281,0.193593,0.435507,0.875523,0.209269,0.422878,0.879815,0.217024,0.331707,0.921593,0.201587,
		0.316633,0.871579,0.374290,0.406871,0.854874,0.321940,0.441954,0.854779,0.272083,0.429968,0.870672,0.238869,0.338828,0.913082,0.226886
	],

	"faces": [
		32 ,0,1,5 ,0,1,5,
		32 ,5,1,6 ,5,1,6,
		32 ,5,6,10 ,5,6,10,
		32 ,10,6,11 ,10,6,11,
		32 ,10,11,15 ,10,11,15,
		32 ,15,11,16 ,15,11,16,
		32 ,15,16,20 ,15,16,20,
		32 ,20,16,21 ,20,16,21,
		32 ,1,2,6 ,1,2,6,
		32 ,6,2,7 ,6,2,7,
		32 ,6,7,11 ,6,7,11,
		32 ,11,7,12 ,11,7,12,
		32 ,11,12,16 ,11,12,16,
		32 ,16,12,17 ,16,12,17,
		32 ,16,17,21 ,16,17,21,
		32 ,21,17,22 ,21,17,22,
		32 ,2,3,7 ,2,3,7,
		32 ,7,3,8 ,7,3,8,
		32 ,7,8,12 ,7,8,12,
		32 ,12,8,13 ,12,8,13,
		32 ,12,13,17 ,12,13,17,
		32 ,17,13,18 ,17,13,18,
		32 ,17,18,22 ,17,18,22,
		32 ,22,18,23 ,22,18,23,
		32 ,3,4,8 ,3,4,8,
		32 ,8,4,9 ,8,4,9,
		32 ,8,9,13 ,8,9,13,
		32 ,13,9,14 ,13,9,14,
		32 ,13,14,18 ,13,14,18,
		32 ,18,14,19 ,18,14,19,
		32 ,18,19,23 ,18,19,23,
		32 ,23,19,24 ,23,19,24
	]

}
