{
	"metadata" : {
		"formatVersion" : 3,
		"description" : "Exported from LibZinc."
	},

	"vertices" : [
		469.731293,255.987000,-1874.000000,469.731293,255.987000,-1874.000000,469.731293,255.987000,-1874.000000,469.731293,255.987000,-1874.000000,469.731293,255.987000,-1874.000000,472.046112,253.321823,-1872.219116,471.314209,254.004868,-1871.623291,470.348663,254.677017,-1871.121216,469.260712,255.308716,-1870.902222,468.161652,255.870346,-1871.155762,
		474.367004,250.631302,-1870.545654,472.965240,251.961578,-1869.412354,470.999359,253.340530,-1868.393677,468.810028,254.633301,-1867.895020,466.738007,255.705017,-1868.321167,476.337158,247.699493,-1868.849243,474.377716,249.586349,-1867.234009,471.591614,251.545258,-1865.760986,468.491302,253.368301,-1865.013794,465.589233,254.847580,-1865.575928,
		477.599792,244.310394,-1867.000000,475.244995,246.608383,-1864.955444,472.033752,248.858917,-1863.166382,468.416656,250.921249,-1862.294067,464.844208,252.654602,-1863.000000
	],

	"normals" : [
		0.561624,0.725814,0.397206,0.561624,0.725814,0.397206,0.561624,0.725814,0.397206,0.561624,0.725814,0.397206,0.561624,0.725814,0.397206,0.750823,0.660063,-0.024129,0.668845,0.729896,0.141057,0.576659,0.787215,0.218535,0.464899,0.853813,0.234248,0.344165,0.918643,0.194024,
		0.782419,0.622750,0.001811,0.685093,0.700770,0.198918,0.590438,0.756148,0.282174,0.470068,0.826941,0.308553,0.296190,0.916098,0.270251,0.837311,0.528200,0.141118,0.714476,0.610267,0.342197,0.600183,0.670700,0.435823,0.438379,0.746255,0.500927,0.133145,0.854828,0.501540,
		0.860007,0.371066,0.350284,0.729316,0.461976,0.504654,0.586443,0.539048,0.604576,0.350097,0.595967,0.722673,-0.104341,0.632274,0.767687
	],

	"faces": [
		32 ,0,1,5 ,0,1,5,
		32 ,5,1,6 ,5,1,6,
		32 ,5,6,10 ,5,6,10,
		32 ,10,6,11 ,10,6,11,
		32 ,10,11,15 ,10,11,15,
		32 ,15,11,16 ,15,11,16,
		32 ,15,16,20 ,15,16,20,
		32 ,20,16,21 ,20,16,21,
		32 ,1,2,6 ,1,2,6,
		32 ,6,2,7 ,6,2,7,
		32 ,6,7,11 ,6,7,11,
		32 ,11,7,12 ,11,7,12,
		32 ,11,12,16 ,11,12,16,
		32 ,16,12,17 ,16,12,17,
		32 ,16,17,21 ,16,17,21,
		32 ,21,17,22 ,21,17,22,
		32 ,2,3,7 ,2,3,7,
		32 ,7,3,8 ,7,3,8,
		32 ,7,8,12 ,7,8,12,
		32 ,12,8,13 ,12,8,13,
		32 ,12,13,17 ,12,13,17,
		32 ,17,13,18 ,17,13,18,
		32 ,17,18,22 ,17,18,22,
		32 ,22,18,23 ,22,18,23,
		32 ,3,4,8 ,3,4,8,
		32 ,8,4,9 ,8,4,9,
		32 ,8,9,13 ,8,9,13,
		32 ,13,9,14 ,13,9,14,
		32 ,13,14,18 ,13,14,18,
		32 ,18,14,19 ,18,14,19,
		32 ,18,19,23 ,18,19,23,
		32 ,23,19,24 ,23,19,24
	]

}
