{
	"metadata" : {
		"formatVersion" : 3,
		"description" : "Exported from LibZinc."
	},

	"vertices" : [
		159.545502,41.217831,-450.156891,186.664322,37.387676,-450.022095,218.637543,35.813309,-449.979584,252.428375,35.504269,-449.986481,285.000000,35.470089,-450.000000,157.933548,41.121319,-437.449188,185.276901,37.339138,-437.220673,217.751404,36.018780,-437.238098,252.069794,35.969536,-437.373932,284.944794,36.000683,-437.500610,
		157.144516,40.806061,-424.652954,184.537445,37.332497,-424.146515,217.195938,36.320274,-424.285126,251.749466,36.482834,-424.694641,284.827454,36.533600,-425.000916,157.342773,40.457451,-411.921417,184.951019,37.571217,-411.060364,217.428329,36.756653,-411.311584,251.714890,36.896111,-412.012543,284.750946,36.871952,-412.500763,
		158.692703,40.260891,-399.407806,187.022644,38.258774,-398.222931,218.905716,37.366768,-398.508392,252.213623,37.061310,-399.391571,284.818115,36.818829,-400.000000
	],

	"normals" : [
		-0.217648,-0.975620,-0.028196,-0.084094,-0.996403,-0.010448,-0.023256,-0.999659,0.011887,-0.000178,-0.999514,0.031188,-0.007323,-0.999285,0.037085,-0.221911,-0.974271,-0.039380,-0.076985,-0.996966,-0.011529,-0.014271,-0.999731,0.018291,0.005724,-0.999153,0.040746,-0.010356,-0.998932,0.045034,
		-0.210831,-0.976964,-0.033037,-0.066190,-0.997794,0.004998,-0.005882,-0.999597,0.027773,0.009804,-0.999207,0.038587,-0.013736,-0.999209,0.037321,-0.174165,-0.984626,-0.013344,-0.054588,-0.997793,0.037794,-0.003764,-0.999185,0.040191,0.007645,-0.999666,0.024668,-0.015169,-0.999787,0.014005,
		-0.106146,-0.994275,0.012290,-0.045302,-0.995070,0.088229,-0.014198,-0.998185,0.058527,-0.005612,-0.999984,-0.000273,-0.012359,-0.999612,-0.024976
	],

	"faces": [
		32 ,0,1,5 ,0,1,5,
		32 ,5,1,6 ,5,1,6,
		32 ,5,6,10 ,5,6,10,
		32 ,10,6,11 ,10,6,11,
		32 ,10,11,15 ,10,11,15,
		32 ,15,11,16 ,15,11,16,
		32 ,15,16,20 ,15,16,20,
		32 ,20,16,21 ,20,16,21,
		32 ,1,2,6 ,1,2,6,
		32 ,6,2,7 ,6,2,7,
		32 ,6,7,11 ,6,7,11,
		32 ,11,7,12 ,11,7,12,
		32 ,11,12,16 ,11,12,16,
		32 ,16,12,17 ,16,12,17,
		32 ,16,17,21 ,16,17,21,
		32 ,21,17,22 ,21,17,22,
		32 ,2,3,7 ,2,3,7,
		32 ,7,3,8 ,7,3,8,
		32 ,7,8,12 ,7,8,12,
		32 ,12,8,13 ,12,8,13,
		32 ,12,13,17 ,12,13,17,
		32 ,17,13,18 ,17,13,18,
		32 ,17,18,22 ,17,18,22,
		32 ,22,18,23 ,22,18,23,
		32 ,3,4,8 ,3,4,8,
		32 ,8,4,9 ,8,4,9,
		32 ,8,9,13 ,8,9,13,
		32 ,13,9,14 ,13,9,14,
		32 ,13,14,18 ,13,14,18,
		32 ,18,14,19 ,18,14,19,
		32 ,18,19,23 ,18,19,23,
		32 ,23,19,24 ,23,19,24
	]

}
