{
	"metadata" : {
		"formatVersion" : 3,
		"description" : "Exported from LibZinc."
	},

	"vertices" : [
		416.014801,203.825195,-1854.000000,421.379639,201.196640,-1854.989868,427.373505,198.734451,-1855.509155,433.446198,196.237961,-1856.023682,439.047485,193.506500,-1857.000000,417.587036,192.383286,-1844.069458,422.466309,189.609787,-1845.225830,428.260864,186.853333,-1846.243530,434.160736,184.095978,-1847.256226,439.356110,181.319778,-1848.397461,
		420.652679,180.534409,-1832.043579,424.916443,177.476425,-1833.623169,429.855011,174.448471,-1835.260498,434.948761,171.446579,-1836.870483,439.678009,168.466782,-1838.368408,423.530640,168.215164,-1819.995972,427.125336,164.807632,-1822.101929,431.041016,161.507935,-1824.355103,435.185028,158.266983,-1826.531006,439.464630,155.035736,-1828.405029,
		424.539703,155.362106,-1810.000000,427.488373,151.614487,-1812.581909,430.703888,148.019745,-1815.322754,434.244263,144.534378,-1817.902222,438.167511,141.114899,-1820.000000
	],

	"normals" : [
		-0.494175,-0.519035,-0.697419,-0.330015,-0.551825,-0.765885,-0.272450,-0.539162,-0.796916,-0.312527,-0.510779,-0.800894,-0.463234,-0.473132,-0.749373,-0.580935,-0.630629,-0.514608,-0.447164,-0.648341,-0.616196,-0.398771,-0.623894,-0.672115,-0.413658,-0.583978,-0.698467,-0.509692,-0.532301,-0.675921,
		-0.670964,-0.611230,-0.419768,-0.584140,-0.621926,-0.521524,-0.541871,-0.594535,-0.594057,-0.532130,-0.553445,-0.640731,-0.558997,-0.513275,-0.651208,-0.756164,-0.507324,-0.413325,-0.722458,-0.493068,-0.484705,-0.686454,-0.465721,-0.558467,-0.642799,-0.442099,-0.625587,-0.588908,-0.438991,-0.678583,
		-0.814712,-0.287233,-0.503728,-0.793976,-0.257867,-0.550551,-0.753082,-0.250827,-0.608238,-0.683088,-0.265671,-0.680301,-0.571837,-0.302705,-0.762477
	],

	"faces": [
		32 ,0,1,5 ,0,1,5,
		32 ,5,1,6 ,5,1,6,
		32 ,5,6,10 ,5,6,10,
		32 ,10,6,11 ,10,6,11,
		32 ,10,11,15 ,10,11,15,
		32 ,15,11,16 ,15,11,16,
		32 ,15,16,20 ,15,16,20,
		32 ,20,16,21 ,20,16,21,
		32 ,1,2,6 ,1,2,6,
		32 ,6,2,7 ,6,2,7,
		32 ,6,7,11 ,6,7,11,
		32 ,11,7,12 ,11,7,12,
		32 ,11,12,16 ,11,12,16,
		32 ,16,12,17 ,16,12,17,
		32 ,16,17,21 ,16,17,21,
		32 ,21,17,22 ,21,17,22,
		32 ,2,3,7 ,2,3,7,
		32 ,7,3,8 ,7,3,8,
		32 ,7,8,12 ,7,8,12,
		32 ,12,8,13 ,12,8,13,
		32 ,12,13,17 ,12,13,17,
		32 ,17,13,18 ,17,13,18,
		32 ,17,18,22 ,17,18,22,
		32 ,22,18,23 ,22,18,23,
		32 ,3,4,8 ,3,4,8,
		32 ,8,4,9 ,8,4,9,
		32 ,8,9,13 ,8,9,13,
		32 ,13,9,14 ,13,9,14,
		32 ,13,14,18 ,13,14,18,
		32 ,18,14,19 ,18,14,19,
		32 ,18,19,23 ,18,19,23,
		32 ,23,19,24 ,23,19,24
	]

}
