{
	"metadata" : {
		"formatVersion" : 3,
		"description" : "Exported from LibZinc."
	},

	"vertices" : [
		-4.595276,40.713120,-974.424316,-3.224452,42.138599,-973.818665,-2.272593,43.728264,-973.606689,-1.810790,45.494305,-973.792236,-1.910136,47.448921,-974.379211,-7.172551,43.023449,-969.496033,-5.484394,44.675018,-969.072144,-4.302182,46.605885,-969.169067,-3.722346,48.757542,-969.684631,-3.841317,51.071476,-970.516602,
		-10.475241,46.248318,-963.487427,-8.454264,48.112217,-963.368713,-7.029590,50.440441,-963.932983,-6.316226,53.023243,-964.906555,-6.429177,55.650875,-966.015930,-13.840477,49.853970,-957.283569,-11.478013,51.936577,-957.518188,-9.799632,54.652065,-958.528748,-8.944220,57.647591,-959.919617,-9.050665,60.570297,-961.295410,
		-16.605391,53.306648,-951.769287,-13.899597,55.634491,-952.330322,-11.957125,58.660908,-953.586731,-10.958121,61.986755,-955.185364,-11.082730,65.212914,-956.773315
	],

	"normals" : [
		0.399844,-0.763461,0.507201,0.588048,-0.604412,0.537481,0.793557,-0.344474,0.501602,0.931319,-0.021320,0.363581,0.952072,0.253156,0.171671,0.361287,-0.737060,0.571152,0.594959,-0.528659,0.605429,0.782047,-0.252231,0.569896,0.898192,0.036228,0.438109,0.929123,0.288735,0.231004,
		0.349882,-0.721793,0.597158,0.643878,-0.448248,0.620076,0.811651,-0.172067,0.558226,0.899954,0.068429,0.430582,0.927026,0.298399,0.227115,0.367074,-0.698200,0.614633,0.683672,-0.396874,0.612441,0.839516,-0.143901,0.523933,0.918369,0.066344,0.390123,0.938560,0.294880,0.179308,
		0.420601,-0.657565,0.625063,0.703579,-0.395498,0.590387,0.864437,-0.185978,0.467078,0.952620,0.016950,0.303691,0.960152,0.270088,0.071837
	],

	"faces": [
		32 ,0,1,5 ,0,1,5,
		32 ,5,1,6 ,5,1,6,
		32 ,5,6,10 ,5,6,10,
		32 ,10,6,11 ,10,6,11,
		32 ,10,11,15 ,10,11,15,
		32 ,15,11,16 ,15,11,16,
		32 ,15,16,20 ,15,16,20,
		32 ,20,16,21 ,20,16,21,
		32 ,1,2,6 ,1,2,6,
		32 ,6,2,7 ,6,2,7,
		32 ,6,7,11 ,6,7,11,
		32 ,11,7,12 ,11,7,12,
		32 ,11,12,16 ,11,12,16,
		32 ,16,12,17 ,16,12,17,
		32 ,16,17,21 ,16,17,21,
		32 ,21,17,22 ,21,17,22,
		32 ,2,3,7 ,2,3,7,
		32 ,7,3,8 ,7,3,8,
		32 ,7,8,12 ,7,8,12,
		32 ,12,8,13 ,12,8,13,
		32 ,12,13,17 ,12,13,17,
		32 ,17,13,18 ,17,13,18,
		32 ,17,18,22 ,17,18,22,
		32 ,22,18,23 ,22,18,23,
		32 ,3,4,8 ,3,4,8,
		32 ,8,4,9 ,8,4,9,
		32 ,8,9,13 ,8,9,13,
		32 ,13,9,14 ,13,9,14,
		32 ,13,14,18 ,13,14,18,
		32 ,18,14,19 ,18,14,19,
		32 ,18,19,23 ,18,19,23,
		32 ,23,19,24 ,23,19,24
	]

}
