{
	"metadata" : {
		"formatVersion" : 3,
		"description" : "Exported from LibZinc."
	},

	"vertices" : [
		-10.660380,39.708939,-980.087891,-9.658582,38.086002,-978.647461,-8.098586,38.179798,-977.029358,-6.303211,39.289211,-975.524658,-4.595276,40.713120,-974.424316,-14.324344,43.172569,-975.387939,-13.183326,41.146622,-973.809265,-11.363842,40.820404,-972.096497,-9.236661,41.632992,-970.556458,-7.172551,43.023449,-969.496033,
		-18.484636,48.015236,-969.381653,-17.269747,45.708473,-967.744690,-15.272718,44.806122,-965.981934,-12.879298,45.066597,-964.445496,-10.475241,46.248318,-963.487427,-22.526281,53.222416,-962.959412,-21.302410,50.668449,-961.279297,-19.187925,49.186325,-959.511414,-16.571167,48.880131,-958.048584,-13.840477,49.853970,-957.283569,
		-25.834311,57.779579,-957.011719,-24.665880,54.923439,-955.238892,-22.472176,53.010391,-953.510864,-19.652308,52.363708,-952.222717,-16.605391,53.306648,-951.769287
	],

	"normals" : [
		-0.809394,-0.387340,-0.441417,-0.486949,-0.871756,0.054051,0.021222,-0.921283,0.388312,0.280721,-0.832599,0.477467,0.399844,-0.763461,0.507201,-0.865771,-0.354326,-0.353403,-0.640773,-0.761657,0.096376,-0.196309,-0.887771,0.416324,0.135892,-0.839775,0.525653,0.361287,-0.737060,0.571152,
		-0.887814,-0.343947,-0.305755,-0.718789,-0.691978,0.067158,-0.370906,-0.860515,0.349204,-0.000683,-0.863341,0.504620,0.349882,-0.721793,0.597158,-0.903113,-0.328262,-0.276823,-0.769859,-0.637888,0.020401,-0.494288,-0.827643,0.265869,-0.101580,-0.876274,0.470984,0.367074,-0.698200,0.614633,
		-0.922290,-0.284754,-0.261336,-0.802325,-0.596208,-0.028468,-0.545909,-0.812656,0.203897,-0.115943,-0.880345,0.459945,0.420601,-0.657565,0.625063
	],

	"faces": [
		32 ,0,1,5 ,0,1,5,
		32 ,5,1,6 ,5,1,6,
		32 ,5,6,10 ,5,6,10,
		32 ,10,6,11 ,10,6,11,
		32 ,10,11,15 ,10,11,15,
		32 ,15,11,16 ,15,11,16,
		32 ,15,16,20 ,15,16,20,
		32 ,20,16,21 ,20,16,21,
		32 ,1,2,6 ,1,2,6,
		32 ,6,2,7 ,6,2,7,
		32 ,6,7,11 ,6,7,11,
		32 ,11,7,12 ,11,7,12,
		32 ,11,12,16 ,11,12,16,
		32 ,16,12,17 ,16,12,17,
		32 ,16,17,21 ,16,17,21,
		32 ,21,17,22 ,21,17,22,
		32 ,2,3,7 ,2,3,7,
		32 ,7,3,8 ,7,3,8,
		32 ,7,8,12 ,7,8,12,
		32 ,12,8,13 ,12,8,13,
		32 ,12,13,17 ,12,13,17,
		32 ,17,13,18 ,17,13,18,
		32 ,17,18,22 ,17,18,22,
		32 ,22,18,23 ,22,18,23,
		32 ,3,4,8 ,3,4,8,
		32 ,8,4,9 ,8,4,9,
		32 ,8,9,13 ,8,9,13,
		32 ,13,9,14 ,13,9,14,
		32 ,13,14,18 ,13,14,18,
		32 ,18,14,19 ,18,14,19,
		32 ,18,19,23 ,18,19,23,
		32 ,23,19,24 ,23,19,24
	]

}
