{
	"metadata" : {
		"formatVersion" : 3,
		"description" : "Exported from LibZinc."
	},

	"vertices" : [
		-16.605391,53.306648,-951.769287,-13.899597,55.634491,-952.330322,-11.957125,58.660908,-953.586731,-10.958121,61.986755,-955.185364,-11.082730,65.212914,-956.773315,-18.547409,56.024643,-947.175232,-15.455416,58.806396,-948.070190,-13.120051,62.413273,-949.542419,-11.824975,66.188881,-951.248657,-11.853848,69.476822,-952.845581,
		-19.822538,58.037258,-942.804932,-16.310532,61.480240,-944.052307,-13.458526,66.076241,-945.885742,-11.691774,70.527946,-947.764893,-11.435527,73.538033,-949.149536,-20.335783,59.727272,-938.153076,-16.451878,63.783684,-939.660767,-13.145565,69.401070,-941.828369,-10.930230,74.548882,-943.861328,-10.319263,77.196571,-944.965088,
		-19.992140,61.477459,-932.714172,-15.866397,65.844383,-934.279663,-12.354183,72.139030,-936.582214,-9.912051,77.796646,-938.665283,-8.996551,80.252457,-939.572205
	],

	"normals" : [
		0.420601,-0.657565,0.625063,0.703579,-0.395498,0.590387,0.864437,-0.185978,0.467078,0.952620,0.016950,0.303691,0.960152,0.270088,0.071837,0.506955,-0.672515,0.539185,0.739916,-0.421429,0.524329,0.873962,-0.246952,0.418576,0.976629,-0.091140,0.194649,0.967570,0.178794,-0.178441,
		0.559943,-0.721899,0.406602,0.798705,-0.467608,0.378700,0.895516,-0.324743,0.304291,0.969592,-0.214407,0.117988,0.926720,0.140016,-0.348692,0.567041,-0.777775,0.271166,0.832817,-0.517830,0.195623,0.907282,-0.392725,0.150352,0.948250,-0.312175,0.058050,0.881784,0.229174,-0.412234,
		0.530768,-0.825621,0.191402,0.835301,-0.547731,0.047571,0.905284,-0.424340,0.019885,0.931832,-0.362857,0.004936,0.875843,-0.481643,0.030335
	],

	"faces": [
		32 ,0,1,5 ,0,1,5,
		32 ,5,1,6 ,5,1,6,
		32 ,5,6,10 ,5,6,10,
		32 ,10,6,11 ,10,6,11,
		32 ,10,11,15 ,10,11,15,
		32 ,15,11,16 ,15,11,16,
		32 ,15,16,20 ,15,16,20,
		32 ,20,16,21 ,20,16,21,
		32 ,1,2,6 ,1,2,6,
		32 ,6,2,7 ,6,2,7,
		32 ,6,7,11 ,6,7,11,
		32 ,11,7,12 ,11,7,12,
		32 ,11,12,16 ,11,12,16,
		32 ,16,12,17 ,16,12,17,
		32 ,16,17,21 ,16,17,21,
		32 ,21,17,22 ,21,17,22,
		32 ,2,3,7 ,2,3,7,
		32 ,7,3,8 ,7,3,8,
		32 ,7,8,12 ,7,8,12,
		32 ,12,8,13 ,12,8,13,
		32 ,12,13,17 ,12,13,17,
		32 ,17,13,18 ,17,13,18,
		32 ,17,18,22 ,17,18,22,
		32 ,22,18,23 ,22,18,23,
		32 ,3,4,8 ,3,4,8,
		32 ,8,4,9 ,8,4,9,
		32 ,8,9,13 ,8,9,13,
		32 ,13,9,14 ,13,9,14,
		32 ,13,14,18 ,13,14,18,
		32 ,18,14,19 ,18,14,19,
		32 ,18,19,23 ,18,19,23,
		32 ,23,19,24 ,23,19,24
	]

}
