{
	"metadata" : {
		"formatVersion" : 3,
		"description" : "Exported from LibZinc."
	},

	"vertices" : [
		26.968229,52.224602,-998.364319,26.968229,52.224602,-998.364319,26.968229,52.224602,-998.364319,26.968229,52.224602,-998.364319,26.968229,52.224602,-998.364319,28.160730,54.490871,-998.797607,27.422583,54.000771,-999.175232,26.622816,53.396271,-999.479919,25.842745,52.633530,-999.616150,25.163681,51.668686,-999.488464,
		28.395828,56.384830,-998.631897,27.202192,55.570641,-999.227600,25.875700,54.565281,-999.704285,24.612799,53.339821,-999.915222,23.609934,51.865330,-999.713684,27.176687,58.681667,-997.549500,25.700354,57.595921,-998.261108,24.051085,56.271271,-998.816406,22.527340,54.714668,-999.045715,21.427580,52.933048,-998.779419,
		24.006470,62.156570,-995.232727,22.310368,60.738316,-996.015259,20.473181,59.053883,-996.595093,18.835323,57.129246,-996.791931,17.737209,54.990379,-996.425415
	],

	"normals" : [
		0.612374,-0.484562,-0.624658,0.612374,-0.484562,-0.624658,0.612374,-0.484562,-0.624658,0.612374,-0.484562,-0.624658,0.612374,-0.484562,-0.624658,0.615408,-0.320224,-0.720229,0.563864,-0.311237,-0.764976,0.505739,-0.320918,-0.800774,0.450585,-0.371796,-0.811629,0.426331,-0.449141,-0.785184,
		0.292912,0.322415,-0.900139,0.185652,0.312052,-0.931749,0.052664,0.257035,-0.964966,-0.094851,0.103641,-0.990082,-0.229599,-0.157453,-0.960465,0.064708,0.547804,-0.834101,-0.031270,0.512507,-0.858114,-0.156555,0.436175,-0.886139,-0.322919,0.268550,-0.907527,-0.515203,-0.043517,-0.855963,
		-0.021976,0.560372,-0.827949,-0.109650,0.516727,-0.849100,-0.230379,0.430380,-0.872754,-0.397075,0.254111,-0.881907,-0.579332,-0.071948,-0.811910
	],

	"faces": [
		32 ,0,1,5 ,0,1,5,
		32 ,5,1,6 ,5,1,6,
		32 ,5,6,10 ,5,6,10,
		32 ,10,6,11 ,10,6,11,
		32 ,10,11,15 ,10,11,15,
		32 ,15,11,16 ,15,11,16,
		32 ,15,16,20 ,15,16,20,
		32 ,20,16,21 ,20,16,21,
		32 ,1,2,6 ,1,2,6,
		32 ,6,2,7 ,6,2,7,
		32 ,6,7,11 ,6,7,11,
		32 ,11,7,12 ,11,7,12,
		32 ,11,12,16 ,11,12,16,
		32 ,16,12,17 ,16,12,17,
		32 ,16,17,21 ,16,17,21,
		32 ,21,17,22 ,21,17,22,
		32 ,2,3,7 ,2,3,7,
		32 ,7,3,8 ,7,3,8,
		32 ,7,8,12 ,7,8,12,
		32 ,12,8,13 ,12,8,13,
		32 ,12,13,17 ,12,13,17,
		32 ,17,13,18 ,17,13,18,
		32 ,17,18,22 ,17,18,22,
		32 ,22,18,23 ,22,18,23,
		32 ,3,4,8 ,3,4,8,
		32 ,8,4,9 ,8,4,9,
		32 ,8,9,13 ,8,9,13,
		32 ,13,9,14 ,13,9,14,
		32 ,13,14,18 ,13,14,18,
		32 ,18,14,19 ,18,14,19,
		32 ,18,19,23 ,18,19,23,
		32 ,23,19,24 ,23,19,24
	]

}
