{
	"metadata" : {
		"formatVersion" : 3,
		"description" : "Exported from LibZinc."
	},

	"vertices" : [
		19.670630,49.859699,-990.865784,22.100533,52.161400,-989.769592,24.540113,55.495281,-989.442017,26.474510,59.058960,-989.825684,27.388861,62.050049,-990.863403,15.167312,53.184319,-985.727478,17.801710,55.957123,-984.554504,20.252491,59.826202,-984.326721,22.052608,63.900867,-984.922546,22.735012,67.290436,-986.220276,
		9.762928,57.905182,-979.368896,12.365887,61.060936,-978.289978,14.538214,65.425095,-978.269714,15.962070,69.951973,-979.095520,16.319614,73.595909,-980.554810,4.287228,63.117802,-972.558777,6.792458,66.559326,-971.692993,8.600267,71.263786,-971.899536,9.585500,76.102150,-972.920166,9.622999,79.945396,-974.496643,
		-0.430042,67.917686,-966.065613,2.080817,71.538780,-965.480530,3.641639,76.314102,-965.844849,4.305505,81.241249,-966.972046,4.125494,85.317818,-968.675415
	],

	"normals" : [
		0.157368,-0.802330,0.575762,0.453347,-0.553419,0.698716,0.598329,-0.372139,0.709588,0.712390,-0.171715,0.680451,0.847546,0.192189,0.494701,0.135590,-0.748528,0.649093,0.441124,-0.481626,0.757262,0.576730,-0.270173,0.770967,0.679234,-0.048392,0.732324,0.794816,0.313225,0.519766,
		0.160827,-0.715889,0.679439,0.494883,-0.407321,0.767581,0.623971,-0.177837,0.760943,0.705608,0.039339,0.707510,0.786986,0.371815,0.492348,0.224823,-0.684058,0.693916,0.570585,-0.341780,0.746739,0.693733,-0.103902,0.712699,0.755924,0.102692,0.646555,0.802198,0.395518,0.447264,
		0.332703,-0.651184,0.682105,0.653639,-0.316001,0.687677,0.782628,-0.076462,0.617776,0.834216,0.124753,0.537141,0.849885,0.368681,0.376524
	],

	"faces": [
		32 ,0,1,5 ,0,1,5,
		32 ,5,1,6 ,5,1,6,
		32 ,5,6,10 ,5,6,10,
		32 ,10,6,11 ,10,6,11,
		32 ,10,11,15 ,10,11,15,
		32 ,15,11,16 ,15,11,16,
		32 ,15,16,20 ,15,16,20,
		32 ,20,16,21 ,20,16,21,
		32 ,1,2,6 ,1,2,6,
		32 ,6,2,7 ,6,2,7,
		32 ,6,7,11 ,6,7,11,
		32 ,11,7,12 ,11,7,12,
		32 ,11,12,16 ,11,12,16,
		32 ,16,12,17 ,16,12,17,
		32 ,16,17,21 ,16,17,21,
		32 ,21,17,22 ,21,17,22,
		32 ,2,3,7 ,2,3,7,
		32 ,7,3,8 ,7,3,8,
		32 ,7,8,12 ,7,8,12,
		32 ,12,8,13 ,12,8,13,
		32 ,12,13,17 ,12,13,17,
		32 ,17,13,18 ,17,13,18,
		32 ,17,18,22 ,17,18,22,
		32 ,22,18,23 ,22,18,23,
		32 ,3,4,8 ,3,4,8,
		32 ,8,4,9 ,8,4,9,
		32 ,8,9,13 ,8,9,13,
		32 ,13,9,14 ,13,9,14,
		32 ,13,14,18 ,13,14,18,
		32 ,18,14,19 ,18,14,19,
		32 ,18,19,23 ,18,19,23,
		32 ,23,19,24 ,23,19,24
	]

}
