{
	"metadata" : {
		"formatVersion" : 3,
		"description" : "Exported from LibZinc."
	},

	"vertices" : [
		24.006470,62.156570,-995.232727,22.310368,60.738316,-996.015259,20.473181,59.053883,-996.595093,18.835323,57.129246,-996.791931,17.737209,54.990379,-996.425415,18.288239,67.379158,-991.397400,16.438032,65.527489,-992.203796,14.531203,63.299080,-992.724365,12.911176,60.819550,-992.802185,11.921375,58.214523,-992.280334,
		10.795306,73.784660,-986.344666,8.863535,71.479660,-987.102356,6.989114,68.587196,-987.473511,5.507358,65.444061,-987.353760,4.753582,62.387043,-986.638794,3.086201,80.446663,-980.634460,1.041749,77.736351,-981.293640,-0.766760,74.249435,-981.499695,-2.060125,70.507713,-981.174316,-2.559146,67.033012,-980.238953,
		-3.280547,86.438751,-974.826782,-5.572448,83.439102,-975.360291,-7.350090,79.616974,-975.460144,-8.475270,75.515419,-974.991333,-8.809784,71.677498,-973.818787
	],

	"normals" : [
		-0.021976,0.560372,-0.827949,-0.109650,0.516727,-0.849100,-0.230379,0.430380,-0.872754,-0.397075,0.254111,-0.881907,-0.579332,-0.071948,-0.811910,-0.078463,0.544562,-0.835042,-0.192256,0.469009,-0.862014,-0.325303,0.368677,-0.870779,-0.482974,0.191379,-0.854465,-0.637211,-0.117556,-0.761671,
		-0.130938,0.531275,-0.837020,-0.289291,0.403672,-0.867963,-0.425918,0.280302,-0.860247,-0.563519,0.105726,-0.819310,-0.689916,-0.186371,-0.699486,-0.199340,0.523515,-0.828370,-0.386151,0.358100,-0.850089,-0.520355,0.214175,-0.826656,-0.642968,0.036227,-0.765036,-0.745669,-0.245607,-0.619399,
		-0.299989,0.541921,-0.785066,-0.490892,0.365128,-0.791016,-0.623170,0.196477,-0.757005,-0.738296,0.004312,-0.674463,-0.816876,-0.255088,-0.517343
	],

	"faces": [
		32 ,0,1,5 ,0,1,5,
		32 ,5,1,6 ,5,1,6,
		32 ,5,6,10 ,5,6,10,
		32 ,10,6,11 ,10,6,11,
		32 ,10,11,15 ,10,11,15,
		32 ,15,11,16 ,15,11,16,
		32 ,15,16,20 ,15,16,20,
		32 ,20,16,21 ,20,16,21,
		32 ,1,2,6 ,1,2,6,
		32 ,6,2,7 ,6,2,7,
		32 ,6,7,11 ,6,7,11,
		32 ,11,7,12 ,11,7,12,
		32 ,11,12,16 ,11,12,16,
		32 ,16,12,17 ,16,12,17,
		32 ,16,17,21 ,16,17,21,
		32 ,21,17,22 ,21,17,22,
		32 ,2,3,7 ,2,3,7,
		32 ,7,3,8 ,7,3,8,
		32 ,7,8,12 ,7,8,12,
		32 ,12,8,13 ,12,8,13,
		32 ,12,13,17 ,12,13,17,
		32 ,17,13,18 ,17,13,18,
		32 ,17,18,22 ,17,18,22,
		32 ,22,18,23 ,22,18,23,
		32 ,3,4,8 ,3,4,8,
		32 ,8,4,9 ,8,4,9,
		32 ,8,9,13 ,8,9,13,
		32 ,13,9,14 ,13,9,14,
		32 ,13,14,18 ,13,14,18,
		32 ,18,14,19 ,18,14,19,
		32 ,18,19,23 ,18,19,23,
		32 ,23,19,24 ,23,19,24
	]

}
