{
	"metadata" : {
		"formatVersion" : 3,
		"description" : "Exported from LibZinc."
	},

	"vertices" : [
		457.657990,180.792496,-1863.000000,461.721039,178.368118,-1864.136719,465.588379,176.393295,-1865.109619,469.406128,174.729401,-1865.777710,473.320312,173.237793,-1866.000000,457.737000,167.763824,-1854.710938,461.491882,165.222519,-1855.847778,465.380402,162.967651,-1856.891357,469.281586,161.057022,-1857.565308,473.074585,159.548401,-1857.593384,
		457.588776,154.311234,-1844.494995,461.204987,151.521591,-1845.568359,464.832733,148.998215,-1846.473999,468.526215,146.889450,-1846.943481,472.339661,145.343674,-1846.708740,456.887024,140.618042,-1834.031616,460.466827,137.624344,-1834.943115,463.797668,134.934998,-1835.588867,467.226837,132.751099,-1835.753052,471.101593,131.273788,-1835.219727,
		455.305511,126.867599,-1825.000000,458.883820,123.889763,-1825.616943,462.127472,121.228027,-1825.967529,465.470306,119.166405,-1825.834473,469.346313,117.988899,-1825.000000
	],

	"normals" : [
		-0.480103,-0.413513,-0.773633,-0.444360,-0.409927,-0.796558,-0.377843,-0.414057,-0.828125,-0.275945,-0.421460,-0.863844,-0.148263,-0.438754,-0.886292,-0.556400,-0.485287,-0.674475,-0.515331,-0.490718,-0.702588,-0.441539,-0.505657,-0.741185,-0.317747,-0.533728,-0.783691,-0.114157,-0.571672,-0.812502,
		-0.580201,-0.491306,-0.649604,-0.558570,-0.496342,-0.664563,-0.476802,-0.522708,-0.706708,-0.315953,-0.572574,-0.756527,-0.059607,-0.624492,-0.778753,-0.550162,-0.463147,-0.694850,-0.557799,-0.464212,-0.688017,-0.470204,-0.502925,-0.725241,-0.265605,-0.573846,-0.774696,0.017532,-0.630479,-0.776008,
		-0.443855,-0.387816,-0.807831,-0.466498,-0.400142,-0.788838,-0.374529,-0.452018,-0.809572,-0.144101,-0.530112,-0.835593,0.146053,-0.586456,-0.796704
	],

	"faces": [
		32 ,0,1,5 ,0,1,5,
		32 ,5,1,6 ,5,1,6,
		32 ,5,6,10 ,5,6,10,
		32 ,10,6,11 ,10,6,11,
		32 ,10,11,15 ,10,11,15,
		32 ,15,11,16 ,15,11,16,
		32 ,15,16,20 ,15,16,20,
		32 ,20,16,21 ,20,16,21,
		32 ,1,2,6 ,1,2,6,
		32 ,6,2,7 ,6,2,7,
		32 ,6,7,11 ,6,7,11,
		32 ,11,7,12 ,11,7,12,
		32 ,11,12,16 ,11,12,16,
		32 ,16,12,17 ,16,12,17,
		32 ,16,17,21 ,16,17,21,
		32 ,21,17,22 ,21,17,22,
		32 ,2,3,7 ,2,3,7,
		32 ,7,3,8 ,7,3,8,
		32 ,7,8,12 ,7,8,12,
		32 ,12,8,13 ,12,8,13,
		32 ,12,13,17 ,12,13,17,
		32 ,17,13,18 ,17,13,18,
		32 ,17,18,22 ,17,18,22,
		32 ,22,18,23 ,22,18,23,
		32 ,3,4,8 ,3,4,8,
		32 ,8,4,9 ,8,4,9,
		32 ,8,9,13 ,8,9,13,
		32 ,13,9,14 ,13,9,14,
		32 ,13,14,18 ,13,14,18,
		32 ,18,14,19 ,18,14,19,
		32 ,18,19,23 ,18,19,23,
		32 ,23,19,24 ,23,19,24
	]

}
