{
	"metadata" : {
		"formatVersion" : 3,
		"description" : "Exported from LibZinc."
	},

	"vertices" : [
		-0.430042,67.917686,-966.065613,2.080817,71.538780,-965.480530,3.641639,76.314102,-965.844849,4.305505,81.241249,-966.972046,4.125494,85.317818,-968.675415,-4.289782,71.755280,-959.676331,-1.858361,75.337456,-959.518738,0.027693,80.249527,-960.217468,1.115850,85.333260,-961.541565,1.153580,89.430443,-963.260010,
		-7.375085,74.887138,-952.898193,-5.265243,78.224678,-953.289062,-2.552244,83.608757,-954.606689,-0.314787,89.132736,-956.306213,0.368425,92.889969,-957.842407,-9.129494,77.617958,-946.080444,-7.366703,80.683693,-946.931396,-3.909236,86.661469,-948.857605,-0.591426,92.715378,-950.921875,0.752394,96.009514,-952.187012,
		-8.996551,80.252457,-939.572205,-7.389613,83.197723,-940.585632,-3.854350,89.677315,-942.815125,-0.319086,96.156906,-945.044617,1.287852,99.102173,-946.057983
	],

	"normals" : [
		0.332703,-0.651184,0.682105,0.653639,-0.316001,0.687677,0.782628,-0.076462,0.617776,0.834216,0.124753,0.537141,0.849885,0.368681,0.376524,0.477503,-0.649259,0.591992,0.721795,-0.314865,0.616337,0.826198,-0.132643,0.547542,0.924334,0.007487,0.381511,0.959796,0.246857,0.133617,
		0.623980,-0.612063,0.485827,0.795470,-0.339115,0.502224,0.851870,-0.266996,0.450589,0.935507,-0.212061,0.282590,0.984842,0.151832,-0.083863,0.874626,-0.399846,0.274140,0.859128,-0.404693,0.313244,0.868136,-0.394133,0.301660,0.897349,-0.380737,0.223168,0.971465,0.150749,-0.183111,
		-0.698046,0.698046,-0.159573,0.881093,-0.472310,0.024455,0.887718,-0.448344,0.104612,0.888198,-0.422389,0.180807,0.999178,-0.029859,-0.027421
	],

	"faces": [
		32 ,0,1,5 ,0,1,5,
		32 ,5,1,6 ,5,1,6,
		32 ,5,6,10 ,5,6,10,
		32 ,10,6,11 ,10,6,11,
		32 ,10,11,15 ,10,11,15,
		32 ,15,11,16 ,15,11,16,
		32 ,15,16,20 ,15,16,20,
		32 ,20,16,21 ,20,16,21,
		32 ,1,2,6 ,1,2,6,
		32 ,6,2,7 ,6,2,7,
		32 ,6,7,11 ,6,7,11,
		32 ,11,7,12 ,11,7,12,
		32 ,11,12,16 ,11,12,16,
		32 ,16,12,17 ,16,12,17,
		32 ,16,17,21 ,16,17,21,
		32 ,21,17,22 ,21,17,22,
		32 ,2,3,7 ,2,3,7,
		32 ,7,3,8 ,7,3,8,
		32 ,7,8,12 ,7,8,12,
		32 ,12,8,13 ,12,8,13,
		32 ,12,13,17 ,12,13,17,
		32 ,17,13,18 ,17,13,18,
		32 ,17,18,22 ,17,18,22,
		32 ,22,18,23 ,22,18,23,
		32 ,3,4,8 ,3,4,8,
		32 ,8,4,9 ,8,4,9,
		32 ,8,9,13 ,8,9,13,
		32 ,13,9,14 ,13,9,14,
		32 ,13,14,18 ,13,14,18,
		32 ,18,14,19 ,18,14,19,
		32 ,18,19,23 ,18,19,23,
		32 ,23,19,24 ,23,19,24
	]

}
