{
	"metadata" : {
		"formatVersion" : 3,
		"description" : "Exported from LibZinc."
	},

	"vertices" : [
		4.125494,85.317818,-968.675415,3.108961,87.810249,-970.589539,1.381826,88.740555,-972.363037,-0.824985,88.239723,-973.830627,-3.280547,86.438751,-974.826782,1.153580,89.430443,-963.260010,-0.006496,92.032639,-965.150696,-2.074096,93.355965,-966.973816,-4.645254,93.329033,-968.471985,-7.316005,91.880440,-969.387695,
		0.368425,92.889969,-957.842407,-1.109654,95.104088,-959.467407,-3.965005,96.932167,-961.428711,-7.189728,97.867760,-963.174866,-9.775923,97.404442,-964.154358,0.752394,96.009514,-952.187012,-1.163897,97.702011,-953.474548,-5.142362,100.124290,-955.613708,-9.291246,102.200325,-957.678650,-11.718794,102.854103,-958.743469,
		1.287852,99.102173,-946.057983,-1.132611,100.503830,-947.106995,-6.457629,103.587486,-949.414856,-11.782647,106.671143,-951.722656,-14.203110,108.072800,-952.771729
	],

	"normals" : [
		0.849885,0.368681,0.376524,0.758047,0.651969,0.017332,0.430121,0.793514,-0.430502,0.018061,0.714555,-0.699347,-0.299989,0.541921,-0.785066,0.959796,0.246857,0.133617,0.801200,0.590825,-0.094888,0.479527,0.799340,-0.362091,0.089637,0.765381,-0.637305,-0.312867,0.559867,-0.767244,
		0.984842,0.151832,-0.083863,0.748856,0.619443,-0.235596,0.545873,0.776430,-0.314925,0.326439,0.792578,-0.515032,-0.263894,0.613208,-0.744538,0.971465,0.150749,-0.183111,0.651364,0.693995,-0.306751,0.576572,0.759278,-0.301765,0.513494,0.764580,-0.389539,-0.116644,0.697713,-0.706817,
		0.000000,0.896564,-0.442914,0.576483,0.746021,-0.333347,0.572589,0.761554,-0.303608,0.571689,0.764702,-0.297326,-0.867883,-0.495850,-0.030208
	],

	"faces": [
		32 ,0,1,5 ,0,1,5,
		32 ,5,1,6 ,5,1,6,
		32 ,5,6,10 ,5,6,10,
		32 ,10,6,11 ,10,6,11,
		32 ,10,11,15 ,10,11,15,
		32 ,15,11,16 ,15,11,16,
		32 ,15,16,20 ,15,16,20,
		32 ,20,16,21 ,20,16,21,
		32 ,1,2,6 ,1,2,6,
		32 ,6,2,7 ,6,2,7,
		32 ,6,7,11 ,6,7,11,
		32 ,11,7,12 ,11,7,12,
		32 ,11,12,16 ,11,12,16,
		32 ,16,12,17 ,16,12,17,
		32 ,16,17,21 ,16,17,21,
		32 ,21,17,22 ,21,17,22,
		32 ,2,3,7 ,2,3,7,
		32 ,7,3,8 ,7,3,8,
		32 ,7,8,12 ,7,8,12,
		32 ,12,8,13 ,12,8,13,
		32 ,12,13,17 ,12,13,17,
		32 ,17,13,18 ,17,13,18,
		32 ,17,18,22 ,17,18,22,
		32 ,22,18,23 ,22,18,23,
		32 ,3,4,8 ,3,4,8,
		32 ,8,4,9 ,8,4,9,
		32 ,8,9,13 ,8,9,13,
		32 ,13,9,14 ,13,9,14,
		32 ,13,14,18 ,13,14,18,
		32 ,18,14,19 ,18,14,19,
		32 ,18,19,23 ,18,19,23,
		32 ,23,19,24 ,23,19,24
	]

}
