{
	"metadata" : {
		"formatVersion" : 3,
		"description" : "Exported from LibZinc."
	},

	"vertices" : [
		-3.280547,86.438751,-974.826782,-5.572448,83.439102,-975.360291,-7.350090,79.616974,-975.460144,-8.475270,75.515419,-974.991333,-8.809784,71.677498,-973.818787,-7.316005,91.880440,-969.387695,-9.771853,88.755341,-969.588684,-11.821732,84.402115,-969.179871,-13.246820,79.804253,-968.259399,-13.828299,75.945229,-966.925659,
		-9.775923,97.404442,-964.154358,-12.096109,94.260757,-963.799561,-14.731302,88.893295,-962.391357,-16.986343,83.402649,-960.650879,-18.166077,79.889397,-959.299255,-11.718794,102.854103,-958.743469,-13.710605,99.709297,-957.877380,-16.925615,93.285957,-955.613037,-20.032074,86.852623,-953.219727,-21.698229,83.677811,-951.966736,
		-14.203110,108.072800,-952.771729,-15.780727,104.854904,-951.706604,-19.251486,97.775528,-949.363403,-22.722242,90.696159,-947.020203,-24.299860,87.478256,-945.955078
	],

	"normals" : [
		-0.299989,0.541921,-0.785066,-0.490892,0.365128,-0.791016,-0.623170,0.196477,-0.757005,-0.738296,0.004312,-0.674463,-0.816876,-0.255088,-0.517343,-0.312867,0.559867,-0.767244,-0.642358,0.355852,-0.678782,-0.789195,0.217451,-0.574358,-0.851018,0.065820,-0.520995,-0.873538,-0.189781,-0.448234,
		-0.263894,0.613208,-0.744538,-0.778174,0.320771,-0.539954,-0.855005,0.244832,-0.457190,-0.873030,0.173323,-0.455826,-0.893050,-0.024884,-0.449270,-0.116644,0.697713,-0.706817,-0.832197,0.282068,-0.477373,-0.858492,0.254199,-0.445392,-0.852669,0.239078,-0.464540,-0.696623,0.447610,-0.560679,
		0.038051,0.792403,-0.608810,-0.820002,0.228293,-0.524861,-0.810189,0.216970,-0.544535,-0.798872,0.204415,-0.565702,-0.886307,-0.462895,-0.013715
	],

	"faces": [
		32 ,0,1,5 ,0,1,5,
		32 ,5,1,6 ,5,1,6,
		32 ,5,6,10 ,5,6,10,
		32 ,10,6,11 ,10,6,11,
		32 ,10,11,15 ,10,11,15,
		32 ,15,11,16 ,15,11,16,
		32 ,15,16,20 ,15,16,20,
		32 ,20,16,21 ,20,16,21,
		32 ,1,2,6 ,1,2,6,
		32 ,6,2,7 ,6,2,7,
		32 ,6,7,11 ,6,7,11,
		32 ,11,7,12 ,11,7,12,
		32 ,11,12,16 ,11,12,16,
		32 ,16,12,17 ,16,12,17,
		32 ,16,17,21 ,16,17,21,
		32 ,21,17,22 ,21,17,22,
		32 ,2,3,7 ,2,3,7,
		32 ,7,3,8 ,7,3,8,
		32 ,7,8,12 ,7,8,12,
		32 ,12,8,13 ,12,8,13,
		32 ,12,13,17 ,12,13,17,
		32 ,17,13,18 ,17,13,18,
		32 ,17,18,22 ,17,18,22,
		32 ,22,18,23 ,22,18,23,
		32 ,3,4,8 ,3,4,8,
		32 ,8,4,9 ,8,4,9,
		32 ,8,9,13 ,8,9,13,
		32 ,13,9,14 ,13,9,14,
		32 ,13,14,18 ,13,14,18,
		32 ,18,14,19 ,18,14,19,
		32 ,18,19,23 ,18,19,23,
		32 ,23,19,24 ,23,19,24
	]

}
