{
	"metadata" : {
		"formatVersion" : 3,
		"description" : "Exported from LibZinc."
	},

	"vertices" : [
		50.199680,64.288811,-995.430298,50.199680,64.288811,-995.430298,50.199680,64.288811,-995.430298,50.199680,64.288811,-995.430298,50.199680,64.288811,-995.430298,52.232128,64.351097,-993.099976,52.315063,65.204659,-993.785767,52.180107,65.903572,-994.709778,51.777611,66.309784,-995.784241,51.057934,66.285263,-996.921387,
		53.258530,65.094017,-991.066162,53.282921,66.505844,-992.269348,52.818420,67.572548,-993.920715,51.944073,68.137154,-995.749695,50.738907,68.042717,-997.485718,52.704906,67.156120,-989.039917,52.620708,69.003700,-990.619446,51.802254,70.262657,-992.793396,50.488052,70.833008,-995.105530,48.916618,70.614799,-997.099609,
		49.997280,71.175980,-986.731873,49.845898,73.509575,-988.574646,48.819229,74.940826,-991.058167,47.198540,75.459457,-993.630493,45.265091,75.055153,-995.739319
	],

	"normals" : [
		0.531209,-0.683333,-0.500871,0.531209,-0.683333,-0.500871,0.531209,-0.683333,-0.500871,0.531209,-0.683333,-0.500871,0.531209,-0.683333,-0.500871,0.739288,-0.450513,-0.500491,0.738525,-0.474629,-0.478861,0.752361,-0.470927,-0.460630,0.764325,-0.449014,-0.462811,0.757092,-0.438056,-0.484685,
		0.978201,-0.205559,-0.029465,0.988127,0.003403,-0.153599,0.943744,0.187299,-0.272518,0.842234,0.310273,-0.440877,0.678089,0.315411,-0.663861,0.870206,0.108084,0.480687,0.913591,0.396730,0.089201,0.828358,0.529685,-0.182368,0.696045,0.587963,-0.412094,0.477963,0.561304,-0.675640,
		0.714871,0.221458,0.663262,0.841938,0.506568,0.185820,0.780839,0.596349,-0.186169,0.639115,0.613101,-0.464369,0.385133,0.553676,-0.738319
	],

	"faces": [
		32 ,0,1,5 ,0,1,5,
		32 ,5,1,6 ,5,1,6,
		32 ,5,6,10 ,5,6,10,
		32 ,10,6,11 ,10,6,11,
		32 ,10,11,15 ,10,11,15,
		32 ,15,11,16 ,15,11,16,
		32 ,15,16,20 ,15,16,20,
		32 ,20,16,21 ,20,16,21,
		32 ,1,2,6 ,1,2,6,
		32 ,6,2,7 ,6,2,7,
		32 ,6,7,11 ,6,7,11,
		32 ,11,7,12 ,11,7,12,
		32 ,11,12,16 ,11,12,16,
		32 ,16,12,17 ,16,12,17,
		32 ,16,17,21 ,16,17,21,
		32 ,21,17,22 ,21,17,22,
		32 ,2,3,7 ,2,3,7,
		32 ,7,3,8 ,7,3,8,
		32 ,7,8,12 ,7,8,12,
		32 ,12,8,13 ,12,8,13,
		32 ,12,13,17 ,12,13,17,
		32 ,17,13,18 ,17,13,18,
		32 ,17,18,22 ,17,18,22,
		32 ,22,18,23 ,22,18,23,
		32 ,3,4,8 ,3,4,8,
		32 ,8,4,9 ,8,4,9,
		32 ,8,9,13 ,8,9,13,
		32 ,13,9,14 ,13,9,14,
		32 ,13,14,18 ,13,14,18,
		32 ,18,14,19 ,18,14,19,
		32 ,18,19,23 ,18,19,23,
		32 ,23,19,24 ,23,19,24
	]

}
