{
	"metadata" : {
		"formatVersion" : 3,
		"description" : "Exported from LibZinc."
	},

	"vertices" : [
		50.199680,64.288811,-995.430298,50.199680,64.288811,-995.430298,50.199680,64.288811,-995.430298,50.199680,64.288811,-995.430298,50.199680,64.288811,-995.430298,48.881771,63.281044,-997.483154,48.820507,62.451584,-996.752014,49.020027,61.913315,-995.858337,49.424633,61.663048,-994.917480,49.978622,61.697609,-994.044800,
		47.403030,63.313549,-998.509583,47.291092,61.874832,-997.346130,47.544655,60.737530,-995.829773,48.157597,60.071568,-994.194885,49.123783,60.046875,-992.675659,44.805996,64.685738,-998.414673,44.657104,62.742420,-997.010193,44.931332,61.041538,-995.084106,45.702003,59.967506,-992.973877,47.042458,59.904736,-991.016785,
		40.133221,67.697037,-997.103394,39.964214,65.238197,-995.541748,40.337814,63.105415,-993.360840,41.361301,61.804008,-990.965759,43.141949,61.839321,-988.761780
	],

	"normals" : [
		0.881644,-0.242178,-0.405035,0.881644,-0.242178,-0.405035,0.881644,-0.242178,-0.405035,0.881644,-0.242178,-0.405035,0.881644,-0.242178,-0.405035,0.767657,-0.450709,-0.455592,0.772920,-0.452561,-0.444728,0.776136,-0.446149,-0.445606,0.772381,-0.439582,-0.458470,0.758472,-0.438778,-0.481866,
		0.040412,-0.515438,-0.855974,0.015344,-0.722858,-0.690827,0.120590,-0.845858,-0.519598,0.288256,-0.892341,-0.347326,0.462058,-0.872543,-0.158652,-0.397578,-0.376617,-0.836715,-0.448941,-0.608896,-0.653986,-0.414669,-0.790330,-0.451030,-0.294252,-0.945529,-0.139247,-0.037449,-0.940194,0.338576,
		-0.465892,-0.301836,-0.831769,-0.530527,-0.546604,-0.647893,-0.540780,-0.736270,-0.406772,-0.469998,-0.882637,0.007384,-0.198722,-0.795408,0.572569
	],

	"faces": [
		32 ,0,1,5 ,0,1,5,
		32 ,5,1,6 ,5,1,6,
		32 ,5,6,10 ,5,6,10,
		32 ,10,6,11 ,10,6,11,
		32 ,10,11,15 ,10,11,15,
		32 ,15,11,16 ,15,11,16,
		32 ,15,16,20 ,15,16,20,
		32 ,20,16,21 ,20,16,21,
		32 ,1,2,6 ,1,2,6,
		32 ,6,2,7 ,6,2,7,
		32 ,6,7,11 ,6,7,11,
		32 ,11,7,12 ,11,7,12,
		32 ,11,12,16 ,11,12,16,
		32 ,16,12,17 ,16,12,17,
		32 ,16,17,21 ,16,17,21,
		32 ,21,17,22 ,21,17,22,
		32 ,2,3,7 ,2,3,7,
		32 ,7,3,8 ,7,3,8,
		32 ,7,8,12 ,7,8,12,
		32 ,12,8,13 ,12,8,13,
		32 ,12,13,17 ,12,13,17,
		32 ,17,13,18 ,17,13,18,
		32 ,17,18,22 ,17,18,22,
		32 ,22,18,23 ,22,18,23,
		32 ,3,4,8 ,3,4,8,
		32 ,8,4,9 ,8,4,9,
		32 ,8,9,13 ,8,9,13,
		32 ,13,9,14 ,13,9,14,
		32 ,13,14,18 ,13,14,18,
		32 ,18,14,19 ,18,14,19,
		32 ,18,19,23 ,18,19,23,
		32 ,23,19,24 ,23,19,24
	]

}
