{
	"metadata" : {
		"formatVersion" : 3,
		"description" : "Exported from LibZinc."
	},

	"vertices" : [
		43.141949,61.839321,-988.761780,45.376522,63.267239,-987.083679,47.477104,65.553047,-986.091064,49.123940,68.316154,-985.926331,49.997280,71.175980,-986.731873,37.072449,66.111305,-985.688538,39.718201,67.929344,-984.031921,42.040249,70.791405,-983.173279,43.760429,74.197647,-983.178589,44.600594,77.648193,-984.113586,
		29.661940,71.893814,-981.856323,32.598534,74.111938,-980.385681,34.989174,77.676025,-979.859497,36.634377,81.796494,-980.160278,37.334652,85.683784,-981.170471,22.084410,78.123634,-977.381226,25.247702,80.721199,-976.167664,27.620977,84.891449,-976.000671,29.119301,89.608368,-976.587341,29.657745,93.845955,-977.634888,
		15.513850,83.737556,-972.379517,18.895889,86.663284,-971.400452,21.232740,91.122238,-971.447754,22.588726,96.128937,-972.175781,23.028170,100.697899,-973.239014
	],

	"normals" : [
		-0.198722,-0.795408,0.572569,0.022726,-0.594937,0.803451,0.230669,-0.380261,0.895653,0.458878,-0.118767,0.880526,0.714871,0.221458,0.663262,-0.202697,-0.715879,0.668155,0.029367,-0.487476,0.872643,0.201362,-0.257924,0.944949,0.380366,-0.022796,0.924555,0.611359,0.263982,0.746025,
		-0.167004,-0.685770,0.708399,0.123019,-0.403374,0.906728,0.286098,-0.169772,0.943041,0.418292,0.026229,0.907934,0.595650,0.259886,0.760040,-0.094760,-0.680066,0.727001,0.247772,-0.356487,0.900847,0.411543,-0.123285,0.903014,0.513038,0.045715,0.857147,0.634492,0.232720,0.737063,
		0.038216,-0.704351,0.708822,0.400159,-0.383689,0.832259,0.582692,-0.145729,0.799520,0.673241,0.021681,0.739105,0.744234,0.178087,0.643739
	],

	"faces": [
		32 ,0,1,5 ,0,1,5,
		32 ,5,1,6 ,5,1,6,
		32 ,5,6,10 ,5,6,10,
		32 ,10,6,11 ,10,6,11,
		32 ,10,11,15 ,10,11,15,
		32 ,15,11,16 ,15,11,16,
		32 ,15,16,20 ,15,16,20,
		32 ,20,16,21 ,20,16,21,
		32 ,1,2,6 ,1,2,6,
		32 ,6,2,7 ,6,2,7,
		32 ,6,7,11 ,6,7,11,
		32 ,11,7,12 ,11,7,12,
		32 ,11,12,16 ,11,12,16,
		32 ,16,12,17 ,16,12,17,
		32 ,16,17,21 ,16,17,21,
		32 ,21,17,22 ,21,17,22,
		32 ,2,3,7 ,2,3,7,
		32 ,7,3,8 ,7,3,8,
		32 ,7,8,12 ,7,8,12,
		32 ,12,8,13 ,12,8,13,
		32 ,12,13,17 ,12,13,17,
		32 ,17,13,18 ,17,13,18,
		32 ,17,18,22 ,17,18,22,
		32 ,22,18,23 ,22,18,23,
		32 ,3,4,8 ,3,4,8,
		32 ,8,4,9 ,8,4,9,
		32 ,8,9,13 ,8,9,13,
		32 ,13,9,14 ,13,9,14,
		32 ,13,14,18 ,13,14,18,
		32 ,18,14,19 ,18,14,19,
		32 ,18,19,23 ,18,19,23,
		32 ,23,19,24 ,23,19,24
	]

}
