{
	"metadata" : {
		"formatVersion" : 3,
		"description" : "Exported from LibZinc."
	},

	"vertices" : [
		49.997280,71.175980,-986.731873,49.845898,73.509575,-988.574646,48.819229,74.940826,-991.058167,47.198540,75.459457,-993.630493,45.265091,75.055153,-995.739319,44.600594,77.648193,-984.113586,44.397999,80.441391,-985.980591,43.312386,82.176163,-988.414062,41.549335,82.803581,-990.927795,39.314430,82.274681,-993.035706,
		37.334652,85.683784,-981.170471,37.048370,88.797020,-982.802795,35.939114,90.950310,-984.844971,34.115196,91.886612,-986.992310,31.684929,91.348862,-988.940125,29.657745,93.845955,-977.634888,29.312256,97.257706,-978.959167,28.208595,99.849037,-980.508911,26.336548,101.121880,-982.190247,23.685894,100.578148,-983.909546,
		23.028170,100.697899,-973.239014,22.704885,104.504669,-974.367798,21.630003,107.458107,-975.563660,19.653816,108.922722,-976.887756,16.626631,108.263000,-978.401123
	],

	"normals" : [
		0.714871,0.221458,0.663262,0.841938,0.506568,0.185820,0.780839,0.596349,-0.186169,0.639115,0.613101,-0.464369,0.385133,0.553676,-0.738319,0.611359,0.263982,0.746025,0.778152,0.542735,0.316098,0.747147,0.653278,-0.122474,0.582243,0.656793,-0.479183,0.295799,0.563836,-0.771098,
		0.595650,0.259886,0.760040,0.749815,0.503454,0.429315,0.750892,0.659676,-0.031451,0.548532,0.683271,-0.481926,0.220212,0.574944,-0.788002,0.634492,0.232720,0.737063,0.747260,0.418295,0.516364,0.771819,0.631213,0.076582,0.507989,0.713270,-0.482901,0.126915,0.596985,-0.792150,
		0.744234,0.178087,0.643739,0.806541,0.320214,0.496946,0.802594,0.584526,0.119045,0.429175,0.766328,-0.478070,-0.010548,0.655515,-0.755109
	],

	"faces": [
		32 ,0,1,5 ,0,1,5,
		32 ,5,1,6 ,5,1,6,
		32 ,5,6,10 ,5,6,10,
		32 ,10,6,11 ,10,6,11,
		32 ,10,11,15 ,10,11,15,
		32 ,15,11,16 ,15,11,16,
		32 ,15,16,20 ,15,16,20,
		32 ,20,16,21 ,20,16,21,
		32 ,1,2,6 ,1,2,6,
		32 ,6,2,7 ,6,2,7,
		32 ,6,7,11 ,6,7,11,
		32 ,11,7,12 ,11,7,12,
		32 ,11,12,16 ,11,12,16,
		32 ,16,12,17 ,16,12,17,
		32 ,16,17,21 ,16,17,21,
		32 ,21,17,22 ,21,17,22,
		32 ,2,3,7 ,2,3,7,
		32 ,7,3,8 ,7,3,8,
		32 ,7,8,12 ,7,8,12,
		32 ,12,8,13 ,12,8,13,
		32 ,12,13,17 ,12,13,17,
		32 ,17,13,18 ,17,13,18,
		32 ,17,18,22 ,17,18,22,
		32 ,22,18,23 ,22,18,23,
		32 ,3,4,8 ,3,4,8,
		32 ,8,4,9 ,8,4,9,
		32 ,8,9,13 ,8,9,13,
		32 ,13,9,14 ,13,9,14,
		32 ,13,14,18 ,13,14,18,
		32 ,18,14,19 ,18,14,19,
		32 ,18,19,23 ,18,19,23,
		32 ,23,19,24 ,23,19,24
	]

}
