{
	"metadata" : {
		"formatVersion" : 3,
		"description" : "Exported from LibZinc."
	},

	"vertices" : [
		45.265091,75.055153,-995.739319,43.416298,73.876534,-997.114197,41.903393,72.168205,-997.826355,40.788372,70.063820,-997.835938,40.133221,67.697037,-997.103394,39.314430,82.274681,-993.035706,36.974304,80.704559,-994.423035,34.909264,78.404518,-995.088013,33.345398,75.619949,-995.014160,32.508797,72.596237,-994.185059,
		31.684929,91.348862,-988.940125,28.846754,89.297859,-990.285095,26.080677,86.194611,-990.847107,23.917370,82.532356,-990.655823,22.887501,78.804359,-989.740906,23.685894,100.578148,-983.909546,20.362278,98.064171,-985.182739,16.980614,94.225670,-985.637329,14.294586,89.763657,-985.346619,13.057886,85.379150,-984.383972,
		16.626631,108.263000,-978.401123,12.849505,105.411217,-979.598206,9.172043,101.184906,-979.992249,6.267345,96.276482,-979.672302,4.808516,91.378372,-978.727478
	],

	"normals" : [
		0.385133,0.553676,-0.738319,0.159998,0.446228,-0.880501,-0.091326,0.246554,-0.964816,-0.318398,-0.022669,-0.947686,-0.465892,-0.301836,-0.831769,0.295799,0.563836,-0.771098,0.035894,0.429227,-0.902483,-0.194834,0.249251,-0.948638,-0.377824,0.017770,-0.925707,-0.512424,-0.257798,-0.819123,
		0.220212,0.574944,-0.788002,-0.075323,0.406632,-0.910482,-0.268728,0.246489,-0.931144,-0.417120,0.052018,-0.907361,-0.553438,-0.237187,-0.798404,0.126915,0.596985,-0.792150,-0.172011,0.412981,-0.894348,-0.337531,0.264670,-0.903340,-0.467944,0.091404,-0.879019,-0.602641,-0.201064,-0.772267,
		-0.010548,0.655515,-0.755109,-0.280204,0.472860,-0.835398,-0.433642,0.319148,-0.842674,-0.561489,0.151742,-0.813452,-0.681090,-0.115635,-0.723011
	],

	"faces": [
		32 ,0,1,5 ,0,1,5,
		32 ,5,1,6 ,5,1,6,
		32 ,5,6,10 ,5,6,10,
		32 ,10,6,11 ,10,6,11,
		32 ,10,11,15 ,10,11,15,
		32 ,15,11,16 ,15,11,16,
		32 ,15,16,20 ,15,16,20,
		32 ,20,16,21 ,20,16,21,
		32 ,1,2,6 ,1,2,6,
		32 ,6,2,7 ,6,2,7,
		32 ,6,7,11 ,6,7,11,
		32 ,11,7,12 ,11,7,12,
		32 ,11,12,16 ,11,12,16,
		32 ,16,12,17 ,16,12,17,
		32 ,16,17,21 ,16,17,21,
		32 ,21,17,22 ,21,17,22,
		32 ,2,3,7 ,2,3,7,
		32 ,7,3,8 ,7,3,8,
		32 ,7,8,12 ,7,8,12,
		32 ,12,8,13 ,12,8,13,
		32 ,12,13,17 ,12,13,17,
		32 ,17,13,18 ,17,13,18,
		32 ,17,18,22 ,17,18,22,
		32 ,22,18,23 ,22,18,23,
		32 ,3,4,8 ,3,4,8,
		32 ,8,4,9 ,8,4,9,
		32 ,8,9,13 ,8,9,13,
		32 ,13,9,14 ,13,9,14,
		32 ,13,14,18 ,13,14,18,
		32 ,18,14,19 ,18,14,19,
		32 ,18,19,23 ,18,19,23,
		32 ,23,19,24 ,23,19,24
	]

}
