{
	"metadata" : {
		"formatVersion" : 3,
		"description" : "Exported from LibZinc."
	},

	"vertices" : [
		40.133221,67.697037,-997.103394,39.964214,65.238197,-995.541748,40.337814,63.105415,-993.360840,41.361301,61.804008,-990.965759,43.141949,61.839321,-988.761780,32.508797,72.596237,-994.185059,32.489174,69.649124,-992.556885,33.234379,67.258331,-990.347534,34.757706,65.915260,-987.932739,37.072449,66.111305,-985.688538,
		22.887501,78.804359,-989.740906,23.195658,75.461212,-988.167908,24.560051,72.909874,-986.156128,26.781780,71.578140,-983.965576,29.661940,71.893814,-981.856323,13.057886,85.379150,-984.383972,13.659703,81.656944,-982.917053,15.675750,78.960732,-981.162781,18.639494,77.659843,-979.268433,22.084410,78.123634,-977.381226,
		4.808516,91.378372,-978.727478,5.457351,87.218788,-977.346558,7.942381,84.311577,-975.743469,11.536812,83.027557,-974.045349,15.513850,83.737556,-972.379517
	],

	"normals" : [
		-0.465892,-0.301836,-0.831769,-0.530527,-0.546604,-0.647893,-0.540780,-0.736270,-0.406772,-0.469998,-0.882637,0.007384,-0.198722,-0.795408,0.572569,-0.512424,-0.257798,-0.819123,-0.588492,-0.521908,-0.617486,-0.602029,-0.733670,-0.315101,-0.498262,-0.850966,0.166105,-0.202697,-0.715879,0.668155,
		-0.553438,-0.237187,-0.798404,-0.627350,-0.528512,-0.571934,-0.613628,-0.765013,-0.195489,-0.450619,-0.837250,0.309764,-0.167004,-0.685770,0.708399,-0.602641,-0.201064,-0.772267,-0.666937,-0.539625,-0.513810,-0.594255,-0.801422,-0.067703,-0.364482,-0.833275,0.415700,-0.094760,-0.680066,0.727001,
		-0.681090,-0.115635,-0.723011,-0.722711,-0.527368,-0.446736,-0.565657,-0.824624,0.005326,-0.265764,-0.861195,0.433258,0.038216,-0.704351,0.708822
	],

	"faces": [
		32 ,0,1,5 ,0,1,5,
		32 ,5,1,6 ,5,1,6,
		32 ,5,6,10 ,5,6,10,
		32 ,10,6,11 ,10,6,11,
		32 ,10,11,15 ,10,11,15,
		32 ,15,11,16 ,15,11,16,
		32 ,15,16,20 ,15,16,20,
		32 ,20,16,21 ,20,16,21,
		32 ,1,2,6 ,1,2,6,
		32 ,6,2,7 ,6,2,7,
		32 ,6,7,11 ,6,7,11,
		32 ,11,7,12 ,11,7,12,
		32 ,11,12,16 ,11,12,16,
		32 ,16,12,17 ,16,12,17,
		32 ,16,17,21 ,16,17,21,
		32 ,21,17,22 ,21,17,22,
		32 ,2,3,7 ,2,3,7,
		32 ,7,3,8 ,7,3,8,
		32 ,7,8,12 ,7,8,12,
		32 ,12,8,13 ,12,8,13,
		32 ,12,13,17 ,12,13,17,
		32 ,17,13,18 ,17,13,18,
		32 ,17,18,22 ,17,18,22,
		32 ,22,18,23 ,22,18,23,
		32 ,3,4,8 ,3,4,8,
		32 ,8,4,9 ,8,4,9,
		32 ,8,9,13 ,8,9,13,
		32 ,13,9,14 ,13,9,14,
		32 ,13,14,18 ,13,14,18,
		32 ,18,14,19 ,18,14,19,
		32 ,18,19,23 ,18,19,23,
		32 ,23,19,24 ,23,19,24
	]

}
