{
	"metadata" : {
		"formatVersion" : 3,
		"description" : "Exported from LibZinc."
	},

	"vertices" : [
		15.513850,83.737556,-972.379517,18.895889,86.663284,-971.400452,21.232740,91.122238,-971.447754,22.588726,96.128937,-972.175781,23.028170,100.697899,-973.239014,10.047434,88.326622,-966.535278,13.314597,91.398918,-965.893616,15.951447,96.030945,-966.069153,17.699177,101.164192,-966.789429,18.298979,105.740166,-967.781921,
		5.426984,92.303864,-959.827759,8.134319,95.298706,-959.648621,11.423424,100.263145,-959.973206,14.148999,105.588257,-960.619629,15.165747,109.665123,-961.406189,2.293468,95.839104,-952.815735,4.373738,98.633659,-952.976379,8.224786,103.977966,-953.370789,11.874443,109.498993,-953.873474,13.350543,112.823723,-954.359009,
		1.287852,99.102173,-946.057983,3.051538,101.674782,-946.187622,6.931646,107.334534,-946.472839,10.811754,112.994286,-946.758057,12.575440,115.566902,-946.887695
	],

	"normals" : [
		0.038216,-0.704351,0.708822,0.400159,-0.383689,0.832259,0.582692,-0.145729,0.799520,0.673241,0.021681,0.739105,0.744234,0.178087,0.643739,0.195795,-0.734908,0.649288,0.501003,-0.408028,0.763223,0.647989,-0.215072,0.730653,0.777277,-0.076059,0.624544,0.873136,0.136494,0.467978,
		0.372142,-0.712274,0.595127,0.602382,-0.436034,0.668589,0.687089,-0.345037,0.639420,0.810322,-0.257125,0.526559,0.952535,0.144765,0.267805,0.709459,-0.522027,0.473451,0.708305,-0.488552,0.509531,0.729888,-0.470930,0.495467,0.797473,-0.433745,0.419407,0.974563,0.207589,0.084466,
		-0.999111,0.000000,0.042168,0.810858,-0.545168,0.212840,0.801414,-0.536049,0.265304,0.794749,-0.529940,0.295866,-0.994768,-0.101666,-0.010027
	],

	"faces": [
		32 ,0,1,5 ,0,1,5,
		32 ,5,1,6 ,5,1,6,
		32 ,5,6,10 ,5,6,10,
		32 ,10,6,11 ,10,6,11,
		32 ,10,11,15 ,10,11,15,
		32 ,15,11,16 ,15,11,16,
		32 ,15,16,20 ,15,16,20,
		32 ,20,16,21 ,20,16,21,
		32 ,1,2,6 ,1,2,6,
		32 ,6,2,7 ,6,2,7,
		32 ,6,7,11 ,6,7,11,
		32 ,11,7,12 ,11,7,12,
		32 ,11,12,16 ,11,12,16,
		32 ,16,12,17 ,16,12,17,
		32 ,16,17,21 ,16,17,21,
		32 ,21,17,22 ,21,17,22,
		32 ,2,3,7 ,2,3,7,
		32 ,7,3,8 ,7,3,8,
		32 ,7,8,12 ,7,8,12,
		32 ,12,8,13 ,12,8,13,
		32 ,12,13,17 ,12,13,17,
		32 ,17,13,18 ,17,13,18,
		32 ,17,18,22 ,17,18,22,
		32 ,22,18,23 ,22,18,23,
		32 ,3,4,8 ,3,4,8,
		32 ,8,4,9 ,8,4,9,
		32 ,8,9,13 ,8,9,13,
		32 ,13,9,14 ,13,9,14,
		32 ,13,14,18 ,13,14,18,
		32 ,18,14,19 ,18,14,19,
		32 ,18,19,23 ,18,19,23,
		32 ,23,19,24 ,23,19,24
	]

}
