{
	"metadata" : {
		"formatVersion" : 3,
		"description" : "Exported from LibZinc."
	},

	"vertices" : [
		16.626631,108.263000,-978.401123,12.849505,105.411217,-979.598206,9.172043,101.184906,-979.992249,6.267345,96.276482,-979.672302,4.808516,91.378372,-978.727478,11.426431,114.128685,-972.490906,7.618412,111.052391,-973.462524,3.672449,106.294724,-973.746704,0.386919,100.940819,-973.459473,-1.439797,96.075829,-972.717102,
		7.744477,119.322746,-966.097534,4.411889,116.071289,-966.663879,-0.099013,110.289307,-966.752808,-4.268013,104.168053,-966.524414,-6.574893,99.898766,-966.138611,4.999909,124.279037,-959.441956,2.207928,120.930870,-959.620117,-2.976864,114.123489,-959.570190,-8.116045,107.232903,-959.437073,-10.771191,103.635109,-959.365662,
		2.611864,129.431396,-952.744873,-0.015476,126.094116,-952.749084,-5.795623,118.752098,-952.758301,-11.575770,111.410080,-952.767517,-14.203110,108.072800,-952.771729
	],

	"normals" : [
		-0.010548,0.655515,-0.755109,-0.280204,0.472860,-0.835398,-0.433642,0.319148,-0.842674,-0.561489,0.151742,-0.813452,-0.681090,-0.115635,-0.723011,-0.108571,0.706539,-0.699296,-0.446075,0.542257,-0.712021,-0.598147,0.425494,-0.679099,-0.677359,0.275442,-0.682141,-0.746618,0.000240,-0.665253,
		-0.169035,0.743409,-0.647125,-0.593259,0.543950,-0.593432,-0.677482,0.484184,-0.553700,-0.703851,0.406986,-0.582199,-0.770862,0.159363,-0.616745,-0.198777,0.750592,-0.630159,-0.655752,0.514847,-0.552197,-0.674829,0.498506,-0.544149,-0.663240,0.479020,-0.575024,-0.629022,0.463015,-0.624459,
		0.000000,0.776307,-0.630355,-0.609054,0.480282,-0.631175,-0.587151,0.463079,-0.663936,-0.573285,0.452187,-0.683279,-0.843175,-0.537436,0.014751
	],

	"faces": [
		32 ,0,1,5 ,0,1,5,
		32 ,5,1,6 ,5,1,6,
		32 ,5,6,10 ,5,6,10,
		32 ,10,6,11 ,10,6,11,
		32 ,10,11,15 ,10,11,15,
		32 ,15,11,16 ,15,11,16,
		32 ,15,16,20 ,15,16,20,
		32 ,20,16,21 ,20,16,21,
		32 ,1,2,6 ,1,2,6,
		32 ,6,2,7 ,6,2,7,
		32 ,6,7,11 ,6,7,11,
		32 ,11,7,12 ,11,7,12,
		32 ,11,12,16 ,11,12,16,
		32 ,16,12,17 ,16,12,17,
		32 ,16,17,21 ,16,17,21,
		32 ,21,17,22 ,21,17,22,
		32 ,2,3,7 ,2,3,7,
		32 ,7,3,8 ,7,3,8,
		32 ,7,8,12 ,7,8,12,
		32 ,12,8,13 ,12,8,13,
		32 ,12,13,17 ,12,13,17,
		32 ,17,13,18 ,17,13,18,
		32 ,17,18,22 ,17,18,22,
		32 ,22,18,23 ,22,18,23,
		32 ,3,4,8 ,3,4,8,
		32 ,8,4,9 ,8,4,9,
		32 ,8,9,13 ,8,9,13,
		32 ,13,9,14 ,13,9,14,
		32 ,13,14,18 ,13,14,18,
		32 ,18,14,19 ,18,14,19,
		32 ,18,19,23 ,18,19,23,
		32 ,23,19,24 ,23,19,24
	]

}
