{
	"metadata" : {
		"formatVersion" : 3,
		"description" : "Exported from LibZinc."
	},

	"vertices" : [
		4.808516,91.378372,-978.727478,5.457351,87.218788,-977.346558,7.942381,84.311577,-975.743469,11.536812,83.027557,-974.045349,15.513850,83.737556,-972.379517,-1.439797,96.075829,-972.717102,-0.767968,92.105751,-971.441284,2.140201,89.102013,-969.731079,6.130178,87.647881,-967.968445,10.047434,88.326622,-966.535278,
		-6.574893,99.898766,-966.138611,-5.569962,96.965981,-965.013489,-2.025837,94.057999,-963.023376,2.244228,92.171669,-961.013245,5.426984,92.303864,-959.827759,-10.771191,103.635109,-959.365662,-9.168298,101.815704,-958.346252,-4.807769,98.959747,-956.093567,-0.162785,96.492462,-953.839478,2.293468,95.839104,-952.815735,
		-14.203110,108.072800,-952.771729,-11.782647,106.671143,-951.722656,-6.457629,103.587486,-949.414856,-1.132611,100.503830,-947.106995,1.287852,99.102173,-946.057983
	],

	"normals" : [
		-0.681090,-0.115635,-0.723011,-0.722711,-0.527368,-0.446736,-0.565657,-0.824624,0.005326,-0.265764,-0.861195,0.433258,0.038216,-0.704351,0.708822,-0.746618,0.000240,-0.665253,-0.790780,-0.552142,-0.264208,-0.585591,-0.795267,0.156949,-0.267925,-0.869590,0.414764,0.195795,-0.734908,0.649288,
		-0.770862,0.159363,-0.616745,-0.765096,-0.643849,-0.009308,-0.594002,-0.763326,0.253956,-0.377120,-0.852303,0.362437,0.372142,-0.712274,0.595127,-0.629022,0.463015,-0.624459,-0.661941,-0.717631,0.216425,-0.595702,-0.734777,0.324409,-0.515678,-0.785368,0.342451,0.709459,-0.522027,0.473451,
		0.000000,0.784033,-0.620719,-0.578806,-0.734699,0.353837,-0.581967,-0.714929,0.387545,-0.583171,-0.705006,0.403582,0.999238,-0.025456,-0.029598
	],

	"faces": [
		32 ,0,1,5 ,0,1,5,
		32 ,5,1,6 ,5,1,6,
		32 ,5,6,10 ,5,6,10,
		32 ,10,6,11 ,10,6,11,
		32 ,10,11,15 ,10,11,15,
		32 ,15,11,16 ,15,11,16,
		32 ,15,16,20 ,15,16,20,
		32 ,20,16,21 ,20,16,21,
		32 ,1,2,6 ,1,2,6,
		32 ,6,2,7 ,6,2,7,
		32 ,6,7,11 ,6,7,11,
		32 ,11,7,12 ,11,7,12,
		32 ,11,12,16 ,11,12,16,
		32 ,16,12,17 ,16,12,17,
		32 ,16,17,21 ,16,17,21,
		32 ,21,17,22 ,21,17,22,
		32 ,2,3,7 ,2,3,7,
		32 ,7,3,8 ,7,3,8,
		32 ,7,8,12 ,7,8,12,
		32 ,12,8,13 ,12,8,13,
		32 ,12,13,17 ,12,13,17,
		32 ,17,13,18 ,17,13,18,
		32 ,17,18,22 ,17,18,22,
		32 ,22,18,23 ,22,18,23,
		32 ,3,4,8 ,3,4,8,
		32 ,8,4,9 ,8,4,9,
		32 ,8,9,13 ,8,9,13,
		32 ,13,9,14 ,13,9,14,
		32 ,13,14,18 ,13,14,18,
		32 ,18,14,19 ,18,14,19,
		32 ,18,19,23 ,18,19,23,
		32 ,23,19,24 ,23,19,24
	]

}
