{
	"metadata" : {
		"formatVersion" : 3,
		"description" : "Exported from LibZinc."
	},

	"vertices" : [
		56.837429,81.324532,-988.885315,56.837429,81.324532,-988.885315,56.837429,81.324532,-988.885315,56.837429,81.324532,-988.885315,56.837429,81.324532,-988.885315,56.633774,78.336670,-988.062012,57.170586,78.280678,-987.708435,57.627956,78.584740,-987.467529,58.004574,79.263489,-987.422119,58.299107,80.331566,-987.654907,
		56.024010,76.191116,-987.058167,57.020988,76.255257,-986.399780,57.735134,77.140877,-986.053406,58.257862,78.612167,-986.052795,58.680584,80.433327,-986.431519,54.274532,75.811768,-985.589172,55.707558,76.042496,-984.639282,56.640633,77.513496,-984.237183,57.268299,79.693977,-984.304321,57.785088,82.053139,-984.762268,
		50.651741,78.122513,-983.370483,52.549213,78.436623,-982.106812,53.826126,80.223167,-981.612976,54.706875,82.832329,-981.703918,55.415859,85.614311,-982.194580
	],

	"normals" : [
		0.427155,-0.264569,-0.864605,0.427155,-0.264569,-0.864605,0.427155,-0.264569,-0.864605,0.427155,-0.264569,-0.864605,0.427155,-0.264569,-0.864605,0.434294,-0.314166,-0.844209,0.557488,-0.301965,-0.773320,0.620692,-0.296671,-0.725760,0.644338,-0.312453,-0.697998,0.641285,-0.344151,-0.685794,
		0.201429,-0.713605,-0.670965,0.629934,-0.702657,-0.330842,0.891619,-0.449574,0.053844,0.946133,-0.232252,0.225592,0.963337,-0.131936,0.233614,-0.305010,-0.952336,-0.004998,0.261431,-0.749479,0.608222,0.611938,-0.298195,0.732538,0.726582,-0.086648,0.681594,0.781914,-0.009017,0.623321,
		-0.479522,-0.810048,0.337463,0.010442,-0.599605,0.800228,0.434868,-0.260165,0.862093,0.621225,-0.078378,0.779703,0.696752,-0.013279,0.717189
	],

	"faces": [
		32 ,0,1,5 ,0,1,5,
		32 ,5,1,6 ,5,1,6,
		32 ,5,6,10 ,5,6,10,
		32 ,10,6,11 ,10,6,11,
		32 ,10,11,15 ,10,11,15,
		32 ,15,11,16 ,15,11,16,
		32 ,15,16,20 ,15,16,20,
		32 ,20,16,21 ,20,16,21,
		32 ,1,2,6 ,1,2,6,
		32 ,6,2,7 ,6,2,7,
		32 ,6,7,11 ,6,7,11,
		32 ,11,7,12 ,11,7,12,
		32 ,11,12,16 ,11,12,16,
		32 ,16,12,17 ,16,12,17,
		32 ,16,17,21 ,16,17,21,
		32 ,21,17,22 ,21,17,22,
		32 ,2,3,7 ,2,3,7,
		32 ,7,3,8 ,7,3,8,
		32 ,7,8,12 ,7,8,12,
		32 ,12,8,13 ,12,8,13,
		32 ,12,13,17 ,12,13,17,
		32 ,17,13,18 ,17,13,18,
		32 ,17,18,22 ,17,18,22,
		32 ,22,18,23 ,22,18,23,
		32 ,3,4,8 ,3,4,8,
		32 ,8,4,9 ,8,4,9,
		32 ,8,9,13 ,8,9,13,
		32 ,13,9,14 ,13,9,14,
		32 ,13,14,18 ,13,14,18,
		32 ,18,14,19 ,18,14,19,
		32 ,18,19,23 ,18,19,23,
		32 ,23,19,24 ,23,19,24
	]

}
