{
	"metadata" : {
		"formatVersion" : 3,
		"description" : "Exported from LibZinc."
	},

	"vertices" : [
		55.415859,85.614311,-982.194580,56.086021,88.487961,-983.154175,56.414051,91.412231,-984.616638,55.969955,93.797440,-986.344543,54.323738,95.053909,-988.100281,51.071083,91.607155,-978.133911,51.861820,94.994171,-979.175598,52.143097,98.432434,-980.862732,51.482685,101.189896,-982.904846,49.448357,102.534500,-985.011536,
		45.189484,99.243164,-972.844421,46.049294,103.102432,-973.959167,46.205139,107.042404,-975.900452,45.282585,110.163689,-978.270874,42.907181,111.566910,-980.673035,38.985096,107.027390,-967.161438,39.897579,111.317299,-968.263672,39.883518,115.728889,-970.357544,38.659397,119.174088,-972.953064,35.941711,120.564819,-975.559998,
		33.671951,113.464897,-961.920288,34.655827,118.143326,-962.847839,34.461575,122.978653,-964.861633,32.902882,126.676361,-967.461609,29.793440,127.941902,-970.147583
	],

	"normals" : [
		0.696752,-0.013279,0.717189,0.792680,0.099979,0.601384,0.874369,0.244556,0.419132,0.887189,0.461247,0.012079,0.553519,0.556519,-0.619599,0.645449,-0.034340,0.763031,0.758668,0.125044,0.639365,0.838151,0.300885,0.454940,0.843588,0.535403,0.041265,0.510273,0.619675,-0.596342,
		0.620591,-0.065331,0.781408,0.762042,0.141461,0.631887,0.836372,0.334923,0.433945,0.820423,0.570927,0.030785,0.468227,0.657094,-0.590755,0.605000,-0.110128,0.788572,0.777060,0.142139,0.613168,0.846097,0.353345,0.399083,0.800913,0.598752,0.005838,0.406149,0.697881,-0.589919,
		0.608506,-0.180193,0.772821,0.808240,0.111478,0.578204,0.869086,0.350214,0.349342,0.774174,0.632337,-0.028347,0.294527,0.768347,-0.568240
	],

	"faces": [
		32 ,0,1,5 ,0,1,5,
		32 ,5,1,6 ,5,1,6,
		32 ,5,6,10 ,5,6,10,
		32 ,10,6,11 ,10,6,11,
		32 ,10,11,15 ,10,11,15,
		32 ,15,11,16 ,15,11,16,
		32 ,15,16,20 ,15,16,20,
		32 ,20,16,21 ,20,16,21,
		32 ,1,2,6 ,1,2,6,
		32 ,6,2,7 ,6,2,7,
		32 ,6,7,11 ,6,7,11,
		32 ,11,7,12 ,11,7,12,
		32 ,11,12,16 ,11,12,16,
		32 ,16,12,17 ,16,12,17,
		32 ,16,17,21 ,16,17,21,
		32 ,21,17,22 ,21,17,22,
		32 ,2,3,7 ,2,3,7,
		32 ,7,3,8 ,7,3,8,
		32 ,7,8,12 ,7,8,12,
		32 ,12,8,13 ,12,8,13,
		32 ,12,13,17 ,12,13,17,
		32 ,17,13,18 ,17,13,18,
		32 ,17,18,22 ,17,18,22,
		32 ,22,18,23 ,22,18,23,
		32 ,3,4,8 ,3,4,8,
		32 ,8,4,9 ,8,4,9,
		32 ,8,9,13 ,8,9,13,
		32 ,13,9,14 ,13,9,14,
		32 ,13,14,18 ,13,14,18,
		32 ,18,14,19 ,18,14,19,
		32 ,18,19,23 ,18,19,23,
		32 ,23,19,24 ,23,19,24
	]

}
