{
	"metadata" : {
		"formatVersion" : 3,
		"description" : "Exported from LibZinc."
	},

	"vertices" : [
		54.323738,95.053909,-988.100281,51.883949,94.836571,-989.268311,49.560059,93.422775,-989.564270,47.673466,91.156509,-989.247864,46.545570,88.381737,-988.578613,49.448357,102.534500,-985.011536,46.620140,102.054489,-986.451294,44.046768,100.155731,-986.887939,41.999058,97.332535,-986.624268,40.747826,94.079247,-985.963135,
		42.907181,111.566910,-980.673035,39.779900,110.735786,-982.308472,37.012039,108.240402,-982.867004,34.844669,104.810928,-982.683838,33.518864,101.177521,-982.094055,35.941711,120.564819,-975.559998,32.556606,119.343376,-977.347717,29.647598,116.294518,-978.043274,27.407206,112.343826,-977.993347,26.027950,108.416916,-977.544617,
		29.793440,127.941902,-970.147583,26.143660,126.340210,-972.076904,23.145184,122.935760,-972.958435,20.883564,118.683365,-973.119568,19.444349,114.537804,-972.887817
	],

	"normals" : [
		0.553519,0.556519,-0.619599,0.120303,0.386000,-0.914621,-0.178854,0.176209,-0.967968,-0.348700,0.016242,-0.937094,-0.460750,-0.127382,-0.878341,0.510273,0.619675,-0.596342,0.080363,0.448009,-0.890410,-0.227286,0.233068,-0.945526,-0.397581,0.065483,-0.915227,-0.506343,-0.080346,-0.858581,
		0.468227,0.657094,-0.590755,0.022056,0.475912,-0.879216,-0.272210,0.260929,-0.926185,-0.426368,0.099681,-0.899041,-0.525163,-0.041817,-0.849974,0.406149,0.697881,-0.589919,-0.048702,0.511307,-0.858017,-0.322424,0.295250,-0.899372,-0.457299,0.139891,-0.878242,-0.539445,0.007961,-0.841983,
		0.294527,0.768347,-0.568240,-0.148196,0.588957,-0.794460,-0.397982,0.362562,-0.842709,-0.512952,0.202268,-0.834247,-0.570207,0.081901,-0.817409
	],

	"faces": [
		32 ,0,1,5 ,0,1,5,
		32 ,5,1,6 ,5,1,6,
		32 ,5,6,10 ,5,6,10,
		32 ,10,6,11 ,10,6,11,
		32 ,10,11,15 ,10,11,15,
		32 ,15,11,16 ,15,11,16,
		32 ,15,16,20 ,15,16,20,
		32 ,20,16,21 ,20,16,21,
		32 ,1,2,6 ,1,2,6,
		32 ,6,2,7 ,6,2,7,
		32 ,6,7,11 ,6,7,11,
		32 ,11,7,12 ,11,7,12,
		32 ,11,12,16 ,11,12,16,
		32 ,16,12,17 ,16,12,17,
		32 ,16,17,21 ,16,17,21,
		32 ,21,17,22 ,21,17,22,
		32 ,2,3,7 ,2,3,7,
		32 ,7,3,8 ,7,3,8,
		32 ,7,8,12 ,7,8,12,
		32 ,12,8,13 ,12,8,13,
		32 ,12,13,17 ,12,13,17,
		32 ,17,13,18 ,17,13,18,
		32 ,17,18,22 ,17,18,22,
		32 ,22,18,23 ,22,18,23,
		32 ,3,4,8 ,3,4,8,
		32 ,8,4,9 ,8,4,9,
		32 ,8,9,13 ,8,9,13,
		32 ,13,9,14 ,13,9,14,
		32 ,13,14,18 ,13,14,18,
		32 ,18,14,19 ,18,14,19,
		32 ,18,19,23 ,18,19,23,
		32 ,23,19,24 ,23,19,24
	]

}
