{
	"metadata" : {
		"formatVersion" : 3,
		"description" : "Exported from LibZinc."
	},

	"vertices" : [
		23.218691,104.921997,-967.946716,26.145300,105.163704,-965.700134,29.091295,106.832298,-963.700989,31.714304,109.681473,-962.318115,33.671951,113.464897,-961.920288,18.623449,108.897346,-963.600037,21.346731,109.365211,-961.608032,24.451406,111.162605,-959.634338,27.399967,114.123634,-958.117310,29.654905,118.082428,-957.495361,
		15.406533,111.415489,-959.012024,17.502600,112.339447,-957.622375,20.704462,114.396179,-955.758423,24.061096,117.502678,-954.073669,26.621483,121.575974,-953.221619,13.434884,113.348106,-953.626587,14.960061,114.536728,-952.816162,18.255066,116.813866,-951.136597,21.958689,120.072220,-949.389099,24.709719,124.204506,-948.375122,
		12.575440,115.566902,-946.887695,14.066264,116.407379,-946.262329,17.507822,118.696518,-944.831970,21.353741,122.085869,-943.265625,24.057650,126.226997,-942.231995
	],

	"normals" : [
		-0.455268,-0.810752,0.367985,-0.198086,-0.760555,0.618318,0.047300,-0.641715,0.765483,0.314045,-0.455700,0.832894,0.608506,-0.180193,0.772821,-0.345778,-0.882537,0.318695,-0.104199,-0.793255,0.599908,0.081013,-0.665483,0.742003,0.317938,-0.507675,0.800738,0.614668,-0.246213,0.749375,
		-0.036312,-0.926444,0.374678,0.094828,-0.823100,0.559923,0.197306,-0.733385,0.650551,0.401533,-0.608803,0.684200,0.715339,-0.321300,0.620530,0.890489,-0.329043,0.314261,0.345767,-0.843859,0.410301,0.386121,-0.809620,0.442069,0.557037,-0.700262,0.446478,0.852718,-0.373171,0.365534,
		0.000000,0.944164,-0.329477,0.435083,-0.876099,0.207731,0.540835,-0.823488,0.171359,0.695845,-0.700852,0.156862,0.931458,-0.353163,0.087532
	],

	"faces": [
		32 ,0,1,5 ,0,1,5,
		32 ,5,1,6 ,5,1,6,
		32 ,5,6,10 ,5,6,10,
		32 ,10,6,11 ,10,6,11,
		32 ,10,11,15 ,10,11,15,
		32 ,15,11,16 ,15,11,16,
		32 ,15,16,20 ,15,16,20,
		32 ,20,16,21 ,20,16,21,
		32 ,1,2,6 ,1,2,6,
		32 ,6,2,7 ,6,2,7,
		32 ,6,7,11 ,6,7,11,
		32 ,11,7,12 ,11,7,12,
		32 ,11,12,16 ,11,12,16,
		32 ,16,12,17 ,16,12,17,
		32 ,16,17,21 ,16,17,21,
		32 ,21,17,22 ,21,17,22,
		32 ,2,3,7 ,2,3,7,
		32 ,7,3,8 ,7,3,8,
		32 ,7,8,12 ,7,8,12,
		32 ,12,8,13 ,12,8,13,
		32 ,12,13,17 ,12,13,17,
		32 ,17,13,18 ,17,13,18,
		32 ,17,18,22 ,17,18,22,
		32 ,22,18,23 ,22,18,23,
		32 ,3,4,8 ,3,4,8,
		32 ,8,4,9 ,8,4,9,
		32 ,8,9,13 ,8,9,13,
		32 ,13,9,14 ,13,9,14,
		32 ,13,14,18 ,13,14,18,
		32 ,18,14,19 ,18,14,19,
		32 ,18,19,23 ,18,19,23,
		32 ,23,19,24 ,23,19,24
	]

}
