{
	"metadata" : {
		"formatVersion" : 3,
		"description" : "Exported from LibZinc."
	},

	"vertices" : [
		19.444349,114.537804,-972.887817,18.946350,111.016373,-972.357666,19.430376,108.119881,-971.381348,20.864973,106.028404,-969.923035,23.218691,104.921997,-967.946716,14.036057,118.745598,-968.444092,13.770144,115.364998,-967.980286,14.671776,112.268372,-966.900879,16.402395,109.948296,-965.382141,18.623449,108.897346,-963.600037,
		9.359715,121.857964,-963.878723,9.705616,118.974617,-963.324524,11.442036,115.414116,-961.940186,13.648999,112.464928,-960.308472,15.406533,111.415489,-959.012024,5.517569,125.033653,-958.782166,6.567037,122.667282,-958.053345,9.247284,118.507561,-956.308838,12.042004,114.689499,-954.512085,13.434884,113.348106,-953.626587,
		2.611864,129.431396,-952.744873,4.168673,127.265076,-951.829712,7.593652,122.499153,-949.816284,11.018631,117.733231,-947.802917,12.575440,115.566902,-946.887695
	],

	"normals" : [
		-0.570207,0.081901,-0.817409,-0.679049,-0.164671,-0.715386,-0.756148,-0.494604,-0.428493,-0.662104,-0.749094,0.021831,-0.455268,-0.810752,0.367985,-0.593224,0.147080,-0.791487,-0.770472,-0.230221,-0.594451,-0.803066,-0.527218,-0.277717,-0.655179,-0.755470,-0.002311,-0.345778,-0.882537,0.318695,
		-0.653395,0.221483,-0.723893,-0.853275,-0.400279,-0.334212,-0.826692,-0.553383,-0.101718,-0.720533,-0.693417,0.002235,-0.036312,-0.926444,0.374678,-0.690352,0.332078,-0.642759,-0.854281,-0.517747,-0.046276,-0.833589,-0.549748,0.053901,-0.797925,-0.597610,0.078594,0.890489,-0.329043,0.314261,
		0.940368,-0.000000,0.340160,-0.832361,-0.530795,0.159475,-0.833006,-0.525435,0.173261,-0.832964,-0.525840,0.172230,-0.993942,-0.109666,-0.007197
	],

	"faces": [
		32 ,0,1,5 ,0,1,5,
		32 ,5,1,6 ,5,1,6,
		32 ,5,6,10 ,5,6,10,
		32 ,10,6,11 ,10,6,11,
		32 ,10,11,15 ,10,11,15,
		32 ,15,11,16 ,15,11,16,
		32 ,15,16,20 ,15,16,20,
		32 ,20,16,21 ,20,16,21,
		32 ,1,2,6 ,1,2,6,
		32 ,6,2,7 ,6,2,7,
		32 ,6,7,11 ,6,7,11,
		32 ,11,7,12 ,11,7,12,
		32 ,11,12,16 ,11,12,16,
		32 ,16,12,17 ,16,12,17,
		32 ,16,17,21 ,16,17,21,
		32 ,21,17,22 ,21,17,22,
		32 ,2,3,7 ,2,3,7,
		32 ,7,3,8 ,7,3,8,
		32 ,7,8,12 ,7,8,12,
		32 ,12,8,13 ,12,8,13,
		32 ,12,13,17 ,12,13,17,
		32 ,17,13,18 ,17,13,18,
		32 ,17,18,22 ,17,18,22,
		32 ,22,18,23 ,22,18,23,
		32 ,3,4,8 ,3,4,8,
		32 ,8,4,9 ,8,4,9,
		32 ,8,9,13 ,8,9,13,
		32 ,13,9,14 ,13,9,14,
		32 ,13,14,18 ,13,14,18,
		32 ,18,14,19 ,18,14,19,
		32 ,18,19,23 ,18,19,23,
		32 ,23,19,24 ,23,19,24
	]

}
