{
	"metadata" : {
		"formatVersion" : 3,
		"description" : "Exported from LibZinc."
	},

	"vertices" : [
		489.994507,140.082397,-1800.000000,491.588806,144.259140,-1796.258057,493.126129,148.420288,-1792.566772,494.050415,153.052475,-1788.842163,493.805695,158.642395,-1785.000000,487.762604,131.577408,-1791.651611,489.879944,135.970932,-1787.912109,491.940277,140.341583,-1784.185181,493.417664,145.151154,-1780.473877,493.786041,150.861465,-1776.781372,
		484.989655,123.791840,-1784.604492,487.492920,128.581436,-1780.834717,489.930023,133.396179,-1777.046875,491.794373,138.585968,-1773.322998,492.579285,144.500748,-1769.745117,482.577667,116.905708,-1777.755127,485.362793,122.213371,-1773.937378,488.008026,127.611664,-1770.092041,490.042419,133.303436,-1766.348511,490.995056,139.491501,-1762.836426,
		481.428711,111.098999,-1770.000000,484.424591,116.989449,-1766.131348,487.086914,123.015663,-1762.260620,489.023712,129.250015,-1758.509399,489.842987,135.764893,-1755.000000
	],

	"normals" : [
		0.963820,-0.257006,-0.070705,0.954925,-0.263352,-0.136980,0.973551,-0.190145,-0.126660,0.997465,-0.043634,-0.056211,0.989763,0.137853,0.036951,0.932797,-0.355748,-0.057740,0.922891,-0.367851,-0.113834,0.945288,-0.312977,-0.092063,0.982852,-0.184092,-0.010556,0.995076,-0.000839,0.099111,
		0.915900,-0.396791,-0.060694,0.906339,-0.411574,-0.095693,0.925967,-0.372786,-0.060127,0.963626,-0.265788,0.027946,0.985113,-0.091063,0.145808,0.914715,-0.390984,-0.102121,0.910397,-0.399079,-0.109152,0.928804,-0.365579,-0.060626,0.961641,-0.272932,0.027472,0.984165,-0.110153,0.138870,
		0.916856,-0.351104,-0.190003,0.925504,-0.335344,-0.176032,0.949065,-0.290611,-0.121739,0.979054,-0.199883,-0.038727,0.997044,-0.049033,0.059147
	],

	"faces": [
		32 ,0,1,5 ,0,1,5,
		32 ,5,1,6 ,5,1,6,
		32 ,5,6,10 ,5,6,10,
		32 ,10,6,11 ,10,6,11,
		32 ,10,11,15 ,10,11,15,
		32 ,15,11,16 ,15,11,16,
		32 ,15,16,20 ,15,16,20,
		32 ,20,16,21 ,20,16,21,
		32 ,1,2,6 ,1,2,6,
		32 ,6,2,7 ,6,2,7,
		32 ,6,7,11 ,6,7,11,
		32 ,11,7,12 ,11,7,12,
		32 ,11,12,16 ,11,12,16,
		32 ,16,12,17 ,16,12,17,
		32 ,16,17,21 ,16,17,21,
		32 ,21,17,22 ,21,17,22,
		32 ,2,3,7 ,2,3,7,
		32 ,7,3,8 ,7,3,8,
		32 ,7,8,12 ,7,8,12,
		32 ,12,8,13 ,12,8,13,
		32 ,12,13,17 ,12,13,17,
		32 ,17,13,18 ,17,13,18,
		32 ,17,18,22 ,17,18,22,
		32 ,22,18,23 ,22,18,23,
		32 ,3,4,8 ,3,4,8,
		32 ,8,4,9 ,8,4,9,
		32 ,8,9,13 ,8,9,13,
		32 ,13,9,14 ,13,9,14,
		32 ,13,14,18 ,13,14,18,
		32 ,18,14,19 ,18,14,19,
		32 ,18,19,23 ,18,19,23,
		32 ,23,19,24 ,23,19,24
	]

}
