{
	"metadata" : {
		"formatVersion" : 3,
		"description" : "Exported from LibZinc."
	},

	"vertices" : [
		48.546391,120.902496,-962.349182,48.546391,120.902496,-962.349182,48.546391,120.902496,-962.349182,48.546391,120.902496,-962.349182,48.546391,120.902496,-962.349182,48.372482,123.429214,-960.470215,47.321922,123.689964,-960.995667,46.418282,123.576508,-961.469177,45.739353,123.105873,-961.787720,45.362938,122.295074,-961.848145,
		48.154339,125.685402,-958.476501,46.254021,126.162567,-959.424866,44.516418,126.033661,-960.360962,43.155712,125.240807,-961.029297,42.386086,123.726151,-961.174255,47.953297,127.855438,-956.045349,45.375084,128.474045,-957.277466,42.915962,128.345566,-958.544312,40.928265,127.300629,-959.461548,39.764328,125.169853,-959.645020,
		47.830700,130.123703,-952.854187,44.717503,130.778107,-954.194153,41.692062,130.583832,-955.539062,39.189808,129.278641,-956.472412,37.646172,126.600304,-956.577881
	],

	"normals" : [
		0.083005,0.578690,-0.811312,0.083005,0.578690,-0.811312,0.083005,0.578690,-0.811312,0.083005,0.578690,-0.811312,0.083005,0.578690,-0.811312,0.530758,0.556277,-0.639416,0.412728,0.566520,-0.713239,0.246960,0.494404,-0.833412,0.029340,0.283180,-0.958618,-0.180252,-0.066937,-0.981340,
		0.515439,0.628301,-0.582719,0.404435,0.653635,-0.639682,0.229418,0.611680,-0.757110,-0.048670,0.405283,-0.912895,-0.342417,-0.027278,-0.939152,0.485759,0.699170,-0.524594,0.363095,0.746879,-0.557077,0.141933,0.752148,-0.643528,-0.259394,0.576961,-0.774488,-0.650865,0.064989,-0.756407,
		0.441020,0.757076,-0.482014,0.290140,0.824513,-0.485795,0.002535,0.860846,-0.508859,-0.494822,0.691395,-0.526425,-0.874864,0.174388,-0.451888
	],

	"faces": [
		32 ,0,1,5 ,0,1,5,
		32 ,5,1,6 ,5,1,6,
		32 ,5,6,10 ,5,6,10,
		32 ,10,6,11 ,10,6,11,
		32 ,10,11,15 ,10,11,15,
		32 ,15,11,16 ,15,11,16,
		32 ,15,16,20 ,15,16,20,
		32 ,20,16,21 ,20,16,21,
		32 ,1,2,6 ,1,2,6,
		32 ,6,2,7 ,6,2,7,
		32 ,6,7,11 ,6,7,11,
		32 ,11,7,12 ,11,7,12,
		32 ,11,12,16 ,11,12,16,
		32 ,16,12,17 ,16,12,17,
		32 ,16,17,21 ,16,17,21,
		32 ,21,17,22 ,21,17,22,
		32 ,2,3,7 ,2,3,7,
		32 ,7,3,8 ,7,3,8,
		32 ,7,8,12 ,7,8,12,
		32 ,12,8,13 ,12,8,13,
		32 ,12,13,17 ,12,13,17,
		32 ,17,13,18 ,17,13,18,
		32 ,17,18,22 ,17,18,22,
		32 ,22,18,23 ,22,18,23,
		32 ,3,4,8 ,3,4,8,
		32 ,8,4,9 ,8,4,9,
		32 ,8,9,13 ,8,9,13,
		32 ,13,9,14 ,13,9,14,
		32 ,13,14,18 ,13,14,18,
		32 ,18,14,19 ,18,14,19,
		32 ,18,19,23 ,18,19,23,
		32 ,23,19,24 ,23,19,24
	]

}
