{
	"metadata" : {
		"formatVersion" : 3,
		"description" : "Exported from LibZinc."
	},

	"vertices" : [
		48.546391,120.902496,-962.349182,48.546391,120.902496,-962.349182,48.546391,120.902496,-962.349182,48.546391,120.902496,-962.349182,48.546391,120.902496,-962.349182,45.362938,122.295074,-961.848145,45.361656,121.261192,-961.612061,45.725845,120.205788,-961.175049,46.409897,119.272606,-960.634583,47.368202,118.605370,-960.088135,
		42.386086,123.726151,-961.174255,42.398239,121.702881,-960.696350,43.144192,119.630249,-959.815308,44.480076,117.819511,-958.754639,46.262047,116.581879,-957.737671,39.764328,125.169853,-959.645020,39.758095,122.268745,-958.948608,40.836491,119.328506,-957.700928,42.741310,116.803291,-956.229797,45.214344,115.147270,-954.863281,
		37.646172,126.600304,-956.577881,37.543179,122.999985,-955.715332,38.837826,119.453163,-954.262695,41.177979,116.484039,-952.580811,44.211510,114.616798,-951.030518
	],

	"normals" : [
		-0.380160,-0.552844,-0.741513,-0.380160,-0.552844,-0.741513,-0.380160,-0.552844,-0.741513,-0.380160,-0.552844,-0.741513,-0.380160,-0.552844,-0.741513,-0.180252,-0.066937,-0.981340,-0.253606,-0.343407,-0.904298,-0.226791,-0.525188,-0.820209,-0.133124,-0.644931,-0.752557,0.013727,-0.713788,-0.700227,
		-0.342417,-0.027278,-0.939152,-0.423932,-0.364375,-0.829164,-0.379699,-0.570922,-0.727926,-0.262301,-0.709795,-0.653751,-0.068977,-0.802788,-0.592261,-0.650865,0.064989,-0.756407,-0.699357,-0.348921,-0.623822,-0.612835,-0.596080,-0.518770,-0.461933,-0.772412,-0.435888,-0.206683,-0.912750,-0.352376,
		-0.874864,0.174388,-0.451888,-0.889225,-0.279456,-0.362191,-0.773394,-0.569340,-0.278773,-0.599653,-0.779175,-0.182489,-0.306401,-0.949880,-0.062027
	],

	"faces": [
		32 ,0,1,5 ,0,1,5,
		32 ,5,1,6 ,5,1,6,
		32 ,5,6,10 ,5,6,10,
		32 ,10,6,11 ,10,6,11,
		32 ,10,11,15 ,10,11,15,
		32 ,15,11,16 ,15,11,16,
		32 ,15,16,20 ,15,16,20,
		32 ,20,16,21 ,20,16,21,
		32 ,1,2,6 ,1,2,6,
		32 ,6,2,7 ,6,2,7,
		32 ,6,7,11 ,6,7,11,
		32 ,11,7,12 ,11,7,12,
		32 ,11,12,16 ,11,12,16,
		32 ,16,12,17 ,16,12,17,
		32 ,16,17,21 ,16,17,21,
		32 ,21,17,22 ,21,17,22,
		32 ,2,3,7 ,2,3,7,
		32 ,7,3,8 ,7,3,8,
		32 ,7,8,12 ,7,8,12,
		32 ,12,8,13 ,12,8,13,
		32 ,12,13,17 ,12,13,17,
		32 ,17,13,18 ,17,13,18,
		32 ,17,18,22 ,17,18,22,
		32 ,22,18,23 ,22,18,23,
		32 ,3,4,8 ,3,4,8,
		32 ,8,4,9 ,8,4,9,
		32 ,8,9,13 ,8,9,13,
		32 ,13,9,14 ,13,9,14,
		32 ,13,14,18 ,13,14,18,
		32 ,18,14,19 ,18,14,19,
		32 ,18,19,23 ,18,19,23,
		32 ,23,19,24 ,23,19,24
	]

}
