{
	"metadata" : {
		"formatVersion" : 3,
		"description" : "Exported from LibZinc."
	},

	"vertices" : [
		55.075741,119.986298,-948.888184,54.984947,123.276428,-949.568848,53.382748,126.241142,-950.525818,50.815784,128.612778,-951.655457,47.830700,130.123703,-952.854187,55.223843,121.800163,-944.511414,55.290367,125.410439,-945.322388,53.774704,128.604446,-946.382629,51.165092,131.111832,-947.583252,47.949772,132.662231,-948.815430,
		54.790134,124.338165,-940.025024,55.061043,128.007523,-940.861328,53.839020,131.277832,-941.889893,51.451633,133.845276,-943.028320,48.226463,135.406082,-944.194153,53.894154,127.099388,-935.391907,54.453331,130.706345,-936.162720,53.607784,134.001419,-937.091187,51.519684,136.616653,-938.121216,48.351215,138.184128,-939.196716,
		52.655430,129.582901,-930.574829,53.623577,133.145569,-931.203735,53.113091,136.515350,-932.030090,51.213535,139.229507,-932.992432,48.014462,140.825302,-934.029480
	],

	"normals" : [
		0.967986,-0.248799,-0.033191,0.947003,0.217650,-0.236249,0.789321,0.486724,-0.374262,0.626535,0.639511,-0.445511,0.441020,0.757076,-0.482014,0.959368,-0.235449,0.155488,0.974018,0.196640,-0.112342,0.817216,0.476448,-0.324276,0.626794,0.641783,-0.441863,0.403722,0.769995,-0.494081,
		0.933810,-0.226900,0.276613,0.988554,0.150710,0.006849,0.859735,0.447037,-0.247010,0.644403,0.647410,-0.406946,0.371115,0.796196,-0.477854,0.898162,-0.258865,0.355377,0.990859,0.075380,0.111875,0.904696,0.399548,-0.147942,0.670514,0.657726,-0.343233,0.339616,0.830786,-0.440971,
		0.844673,-0.361230,0.395019,0.983286,-0.021716,0.180770,0.934807,0.352065,-0.046755,0.689874,0.679291,-0.250275,0.307018,0.871192,-0.383099
	],

	"faces": [
		32 ,0,1,5 ,0,1,5,
		32 ,5,1,6 ,5,1,6,
		32 ,5,6,10 ,5,6,10,
		32 ,10,6,11 ,10,6,11,
		32 ,10,11,15 ,10,11,15,
		32 ,15,11,16 ,15,11,16,
		32 ,15,16,20 ,15,16,20,
		32 ,20,16,21 ,20,16,21,
		32 ,1,2,6 ,1,2,6,
		32 ,6,2,7 ,6,2,7,
		32 ,6,7,11 ,6,7,11,
		32 ,11,7,12 ,11,7,12,
		32 ,11,12,16 ,11,12,16,
		32 ,16,12,17 ,16,12,17,
		32 ,16,17,21 ,16,17,21,
		32 ,21,17,22 ,21,17,22,
		32 ,2,3,7 ,2,3,7,
		32 ,7,3,8 ,7,3,8,
		32 ,7,8,12 ,7,8,12,
		32 ,12,8,13 ,12,8,13,
		32 ,12,13,17 ,12,13,17,
		32 ,17,13,18 ,17,13,18,
		32 ,17,18,22 ,17,18,22,
		32 ,22,18,23 ,22,18,23,
		32 ,3,4,8 ,3,4,8,
		32 ,8,4,9 ,8,4,9,
		32 ,8,9,13 ,8,9,13,
		32 ,13,9,14 ,13,9,14,
		32 ,13,14,18 ,13,14,18,
		32 ,18,14,19 ,18,14,19,
		32 ,18,19,23 ,18,19,23,
		32 ,23,19,24 ,23,19,24
	]

}
