{
	"metadata" : {
		"formatVersion" : 3,
		"description" : "Exported from LibZinc."
	},

	"vertices" : [
		37.646172,126.600304,-956.577881,37.543179,122.999985,-955.715332,38.837826,119.453163,-954.262695,41.177979,116.484039,-952.580811,44.211510,114.616798,-951.030518,36.225296,127.772987,-951.896301,36.001083,123.807571,-950.919434,37.346233,120.095314,-949.412903,39.889214,117.091331,-947.710510,43.258492,115.250725,-946.145935,
		35.310055,128.848419,-946.361511,34.984245,124.837921,-945.323730,36.255623,121.282738,-943.838928,38.792030,118.498932,-942.206726,42.261311,116.802589,-940.726807,34.470963,130.408234,-940.547668,34.001858,126.485397,-939.534729,35.144840,123.073090,-938.134155,37.597645,120.433189,-936.617126,41.058010,118.827583,-935.254944,
		33.278519,133.034103,-935.028870,32.563118,129.144348,-934.158752,33.592731,125.524033,-932.891907,36.017265,122.620453,-931.489319,39.486629,120.880898,-930.211914
	],

	"normals" : [
		-0.874864,0.174388,-0.451888,-0.889225,-0.279456,-0.362191,-0.773394,-0.569340,-0.278773,-0.599653,-0.779175,-0.182489,-0.306401,-0.949880,-0.062027,-0.941198,0.233307,-0.244363,-0.959791,-0.213138,-0.182684,-0.837081,-0.537714,-0.100790,-0.642100,-0.766499,0.013652,-0.336885,-0.930093,0.146412,
		-0.949784,0.251727,-0.185859,-0.977739,-0.174479,-0.116553,-0.850480,-0.525726,-0.017206,-0.632605,-0.766589,0.110234,-0.332266,-0.911430,0.242680,-0.931117,0.269373,-0.245885,-0.978896,-0.149253,-0.139592,-0.856975,-0.515356,0.001269,-0.624160,-0.768014,0.143453,-0.320384,-0.905883,0.277001,
		-0.843346,0.304096,-0.443050,-0.955269,-0.130765,-0.265257,-0.869500,-0.490228,-0.060382,-0.647842,-0.755294,0.099156,-0.312387,-0.915054,0.255127
	],

	"faces": [
		32 ,0,1,5 ,0,1,5,
		32 ,5,1,6 ,5,1,6,
		32 ,5,6,10 ,5,6,10,
		32 ,10,6,11 ,10,6,11,
		32 ,10,11,15 ,10,11,15,
		32 ,15,11,16 ,15,11,16,
		32 ,15,16,20 ,15,16,20,
		32 ,20,16,21 ,20,16,21,
		32 ,1,2,6 ,1,2,6,
		32 ,6,2,7 ,6,2,7,
		32 ,6,7,11 ,6,7,11,
		32 ,11,7,12 ,11,7,12,
		32 ,11,12,16 ,11,12,16,
		32 ,16,12,17 ,16,12,17,
		32 ,16,17,21 ,16,17,21,
		32 ,21,17,22 ,21,17,22,
		32 ,2,3,7 ,2,3,7,
		32 ,7,3,8 ,7,3,8,
		32 ,7,8,12 ,7,8,12,
		32 ,12,8,13 ,12,8,13,
		32 ,12,13,17 ,12,13,17,
		32 ,17,13,18 ,17,13,18,
		32 ,17,18,22 ,17,18,22,
		32 ,22,18,23 ,22,18,23,
		32 ,3,4,8 ,3,4,8,
		32 ,8,4,9 ,8,4,9,
		32 ,8,9,13 ,8,9,13,
		32 ,13,9,14 ,13,9,14,
		32 ,13,14,18 ,13,14,18,
		32 ,18,14,19 ,18,14,19,
		32 ,18,19,23 ,18,19,23,
		32 ,23,19,24 ,23,19,24
	]

}
