{
	"metadata" : {
		"formatVersion" : 3,
		"description" : "Exported from LibZinc."
	},

	"vertices" : [
		493.805695,158.642395,-1785.000000,491.968018,165.659439,-1780.944946,488.822815,173.497375,-1776.865479,484.878357,181.029541,-1773.103271,480.642914,187.129196,-1770.000000,493.786041,150.861465,-1776.781372,492.581024,157.916275,-1773.013062,489.988983,165.782364,-1769.258667,486.460114,173.456055,-1765.797729,482.444672,179.933640,-1762.909790,
		492.579285,144.500748,-1769.745117,492.003540,151.404648,-1766.310791,490.235870,158.882172,-1763.039795,487.444580,166.263901,-1760.048096,483.798096,172.880341,-1757.451782,490.995056,139.491501,-1762.836426,490.854675,146.238052,-1759.668701,489.823761,153.253891,-1756.841064,487.752197,160.214798,-1754.306396,484.489685,166.796539,-1752.017944,
		489.842987,135.764893,-1755.000000,489.753510,142.529984,-1751.917480,489.013062,149.354584,-1749.294678,487.303314,156.070450,-1747.024536,484.306000,162.509399,-1745.000000
	],

	"normals" : [
		0.989763,0.137853,0.036951,0.957693,0.269950,0.099756,0.924260,0.354438,0.141838,0.882012,0.432343,0.187440,0.802579,0.537330,0.259120,0.995076,-0.000839,0.099111,0.970780,0.163477,0.175673,0.938523,0.274187,0.209751,0.896653,0.364539,0.251246,0.823307,0.459009,0.333880,
		0.985113,-0.091063,0.145808,0.976526,0.065721,0.205130,0.953575,0.196405,0.228299,0.911665,0.309206,0.270665,0.833744,0.413796,0.365574,0.984165,-0.110153,0.138870,0.984514,0.004026,0.175261,0.971251,0.136429,0.195088,0.930894,0.276108,0.239166,0.848949,0.413913,0.328574,
		0.997044,-0.049033,0.059147,0.994632,0.009968,0.102992,0.982547,0.118030,0.143773,0.944933,0.269001,0.186388,0.863670,0.444598,0.237500
	],

	"faces": [
		32 ,0,1,5 ,0,1,5,
		32 ,5,1,6 ,5,1,6,
		32 ,5,6,10 ,5,6,10,
		32 ,10,6,11 ,10,6,11,
		32 ,10,11,15 ,10,11,15,
		32 ,15,11,16 ,15,11,16,
		32 ,15,16,20 ,15,16,20,
		32 ,20,16,21 ,20,16,21,
		32 ,1,2,6 ,1,2,6,
		32 ,6,2,7 ,6,2,7,
		32 ,6,7,11 ,6,7,11,
		32 ,11,7,12 ,11,7,12,
		32 ,11,12,16 ,11,12,16,
		32 ,16,12,17 ,16,12,17,
		32 ,16,17,21 ,16,17,21,
		32 ,21,17,22 ,21,17,22,
		32 ,2,3,7 ,2,3,7,
		32 ,7,3,8 ,7,3,8,
		32 ,7,8,12 ,7,8,12,
		32 ,12,8,13 ,12,8,13,
		32 ,12,13,17 ,12,13,17,
		32 ,17,13,18 ,17,13,18,
		32 ,17,18,22 ,17,18,22,
		32 ,22,18,23 ,22,18,23,
		32 ,3,4,8 ,3,4,8,
		32 ,8,4,9 ,8,4,9,
		32 ,8,9,13 ,8,9,13,
		32 ,13,9,14 ,13,9,14,
		32 ,13,14,18 ,13,14,18,
		32 ,18,14,19 ,18,14,19,
		32 ,18,19,23 ,18,19,23,
		32 ,23,19,24 ,23,19,24
	]

}
