{
	"metadata" : {
		"formatVersion" : 3,
		"description" : "Exported from LibZinc."
	},

	"vertices" : [
		-1.881930,156.957199,-882.813477,-7.666022,154.614990,-883.192993,-13.793625,151.295410,-883.830566,-19.795700,146.946320,-884.475159,-25.203211,141.515594,-884.875916,-3.356788,156.446838,-874.929688,-8.482744,154.705963,-875.469055,-14.174721,151.904129,-876.338745,-19.924278,147.988739,-877.263733,-25.222975,142.907181,-877.969238,
		-4.921081,155.616287,-868.642883,-9.716126,154.400818,-869.564270,-14.981501,151.980530,-870.675354,-20.367632,148.340790,-871.774780,-25.524950,143.466980,-872.661377,-5.940098,154.730408,-861.639954,-10.655623,153.917435,-863.015564,-15.748996,151.716217,-864.296753,-20.957541,148.210327,-865.437744,-26.018581,143.483368,-866.393005,
		-5.779128,154.054092,-851.607727,-10.590687,153.473785,-853.360046,-16.012241,151.302826,-854.659302,-21.525785,147.805161,-855.682068,-26.613310,143.244705,-856.604797
	],

	"normals" : [
		-0.323902,0.945963,-0.015537,-0.419279,0.906415,-0.051151,-0.519647,0.849944,-0.086966,-0.633662,0.764450,-0.118697,-0.762200,0.634631,-0.127650,-0.256215,0.965756,0.040851,-0.375006,0.925869,-0.046227,-0.485583,0.868811,-0.096837,-0.609105,0.783956,-0.120016,-0.744908,0.654392,-0.129932,
		-0.154874,0.982122,0.107007,-0.336050,0.941844,0.000111,-0.480623,0.875228,-0.054560,-0.613727,0.786241,-0.071866,-0.736198,0.671184,-0.086743,-0.051286,0.993914,0.097489,-0.303425,0.952018,0.039944,-0.484143,0.874975,0.004931,-0.621143,0.783481,-0.018395,-0.731179,0.681040,-0.039531,
		0.053317,0.997965,0.034985,-0.275354,0.960221,0.046433,-0.465672,0.884205,0.036480,-0.603776,0.797131,0.006050,-0.726634,0.686701,-0.021086
	],

	"faces": [
		32 ,0,1,5 ,0,1,5,
		32 ,5,1,6 ,5,1,6,
		32 ,5,6,10 ,5,6,10,
		32 ,10,6,11 ,10,6,11,
		32 ,10,11,15 ,10,11,15,
		32 ,15,11,16 ,15,11,16,
		32 ,15,16,20 ,15,16,20,
		32 ,20,16,21 ,20,16,21,
		32 ,1,2,6 ,1,2,6,
		32 ,6,2,7 ,6,2,7,
		32 ,6,7,11 ,6,7,11,
		32 ,11,7,12 ,11,7,12,
		32 ,11,12,16 ,11,12,16,
		32 ,16,12,17 ,16,12,17,
		32 ,16,17,21 ,16,17,21,
		32 ,21,17,22 ,21,17,22,
		32 ,2,3,7 ,2,3,7,
		32 ,7,3,8 ,7,3,8,
		32 ,7,8,12 ,7,8,12,
		32 ,12,8,13 ,12,8,13,
		32 ,12,13,17 ,12,13,17,
		32 ,17,13,18 ,17,13,18,
		32 ,17,18,22 ,17,18,22,
		32 ,22,18,23 ,22,18,23,
		32 ,3,4,8 ,3,4,8,
		32 ,8,4,9 ,8,4,9,
		32 ,8,9,13 ,8,9,13,
		32 ,13,9,14 ,13,9,14,
		32 ,13,14,18 ,13,14,18,
		32 ,18,14,19 ,18,14,19,
		32 ,18,19,23 ,18,19,23,
		32 ,23,19,24 ,23,19,24
	]

}
