{
	"metadata" : {
		"formatVersion" : 3,
		"description" : "Exported from LibZinc."
	},

	"vertices" : [
		439.779114,195.576996,-1770.000000,433.887115,192.526672,-1773.059570,428.170715,188.345901,-1776.780396,423.150543,183.900558,-1780.861084,419.347198,180.056595,-1785.000000,440.350403,189.655884,-1763.129395,434.959961,186.262405,-1766.322754,429.796112,181.869400,-1770.168091,425.262146,177.143066,-1774.287720,421.761414,172.749588,-1778.304565,
		440.253265,184.897339,-1757.510132,435.277649,181.316391,-1760.813965,430.771515,176.922958,-1764.761353,426.852112,172.081497,-1768.940918,423.636719,167.156509,-1772.940674,439.941223,181.116180,-1751.885864,435.261627,177.464264,-1755.163696,431.339081,173.134216,-1759.095215,427.989410,168.208710,-1763.289795,425.028534,162.770416,-1767.356445,
		439.867798,178.127197,-1745.000000,435.333282,174.481644,-1748.002930,431.740845,170.130829,-1751.704346,428.742981,165.017517,-1755.803589,425.992188,159.084396,-1760.000000
	],

	"normals" : [
		-0.505308,0.629884,0.589839,-0.651540,0.494084,0.575652,-0.727488,0.389886,0.564580,-0.785255,0.296293,0.543677,-0.853772,0.183736,0.487149,-0.579771,0.604025,0.546827,-0.707056,0.475133,0.523756,-0.772626,0.360776,0.522388,-0.815492,0.252534,0.520768,-0.862213,0.149515,0.483976,
		-0.625324,0.629751,0.460851,-0.754655,0.502975,0.421321,-0.825875,0.376109,0.420087,-0.861700,0.257378,0.437299,-0.882201,0.173352,0.437801,-0.635272,0.686932,0.352922,-0.776650,0.554848,0.298259,-0.862951,0.418555,0.283067,-0.904943,0.302656,0.299129,-0.916375,0.236616,0.322907,
		-0.613183,0.744428,0.264259,-0.773817,0.597315,0.210768,-0.875146,0.448948,0.180456,-0.924415,0.338683,0.175358,-0.940459,0.279037,0.194104
	],

	"faces": [
		32 ,0,1,5 ,0,1,5,
		32 ,5,1,6 ,5,1,6,
		32 ,5,6,10 ,5,6,10,
		32 ,10,6,11 ,10,6,11,
		32 ,10,11,15 ,10,11,15,
		32 ,15,11,16 ,15,11,16,
		32 ,15,16,20 ,15,16,20,
		32 ,20,16,21 ,20,16,21,
		32 ,1,2,6 ,1,2,6,
		32 ,6,2,7 ,6,2,7,
		32 ,6,7,11 ,6,7,11,
		32 ,11,7,12 ,11,7,12,
		32 ,11,12,16 ,11,12,16,
		32 ,16,12,17 ,16,12,17,
		32 ,16,17,21 ,16,17,21,
		32 ,21,17,22 ,21,17,22,
		32 ,2,3,7 ,2,3,7,
		32 ,7,3,8 ,7,3,8,
		32 ,7,8,12 ,7,8,12,
		32 ,12,8,13 ,12,8,13,
		32 ,12,13,17 ,12,13,17,
		32 ,17,13,18 ,17,13,18,
		32 ,17,18,22 ,17,18,22,
		32 ,22,18,23 ,22,18,23,
		32 ,3,4,8 ,3,4,8,
		32 ,8,4,9 ,8,4,9,
		32 ,8,9,13 ,8,9,13,
		32 ,13,9,14 ,13,9,14,
		32 ,13,14,18 ,13,14,18,
		32 ,18,14,19 ,18,14,19,
		32 ,18,19,23 ,18,19,23,
		32 ,23,19,24 ,23,19,24
	]

}
