{
	"metadata" : {
		"formatVersion" : 3,
		"description" : "Exported from LibZinc."
	},

	"vertices" : [
		469.731293,255.987000,-1874.000000,469.731293,255.987000,-1874.000000,469.731293,255.987000,-1874.000000,469.731293,255.987000,-1874.000000,469.731293,255.987000,-1874.000000,468.161652,255.870346,-1871.155762,467.247345,256.296692,-1871.907959,466.683807,256.483917,-1872.911865,466.537506,256.344513,-1873.947754,466.874847,255.790985,-1874.795776,
		466.738007,255.705017,-1868.321167,465.064545,256.492157,-1869.811523,463.961273,256.885193,-1871.887695,463.604431,256.680084,-1874.028076,464.170349,255.672943,-1875.710938,465.589233,254.847580,-1865.575928,463.233429,255.916595,-1867.690430,461.629547,256.444183,-1870.694336,461.076599,256.125427,-1873.812744,461.873413,254.655304,-1876.270630,
		464.844208,252.654602,-1863.000000,461.804504,253.913162,-1865.524170,459.754639,254.414322,-1869.098877,459.098419,253.812088,-1872.874146,460.239685,251.760498,-1876.000000
	],

	"normals" : [
		-0.192767,0.981241,-0.002600,-0.192767,0.981241,-0.002600,-0.192767,0.981241,-0.002600,-0.192767,0.981241,-0.002600,-0.192767,0.981241,-0.002600,0.344165,0.918643,0.194024,0.258972,0.957867,0.124193,0.184657,0.982399,-0.028175,0.157870,0.939208,-0.304902,0.217198,0.726922,-0.651467,
		0.296190,0.916098,0.270251,0.166422,0.966318,0.196298,0.057266,0.997622,0.038343,0.012656,0.961432,-0.274751,0.115736,0.698059,-0.706625,0.133145,0.854828,0.501540,-0.140722,0.908607,0.393230,-0.367982,0.913298,0.174574,-0.518472,0.817933,-0.249343,-0.329579,0.471071,-0.818211,
		-0.104341,0.632274,0.767687,-0.489465,0.642629,0.589450,-0.764326,0.578172,0.285522,-0.915409,0.363421,-0.173062,-0.715063,0.068016,-0.695743
	],

	"faces": [
		32 ,0,1,5 ,0,1,5,
		32 ,5,1,6 ,5,1,6,
		32 ,5,6,10 ,5,6,10,
		32 ,10,6,11 ,10,6,11,
		32 ,10,11,15 ,10,11,15,
		32 ,15,11,16 ,15,11,16,
		32 ,15,16,20 ,15,16,20,
		32 ,20,16,21 ,20,16,21,
		32 ,1,2,6 ,1,2,6,
		32 ,6,2,7 ,6,2,7,
		32 ,6,7,11 ,6,7,11,
		32 ,11,7,12 ,11,7,12,
		32 ,11,12,16 ,11,12,16,
		32 ,16,12,17 ,16,12,17,
		32 ,16,17,21 ,16,17,21,
		32 ,21,17,22 ,21,17,22,
		32 ,2,3,7 ,2,3,7,
		32 ,7,3,8 ,7,3,8,
		32 ,7,8,12 ,7,8,12,
		32 ,12,8,13 ,12,8,13,
		32 ,12,13,17 ,12,13,17,
		32 ,17,13,18 ,17,13,18,
		32 ,17,18,22 ,17,18,22,
		32 ,22,18,23 ,22,18,23,
		32 ,3,4,8 ,3,4,8,
		32 ,8,4,9 ,8,4,9,
		32 ,8,9,13 ,8,9,13,
		32 ,13,9,14 ,13,9,14,
		32 ,13,14,18 ,13,14,18,
		32 ,18,14,19 ,18,14,19,
		32 ,18,19,23 ,18,19,23,
		32 ,23,19,24 ,23,19,24
	]

}
