{
	"metadata" : {
		"formatVersion" : 3,
		"description" : "Exported from LibZinc."
	},

	"vertices" : [
		-34.891289,88.175980,-879.246826,-30.800295,83.131935,-877.709229,-25.577423,78.739006,-876.445435,-19.764872,75.645866,-875.413635,-13.904830,74.501183,-874.572327,-35.682808,91.835686,-873.809448,-31.997749,87.185051,-872.323547,-27.209234,83.087166,-871.060547,-21.775784,80.099472,-869.974243,-16.155922,78.779434,-869.018250,
		-36.117382,95.337440,-869.434326,-32.983047,91.096573,-868.068298,-28.801001,87.568375,-866.747559,-23.933905,85.000282,-865.528687,-18.744429,83.639725,-864.468384,-36.287792,98.567696,-863.732544,-33.698109,94.675262,-862.573792,-30.076878,91.630142,-861.149597,-25.737511,89.414330,-859.725647,-20.993422,88.009819,-858.567505,
		-36.286831,101.412903,-854.315186,-34.084854,97.729881,-853.470398,-30.761021,94.719971,-851.910095,-26.684875,92.407669,-850.213623,-22.225969,90.817467,-848.960388
	],

	"normals" : [
		-0.851065,-0.503345,0.149443,-0.725491,-0.641845,0.248390,-0.579550,-0.748421,0.322471,-0.376865,-0.839924,0.390514,-0.053727,-0.888049,0.456599,-0.855891,-0.453467,0.248634,-0.724387,-0.590648,0.355525,-0.575790,-0.672112,0.465543,-0.391909,-0.717745,0.575543,-0.147969,-0.731792,0.665271,
		-0.878529,-0.410161,0.244856,-0.737693,-0.579267,0.346784,-0.581306,-0.673920,0.455978,-0.410406,-0.722759,0.556046,-0.212225,-0.747105,0.629916,-0.911295,-0.381811,0.154152,-0.761881,-0.604921,0.231532,-0.595171,-0.744742,0.301880,-0.429754,-0.830338,0.354754,-0.258618,-0.884763,0.387701,
		-0.934231,-0.347667,0.079622,-0.782239,-0.609559,0.128607,-0.615006,-0.775445,0.143011,-0.447101,-0.884892,0.130641,-0.278969,-0.952957,0.118526
	],

	"faces": [
		32 ,0,1,5 ,0,1,5,
		32 ,5,1,6 ,5,1,6,
		32 ,5,6,10 ,5,6,10,
		32 ,10,6,11 ,10,6,11,
		32 ,10,11,15 ,10,11,15,
		32 ,15,11,16 ,15,11,16,
		32 ,15,16,20 ,15,16,20,
		32 ,20,16,21 ,20,16,21,
		32 ,1,2,6 ,1,2,6,
		32 ,6,2,7 ,6,2,7,
		32 ,6,7,11 ,6,7,11,
		32 ,11,7,12 ,11,7,12,
		32 ,11,12,16 ,11,12,16,
		32 ,16,12,17 ,16,12,17,
		32 ,16,17,21 ,16,17,21,
		32 ,21,17,22 ,21,17,22,
		32 ,2,3,7 ,2,3,7,
		32 ,7,3,8 ,7,3,8,
		32 ,7,8,12 ,7,8,12,
		32 ,12,8,13 ,12,8,13,
		32 ,12,13,17 ,12,13,17,
		32 ,17,13,18 ,17,13,18,
		32 ,17,18,22 ,17,18,22,
		32 ,22,18,23 ,22,18,23,
		32 ,3,4,8 ,3,4,8,
		32 ,8,4,9 ,8,4,9,
		32 ,8,9,13 ,8,9,13,
		32 ,13,9,14 ,13,9,14,
		32 ,13,14,18 ,13,14,18,
		32 ,18,14,19 ,18,14,19,
		32 ,18,19,23 ,18,19,23,
		32 ,23,19,24 ,23,19,24
	]

}
