{
	"metadata" : {
		"formatVersion" : 3,
		"description" : "Exported from LibZinc."
	},

	"vertices" : [
		28.347260,104.114700,-781.403015,29.772156,109.521294,-781.860168,30.364689,114.224907,-782.271057,30.349766,118.583069,-782.638916,29.952290,122.953300,-782.966797,34.800556,101.216118,-762.701477,35.906368,106.954689,-763.940918,36.216240,112.054382,-765.122620,35.920547,116.883614,-766.116394,35.209671,121.810799,-766.792297,
		43.198952,98.857582,-743.251587,43.873096,105.581543,-745.255188,43.337887,111.602859,-747.353821,42.080204,117.305405,-749.217163,40.586926,123.073051,-750.514648,52.890949,97.545303,-722.795105,53.192665,105.579178,-725.488281,51.731773,112.859406,-728.323730,49.343552,119.709229,-730.909363,46.863281,126.451904,-732.853210,
		63.225040,97.785507,-701.073730,63.385410,107.124893,-704.325684,61.400047,115.813072,-707.391174,58.225410,123.955887,-710.161255,54.817959,131.659195,-712.527222
	],

	"normals" : [
		0.896782,-0.317589,-0.308090,0.930155,-0.207149,-0.303151,0.949129,-0.079839,-0.304598,0.951605,0.029184,-0.305934,0.949808,0.087921,-0.300225,0.872245,-0.298026,-0.387775,0.904861,-0.200552,-0.375507,0.932146,-0.075446,-0.354136,0.943539,0.046479,-0.327983,0.943035,0.129676,-0.306380,
		0.861464,-0.280777,-0.423136,0.899746,-0.136701,-0.414450,0.920346,0.017980,-0.390692,0.922804,0.132715,-0.361689,0.924527,0.174231,-0.338960,0.864032,-0.272112,-0.423561,0.899378,-0.075246,-0.430648,0.901944,0.099071,-0.420335,0.892684,0.201388,-0.403184,0.898641,0.213004,-0.383501,
		0.877312,-0.274628,-0.393578,0.903670,-0.042793,-0.426087,0.888551,0.136748,-0.437924,0.867741,0.235570,-0.437644,0.869855,0.250548,-0.424944
	],

	"faces": [
		32 ,0,1,5 ,0,1,5,
		32 ,5,1,6 ,5,1,6,
		32 ,5,6,10 ,5,6,10,
		32 ,10,6,11 ,10,6,11,
		32 ,10,11,15 ,10,11,15,
		32 ,15,11,16 ,15,11,16,
		32 ,15,16,20 ,15,16,20,
		32 ,20,16,21 ,20,16,21,
		32 ,1,2,6 ,1,2,6,
		32 ,6,2,7 ,6,2,7,
		32 ,6,7,11 ,6,7,11,
		32 ,11,7,12 ,11,7,12,
		32 ,11,12,16 ,11,12,16,
		32 ,16,12,17 ,16,12,17,
		32 ,16,17,21 ,16,17,21,
		32 ,21,17,22 ,21,17,22,
		32 ,2,3,7 ,2,3,7,
		32 ,7,3,8 ,7,3,8,
		32 ,7,8,12 ,7,8,12,
		32 ,12,8,13 ,12,8,13,
		32 ,12,13,17 ,12,13,17,
		32 ,17,13,18 ,17,13,18,
		32 ,17,18,22 ,17,18,22,
		32 ,22,18,23 ,22,18,23,
		32 ,3,4,8 ,3,4,8,
		32 ,8,4,9 ,8,4,9,
		32 ,8,9,13 ,8,9,13,
		32 ,13,9,14 ,13,9,14,
		32 ,13,14,18 ,13,14,18,
		32 ,18,14,19 ,18,14,19,
		32 ,18,19,23 ,18,19,23,
		32 ,23,19,24 ,23,19,24
	]

}
