{
	"metadata" : {
		"formatVersion" : 3,
		"description" : "Exported from LibZinc."
	},

	"vertices" : [
		47.559940,76.951248,-582.385620,60.253517,80.206184,-585.296143,72.668274,85.557762,-588.662354,83.213989,93.081718,-592.130127,90.300423,102.853798,-595.345093,50.186337,76.402214,-558.996216,63.266903,79.403206,-560.547974,75.433235,84.267174,-563.782104,85.967850,91.336060,-567.027649,94.153282,100.951805,-568.613831,
		52.505493,74.513397,-537.436829,66.528084,77.943016,-537.802551,79.605408,84.397400,-539.753967,90.950691,93.147385,-541.666382,99.777153,103.463814,-541.914795,54.948391,71.674240,-516.505432,70.108177,75.628571,-515.947937,84.439171,84.316582,-516.143066,96.572319,95.595131,-516.291626,105.138550,107.321114,-515.594666,
		57.946011,68.274200,-495.000000,74.078323,72.262840,-493.872498,89.188904,82.392845,-492.514221,101.242538,95.758728,-491.148834,108.204002,109.455002,-490.000000
	],

	"normals" : [
		0.176290,-0.984278,-0.010875,0.304877,-0.950879,-0.053663,0.448741,-0.885500,-0.120505,0.647018,-0.744759,-0.163408,0.886043,-0.435111,-0.160017,0.160742,-0.984214,-0.074055,0.274412,-0.958188,-0.081084,0.438180,-0.895678,-0.075891,0.640977,-0.762364,-0.089159,0.841632,-0.520572,-0.143734,
		0.124410,-0.984041,-0.127223,0.332242,-0.934254,-0.129556,0.516724,-0.851403,-0.090050,0.679777,-0.729695,-0.073809,0.830055,-0.547509,-0.106027,0.069430,-0.984997,-0.157988,0.400802,-0.897310,-0.184910,0.600211,-0.785713,-0.149675,0.742250,-0.660708,-0.111939,0.872582,-0.480490,-0.087918,
		0.006207,-0.987274,-0.158909,0.430766,-0.871880,-0.232949,0.655741,-0.720485,-0.225621,0.814298,-0.557029,-0.163210,0.960400,-0.275020,-0.044672
	],

	"faces": [
		32 ,0,1,5 ,0,1,5,
		32 ,5,1,6 ,5,1,6,
		32 ,5,6,10 ,5,6,10,
		32 ,10,6,11 ,10,6,11,
		32 ,10,11,15 ,10,11,15,
		32 ,15,11,16 ,15,11,16,
		32 ,15,16,20 ,15,16,20,
		32 ,20,16,21 ,20,16,21,
		32 ,1,2,6 ,1,2,6,
		32 ,6,2,7 ,6,2,7,
		32 ,6,7,11 ,6,7,11,
		32 ,11,7,12 ,11,7,12,
		32 ,11,12,16 ,11,12,16,
		32 ,16,12,17 ,16,12,17,
		32 ,16,17,21 ,16,17,21,
		32 ,21,17,22 ,21,17,22,
		32 ,2,3,7 ,2,3,7,
		32 ,7,3,8 ,7,3,8,
		32 ,7,8,12 ,7,8,12,
		32 ,12,8,13 ,12,8,13,
		32 ,12,13,17 ,12,13,17,
		32 ,17,13,18 ,17,13,18,
		32 ,17,18,22 ,17,18,22,
		32 ,22,18,23 ,22,18,23,
		32 ,3,4,8 ,3,4,8,
		32 ,8,4,9 ,8,4,9,
		32 ,8,9,13 ,8,9,13,
		32 ,13,9,14 ,13,9,14,
		32 ,13,14,18 ,13,14,18,
		32 ,18,14,19 ,18,14,19,
		32 ,18,19,23 ,18,19,23,
		32 ,23,19,24 ,23,19,24
	]

}
