{
	"metadata" : {
		"formatVersion" : 3,
		"description" : "Exported from LibZinc."
	},

	"vertices" : [
		110.978401,148.043793,-490.000000,110.086647,158.348343,-489.929993,108.422340,168.780945,-489.898163,105.387810,178.681320,-489.917267,100.385399,187.389206,-490.000000,110.462654,149.007339,-466.499268,110.567101,159.523544,-466.293945,110.223343,169.641998,-465.860443,108.812401,179.139618,-465.450256,105.715279,187.793320,-465.314789,
		111.650124,149.859146,-444.787903,112.646889,160.948074,-444.479401,112.921638,170.500961,-443.700806,112.329704,178.416946,-442.886475,110.726410,184.595139,-442.470673,114.517807,150.579208,-423.932556,115.960083,162.777222,-423.691315,115.981575,172.923584,-422.971954,115.250313,180.259476,-422.178558,114.434341,184.026062,-421.715179,
		119.042702,151.147507,-403.000000,120.140778,165.166290,-403.134613,118.867516,178.475586,-403.226532,116.884811,188.413345,-403.279114,115.854599,192.317505,-403.295898
	],

	"normals" : [
		0.996187,0.069613,0.052589,0.993663,0.111682,0.012707,0.975248,0.213555,-0.057324,0.913401,0.379459,-0.147343,0.763078,0.594296,-0.254017,0.999827,-0.011473,-0.014663,0.998224,0.003665,-0.059461,0.991245,0.082792,-0.102851,0.962671,0.232029,-0.139379,0.881742,0.446609,-0.151893,
		0.989734,-0.110172,-0.091046,0.990610,-0.055795,-0.124819,0.989815,0.029047,-0.139367,0.975217,0.162786,-0.149841,0.915916,0.376408,-0.139339,0.969462,-0.179247,-0.167374,0.983047,-0.045380,-0.177647,0.984548,0.066801,-0.161875,0.973008,0.170689,-0.155308,0.917911,0.354352,-0.178536,
		0.950802,-0.202794,-0.234201,0.976348,0.023515,-0.214922,0.969796,0.151962,-0.190798,0.952396,0.229707,-0.200440,0.840758,-0.408836,0.354936
	],

	"faces": [
		32 ,0,1,5 ,0,1,5,
		32 ,5,1,6 ,5,1,6,
		32 ,5,6,10 ,5,6,10,
		32 ,10,6,11 ,10,6,11,
		32 ,10,11,15 ,10,11,15,
		32 ,15,11,16 ,15,11,16,
		32 ,15,16,20 ,15,16,20,
		32 ,20,16,21 ,20,16,21,
		32 ,1,2,6 ,1,2,6,
		32 ,6,2,7 ,6,2,7,
		32 ,6,7,11 ,6,7,11,
		32 ,11,7,12 ,11,7,12,
		32 ,11,12,16 ,11,12,16,
		32 ,16,12,17 ,16,12,17,
		32 ,16,17,21 ,16,17,21,
		32 ,21,17,22 ,21,17,22,
		32 ,2,3,7 ,2,3,7,
		32 ,7,3,8 ,7,3,8,
		32 ,7,8,12 ,7,8,12,
		32 ,12,8,13 ,12,8,13,
		32 ,12,13,17 ,12,13,17,
		32 ,17,13,18 ,17,13,18,
		32 ,17,18,22 ,17,18,22,
		32 ,22,18,23 ,22,18,23,
		32 ,3,4,8 ,3,4,8,
		32 ,8,4,9 ,8,4,9,
		32 ,8,9,13 ,8,9,13,
		32 ,13,9,14 ,13,9,14,
		32 ,13,14,18 ,13,14,18,
		32 ,18,14,19 ,18,14,19,
		32 ,18,19,23 ,18,19,23,
		32 ,23,19,24 ,23,19,24
	]

}
