{
	"metadata" : {
		"formatVersion" : 3,
		"description" : "Exported from LibZinc."
	},

	"vertices" : [
		-3.901324,93.150177,-847.421021,-0.683370,95.457367,-846.790344,2.164790,97.807152,-846.591125,4.685482,100.204155,-846.783630,6.921032,102.653000,-847.328308,-1.325384,90.863205,-833.538757,1.419435,92.434853,-832.658081,3.713124,94.123703,-832.259644,5.678750,96.001259,-832.350098,7.439378,98.139030,-832.936157,
		2.338673,87.700806,-817.181152,4.153794,88.596672,-816.418701,5.778743,89.634468,-815.818909,7.190265,90.834297,-815.557373,8.365107,92.216293,-815.809570,6.660213,83.916061,-799.061218,7.463058,84.276306,-798.639099,8.298338,84.720306,-798.089539,9.059673,85.230469,-797.656250,9.640690,85.789169,-797.583252,
		11.208600,79.762077,-779.891907,11.290577,79.807205,-779.886230,11.208600,79.762077,-779.891907,11.126623,79.716957,-779.897583,11.208600,79.762077,-779.891907
	],

	"normals" : [
		0.579331,-0.790033,-0.200558,0.612625,-0.755908,-0.230854,0.643829,-0.726856,-0.239090,0.677662,-0.698832,-0.228926,0.715868,-0.667585,-0.204606,0.513281,-0.819079,-0.256226,0.571185,-0.775916,-0.267772,0.630999,-0.727851,-0.268463,0.687123,-0.678355,-0.260186,0.733645,-0.633572,-0.245665,
		0.479341,-0.831538,-0.280672,0.554751,-0.780913,-0.287100,0.621127,-0.730029,-0.285061,0.680393,-0.678088,-0.277961,0.735780,-0.623163,-0.265132,0.456706,-0.841183,-0.289536,0.560806,-0.772983,-0.296638,0.619806,-0.727490,-0.294276,0.662411,-0.690926,-0.289538,0.706006,-0.649379,-0.282600,
		0.606612,-0.735527,-0.301699,0.606612,-0.735527,-0.301699,0.606612,-0.735527,-0.301699,0.606612,-0.735527,-0.301699,0.606612,-0.735527,-0.301699
	],

	"faces": [
		32 ,0,1,5 ,0,1,5,
		32 ,5,1,6 ,5,1,6,
		32 ,5,6,10 ,5,6,10,
		32 ,10,6,11 ,10,6,11,
		32 ,10,11,15 ,10,11,15,
		32 ,15,11,16 ,15,11,16,
		32 ,15,16,20 ,15,16,20,
		32 ,20,16,21 ,20,16,21,
		32 ,1,2,6 ,1,2,6,
		32 ,6,2,7 ,6,2,7,
		32 ,6,7,11 ,6,7,11,
		32 ,11,7,12 ,11,7,12,
		32 ,11,12,16 ,11,12,16,
		32 ,16,12,17 ,16,12,17,
		32 ,16,17,21 ,16,17,21,
		32 ,21,17,22 ,21,17,22,
		32 ,2,3,7 ,2,3,7,
		32 ,7,3,8 ,7,3,8,
		32 ,7,8,12 ,7,8,12,
		32 ,12,8,13 ,12,8,13,
		32 ,12,13,17 ,12,13,17,
		32 ,17,13,18 ,17,13,18,
		32 ,17,18,22 ,17,18,22,
		32 ,22,18,23 ,22,18,23,
		32 ,3,4,8 ,3,4,8,
		32 ,8,4,9 ,8,4,9,
		32 ,8,9,13 ,8,9,13,
		32 ,13,9,14 ,13,9,14,
		32 ,13,14,18 ,13,14,18,
		32 ,18,14,19 ,18,14,19,
		32 ,18,19,23 ,18,19,23,
		32 ,23,19,24 ,23,19,24
	]

}
