{
	"metadata" : {
		"formatVersion" : 3,
		"description" : "Exported from LibZinc."
	},

	"vertices" : [
		12.217100,113.058800,-845.690308,13.149902,115.351326,-844.721741,13.880313,117.677940,-844.165039,14.517480,120.053589,-844.021606,15.170550,122.493202,-844.293091,14.952814,111.601204,-831.903870,15.809782,113.206238,-830.865112,16.376345,114.797203,-830.234131,16.705734,116.538147,-830.043335,16.851183,118.593132,-830.325012,
		18.719099,109.533302,-816.358704,19.260557,110.419952,-815.675781,19.568657,111.219398,-815.255798,19.689247,112.139908,-815.123718,19.668175,113.389748,-815.304565,23.266926,106.992126,-799.407471,23.462585,107.312416,-799.181580,23.533533,107.480064,-799.041504,23.537079,107.691574,-798.996582,23.530533,108.143463,-799.055847,
		28.347260,104.114700,-781.403015,28.376230,104.203568,-781.410278,28.347260,104.114700,-781.403015,28.318289,104.025833,-781.395752,28.347260,104.114700,-781.403015
	],

	"normals" : [
		0.922831,-0.338671,-0.183535,0.943332,-0.267777,-0.196012,0.950824,-0.240313,-0.195404,0.950905,-0.252606,-0.178800,0.946207,-0.293019,-0.137229,0.897044,-0.367697,-0.245173,0.927086,-0.284009,-0.244644,0.952656,-0.196307,-0.232185,0.970281,-0.123009,-0.208383,0.981488,-0.072211,-0.177389,
		0.885535,-0.370092,-0.280819,0.918210,-0.284192,-0.275908,0.954739,-0.152417,-0.255428,0.972983,-0.043377,-0.226764,0.977781,0.001669,-0.209623,0.884266,-0.357434,-0.300524,0.914187,-0.278129,-0.294798,0.966926,-0.018221,-0.254406,0.970172,0.031354,-0.240380,0.962571,-0.058825,-0.264568,
		0.000000,0.000000,0.000000,0.000000,0.000000,0.000000,0.000000,0.000000,0.000000,0.000000,0.000000,0.000000,0.000000,0.000000,0.000000
	],

	"faces": [
		32 ,0,1,5 ,0,1,5,
		32 ,5,1,6 ,5,1,6,
		32 ,5,6,10 ,5,6,10,
		32 ,10,6,11 ,10,6,11,
		32 ,10,11,15 ,10,11,15,
		32 ,15,11,16 ,15,11,16,
		32 ,15,16,20 ,15,16,20,
		32 ,20,16,21 ,20,16,21,
		32 ,1,2,6 ,1,2,6,
		32 ,6,2,7 ,6,2,7,
		32 ,6,7,11 ,6,7,11,
		32 ,11,7,12 ,11,7,12,
		32 ,11,12,16 ,11,12,16,
		32 ,16,12,17 ,16,12,17,
		32 ,16,17,21 ,16,17,21,
		32 ,21,17,22 ,21,17,22,
		32 ,2,3,7 ,2,3,7,
		32 ,7,3,8 ,7,3,8,
		32 ,7,8,12 ,7,8,12,
		32 ,12,8,13 ,12,8,13,
		32 ,12,13,17 ,12,13,17,
		32 ,17,13,18 ,17,13,18,
		32 ,17,18,22 ,17,18,22,
		32 ,22,18,23 ,22,18,23,
		32 ,3,4,8 ,3,4,8,
		32 ,8,4,9 ,8,4,9,
		32 ,8,9,13 ,8,9,13,
		32 ,13,9,14 ,13,9,14,
		32 ,13,14,18 ,13,14,18,
		32 ,18,14,19 ,18,14,19,
		32 ,18,19,23 ,18,19,23,
		32 ,23,19,24 ,23,19,24
	]

}
