{
	"metadata" : {
		"formatVersion" : 3,
		"description" : "Exported from LibZinc."
	},

	"vertices" : [
		17.029930,133.033997,-845.131897,17.267477,135.578156,-845.359314,17.419552,138.039627,-845.594055,17.125385,140.424225,-845.834595,16.024210,142.737793,-846.079285,16.411650,131.235870,-830.988525,16.702143,133.694565,-831.187805,16.975212,136.154984,-831.478516,16.808559,138.622467,-831.766968,15.779885,141.102341,-831.959656,
		19.327692,128.609055,-815.628113,19.492762,131.508270,-815.816956,19.665895,134.276489,-816.017456,19.309093,137.079422,-816.179016,17.884352,140.082779,-816.250916,24.325445,125.674530,-799.478333,24.284962,129.261978,-799.669983,24.262478,132.553207,-799.752380,23.583456,135.864624,-799.766235,21.573364,139.512665,-799.752319,
		29.952290,122.953300,-782.966797,29.724375,127.198433,-783.170105,29.535831,131.134232,-783.224609,28.588114,135.047607,-783.224304,26.082680,139.225494,-783.262878
	],

	"normals" : [
		0.977695,-0.042729,0.205635,0.979023,-0.082537,0.186284,0.982938,0.022364,0.182572,0.942413,0.275492,0.189634,0.789600,0.583311,0.190473,0.992194,-0.069079,-0.103821,0.982203,-0.152330,-0.109873,0.993403,-0.061815,-0.096590,0.977500,0.202219,-0.060009,0.841200,0.540582,-0.012420,
		0.966150,-0.008333,-0.257846,0.959930,-0.107262,-0.258900,0.971593,-0.015459,-0.236151,0.948315,0.256035,-0.187468,0.821645,0.555722,-0.126777,0.948621,0.046572,-0.312968,0.948850,-0.034746,-0.313810,0.954386,0.066315,-0.291117,0.912353,0.328514,-0.244316,0.789558,0.584616,-0.186605,
		0.949808,0.087921,-0.300225,0.952350,0.009158,-0.304871,0.950477,0.105796,-0.292235,0.896560,0.357130,-0.261991,0.763050,0.610619,-0.211894
	],

	"faces": [
		32 ,0,1,5 ,0,1,5,
		32 ,5,1,6 ,5,1,6,
		32 ,5,6,10 ,5,6,10,
		32 ,10,6,11 ,10,6,11,
		32 ,10,11,15 ,10,11,15,
		32 ,15,11,16 ,15,11,16,
		32 ,15,16,20 ,15,16,20,
		32 ,20,16,21 ,20,16,21,
		32 ,1,2,6 ,1,2,6,
		32 ,6,2,7 ,6,2,7,
		32 ,6,7,11 ,6,7,11,
		32 ,11,7,12 ,11,7,12,
		32 ,11,12,16 ,11,12,16,
		32 ,16,12,17 ,16,12,17,
		32 ,16,17,21 ,16,17,21,
		32 ,21,17,22 ,21,17,22,
		32 ,2,3,7 ,2,3,7,
		32 ,7,3,8 ,7,3,8,
		32 ,7,8,12 ,7,8,12,
		32 ,12,8,13 ,12,8,13,
		32 ,12,13,17 ,12,13,17,
		32 ,17,13,18 ,17,13,18,
		32 ,17,18,22 ,17,18,22,
		32 ,22,18,23 ,22,18,23,
		32 ,3,4,8 ,3,4,8,
		32 ,8,4,9 ,8,4,9,
		32 ,8,9,13 ,8,9,13,
		32 ,13,9,14 ,13,9,14,
		32 ,13,14,18 ,13,14,18,
		32 ,18,14,19 ,18,14,19,
		32 ,18,19,23 ,18,19,23,
		32 ,23,19,24 ,23,19,24
	]

}
