{
	"metadata" : {
		"formatVersion" : 3,
		"description" : "Exported from LibZinc."
	},

	"vertices" : [
		6.640685,150.434097,-847.767578,3.801718,151.610229,-848.024841,1.076857,152.685776,-848.703735,-1.971043,153.540497,-849.874573,-5.779128,154.054092,-851.607727,5.395984,150.504089,-833.920410,3.191628,151.530121,-834.089539,1.097557,152.369232,-834.644348,-1.286070,153.033096,-835.705383,-4.359091,153.533371,-837.393066,
		4.104575,150.939667,-818.330872,2.694667,151.605545,-818.420715,1.260747,152.172272,-818.741821,-0.353263,152.632095,-819.391235,-2.303442,152.977264,-820.466064,2.930626,151.513062,-801.758240,2.286952,151.779785,-801.788940,1.572355,152.059738,-801.884827,0.796419,152.299393,-802.089966,-0.031276,152.445175,-802.448486,
		2.038310,151.996506,-784.962097,1.944599,151.996109,-784.964783,2.038310,151.996506,-784.962097,2.132021,151.996902,-784.959412,2.038310,151.996506,-784.962097
	],

	"normals" : [
		0.362021,0.930984,0.047007,0.384636,0.922479,0.032982,0.321702,0.946372,0.029814,0.190456,0.981036,0.035995,0.053317,0.997965,0.034985,0.424798,0.905081,0.019343,0.405955,0.913778,0.014507,0.321689,0.946745,0.013767,0.204353,0.978739,0.017621,0.105385,0.994179,0.022386,
		0.441200,0.897399,0.004265,0.404194,0.914666,0.003588,0.323785,0.946123,0.003892,0.220837,0.975285,0.007088,0.120864,0.992544,0.015775,0.371830,0.928268,-0.007818,0.383221,0.923652,-0.002783,0.339104,0.940743,-0.003189,0.243466,0.969910,-0.000110,0.085896,0.996160,0.016973,
		0.284660,0.958587,-0.008957,0.284660,0.958587,-0.008957,0.284660,0.958587,-0.008957,0.284660,0.958587,-0.008957,0.284660,0.958587,-0.008957
	],

	"faces": [
		32 ,0,1,5 ,0,1,5,
		32 ,5,1,6 ,5,1,6,
		32 ,5,6,10 ,5,6,10,
		32 ,10,6,11 ,10,6,11,
		32 ,10,11,15 ,10,11,15,
		32 ,15,11,16 ,15,11,16,
		32 ,15,16,20 ,15,16,20,
		32 ,20,16,21 ,20,16,21,
		32 ,1,2,6 ,1,2,6,
		32 ,6,2,7 ,6,2,7,
		32 ,6,7,11 ,6,7,11,
		32 ,11,7,12 ,11,7,12,
		32 ,11,12,16 ,11,12,16,
		32 ,16,12,17 ,16,12,17,
		32 ,16,17,21 ,16,17,21,
		32 ,21,17,22 ,21,17,22,
		32 ,2,3,7 ,2,3,7,
		32 ,7,3,8 ,7,3,8,
		32 ,7,8,12 ,7,8,12,
		32 ,12,8,13 ,12,8,13,
		32 ,12,13,17 ,12,13,17,
		32 ,17,13,18 ,17,13,18,
		32 ,17,18,22 ,17,18,22,
		32 ,22,18,23 ,22,18,23,
		32 ,3,4,8 ,3,4,8,
		32 ,8,4,9 ,8,4,9,
		32 ,8,9,13 ,8,9,13,
		32 ,13,9,14 ,13,9,14,
		32 ,13,14,18 ,13,14,18,
		32 ,18,14,19 ,18,14,19,
		32 ,18,19,23 ,18,19,23,
		32 ,23,19,24 ,23,19,24
	]

}
