{
	"metadata" : {
		"formatVersion" : 3,
		"description" : "Exported from LibZinc."
	},

	"vertices" : [
		553.955383,52.296871,-998.328796,553.955383,52.296871,-998.328796,553.955383,52.296871,-998.328796,553.955383,52.296871,-998.328796,553.955383,52.296871,-998.328796,555.770447,51.667053,-999.417725,555.136230,52.569328,-999.552612,554.373535,53.327530,-999.432312,553.567505,53.956375,-999.137573,552.803467,54.470581,-998.749146,
		557.335754,51.851894,-999.650452,556.378723,53.252686,-999.856384,555.153198,54.442322,-999.638367,553.848633,55.442848,-999.151428,552.654297,56.276318,-998.550476,559.519409,52.949951,-998.737915,558.444763,54.672878,-999.009460,556.957031,56.169418,-998.747375,555.345337,57.461903,-998.160950,553.898926,58.572659,-997.459412,
		563.189514,55.059780,-996.391418,562.096375,57.155846,-996.781372,560.447510,59.036999,-996.559753,558.604370,60.719147,-995.956726,556.928406,62.218189,-995.202515
	],

	"normals" : [
		-0.614258,-0.501076,-0.609598,-0.614258,-0.501076,-0.609598,-0.614258,-0.501076,-0.609598,-0.614258,-0.501076,-0.609598,-0.614258,-0.501076,-0.609598,-0.427477,-0.465366,-0.775047,-0.449164,-0.380663,-0.808299,-0.497789,-0.317125,-0.807241,-0.554899,-0.293729,-0.778338,-0.611808,-0.299150,-0.732257,
		0.227329,-0.182629,-0.956540,0.086324,0.099498,-0.991286,-0.053142,0.270090,-0.961367,-0.169617,0.339317,-0.925253,-0.261578,0.348827,-0.899942,0.520176,-0.063217,-0.851716,0.309756,0.273497,-0.910632,0.135297,0.447315,-0.884084,0.020509,0.513249,-0.857995,-0.041240,0.521120,-0.852486,
		0.591231,-0.094158,-0.800987,0.389892,0.260616,-0.883212,0.211340,0.436168,-0.874696,0.097563,0.500272,-0.860354,0.046242,0.506986,-0.860713
	],

	"faces": [
		32 ,0,1,5 ,0,1,5,
		32 ,5,1,6 ,5,1,6,
		32 ,5,6,10 ,5,6,10,
		32 ,10,6,11 ,10,6,11,
		32 ,10,11,15 ,10,11,15,
		32 ,15,11,16 ,15,11,16,
		32 ,15,16,20 ,15,16,20,
		32 ,20,16,21 ,20,16,21,
		32 ,1,2,6 ,1,2,6,
		32 ,6,2,7 ,6,2,7,
		32 ,6,7,11 ,6,7,11,
		32 ,11,7,12 ,11,7,12,
		32 ,11,12,16 ,11,12,16,
		32 ,16,12,17 ,16,12,17,
		32 ,16,17,21 ,16,17,21,
		32 ,21,17,22 ,21,17,22,
		32 ,2,3,7 ,2,3,7,
		32 ,7,3,8 ,7,3,8,
		32 ,7,8,12 ,7,8,12,
		32 ,12,8,13 ,12,8,13,
		32 ,12,13,17 ,12,13,17,
		32 ,17,13,18 ,17,13,18,
		32 ,17,18,22 ,17,18,22,
		32 ,22,18,23 ,22,18,23,
		32 ,3,4,8 ,3,4,8,
		32 ,8,4,9 ,8,4,9,
		32 ,8,9,13 ,8,9,13,
		32 ,13,9,14 ,13,9,14,
		32 ,13,14,18 ,13,14,18,
		32 ,18,14,19 ,18,14,19,
		32 ,18,19,23 ,18,19,23,
		32 ,23,19,24 ,23,19,24
	]

}
