{
	"metadata" : {
		"formatVersion" : 3,
		"description" : "Exported from LibZinc."
	},

	"vertices" : [
		553.955383,52.296871,-998.328796,553.955383,52.296871,-998.328796,553.955383,52.296871,-998.328796,553.955383,52.296871,-998.328796,553.955383,52.296871,-998.328796,552.803467,54.470581,-998.749146,552.177673,54.820454,-998.309814,551.773254,54.896091,-997.840576,551.656128,54.621914,-997.389099,551.892029,53.922344,-997.002991,
		552.654297,56.276318,-998.550476,551.673157,56.908047,-997.871826,550.976501,57.156952,-997.110168,550.706055,56.825459,-996.358032,551.003784,55.715988,-995.708008,553.898926,58.572659,-997.459412,552.688721,59.484058,-996.654663,551.738342,59.949158,-995.701843,551.265747,59.646286,-994.725342,551.488953,58.253780,-993.849487,
		556.928406,62.218189,-995.202515,555.471069,63.472893,-994.298157,554.232117,64.142395,-993.179993,553.495728,63.823177,-991.980713,553.546021,62.111710,-990.833191
	],

	"normals" : [
		-0.666372,-0.514257,-0.539896,-0.666372,-0.514257,-0.539896,-0.666372,-0.514257,-0.539896,-0.666372,-0.514257,-0.539896,-0.666372,-0.514257,-0.539896,-0.611808,-0.299150,-0.732257,-0.698814,-0.334480,-0.632284,-0.764640,-0.387042,-0.515291,-0.798481,-0.445667,-0.404733,-0.800598,-0.493356,-0.340062,
		-0.261578,0.348827,-0.899942,-0.500437,0.331213,-0.799913,-0.818590,0.208122,-0.535346,-0.996036,-0.056829,-0.068428,-0.926571,-0.282395,0.248435,-0.041240,0.521120,-0.852486,-0.245353,0.576086,-0.779697,-0.601558,0.591079,-0.537358,-0.942734,0.316538,0.105152,-0.845264,-0.062669,0.530661,
		0.046242,0.506986,-0.860713,-0.148553,0.593057,-0.791338,-0.484987,0.669597,-0.562520,-0.875808,0.474187,0.090038,-0.827382,0.061409,0.558273
	],

	"faces": [
		32 ,0,1,5 ,0,1,5,
		32 ,5,1,6 ,5,1,6,
		32 ,5,6,10 ,5,6,10,
		32 ,10,6,11 ,10,6,11,
		32 ,10,11,15 ,10,11,15,
		32 ,15,11,16 ,15,11,16,
		32 ,15,16,20 ,15,16,20,
		32 ,20,16,21 ,20,16,21,
		32 ,1,2,6 ,1,2,6,
		32 ,6,2,7 ,6,2,7,
		32 ,6,7,11 ,6,7,11,
		32 ,11,7,12 ,11,7,12,
		32 ,11,12,16 ,11,12,16,
		32 ,16,12,17 ,16,12,17,
		32 ,16,17,21 ,16,17,21,
		32 ,21,17,22 ,21,17,22,
		32 ,2,3,7 ,2,3,7,
		32 ,7,3,8 ,7,3,8,
		32 ,7,8,12 ,7,8,12,
		32 ,12,8,13 ,12,8,13,
		32 ,12,13,17 ,12,13,17,
		32 ,17,13,18 ,17,13,18,
		32 ,17,18,22 ,17,18,22,
		32 ,22,18,23 ,22,18,23,
		32 ,3,4,8 ,3,4,8,
		32 ,8,4,9 ,8,4,9,
		32 ,8,9,13 ,8,9,13,
		32 ,13,9,14 ,13,9,14,
		32 ,13,14,18 ,13,14,18,
		32 ,18,14,19 ,18,14,19,
		32 ,18,19,23 ,18,19,23,
		32 ,23,19,24 ,23,19,24
	]

}
