{
	"metadata" : {
		"formatVersion" : 3,
		"description" : "Exported from LibZinc."
	},

	"vertices" : [
		530.738281,64.347473,-995.401611,530.738281,64.347473,-995.401611,530.738281,64.347473,-995.401611,530.738281,64.347473,-995.401611,530.738281,64.347473,-995.401611,529.954468,66.295105,-996.907043,529.250000,66.264137,-995.755737,528.853210,65.831886,-994.668091,528.709656,65.140755,-993.733276,528.765015,64.333145,-993.040466,
		530.336792,68.002975,-997.460388,529.155823,68.034401,-995.720947,528.280823,67.439713,-993.871094,527.796448,66.384140,-992.198120,527.787537,65.032921,-990.989380,532.156494,70.571823,-997.062988,530.600098,70.761818,-995.085022,529.272278,70.171753,-992.749634,528.431885,68.916252,-990.547791,528.337952,67.109947,-988.970642,
		535.684875,75.102402,-995.716125,533.726990,75.549950,-993.635925,532.078674,75.028816,-991.042664,531.049377,73.575714,-988.533813,530.948425,71.227364,-986.706787
	],

	"normals" : [
		-0.526761,-0.685446,-0.502680,-0.526761,-0.685446,-0.502680,-0.526761,-0.685446,-0.502680,-0.526761,-0.685446,-0.502680,-0.526761,-0.685446,-0.502680,-0.757795,-0.423857,-0.496076,-0.771307,-0.433657,-0.465863,-0.760486,-0.461513,-0.456800,-0.745201,-0.471599,-0.471455,-0.745570,-0.450032,-0.491525,
		-0.681734,0.342481,-0.646487,-0.844844,0.327798,-0.422831,-0.942585,0.200876,-0.266799,-0.987460,0.019754,-0.156628,-0.981259,-0.190865,-0.026483,-0.483806,0.553505,-0.677911,-0.710823,0.567076,-0.416119,-0.839421,0.505310,-0.200085,-0.921893,0.382442,0.062057,-0.872856,0.101092,0.477392,
		-0.374185,0.522167,-0.766373,-0.654694,0.577068,-0.488230,-0.802381,0.557967,-0.211795,-0.863253,0.476670,0.166074,-0.710786,0.193571,0.676250
	],

	"faces": [
		32 ,0,1,5 ,0,1,5,
		32 ,5,1,6 ,5,1,6,
		32 ,5,6,10 ,5,6,10,
		32 ,10,6,11 ,10,6,11,
		32 ,10,11,15 ,10,11,15,
		32 ,15,11,16 ,15,11,16,
		32 ,15,16,20 ,15,16,20,
		32 ,20,16,21 ,20,16,21,
		32 ,1,2,6 ,1,2,6,
		32 ,6,2,7 ,6,2,7,
		32 ,6,7,11 ,6,7,11,
		32 ,11,7,12 ,11,7,12,
		32 ,11,12,16 ,11,12,16,
		32 ,16,12,17 ,16,12,17,
		32 ,16,17,21 ,16,17,21,
		32 ,21,17,22 ,21,17,22,
		32 ,2,3,7 ,2,3,7,
		32 ,7,3,8 ,7,3,8,
		32 ,7,8,12 ,7,8,12,
		32 ,12,8,13 ,12,8,13,
		32 ,12,13,17 ,12,13,17,
		32 ,17,13,18 ,17,13,18,
		32 ,17,18,22 ,17,18,22,
		32 ,22,18,23 ,22,18,23,
		32 ,3,4,8 ,3,4,8,
		32 ,8,4,9 ,8,4,9,
		32 ,8,9,13 ,8,9,13,
		32 ,13,9,14 ,13,9,14,
		32 ,13,14,18 ,13,14,18,
		32 ,18,14,19 ,18,14,19,
		32 ,18,19,23 ,18,19,23,
		32 ,23,19,24 ,23,19,24
	]

}
