{
	"metadata" : {
		"formatVersion" : 3,
		"description" : "Exported from LibZinc."
	},

	"vertices" : [
		524.120117,81.364700,-988.865723,524.120117,81.364700,-988.865723,524.120117,81.364700,-988.865723,524.120117,81.364700,-988.865723,524.120117,81.364700,-988.865723,526.360901,81.690559,-990.278503,525.785889,83.126205,-990.564819,524.911743,84.002052,-990.561707,523.953125,84.360023,-990.318115,523.124573,84.242027,-989.883118,
		528.228088,82.710022,-990.605957,527.312195,84.814606,-991.045776,525.927551,86.241463,-991.178772,524.370178,86.929008,-990.935364,522.935913,86.815674,-990.245911,530.616089,84.819389,-989.987488,529.490723,87.233238,-990.498718,527.812683,89.062164,-990.793701,525.875244,90.088005,-990.619751,523.971619,90.092567,-989.724121,
		534.419312,88.414948,-988.562317,533.113159,91.185417,-989.113770,531.212280,93.443413,-989.483337,528.972351,94.853363,-989.273743,526.648987,95.079674,-988.087708
	],

	"normals" : [
		-0.511965,-0.464102,-0.722843,-0.511965,-0.464102,-0.722843,-0.511965,-0.464102,-0.722843,-0.511965,-0.464102,-0.722843,-0.511965,-0.464102,-0.722843,-0.307446,-0.296783,-0.904100,-0.311635,-0.310571,-0.898014,-0.332355,-0.328185,-0.884214,-0.365263,-0.342492,-0.865611,-0.441516,-0.349573,-0.826355,
		0.214169,-0.174571,-0.961071,0.126768,-0.080263,-0.988680,-0.042360,-0.019519,-0.998912,-0.276824,0.030551,-0.960435,-0.613880,0.090508,-0.784194,0.394456,-0.073585,-0.915964,0.319824,0.019544,-0.947275,0.156423,0.129748,-0.979131,-0.154087,0.292740,-0.943695,-0.624307,0.449218,-0.639097,
		0.380551,-0.041087,-0.923847,0.333687,0.020568,-0.942460,0.200157,0.148886,-0.968385,-0.110736,0.371622,-0.921756,-0.583492,0.559778,-0.588376
	],

	"faces": [
		32 ,0,1,5 ,0,1,5,
		32 ,5,1,6 ,5,1,6,
		32 ,5,6,10 ,5,6,10,
		32 ,10,6,11 ,10,6,11,
		32 ,10,11,15 ,10,11,15,
		32 ,15,11,16 ,15,11,16,
		32 ,15,16,20 ,15,16,20,
		32 ,20,16,21 ,20,16,21,
		32 ,1,2,6 ,1,2,6,
		32 ,6,2,7 ,6,2,7,
		32 ,6,7,11 ,6,7,11,
		32 ,11,7,12 ,11,7,12,
		32 ,11,12,16 ,11,12,16,
		32 ,16,12,17 ,16,12,17,
		32 ,16,17,21 ,16,17,21,
		32 ,21,17,22 ,21,17,22,
		32 ,2,3,7 ,2,3,7,
		32 ,7,3,8 ,7,3,8,
		32 ,7,8,12 ,7,8,12,
		32 ,12,8,13 ,12,8,13,
		32 ,12,13,17 ,12,13,17,
		32 ,17,13,18 ,17,13,18,
		32 ,17,18,22 ,17,18,22,
		32 ,22,18,23 ,22,18,23,
		32 ,3,4,8 ,3,4,8,
		32 ,8,4,9 ,8,4,9,
		32 ,8,9,13 ,8,9,13,
		32 ,13,9,14 ,13,9,14,
		32 ,13,14,18 ,13,14,18,
		32 ,18,14,19 ,18,14,19,
		32 ,18,19,23 ,18,19,23,
		32 ,23,19,24 ,23,19,24
	]

}
