{
	"metadata" : {
		"formatVersion" : 3,
		"description" : "Exported from LibZinc."
	},

	"vertices" : [
		532.452515,120.903503,-962.348816,532.452515,120.903503,-962.348816,532.452515,120.903503,-962.348816,532.452515,120.903503,-962.348816,532.452515,120.903503,-962.348816,535.989197,121.897263,-962.520203,535.395813,122.883812,-962.157654,534.599060,123.492432,-961.628662,533.656128,123.687843,-961.035156,532.624207,123.434761,-960.479126,
		539.146362,123.313484,-961.859131,538.009644,125.063240,-961.286438,536.486633,125.994797,-960.416199,534.721008,126.179161,-959.424011,532.856445,125.687340,-958.485413,541.682678,124.948212,-960.000488,540.125244,127.247360,-959.405273,538.014587,128.368469,-958.401550,535.584290,128.505219,-957.209839,533.067688,127.851295,-956.050537,
		543.356812,126.597504,-956.579224,541.573853,129.241760,-956.184265,539.082336,130.571335,-955.274780,536.183044,130.793793,-954.087097,533.176697,130.116699,-952.857727
	],

	"normals" : [
		-0.212736,0.566191,-0.796349,-0.212736,0.566191,-0.796349,-0.212736,0.566191,-0.796349,-0.212736,0.566191,-0.796349,-0.212736,0.566191,-0.796349,-0.019451,0.198676,-0.979872,-0.144122,0.395953,-0.906890,-0.288763,0.518460,-0.804869,-0.430026,0.567088,-0.702488,-0.552505,0.549418,-0.626800,
		0.248274,0.258211,-0.933642,0.013080,0.501908,-0.864822,-0.221428,0.631087,-0.743437,-0.402711,0.659426,-0.634808,-0.531458,0.625123,-0.571641,0.611369,0.326601,-0.720805,0.249932,0.640777,-0.725906,-0.114991,0.763418,-0.635587,-0.355198,0.751612,-0.555800,-0.498907,0.694829,-0.517981,
		0.865681,0.347459,-0.360373,0.502182,0.727986,-0.466744,0.040035,0.869825,-0.491734,-0.274899,0.828669,-0.487584,-0.457548,0.748281,-0.480339
	],

	"faces": [
		32 ,0,1,5 ,0,1,5,
		32 ,5,1,6 ,5,1,6,
		32 ,5,6,10 ,5,6,10,
		32 ,10,6,11 ,10,6,11,
		32 ,10,11,15 ,10,11,15,
		32 ,15,11,16 ,15,11,16,
		32 ,15,16,20 ,15,16,20,
		32 ,20,16,21 ,20,16,21,
		32 ,1,2,6 ,1,2,6,
		32 ,6,2,7 ,6,2,7,
		32 ,6,7,11 ,6,7,11,
		32 ,11,7,12 ,11,7,12,
		32 ,11,12,16 ,11,12,16,
		32 ,16,12,17 ,16,12,17,
		32 ,16,17,21 ,16,17,21,
		32 ,21,17,22 ,21,17,22,
		32 ,2,3,7 ,2,3,7,
		32 ,7,3,8 ,7,3,8,
		32 ,7,8,12 ,7,8,12,
		32 ,12,8,13 ,12,8,13,
		32 ,12,13,17 ,12,13,17,
		32 ,17,13,18 ,17,13,18,
		32 ,17,18,22 ,17,18,22,
		32 ,22,18,23 ,22,18,23,
		32 ,3,4,8 ,3,4,8,
		32 ,8,4,9 ,8,4,9,
		32 ,8,9,13 ,8,9,13,
		32 ,13,9,14 ,13,9,14,
		32 ,13,14,18 ,13,14,18,
		32 ,18,14,19 ,18,14,19,
		32 ,18,19,23 ,18,19,23,
		32 ,23,19,24 ,23,19,24
	]

}
