{
	"metadata" : {
		"formatVersion" : 3,
		"description" : "Exported from LibZinc."
	},

	"vertices" : [
		532.452515,120.903503,-962.348816,532.452515,120.903503,-962.348816,532.452515,120.903503,-962.348816,532.452515,120.903503,-962.348816,532.452515,120.903503,-962.348816,532.624207,123.434761,-960.479126,531.633301,122.806702,-960.039307,530.847412,121.963478,-959.713318,530.374817,120.999229,-959.481384,530.323669,120.008118,-959.323914,
		532.856445,125.687340,-958.485413,531.033997,124.594879,-957.702148,529.488342,123.051575,-957.063110,528.503296,121.239792,-956.574158,528.362610,119.341934,-956.241211,533.067688,127.851295,-956.050537,530.588257,126.452782,-955.022156,528.416504,124.387978,-954.110779,527.006897,121.898941,-953.368408,526.813904,119.227730,-952.846924,
		533.176697,130.116699,-952.857727,530.229736,128.565155,-951.684143,527.673096,126.192879,-950.568787,526.054688,123.250420,-949.605225,525.922119,119.988297,-948.887207
	],

	"normals" : [
		-0.814180,0.355377,-0.459148,-0.814180,0.355377,-0.459148,-0.814180,0.355377,-0.459148,-0.814180,0.355377,-0.459148,-0.814180,0.355377,-0.459148,-0.552505,0.549418,-0.626800,-0.648044,0.485199,-0.587044,-0.743522,0.353201,-0.567824,-0.809597,0.117305,-0.575145,-0.768293,-0.232255,-0.596475,
		-0.531458,0.625123,-0.571641,-0.645276,0.546861,-0.533443,-0.754962,0.411282,-0.510764,-0.848002,0.164367,-0.503861,-0.833356,-0.234104,-0.500712,-0.498907,0.694829,-0.517981,-0.638952,0.600132,-0.481230,-0.769937,0.461068,-0.441150,-0.899411,0.206899,-0.385037,-0.922644,-0.239390,-0.302359,
		-0.457548,0.748281,-0.480339,-0.630087,0.636610,-0.444655,-0.787380,0.488733,-0.375731,-0.944302,0.224953,-0.240186,-0.970866,-0.236803,-0.036656
	],

	"faces": [
		32 ,0,1,5 ,0,1,5,
		32 ,5,1,6 ,5,1,6,
		32 ,5,6,10 ,5,6,10,
		32 ,10,6,11 ,10,6,11,
		32 ,10,11,15 ,10,11,15,
		32 ,15,11,16 ,15,11,16,
		32 ,15,16,20 ,15,16,20,
		32 ,20,16,21 ,20,16,21,
		32 ,1,2,6 ,1,2,6,
		32 ,6,2,7 ,6,2,7,
		32 ,6,7,11 ,6,7,11,
		32 ,11,7,12 ,11,7,12,
		32 ,11,12,16 ,11,12,16,
		32 ,16,12,17 ,16,12,17,
		32 ,16,17,21 ,16,17,21,
		32 ,21,17,22 ,21,17,22,
		32 ,2,3,7 ,2,3,7,
		32 ,7,3,8 ,7,3,8,
		32 ,7,8,12 ,7,8,12,
		32 ,12,8,13 ,12,8,13,
		32 ,12,13,17 ,12,13,17,
		32 ,17,13,18 ,17,13,18,
		32 ,17,18,22 ,17,18,22,
		32 ,22,18,23 ,22,18,23,
		32 ,3,4,8 ,3,4,8,
		32 ,8,4,9 ,8,4,9,
		32 ,8,9,13 ,8,9,13,
		32 ,13,9,14 ,13,9,14,
		32 ,13,14,18 ,13,14,18,
		32 ,18,14,19 ,18,14,19,
		32 ,18,19,23 ,18,19,23,
		32 ,23,19,24 ,23,19,24
	]

}
