{
	"metadata" : {
		"formatVersion" : 3,
		"description" : "Exported from LibZinc."
	},

	"vertices" : [
		532.452515,120.903503,-962.348816,532.452515,120.903503,-962.348816,532.452515,120.903503,-962.348816,532.452515,120.903503,-962.348816,532.452515,120.903503,-962.348816,533.828186,118.367737,-960.351318,534.946106,118.808952,-961.124390,535.759766,119.646568,-961.903503,536.147888,120.727142,-962.448730,535.989197,121.897263,-962.520203,
		534.983948,116.276024,-957.990234,537.034973,117.159058,-959.335327,538.608765,118.874741,-960.704773,539.410706,121.050430,-961.684204,539.146362,123.313484,-961.859131,535.955750,114.928429,-954.977844,538.704895,116.214722,-956.658447,540.868530,118.705811,-958.391296,542.007446,121.813148,-959.673096,541.682678,124.948212,-960.000488,
		536.779785,114.625000,-951.026428,539.941589,116.236839,-952.770691,542.408142,119.257553,-954.601685,543.704712,122.955116,-956.033203,543.356812,126.597504,-956.579224
	],

	"normals" : [
		0.009651,-0.580273,-0.814365,0.009651,-0.580273,-0.814365,0.009651,-0.580273,-0.814365,0.009651,-0.580273,-0.814365,0.009651,-0.580273,-0.814365,-0.251679,-0.718633,-0.648248,-0.124706,-0.690023,-0.712964,0.005295,-0.582788,-0.812607,0.079701,-0.297310,-0.951449,-0.019451,0.198676,-0.979872,
		-0.145618,-0.847690,-0.510116,0.124183,-0.793687,-0.595517,0.335798,-0.636760,-0.694101,0.434664,-0.300994,-0.848805,0.248274,0.258211,-0.933642,0.032000,-0.966484,-0.254725,0.430570,-0.841742,-0.325698,0.675405,-0.620693,-0.398207,0.798701,-0.267860,-0.538820,0.611369,0.326601,-0.720805,
		0.208946,-0.977346,0.033697,0.629129,-0.776328,-0.038889,0.845367,-0.524904,-0.099150,0.962379,-0.194102,-0.190134,0.865681,0.347459,-0.360373
	],

	"faces": [
		32 ,0,1,5 ,0,1,5,
		32 ,5,1,6 ,5,1,6,
		32 ,5,6,10 ,5,6,10,
		32 ,10,6,11 ,10,6,11,
		32 ,10,11,15 ,10,11,15,
		32 ,15,11,16 ,15,11,16,
		32 ,15,16,20 ,15,16,20,
		32 ,20,16,21 ,20,16,21,
		32 ,1,2,6 ,1,2,6,
		32 ,6,2,7 ,6,2,7,
		32 ,6,7,11 ,6,7,11,
		32 ,11,7,12 ,11,7,12,
		32 ,11,12,16 ,11,12,16,
		32 ,16,12,17 ,16,12,17,
		32 ,16,17,21 ,16,17,21,
		32 ,21,17,22 ,21,17,22,
		32 ,2,3,7 ,2,3,7,
		32 ,7,3,8 ,7,3,8,
		32 ,7,8,12 ,7,8,12,
		32 ,12,8,13 ,12,8,13,
		32 ,12,13,17 ,12,13,17,
		32 ,17,13,18 ,17,13,18,
		32 ,17,18,22 ,17,18,22,
		32 ,22,18,23 ,22,18,23,
		32 ,3,4,8 ,3,4,8,
		32 ,8,4,9 ,8,4,9,
		32 ,8,9,13 ,8,9,13,
		32 ,13,9,14 ,13,9,14,
		32 ,13,14,18 ,13,14,18,
		32 ,18,14,19 ,18,14,19,
		32 ,18,19,23 ,18,19,23,
		32 ,23,19,24 ,23,19,24
	]

}
