{
	"metadata" : {
		"formatVersion" : 3,
		"description" : "Exported from LibZinc."
	},

	"vertices" : [
		591.571228,39.793301,-980.046570,591.787292,42.895214,-980.812683,591.075256,46.578873,-980.635986,589.644470,50.149437,-979.905212,587.703979,52.912060,-979.008972,595.237793,43.278194,-975.366821,595.365723,46.654957,-976.434021,594.357178,50.542576,-976.633850,592.508728,54.373299,-976.239136,590.116882,57.579372,-975.522827,
		599.403076,48.123756,-969.369385,599.459656,51.501453,-970.662537,598.283813,55.357204,-971.276367,596.228577,59.203529,-971.260986,593.646912,62.552952,-970.666443,603.451782,53.316109,-962.944214,603.435486,56.619919,-964.431458,602.203369,60.339310,-965.420837,600.115723,64.029320,-965.752075,597.532532,67.245003,-965.264832,
		606.768982,57.841381,-956.981384,606.659485,61.195568,-958.674072,605.463928,64.805443,-959.924500,603.481689,68.239876,-960.493713,601.012085,71.067734,-960.142822
	],

	"normals" : [
		0.802616,-0.444267,-0.398037,0.728911,0.013904,-0.684468,0.548424,0.271654,-0.790845,0.354736,0.410684,-0.839941,0.118685,0.468236,-0.875597,0.860482,-0.402716,-0.312075,0.794996,0.008766,-0.606551,0.630727,0.262163,-0.730379,0.466420,0.410423,-0.783585,0.297868,0.515958,-0.803157,
		0.882606,-0.384411,-0.270619,0.831028,-0.003186,-0.556222,0.683836,0.240215,-0.688960,0.523680,0.402330,-0.750926,0.345728,0.546111,-0.763043,0.898555,-0.360104,-0.250846,0.861617,-0.014578,-0.507350,0.732643,0.216119,-0.645389,0.569646,0.397353,-0.719454,0.358241,0.586844,-0.726139,
		0.919257,-0.306208,-0.247393,0.895825,-0.011867,-0.444249,0.785313,0.203592,-0.584666,0.617111,0.407149,-0.673352,0.361189,0.647509,-0.671025
	],

	"faces": [
		32 ,0,1,5 ,0,1,5,
		32 ,5,1,6 ,5,1,6,
		32 ,5,6,10 ,5,6,10,
		32 ,10,6,11 ,10,6,11,
		32 ,10,11,15 ,10,11,15,
		32 ,15,11,16 ,15,11,16,
		32 ,15,16,20 ,15,16,20,
		32 ,20,16,21 ,20,16,21,
		32 ,1,2,6 ,1,2,6,
		32 ,6,2,7 ,6,2,7,
		32 ,6,7,11 ,6,7,11,
		32 ,11,7,12 ,11,7,12,
		32 ,11,12,16 ,11,12,16,
		32 ,16,12,17 ,16,12,17,
		32 ,16,17,21 ,16,17,21,
		32 ,21,17,22 ,21,17,22,
		32 ,2,3,7 ,2,3,7,
		32 ,7,3,8 ,7,3,8,
		32 ,7,8,12 ,7,8,12,
		32 ,12,8,13 ,12,8,13,
		32 ,12,13,17 ,12,13,17,
		32 ,17,13,18 ,17,13,18,
		32 ,17,18,22 ,17,18,22,
		32 ,22,18,23 ,22,18,23,
		32 ,3,4,8 ,3,4,8,
		32 ,8,4,9 ,8,4,9,
		32 ,8,9,13 ,8,9,13,
		32 ,13,9,14 ,13,9,14,
		32 ,13,14,18 ,13,14,18,
		32 ,18,14,19 ,18,14,19,
		32 ,18,19,23 ,18,19,23,
		32 ,23,19,24 ,23,19,24
	]

}
