{
	"metadata" : {
		"formatVersion" : 3,
		"description" : "Exported from LibZinc."
	},

	"vertices" : [
		585.507507,40.796162,-974.383484,587.206848,39.457409,-975.465088,588.957764,38.384205,-976.934265,590.499451,38.266262,-978.543823,591.571228,39.793301,-980.046570,588.095093,43.101906,-969.458374,590.172668,41.817852,-970.455811,592.256165,41.046822,-971.947998,594.044800,41.347404,-973.672424,595.237793,43.278194,-975.366821,
		591.411072,46.320614,-963.454224,593.831177,45.259407,-964.320007,596.184753,45.036392,-965.809937,598.149536,45.906277,-967.600830,599.403076,48.123756,-969.369385,594.782104,49.921349,-957.253052,597.525696,49.065411,-957.909302,600.114380,49.403831,-959.330566,602.204346,50.849705,-961.135925,603.451782,53.316109,-962.944214,
		597.534973,53.373192,-951.736694,600.599548,52.519207,-952.075378,603.415771,53.200062,-953.320251,605.600159,55.084526,-955.084595,606.768982,57.841381,-956.981384
	],

	"normals" : [
		-0.362706,-0.787112,0.498898,-0.271807,-0.837099,0.474749,-0.022819,-0.920737,0.389516,0.471163,-0.878951,0.073831,0.802616,-0.444267,-0.398037,-0.329689,-0.756768,0.564453,-0.127716,-0.843227,0.522166,0.197728,-0.888412,0.414281,0.631083,-0.768366,0.106523,0.860482,-0.402716,-0.312075,
		-0.325655,-0.736814,0.592498,0.009338,-0.866071,0.499835,0.373739,-0.860834,0.345374,0.711726,-0.698603,0.073484,0.882606,-0.384411,-0.270619,-0.353887,-0.706848,0.612479,0.109351,-0.878595,0.464879,0.495983,-0.828134,0.261141,0.763490,-0.645350,0.024624,0.898555,-0.360104,-0.250846,
		-0.421967,-0.658140,0.623535,0.119734,-0.883707,0.452466,0.545648,-0.814467,0.197259,0.795892,-0.604824,-0.027284,0.919257,-0.306208,-0.247393
	],

	"faces": [
		32 ,0,1,5 ,0,1,5,
		32 ,5,1,6 ,5,1,6,
		32 ,5,6,10 ,5,6,10,
		32 ,10,6,11 ,10,6,11,
		32 ,10,11,15 ,10,11,15,
		32 ,15,11,16 ,15,11,16,
		32 ,15,16,20 ,15,16,20,
		32 ,20,16,21 ,20,16,21,
		32 ,1,2,6 ,1,2,6,
		32 ,6,2,7 ,6,2,7,
		32 ,6,7,11 ,6,7,11,
		32 ,11,7,12 ,11,7,12,
		32 ,11,12,16 ,11,12,16,
		32 ,16,12,17 ,16,12,17,
		32 ,16,17,21 ,16,17,21,
		32 ,21,17,22 ,21,17,22,
		32 ,2,3,7 ,2,3,7,
		32 ,7,3,8 ,7,3,8,
		32 ,7,8,12 ,7,8,12,
		32 ,12,8,13 ,12,8,13,
		32 ,12,13,17 ,12,13,17,
		32 ,17,13,18 ,17,13,18,
		32 ,17,18,22 ,17,18,22,
		32 ,22,18,23 ,22,18,23,
		32 ,3,4,8 ,3,4,8,
		32 ,8,4,9 ,8,4,9,
		32 ,8,9,13 ,8,9,13,
		32 ,13,9,14 ,13,9,14,
		32 ,13,14,18 ,13,14,18,
		32 ,18,14,19 ,18,14,19,
		32 ,18,19,23 ,18,19,23,
		32 ,23,19,24 ,23,19,24
	]

}
