{
	"metadata" : {
		"formatVersion" : 3,
		"description" : "Exported from LibZinc."
	},

	"vertices" : [
		563.189514,55.059780,-996.391418,562.096375,57.155846,-996.781372,560.447510,59.036999,-996.559753,558.604370,60.719147,-995.956726,556.928406,62.218189,-995.202515,568.955017,58.377522,-992.254089,567.937622,60.901424,-992.814819,566.249878,63.339996,-992.735901,564.288391,65.621292,-992.216614,562.449707,67.673370,-991.456177,
		576.075317,62.647568,-986.635254,575.245728,65.549210,-987.381165,573.671326,68.601013,-987.507385,571.749023,71.559311,-987.149658,569.875732,74.180412,-986.443848,583.394409,67.290848,-980.245117,582.792664,70.584740,-981.192505,581.397522,74.189735,-981.531006,579.566406,77.715210,-981.343384,577.656555,80.770538,-980.712463,
		589.756104,71.728287,-973.793884,589.350342,75.493584,-974.960999,588.114136,79.475838,-975.463623,586.320435,83.270981,-975.385193,584.242188,86.474960,-974.809021
	],

	"normals" : [
		0.591231,-0.094158,-0.800987,0.389892,0.260616,-0.883212,0.211340,0.436168,-0.874696,0.097563,0.500272,-0.860354,0.046242,0.506986,-0.860713,0.646531,-0.139480,-0.750029,0.479584,0.201740,-0.853991,0.320139,0.376956,-0.869146,0.204434,0.452631,-0.867947,0.133652,0.483228,-0.865233,
		0.693277,-0.196065,-0.693488,0.558486,0.122304,-0.820448,0.422734,0.290839,-0.858317,0.309061,0.384810,-0.869714,0.210735,0.456748,-0.864275,0.741787,-0.244424,-0.624507,0.635013,0.053200,-0.770667,0.515359,0.223405,-0.827342,0.404453,0.339695,-0.849132,0.285915,0.453402,-0.844203,
		0.803447,-0.255978,-0.537538,0.722768,0.014979,-0.690928,0.609839,0.202156,-0.766309,0.498511,0.352680,-0.791899,0.368948,0.507139,-0.778902
	],

	"faces": [
		32 ,0,1,5 ,0,1,5,
		32 ,5,1,6 ,5,1,6,
		32 ,5,6,10 ,5,6,10,
		32 ,10,6,11 ,10,6,11,
		32 ,10,11,15 ,10,11,15,
		32 ,15,11,16 ,15,11,16,
		32 ,15,16,20 ,15,16,20,
		32 ,20,16,21 ,20,16,21,
		32 ,1,2,6 ,1,2,6,
		32 ,6,2,7 ,6,2,7,
		32 ,6,7,11 ,6,7,11,
		32 ,11,7,12 ,11,7,12,
		32 ,11,12,16 ,11,12,16,
		32 ,16,12,17 ,16,12,17,
		32 ,16,17,21 ,16,17,21,
		32 ,21,17,22 ,21,17,22,
		32 ,2,3,7 ,2,3,7,
		32 ,7,3,8 ,7,3,8,
		32 ,7,8,12 ,7,8,12,
		32 ,12,8,13 ,12,8,13,
		32 ,12,13,17 ,12,13,17,
		32 ,17,13,18 ,17,13,18,
		32 ,17,18,22 ,17,18,22,
		32 ,22,18,23 ,22,18,23,
		32 ,3,4,8 ,3,4,8,
		32 ,8,4,9 ,8,4,9,
		32 ,8,9,13 ,8,9,13,
		32 ,13,9,14 ,13,9,14,
		32 ,13,14,18 ,13,14,18,
		32 ,18,14,19 ,18,14,19,
		32 ,18,19,23 ,18,19,23,
		32 ,23,19,24 ,23,19,24
	]

}
