{
	"metadata" : {
		"formatVersion" : 3,
		"description" : "Exported from LibZinc."
	},

	"vertices" : [
		561.250305,49.934471,-990.829224,562.971069,49.521908,-992.392212,563.711731,50.682281,-993.969604,563.706482,52.750076,-995.367371,563.189514,55.059780,-996.391418,565.668701,53.352600,-985.664978,567.749023,52.657810,-987.435120,568.887939,53.702034,-989.302185,569.238831,55.827770,-990.997925,568.955017,58.377522,-992.254089,
		570.983826,58.163784,-979.277283,573.345947,57.204563,-981.097839,575.030396,58.015179,-983.185608,575.964478,60.021042,-985.158630,576.075317,62.647568,-986.635254,576.462769,63.369747,-972.467957,579.120483,62.143257,-974.189819,581.356934,62.692772,-976.380432,582.879211,64.561050,-978.559082,583.394409,67.290848,-980.245117,
		581.372375,67.972214,-966.038879,584.431274,66.454987,-967.520508,587.085327,66.805885,-969.647278,588.978882,68.678970,-971.908630,589.756104,71.728287,-973.793884
	],

	"normals" : [
		-0.133494,-0.811729,0.568573,0.419881,-0.906788,0.037894,0.668444,-0.559325,-0.490244,0.656832,-0.290460,-0.695848,0.591231,-0.094158,-0.800987,-0.114192,-0.756249,0.644242,0.421219,-0.878863,0.223997,0.710652,-0.632864,-0.307337,0.714142,-0.371115,-0.593528,0.646531,-0.139480,-0.750029,
		-0.152179,-0.719380,0.677742,0.345786,-0.874741,0.339500,0.661066,-0.741408,-0.115353,0.735683,-0.501026,-0.455789,0.693277,-0.196065,-0.693488,-0.227735,-0.684072,0.692952,0.242691,-0.878897,0.410660,0.575227,-0.817586,0.025813,0.729529,-0.602362,-0.323954,0.741787,-0.244424,-0.624507,
		-0.325685,-0.659715,0.677278,0.117536,-0.894984,0.430335,0.500739,-0.862778,0.069819,0.735551,-0.627044,-0.256477,0.803447,-0.255978,-0.537538
	],

	"faces": [
		32 ,0,1,5 ,0,1,5,
		32 ,5,1,6 ,5,1,6,
		32 ,5,6,10 ,5,6,10,
		32 ,10,6,11 ,10,6,11,
		32 ,10,11,15 ,10,11,15,
		32 ,15,11,16 ,15,11,16,
		32 ,15,16,20 ,15,16,20,
		32 ,20,16,21 ,20,16,21,
		32 ,1,2,6 ,1,2,6,
		32 ,6,2,7 ,6,2,7,
		32 ,6,7,11 ,6,7,11,
		32 ,11,7,12 ,11,7,12,
		32 ,11,12,16 ,11,12,16,
		32 ,16,12,17 ,16,12,17,
		32 ,16,17,21 ,16,17,21,
		32 ,21,17,22 ,21,17,22,
		32 ,2,3,7 ,2,3,7,
		32 ,7,3,8 ,7,3,8,
		32 ,7,8,12 ,7,8,12,
		32 ,12,8,13 ,12,8,13,
		32 ,12,13,17 ,12,13,17,
		32 ,17,13,18 ,17,13,18,
		32 ,17,18,22 ,17,18,22,
		32 ,22,18,23 ,22,18,23,
		32 ,3,4,8 ,3,4,8,
		32 ,8,4,9 ,8,4,9,
		32 ,8,9,13 ,8,9,13,
		32 ,13,9,14 ,13,9,14,
		32 ,13,14,18 ,13,14,18,
		32 ,18,14,19 ,18,14,19,
		32 ,18,19,23 ,18,19,23,
		32 ,23,19,24 ,23,19,24
	]

}
