{
	"metadata" : {
		"formatVersion" : 3,
		"description" : "Exported from LibZinc."
	},

	"vertices" : [
		540.808289,67.752342,-997.076294,540.088501,70.131393,-997.708679,538.988281,72.206535,-997.688721,537.517151,73.892097,-997.022522,535.684875,75.102402,-995.716125,548.526855,72.493370,-994.229004,547.540222,75.599197,-994.909851,545.935913,78.403809,-994.956848,543.873413,80.731445,-994.342346,541.512451,82.406349,-993.038635,
		558.113647,78.726456,-989.783752,556.902466,82.529175,-990.522156,554.708557,86.186638,-990.683777,551.974182,89.298851,-990.187988,549.141357,91.465828,-988.953918,567.885315,85.386841,-984.393738,566.466492,89.802170,-985.165588,563.781982,94.212982,-985.429749,560.480408,98.023354,-985.057434,557.210327,100.637367,-983.919739,
		576.158325,91.409760,-978.712219,574.523621,96.299034,-979.460449,571.631897,101.140793,-979.754944,568.053345,105.333969,-979.448547,564.357971,108.277496,-978.393982
	],

	"normals" : [
		0.405765,-0.251890,-0.878582,0.296568,-0.009413,-0.954965,0.094959,0.239976,-0.966123,-0.151286,0.429952,-0.890087,-0.374185,0.522167,-0.766373,0.473511,-0.174417,-0.863346,0.362416,0.045598,-0.930900,0.201260,0.246212,-0.948090,-0.013682,0.412975,-0.910640,-0.257478,0.539556,-0.801613,
		0.520984,-0.145047,-0.841152,0.405884,0.078733,-0.910527,0.275781,0.244157,-0.929695,0.098109,0.391457,-0.914951,-0.172096,0.551132,-0.816478,0.571719,-0.112123,-0.812752,0.457809,0.113699,-0.881750,0.344594,0.260828,-0.901789,0.193807,0.397323,-0.896980,-0.077052,0.573043,-0.815895,
		0.644643,-0.038395,-0.763519,0.546561,0.169405,-0.820106,0.438138,0.312588,-0.842807,0.299928,0.455031,-0.838445,0.055230,0.632067,-0.772943
	],

	"faces": [
		32 ,0,1,5 ,0,1,5,
		32 ,5,1,6 ,5,1,6,
		32 ,5,6,10 ,5,6,10,
		32 ,10,6,11 ,10,6,11,
		32 ,10,11,15 ,10,11,15,
		32 ,15,11,16 ,15,11,16,
		32 ,15,16,20 ,15,16,20,
		32 ,20,16,21 ,20,16,21,
		32 ,1,2,6 ,1,2,6,
		32 ,6,2,7 ,6,2,7,
		32 ,6,7,11 ,6,7,11,
		32 ,11,7,12 ,11,7,12,
		32 ,11,12,16 ,11,12,16,
		32 ,16,12,17 ,16,12,17,
		32 ,16,17,21 ,16,17,21,
		32 ,21,17,22 ,21,17,22,
		32 ,2,3,7 ,2,3,7,
		32 ,7,3,8 ,7,3,8,
		32 ,7,8,12 ,7,8,12,
		32 ,12,8,13 ,12,8,13,
		32 ,12,13,17 ,12,13,17,
		32 ,17,13,18 ,17,13,18,
		32 ,17,18,22 ,17,18,22,
		32 ,22,18,23 ,22,18,23,
		32 ,3,4,8 ,3,4,8,
		32 ,8,4,9 ,8,4,9,
		32 ,8,9,13 ,8,9,13,
		32 ,13,9,14 ,13,9,14,
		32 ,13,14,18 ,13,14,18,
		32 ,18,14,19 ,18,14,19,
		32 ,18,19,23 ,18,19,23,
		32 ,23,19,24 ,23,19,24
	]

}
