{
	"metadata" : {
		"formatVersion" : 3,
		"description" : "Exported from LibZinc."
	},

	"vertices" : [
		537.793030,61.900909,-988.731628,539.591919,61.733421,-990.913940,540.656311,63.030895,-993.364624,541.042908,65.226234,-995.585022,540.808289,67.752342,-997.076294,543.986694,66.016998,-985.724426,546.358215,65.579468,-987.960571,547.942383,66.900826,-990.453735,548.683716,69.399361,-992.708313,548.526855,72.493370,-994.229004,
		551.411438,71.833397,-981.932556,554.343811,71.223824,-984.023010,556.629028,72.533371,-986.292603,557.981018,75.216202,-988.344971,558.113647,78.726456,-989.783752,558.939941,78.152489,-977.447388,562.405823,77.393097,-979.299316,565.440918,78.683563,-981.274353,567.461853,81.517075,-983.072449,567.885315,85.386841,-984.393738,
		565.444824,83.776649,-972.360413,569.401367,82.813911,-973.987671,573.102600,84.106392,-975.791870,575.653259,87.142281,-977.468323,576.158325,91.409760,-978.712219
	],

	"normals" : [
		0.131130,-0.784440,0.606184,0.404286,-0.914557,-0.011741,0.472895,-0.762976,-0.440725,0.470758,-0.554617,-0.686139,0.405765,-0.251890,-0.878582,0.142870,-0.673145,0.725579,0.473195,-0.859092,0.195055,0.589652,-0.740112,-0.323334,0.574317,-0.500822,-0.647563,0.473511,-0.174417,-0.863346,
		0.102437,-0.633543,0.766896,0.433291,-0.830789,0.349353,0.618921,-0.760985,-0.194520,0.627878,-0.496346,-0.599509,0.520984,-0.145047,-0.841152,0.022968,-0.630461,0.775881,0.348433,-0.823755,0.447239,0.603489,-0.794884,-0.062933,0.672522,-0.509637,-0.536642,0.571719,-0.112123,-0.812752,
		-0.120232,-0.668088,0.734304,0.250803,-0.860784,0.442886,0.568427,-0.822711,0.006136,0.722671,-0.512037,-0.464288,0.644643,-0.038395,-0.763519
	],

	"faces": [
		32 ,0,1,5 ,0,1,5,
		32 ,5,1,6 ,5,1,6,
		32 ,5,6,10 ,5,6,10,
		32 ,10,6,11 ,10,6,11,
		32 ,10,11,15 ,10,11,15,
		32 ,15,11,16 ,15,11,16,
		32 ,15,16,20 ,15,16,20,
		32 ,20,16,21 ,20,16,21,
		32 ,1,2,6 ,1,2,6,
		32 ,6,2,7 ,6,2,7,
		32 ,6,7,11 ,6,7,11,
		32 ,11,7,12 ,11,7,12,
		32 ,11,12,16 ,11,12,16,
		32 ,16,12,17 ,16,12,17,
		32 ,16,17,21 ,16,17,21,
		32 ,21,17,22 ,21,17,22,
		32 ,2,3,7 ,2,3,7,
		32 ,7,3,8 ,7,3,8,
		32 ,7,8,12 ,7,8,12,
		32 ,12,8,13 ,12,8,13,
		32 ,12,13,17 ,12,13,17,
		32 ,17,13,18 ,17,13,18,
		32 ,17,18,22 ,17,18,22,
		32 ,22,18,23 ,22,18,23,
		32 ,3,4,8 ,3,4,8,
		32 ,8,4,9 ,8,4,9,
		32 ,8,9,13 ,8,9,13,
		32 ,13,9,14 ,13,9,14,
		32 ,13,14,18 ,13,14,18,
		32 ,18,14,19 ,18,14,19,
		32 ,18,19,23 ,18,19,23,
		32 ,23,19,24 ,23,19,24
	]

}
