{
	"metadata" : {
		"formatVersion" : 3,
		"description" : "Exported from LibZinc."
	},

	"vertices" : [
		534.419312,88.414948,-988.562317,533.113159,91.185417,-989.113770,531.212280,93.443413,-989.483337,528.972351,94.853363,-989.273743,526.648987,95.079674,-988.087708,540.338989,94.005554,-985.988953,538.798584,97.206680,-986.640808,536.690247,100.047104,-986.964172,534.205383,102.004730,-986.558044,531.535522,102.557449,-985.021423,
		547.656860,101.030090,-982.175476,545.869446,104.517288,-982.981445,543.621826,107.994118,-983.192017,540.999817,110.626587,-982.522095,538.089233,111.580696,-980.686462,555.137756,108.279922,-977.635742,553.172607,111.947693,-978.554016,550.869385,115.952187,-978.602966,548.181824,119.192528,-977.651306,545.063416,120.567841,-975.567688,
		561.546570,114.546402,-972.883606,559.554993,118.328346,-973.776733,557.295288,122.589050,-973.632996,554.577454,126.176155,-972.431091,551.211426,127.937302,-970.149780
	],

	"normals" : [
		0.380551,-0.041087,-0.923847,0.333687,0.020568,-0.942460,0.200157,0.148886,-0.968385,-0.110736,0.371622,-0.921756,-0.583492,0.559778,-0.588376,0.450303,-0.022474,-0.892593,0.377609,0.060700,-0.923974,0.233258,0.208745,-0.949745,-0.082277,0.442023,-0.893222,-0.540656,0.626014,-0.561958,
		0.509030,-0.027866,-0.860298,0.411452,0.091679,-0.906809,0.260456,0.252880,-0.931780,-0.043240,0.483208,-0.874437,-0.498572,0.664034,-0.557212,0.564274,-0.018627,-0.825378,0.454475,0.129595,-0.881282,0.303218,0.300249,-0.904383,0.015908,0.528203,-0.848969,-0.435123,0.704306,-0.560911,
		0.629299,0.037545,-0.776256,0.530756,0.189620,-0.826040,0.388674,0.369283,-0.844134,0.121420,0.604800,-0.787067,-0.318284,0.772697,-0.549212
	],

	"faces": [
		32 ,0,1,5 ,0,1,5,
		32 ,5,1,6 ,5,1,6,
		32 ,5,6,10 ,5,6,10,
		32 ,10,6,11 ,10,6,11,
		32 ,10,11,15 ,10,11,15,
		32 ,15,11,16 ,15,11,16,
		32 ,15,16,20 ,15,16,20,
		32 ,20,16,21 ,20,16,21,
		32 ,1,2,6 ,1,2,6,
		32 ,6,2,7 ,6,2,7,
		32 ,6,7,11 ,6,7,11,
		32 ,11,7,12 ,11,7,12,
		32 ,11,12,16 ,11,12,16,
		32 ,16,12,17 ,16,12,17,
		32 ,16,17,21 ,16,17,21,
		32 ,21,17,22 ,21,17,22,
		32 ,2,3,7 ,2,3,7,
		32 ,7,3,8 ,7,3,8,
		32 ,7,8,12 ,7,8,12,
		32 ,12,8,13 ,12,8,13,
		32 ,12,13,17 ,12,13,17,
		32 ,17,13,18 ,17,13,18,
		32 ,17,18,22 ,17,18,22,
		32 ,22,18,23 ,22,18,23,
		32 ,3,4,8 ,3,4,8,
		32 ,8,4,9 ,8,4,9,
		32 ,8,9,13 ,8,9,13,
		32 ,13,9,14 ,13,9,14,
		32 ,13,14,18 ,13,14,18,
		32 ,18,14,19 ,18,14,19,
		32 ,18,19,23 ,18,19,23,
		32 ,23,19,24 ,23,19,24
	]

}
