{
	"metadata" : {
		"formatVersion" : 3,
		"description" : "Exported from LibZinc."
	},

	"vertices" : [
		576.158325,91.409760,-978.712219,574.523621,96.299034,-979.460449,571.631897,101.140793,-979.754944,568.053345,105.333969,-979.448547,564.357971,108.277496,-978.393982,582.567871,96.038750,-972.672241,580.594910,100.910217,-973.268616,577.290283,106.265663,-973.552490,573.393860,111.056137,-973.351807,569.645447,114.232712,-972.494568,
		587.924683,99.781303,-966.043274,585.531372,104.117119,-966.390869,581.296753,110.363174,-966.665588,576.752014,116.284302,-966.657593,573.428467,119.645325,-966.157166,592.308472,103.468651,-959.233337,589.618896,107.186958,-959.355408,584.388245,114.311264,-959.579285,579.112549,121.350990,-959.713379,576.287903,124.815567,-959.566467,
		595.799011,107.931999,-952.650391,593.143616,111.386955,-952.690491,587.301880,118.987846,-952.778687,581.460083,126.588745,-952.866882,578.804688,130.043701,-952.906982
	],

	"normals" : [
		0.644643,-0.038395,-0.763519,0.546561,0.169405,-0.820106,0.438138,0.312588,-0.842807,0.299928,0.455031,-0.838445,0.055230,0.632067,-0.772943,0.715073,0.064087,-0.696105,0.657533,0.281478,-0.698871,0.590283,0.409555,-0.695579,0.452207,0.516565,-0.727096,0.138262,0.678518,-0.721454,
		0.745531,0.196274,-0.636914,0.690794,0.398475,-0.603342,0.668559,0.465886,-0.579636,0.590545,0.520426,-0.616777,0.186215,0.717355,-0.671361,0.643337,0.437859,-0.628011,0.663124,0.463346,-0.587858,0.672508,0.482028,-0.561590,0.653316,0.497654,-0.570543,0.197045,0.736820,-0.646738,
		0.857979,-0.513686,0.000000,0.587682,0.443822,-0.676500,0.601213,0.454444,-0.657285,0.619832,0.469081,-0.629104,-0.213021,0.798328,-0.563289
	],

	"faces": [
		32 ,0,1,5 ,0,1,5,
		32 ,5,1,6 ,5,1,6,
		32 ,5,6,10 ,5,6,10,
		32 ,10,6,11 ,10,6,11,
		32 ,10,11,15 ,10,11,15,
		32 ,15,11,16 ,15,11,16,
		32 ,15,16,20 ,15,16,20,
		32 ,20,16,21 ,20,16,21,
		32 ,1,2,6 ,1,2,6,
		32 ,6,2,7 ,6,2,7,
		32 ,6,7,11 ,6,7,11,
		32 ,11,7,12 ,11,7,12,
		32 ,11,12,16 ,11,12,16,
		32 ,16,12,17 ,16,12,17,
		32 ,16,17,21 ,16,17,21,
		32 ,21,17,22 ,21,17,22,
		32 ,2,3,7 ,2,3,7,
		32 ,7,3,8 ,7,3,8,
		32 ,7,8,12 ,7,8,12,
		32 ,12,8,13 ,12,8,13,
		32 ,12,13,17 ,12,13,17,
		32 ,17,13,18 ,17,13,18,
		32 ,17,18,22 ,17,18,22,
		32 ,22,18,23 ,22,18,23,
		32 ,3,4,8 ,3,4,8,
		32 ,8,4,9 ,8,4,9,
		32 ,8,9,13 ,8,9,13,
		32 ,13,9,14 ,13,9,14,
		32 ,13,14,18 ,13,14,18,
		32 ,18,14,19 ,18,14,19,
		32 ,18,19,23 ,18,19,23,
		32 ,23,19,24 ,23,19,24
	]

}
