{
	"metadata" : {
		"formatVersion" : 3,
		"description" : "Exported from LibZinc."
	},

	"vertices" : [
		561.546570,114.546402,-972.883606,559.554993,118.328346,-973.776733,557.295288,122.589050,-973.632996,554.577454,126.176155,-972.431091,551.211426,127.937302,-970.149780,566.838989,118.985092,-968.369324,564.971436,122.641510,-968.920898,562.577698,127.145172,-968.415527,559.560364,131.156204,-966.917419,555.821716,133.334717,-964.491028,
		571.636658,122.302437,-963.867920,569.916870,125.543610,-963.839966,567.023315,130.467850,-962.787048,563.290344,135.147049,-960.896301,559.052307,137.653076,-958.354919,575.703857,125.616081,-958.880188,574.048889,128.376358,-958.324829,570.437378,133.635101,-956.738098,565.773193,138.775742,-954.448425,560.960266,141.181732,-951.784302,
		578.804688,130.043701,-952.906982,577.024902,132.481461,-952.166748,572.625061,137.724915,-950.259216,567.014526,142.669357,-947.654358,561.602783,144.210098,-944.822083
	],

	"normals" : [
		0.629299,0.037545,-0.776256,0.530756,0.189620,-0.826040,0.388674,0.369283,-0.844134,0.121420,0.604800,-0.787067,-0.318284,0.772697,-0.549212,0.628746,0.063001,-0.775054,0.560225,0.273010,-0.782058,0.479047,0.456886,-0.749513,0.252048,0.670355,-0.697922,-0.207127,0.821198,-0.531725,
		0.659241,0.154216,-0.735947,0.579553,0.402828,-0.708412,0.535176,0.542022,-0.647918,0.357533,0.714471,-0.601416,-0.147182,0.869892,-0.470770,0.670418,0.320794,-0.669052,0.566312,0.517149,-0.641753,0.536108,0.613129,-0.580226,0.381912,0.759925,-0.525981,-0.201038,0.898250,-0.390807,
		-0.887635,0.459480,-0.031325,0.499028,0.586089,-0.638334,0.451686,0.667888,-0.591528,0.276991,0.808972,-0.518499,-0.405355,0.848637,-0.339856
	],

	"faces": [
		32 ,0,1,5 ,0,1,5,
		32 ,5,1,6 ,5,1,6,
		32 ,5,6,10 ,5,6,10,
		32 ,10,6,11 ,10,6,11,
		32 ,10,11,15 ,10,11,15,
		32 ,15,11,16 ,15,11,16,
		32 ,15,16,20 ,15,16,20,
		32 ,20,16,21 ,20,16,21,
		32 ,1,2,6 ,1,2,6,
		32 ,6,2,7 ,6,2,7,
		32 ,6,7,11 ,6,7,11,
		32 ,11,7,12 ,11,7,12,
		32 ,11,12,16 ,11,12,16,
		32 ,16,12,17 ,16,12,17,
		32 ,16,17,21 ,16,17,21,
		32 ,21,17,22 ,21,17,22,
		32 ,2,3,7 ,2,3,7,
		32 ,7,3,8 ,7,3,8,
		32 ,7,8,12 ,7,8,12,
		32 ,12,8,13 ,12,8,13,
		32 ,12,13,17 ,12,13,17,
		32 ,17,13,18 ,17,13,18,
		32 ,17,18,22 ,17,18,22,
		32 ,22,18,23 ,22,18,23,
		32 ,3,4,8 ,3,4,8,
		32 ,8,4,9 ,8,4,9,
		32 ,8,9,13 ,8,9,13,
		32 ,13,9,14 ,13,9,14,
		32 ,13,14,18 ,13,14,18,
		32 ,18,14,19 ,18,14,19,
		32 ,18,19,23 ,18,19,23,
		32 ,23,19,24 ,23,19,24
	]

}
