{
	"metadata" : {
		"formatVersion" : 3,
		"description" : "Exported from LibZinc."
	},

	"vertices" : [
		469.731293,255.987000,-1874.000000,469.731293,255.987000,-1874.000000,469.731293,255.987000,-1874.000000,469.731293,255.987000,-1874.000000,469.731293,255.987000,-1874.000000,466.874847,255.790985,-1874.795776,467.680145,254.874954,-1875.196777,468.779083,253.837601,-1875.144653,470.000153,252.875626,-1874.799438,471.171936,252.185806,-1874.320679,
		464.170349,255.672943,-1875.710938,465.734528,253.867767,-1876.410400,467.952515,251.728317,-1876.189819,470.370667,249.740158,-1875.412109,472.535278,248.388809,-1874.440186,461.873413,254.655304,-1876.270630,464.116608,252.076950,-1877.266357,467.260773,249.076462,-1876.895508,470.642212,246.313461,-1875.729492,473.597107,244.447571,-1874.339600,
		460.239685,251.760498,-1876.000000,463.048523,248.614044,-1877.389893,466.713043,245.299301,-1877.021973,470.614197,242.328430,-1875.643066,474.133087,240.213593,-1874.000000
	],

	"normals" : [
		0.164884,0.164858,-0.972438,0.164884,0.164858,-0.972438,0.164884,0.164858,-0.972438,0.164884,0.164858,-0.972438,0.164884,0.164858,-0.972438,0.217198,0.726922,-0.651467,0.325276,0.438653,-0.837723,0.419394,0.295482,-0.858370,0.478271,0.252667,-0.841080,0.485437,0.234932,-0.842115,
		0.115736,0.698059,-0.706625,0.290875,0.356002,-0.888062,0.405165,0.220686,-0.887209,0.474067,0.180562,-0.861776,0.502970,0.166313,-0.848152,-0.329579,0.471071,-0.818211,0.095229,0.165643,-0.981577,0.310583,0.076714,-0.947446,0.417523,0.050804,-0.907245,0.480341,0.052121,-0.875532,
		-0.715063,0.068016,-0.695743,-0.166290,-0.052708,-0.984667,0.191216,-0.072403,-0.978874,0.340229,-0.088900,-0.936131,0.407372,-0.077356,-0.909980
	],

	"faces": [
		32 ,0,1,5 ,0,1,5,
		32 ,5,1,6 ,5,1,6,
		32 ,5,6,10 ,5,6,10,
		32 ,10,6,11 ,10,6,11,
		32 ,10,11,15 ,10,11,15,
		32 ,15,11,16 ,15,11,16,
		32 ,15,16,20 ,15,16,20,
		32 ,20,16,21 ,20,16,21,
		32 ,1,2,6 ,1,2,6,
		32 ,6,2,7 ,6,2,7,
		32 ,6,7,11 ,6,7,11,
		32 ,11,7,12 ,11,7,12,
		32 ,11,12,16 ,11,12,16,
		32 ,16,12,17 ,16,12,17,
		32 ,16,17,21 ,16,17,21,
		32 ,21,17,22 ,21,17,22,
		32 ,2,3,7 ,2,3,7,
		32 ,7,3,8 ,7,3,8,
		32 ,7,8,12 ,7,8,12,
		32 ,12,8,13 ,12,8,13,
		32 ,12,13,17 ,12,13,17,
		32 ,17,13,18 ,17,13,18,
		32 ,17,18,22 ,17,18,22,
		32 ,22,18,23 ,22,18,23,
		32 ,3,4,8 ,3,4,8,
		32 ,8,4,9 ,8,4,9,
		32 ,8,9,13 ,8,9,13,
		32 ,13,9,14 ,13,9,14,
		32 ,13,14,18 ,13,14,18,
		32 ,18,14,19 ,18,14,19,
		32 ,18,19,23 ,18,19,23,
		32 ,23,19,24 ,23,19,24
	]

}
