{
	"metadata" : {
		"formatVersion" : 3,
		"description" : "Exported from LibZinc."
	},

	"vertices" : [
		543.356812,126.597504,-956.579224,541.573853,129.241760,-956.184265,539.082336,130.571335,-955.274780,536.183044,130.793793,-954.087097,533.176697,130.116699,-952.857727,544.425659,127.874954,-951.749329,542.507202,130.853424,-951.680298,539.698975,132.602158,-951.018982,536.405334,133.182129,-949.990173,533.030457,132.654358,-948.818665,
		545.408813,128.951309,-946.228271,543.300598,132.315598,-946.447510,540.113586,134.611008,-946.054993,536.407349,135.687592,-945.241028,532.741333,135.395416,-944.195984,546.458801,130.458298,-940.495911,544.120605,134.073196,-940.901611,540.585327,136.782730,-940.729004,536.528564,138.258102,-940.115662,532.626099,138.170502,-939.198975,
		547.728271,133.027695,-935.031982,545.133850,136.571182,-935.458252,541.373230,139.302216,-935.387329,537.108459,140.841614,-934.890015,533.001526,140.810196,-934.036926
	],

	"normals" : [
		0.865681,0.347459,-0.360373,0.502182,0.727986,-0.466744,0.040035,0.869825,-0.491734,-0.274899,0.828669,-0.487584,-0.457548,0.748281,-0.480339,0.916734,0.319596,-0.239703,0.632258,0.707164,-0.316494,0.215937,0.890177,-0.401193,-0.154563,0.866692,-0.474294,-0.421533,0.761942,-0.491685,
		0.927741,0.299052,-0.223304,0.685230,0.669737,-0.286205,0.350336,0.861347,-0.367895,-0.017436,0.890331,-0.454981,-0.385418,0.790977,-0.475193,0.912262,0.296088,-0.283036,0.685978,0.640162,-0.345871,0.409047,0.821522,-0.397218,0.077281,0.891724,-0.445933,-0.349528,0.828353,-0.437791,
		0.843226,0.315428,-0.435287,0.620843,0.612431,-0.489369,0.383055,0.784123,-0.488283,0.095368,0.884809,-0.456090,-0.315719,0.870039,-0.378620
	],

	"faces": [
		32 ,0,1,5 ,0,1,5,
		32 ,5,1,6 ,5,1,6,
		32 ,5,6,10 ,5,6,10,
		32 ,10,6,11 ,10,6,11,
		32 ,10,11,15 ,10,11,15,
		32 ,15,11,16 ,15,11,16,
		32 ,15,16,20 ,15,16,20,
		32 ,20,16,21 ,20,16,21,
		32 ,1,2,6 ,1,2,6,
		32 ,6,2,7 ,6,2,7,
		32 ,6,7,11 ,6,7,11,
		32 ,11,7,12 ,11,7,12,
		32 ,11,12,16 ,11,12,16,
		32 ,16,12,17 ,16,12,17,
		32 ,16,17,21 ,16,17,21,
		32 ,21,17,22 ,21,17,22,
		32 ,2,3,7 ,2,3,7,
		32 ,7,3,8 ,7,3,8,
		32 ,7,8,12 ,7,8,12,
		32 ,12,8,13 ,12,8,13,
		32 ,12,13,17 ,12,13,17,
		32 ,17,13,18 ,17,13,18,
		32 ,17,18,22 ,17,18,22,
		32 ,22,18,23 ,22,18,23,
		32 ,3,4,8 ,3,4,8,
		32 ,8,4,9 ,8,4,9,
		32 ,8,9,13 ,8,9,13,
		32 ,13,9,14 ,13,9,14,
		32 ,13,14,18 ,13,14,18,
		32 ,18,14,19 ,18,14,19,
		32 ,18,19,23 ,18,19,23,
		32 ,23,19,24 ,23,19,24
	]

}
