{
	"metadata" : {
		"formatVersion" : 3,
		"description" : "Exported from LibZinc."
	},

	"vertices" : [
		533.176697,130.116699,-952.857727,530.229736,128.565155,-951.684143,527.673096,126.192879,-950.568787,526.054688,123.250420,-949.605225,525.922119,119.988297,-948.887207,533.030457,132.654358,-948.818665,529.870483,131.057175,-947.622375,527.280029,128.554245,-946.438354,525.750916,125.394516,-945.370117,525.775085,121.826912,-944.520996,
		532.741333,135.395416,-944.195984,529.574158,133.793961,-943.071350,527.210999,131.233826,-941.948181,525.981262,128.001846,-940.911255,526.214233,124.384811,-940.045349,532.626099,138.170502,-939.198975,529.501770,136.570145,-938.166077,527.435486,133.962494,-937.151611,526.586487,130.701645,-936.214355,527.114380,127.141701,-935.413208,
		533.001526,140.810196,-934.036926,529.814514,139.180344,-933.041687,527.922729,136.471069,-932.102112,527.407593,133.123123,-931.265137,528.350525,129.577301,-930.577576
	],

	"normals" : [
		-0.457548,0.748281,-0.480339,-0.630087,0.636610,-0.444655,-0.787380,0.488733,-0.375731,-0.944302,0.224953,-0.240186,-0.970866,-0.236803,-0.036656,-0.421533,0.761942,-0.491685,-0.631239,0.637486,-0.441757,-0.815428,0.477964,-0.326539,-0.971821,0.204597,-0.117066,-0.962959,-0.222854,0.151810,
		-0.385418,0.790977,-0.475193,-0.649254,0.642835,-0.406488,-0.858864,0.447525,-0.249146,-0.987446,0.157941,0.002160,-0.937546,-0.215919,0.272740,-0.349528,0.828353,-0.437791,-0.674549,0.654343,-0.341788,-0.904552,0.399314,-0.149442,-0.990852,0.080817,0.108074,-0.902946,-0.249666,0.349794,
		-0.315719,0.870039,-0.378620,-0.691131,0.679091,-0.247332,-0.934465,0.352845,-0.047700,-0.984058,-0.017272,0.177007,-0.854760,-0.349739,0.383495
	],

	"faces": [
		32 ,0,1,5 ,0,1,5,
		32 ,5,1,6 ,5,1,6,
		32 ,5,6,10 ,5,6,10,
		32 ,10,6,11 ,10,6,11,
		32 ,10,11,15 ,10,11,15,
		32 ,15,11,16 ,15,11,16,
		32 ,15,16,20 ,15,16,20,
		32 ,20,16,21 ,20,16,21,
		32 ,1,2,6 ,1,2,6,
		32 ,6,2,7 ,6,2,7,
		32 ,6,7,11 ,6,7,11,
		32 ,11,7,12 ,11,7,12,
		32 ,11,12,16 ,11,12,16,
		32 ,16,12,17 ,16,12,17,
		32 ,16,17,21 ,16,17,21,
		32 ,21,17,22 ,21,17,22,
		32 ,2,3,7 ,2,3,7,
		32 ,7,3,8 ,7,3,8,
		32 ,7,8,12 ,7,8,12,
		32 ,12,8,13 ,12,8,13,
		32 ,12,13,17 ,12,13,17,
		32 ,17,13,18 ,17,13,18,
		32 ,17,18,22 ,17,18,22,
		32 ,22,18,23 ,22,18,23,
		32 ,3,4,8 ,3,4,8,
		32 ,8,4,9 ,8,4,9,
		32 ,8,9,13 ,8,9,13,
		32 ,13,9,14 ,13,9,14,
		32 ,13,14,18 ,13,14,18,
		32 ,18,14,19 ,18,14,19,
		32 ,18,19,23 ,18,19,23,
		32 ,23,19,24 ,23,19,24
	]

}
