{
	"metadata" : {
		"formatVersion" : 3,
		"description" : "Exported from LibZinc."
	},

	"vertices" : [
		525.922119,119.988297,-948.887207,527.436340,117.148026,-948.615601,530.071838,115.305733,-948.905334,533.346924,114.463898,-949.720764,536.779785,114.625000,-951.026428,525.775085,121.826912,-944.520996,527.491760,118.601089,-944.104553,530.375977,116.382187,-944.248169,533.922974,115.292366,-944.926270,537.628235,115.453781,-946.113281,
		526.214233,124.384811,-940.045349,528.058350,120.974777,-939.483398,531.096130,118.393127,-939.354004,534.807983,116.970634,-939.735718,538.674316,117.038071,-940.706909,527.114380,127.141701,-935.413208,529.111816,123.666466,-934.771484,532.241455,120.785797,-934.402405,536.017822,119.042854,-934.499451,539.955444,118.980797,-935.256165,
		528.350525,129.577301,-930.577576,530.627808,126.073555,-929.988464,533.820801,123.007454,-929.572998,537.568298,121.053177,-929.567932,541.509216,120.884903,-930.209900
	],

	"normals" : [
		-0.970866,-0.236803,-0.036656,-0.732816,-0.674990,0.085845,-0.387848,-0.916755,0.095567,-0.079027,-0.994854,0.063411,0.208946,-0.977346,0.033697,-0.962959,-0.222854,0.151810,-0.722587,-0.612806,0.319900,-0.392984,-0.856951,0.333465,-0.059618,-0.963199,0.262094,0.285905,-0.941664,0.177557,
		-0.937546,-0.215919,0.272740,-0.718699,-0.544563,0.432346,-0.447083,-0.776649,0.443770,-0.112377,-0.924428,0.364422,0.307887,-0.920333,0.241232,-0.902946,-0.249666,0.349794,-0.720133,-0.504236,0.476607,-0.506758,-0.711345,0.487016,-0.182977,-0.890855,0.415809,0.305738,-0.915599,0.261155,
		-0.854760,-0.349739,0.383495,-0.714292,-0.511576,0.477574,-0.541853,-0.682769,0.490125,-0.231942,-0.873408,0.428208,0.288850,-0.926516,0.241111
	],

	"faces": [
		32 ,0,1,5 ,0,1,5,
		32 ,5,1,6 ,5,1,6,
		32 ,5,6,10 ,5,6,10,
		32 ,10,6,11 ,10,6,11,
		32 ,10,11,15 ,10,11,15,
		32 ,15,11,16 ,15,11,16,
		32 ,15,16,20 ,15,16,20,
		32 ,20,16,21 ,20,16,21,
		32 ,1,2,6 ,1,2,6,
		32 ,6,2,7 ,6,2,7,
		32 ,6,7,11 ,6,7,11,
		32 ,11,7,12 ,11,7,12,
		32 ,11,12,16 ,11,12,16,
		32 ,16,12,17 ,16,12,17,
		32 ,16,17,21 ,16,17,21,
		32 ,21,17,22 ,21,17,22,
		32 ,2,3,7 ,2,3,7,
		32 ,7,3,8 ,7,3,8,
		32 ,7,8,12 ,7,8,12,
		32 ,12,8,13 ,12,8,13,
		32 ,12,13,17 ,12,13,17,
		32 ,17,13,18 ,17,13,18,
		32 ,17,18,22 ,17,18,22,
		32 ,22,18,23 ,22,18,23,
		32 ,3,4,8 ,3,4,8,
		32 ,8,4,9 ,8,4,9,
		32 ,8,9,13 ,8,9,13,
		32 ,13,9,14 ,13,9,14,
		32 ,13,14,18 ,13,14,18,
		32 ,18,14,19 ,18,14,19,
		32 ,18,19,23 ,18,19,23,
		32 ,23,19,24 ,23,19,24
	]

}
