{
	"metadata" : {
		"formatVersion" : 3,
		"description" : "Exported from LibZinc."
	},

	"vertices" : [
		561.602783,144.210098,-944.822083,557.843384,141.548538,-942.741211,556.031921,136.809998,-941.846619,555.840881,131.275635,-941.792236,556.942688,126.226601,-942.232117,560.790344,146.250504,-937.866028,557.259399,142.823547,-935.917358,555.404114,137.686737,-935.013428,554.989197,132.130157,-934.881897,555.779419,127.443901,-935.250488,
		558.989502,147.378159,-931.135071,556.237549,143.737350,-929.590149,554.245667,137.812469,-928.576050,553.190552,131.639648,-928.089294,553.248657,127.255104,-928.126404,557.242004,148.726776,-924.403687,555.341370,144.920578,-923.355286,552.955811,137.550964,-922.163635,550.940063,130.030289,-921.200684,550.148743,125.770897,-920.838257,
		556.589417,151.430099,-917.446411,555.134521,147.003830,-916.808594,551.933777,137.266052,-915.405334,548.732971,127.528267,-914.002136,547.278076,123.101997,-913.364319
	],

	"normals" : [
		-0.405355,0.848637,-0.339856,-0.835424,0.530624,-0.143191,-0.983529,0.169046,-0.063993,-0.995733,-0.091819,-0.009237,-0.930940,-0.357893,0.072549,-0.542808,0.791689,-0.280336,-0.869991,0.455362,-0.189107,-0.971852,0.178427,-0.153839,-0.978864,-0.035429,-0.201420,-0.927614,-0.285856,-0.240456,
		-0.609097,0.737079,-0.292773,-0.904391,0.371635,-0.209677,-0.958849,0.210761,-0.190234,-0.955781,0.078507,-0.283405,-0.903698,-0.175111,-0.390724,-0.645776,0.694291,-0.317700,-0.933920,0.313838,-0.171170,-0.952671,0.255020,-0.165479,-0.946912,0.198262,-0.253080,-0.915024,-0.048333,-0.400493,
		-0.799869,0.541911,-0.257958,-0.950455,0.301499,-0.075714,-0.949718,0.298588,-0.094234,-0.945949,0.290009,-0.145175,-0.046980,0.924553,0.378146
	],

	"faces": [
		32 ,0,1,5 ,0,1,5,
		32 ,5,1,6 ,5,1,6,
		32 ,5,6,10 ,5,6,10,
		32 ,10,6,11 ,10,6,11,
		32 ,10,11,15 ,10,11,15,
		32 ,15,11,16 ,15,11,16,
		32 ,15,16,20 ,15,16,20,
		32 ,20,16,21 ,20,16,21,
		32 ,1,2,6 ,1,2,6,
		32 ,6,2,7 ,6,2,7,
		32 ,6,7,11 ,6,7,11,
		32 ,11,7,12 ,11,7,12,
		32 ,11,12,16 ,11,12,16,
		32 ,16,12,17 ,16,12,17,
		32 ,16,17,21 ,16,17,21,
		32 ,21,17,22 ,21,17,22,
		32 ,2,3,7 ,2,3,7,
		32 ,7,3,8 ,7,3,8,
		32 ,7,8,12 ,7,8,12,
		32 ,12,8,13 ,12,8,13,
		32 ,12,13,17 ,12,13,17,
		32 ,17,13,18 ,17,13,18,
		32 ,17,18,22 ,17,18,22,
		32 ,22,18,23 ,22,18,23,
		32 ,3,4,8 ,3,4,8,
		32 ,8,4,9 ,8,4,9,
		32 ,8,9,13 ,8,9,13,
		32 ,13,9,14 ,13,9,14,
		32 ,13,14,18 ,13,14,18,
		32 ,18,14,19 ,18,14,19,
		32 ,18,19,23 ,18,19,23,
		32 ,23,19,24 ,23,19,24
	]

}
