{
	"metadata" : {
		"formatVersion" : 3,
		"description" : "Exported from LibZinc."
	},

	"vertices" : [
		547.728271,133.027695,-935.031982,545.133850,136.571182,-935.458252,541.373230,139.302216,-935.387329,537.108459,140.841614,-934.890015,533.001526,140.810196,-934.036926,549.871887,137.060883,-930.716064,547.030640,139.893448,-930.834229,542.851135,142.198441,-930.504333,538.139771,143.502319,-929.807495,533.702820,143.331528,-928.824707,
		552.752869,142.005203,-927.227051,549.788879,143.671814,-926.823547,544.897766,145.323944,-925.912964,539.355774,146.263443,-924.710449,534.439331,145.792160,-923.431396,555.336853,147.061371,-923.244080,552.506531,147.673141,-922.458008,547.029602,148.598923,-920.997375,540.706787,149.011505,-919.273315,535.338745,148.083679,-917.697021,
		556.589417,151.430099,-917.446411,554.281555,151.664276,-916.769165,548.763428,151.943542,-915.141724,542.143127,151.632980,-913.170471,536.528809,150.097702,-911.461914
	],

	"normals" : [
		0.843226,0.315428,-0.435287,0.620843,0.612431,-0.489369,0.383055,0.784123,-0.488283,0.095368,0.884809,-0.456090,-0.315719,0.870039,-0.378620,0.576864,0.277113,-0.768399,0.389772,0.569185,-0.723952,0.245663,0.764210,-0.596349,0.032674,0.875561,-0.482002,-0.330371,0.868576,-0.369366,
		0.325399,0.402028,-0.855855,0.154070,0.649708,-0.744407,0.088515,0.799692,-0.593850,-0.050638,0.886837,-0.459299,-0.386865,0.865383,-0.318509,-0.098351,0.712258,-0.694993,-0.012533,0.772720,-0.634623,-0.029604,0.851141,-0.524102,-0.129003,0.908272,-0.397994,-0.451037,0.860705,-0.236122,
		-0.997933,0.064263,0.000000,-0.072206,0.865343,-0.495952,-0.115975,0.893314,-0.434213,-0.210171,0.927177,-0.310114,-0.499962,0.855423,-0.135240
	],

	"faces": [
		32 ,0,1,5 ,0,1,5,
		32 ,5,1,6 ,5,1,6,
		32 ,5,6,10 ,5,6,10,
		32 ,10,6,11 ,10,6,11,
		32 ,10,11,15 ,10,11,15,
		32 ,15,11,16 ,15,11,16,
		32 ,15,16,20 ,15,16,20,
		32 ,20,16,21 ,20,16,21,
		32 ,1,2,6 ,1,2,6,
		32 ,6,2,7 ,6,2,7,
		32 ,6,7,11 ,6,7,11,
		32 ,11,7,12 ,11,7,12,
		32 ,11,12,16 ,11,12,16,
		32 ,16,12,17 ,16,12,17,
		32 ,16,17,21 ,16,17,21,
		32 ,21,17,22 ,21,17,22,
		32 ,2,3,7 ,2,3,7,
		32 ,7,3,8 ,7,3,8,
		32 ,7,8,12 ,7,8,12,
		32 ,12,8,13 ,12,8,13,
		32 ,12,13,17 ,12,13,17,
		32 ,17,13,18 ,17,13,18,
		32 ,17,18,22 ,17,18,22,
		32 ,22,18,23 ,22,18,23,
		32 ,3,4,8 ,3,4,8,
		32 ,8,4,9 ,8,4,9,
		32 ,8,9,13 ,8,9,13,
		32 ,13,9,14 ,13,9,14,
		32 ,13,14,18 ,13,14,18,
		32 ,18,14,19 ,18,14,19,
		32 ,18,19,23 ,18,19,23,
		32 ,23,19,24 ,23,19,24
	]

}
