{
	"metadata" : {
		"formatVersion" : 3,
		"description" : "Exported from LibZinc."
	},

	"vertices" : [
		579.910828,98.475723,-945.843994,581.500916,95.479401,-944.905823,584.999146,88.887497,-942.841736,588.497375,82.295601,-940.777710,590.087524,79.299278,-939.839478,579.170349,101.907310,-939.548523,581.023926,98.639893,-938.621033,584.284302,92.117195,-936.574219,587.390808,85.463905,-934.385742,588.782715,81.804726,-933.033447,
		577.867249,105.143593,-933.163330,580.164795,101.027580,-931.896912,582.999695,94.969566,-929.685730,585.599121,88.740227,-927.283264,587.190125,84.110222,-925.442932,576.274658,107.369324,-926.178894,578.951233,102.542770,-924.541687,581.432495,96.974571,-922.143555,583.652283,91.203850,-919.557861,585.544556,85.769714,-917.358032,
		574.665771,107.769302,-918.085693,577.411133,103.085800,-916.363708,579.869873,97.662163,-913.914673,582.080383,91.934059,-911.296936,584.080811,86.337143,-909.068726
	],

	"normals" : [
		0.000000,-0.000000,0.000000,-0.890302,-0.411237,0.195567,-0.891201,-0.417188,0.178085,-0.891956,-0.436751,0.116886,0.985631,-0.000000,0.168912,-0.672789,-0.689678,0.267766,-0.894710,-0.436391,0.095168,-0.905446,-0.420829,0.055410,-0.913960,-0.405769,-0.005237,-0.980722,-0.102835,-0.166163,
		-0.826092,-0.560682,0.056628,-0.893250,-0.449514,-0.006445,-0.908103,-0.416763,-0.040706,-0.917401,-0.389131,-0.083378,-0.948328,-0.292421,-0.123138,-0.829758,-0.552953,-0.075789,-0.878790,-0.467920,-0.093695,-0.901623,-0.418602,-0.108850,-0.913455,-0.386874,-0.126204,-0.925641,-0.356180,-0.127767,
		-0.780493,-0.596187,-0.188128,-0.849878,-0.500473,-0.165025,-0.885035,-0.438057,-0.157544,-0.905582,-0.396991,-0.149401,-0.914996,-0.375117,-0.148561
	],

	"faces": [
		32 ,0,1,5 ,0,1,5,
		32 ,5,1,6 ,5,1,6,
		32 ,5,6,10 ,5,6,10,
		32 ,10,6,11 ,10,6,11,
		32 ,10,11,15 ,10,11,15,
		32 ,15,11,16 ,15,11,16,
		32 ,15,16,20 ,15,16,20,
		32 ,20,16,21 ,20,16,21,
		32 ,1,2,6 ,1,2,6,
		32 ,6,2,7 ,6,2,7,
		32 ,6,7,11 ,6,7,11,
		32 ,11,7,12 ,11,7,12,
		32 ,11,12,16 ,11,12,16,
		32 ,16,12,17 ,16,12,17,
		32 ,16,17,21 ,16,17,21,
		32 ,21,17,22 ,21,17,22,
		32 ,2,3,7 ,2,3,7,
		32 ,7,3,8 ,7,3,8,
		32 ,7,8,12 ,7,8,12,
		32 ,12,8,13 ,12,8,13,
		32 ,12,13,17 ,12,13,17,
		32 ,17,13,18 ,17,13,18,
		32 ,17,18,22 ,17,18,22,
		32 ,22,18,23 ,22,18,23,
		32 ,3,4,8 ,3,4,8,
		32 ,8,4,9 ,8,4,9,
		32 ,8,9,13 ,8,9,13,
		32 ,13,9,14 ,13,9,14,
		32 ,13,14,18 ,13,14,18,
		32 ,18,14,19 ,18,14,19,
		32 ,18,19,23 ,18,19,23,
		32 ,23,19,24 ,23,19,24
	]

}
