{
	"metadata" : {
		"formatVersion" : 3,
		"description" : "Exported from LibZinc."
	},

	"vertices" : [
		536.528809,150.097702,-911.461914,533.024414,146.838043,-910.085388,531.246948,142.288040,-908.867188,531.074158,137.213226,-908.048706,532.383728,132.379196,-907.871399,538.251831,151.623322,-904.869019,534.422974,147.904388,-903.564697,532.160217,142.932785,-902.390686,531.474548,137.426346,-901.581299,532.376892,132.102951,-901.370972,
		540.692627,152.466904,-898.074036,536.492615,148.447403,-896.899353,533.591797,143.316879,-895.844543,532.192810,137.574966,-895.068909,532.498047,131.721313,-894.731567,543.892578,152.545853,-890.935913,539.536560,148.442261,-889.921387,536.134644,143.374451,-889.009583,534.092285,137.637177,-888.278137,533.814758,131.525238,-887.804932,
		547.893188,151.777603,-883.313782,543.858215,147.864136,-882.463013,540.381653,143.039627,-881.666382,538.036255,137.591125,-880.975769,537.394714,131.805695,-880.442871
	],

	"normals" : [
		-0.499962,0.855423,-0.135240,-0.832314,0.553084,0.036751,-0.972288,0.209950,0.102849,-0.990805,-0.105864,0.084254,-0.910573,-0.412107,0.032013,-0.524351,0.851442,0.010149,-0.800396,0.584475,0.133247,-0.948503,0.287038,0.133984,-0.997828,-0.012793,0.064624,-0.946379,-0.321049,-0.035974,
		-0.533430,0.830703,0.159324,-0.737829,0.628195,0.246940,-0.888440,0.392178,0.238475,-0.978783,0.113543,0.170562,-0.975910,-0.207381,0.067769,-0.530639,0.794629,0.294935,-0.669813,0.647055,0.364240,-0.797953,0.466711,0.381382,-0.906304,0.223194,0.358884,-0.948202,-0.097658,0.302286,
		-0.524378,0.747463,0.407832,-0.617590,0.627785,0.473781,-0.703578,0.483565,0.520714,-0.788755,0.281108,0.546667,-0.832305,-0.015705,0.554096
	],

	"faces": [
		32 ,0,1,5 ,0,1,5,
		32 ,5,1,6 ,5,1,6,
		32 ,5,6,10 ,5,6,10,
		32 ,10,6,11 ,10,6,11,
		32 ,10,11,15 ,10,11,15,
		32 ,15,11,16 ,15,11,16,
		32 ,15,16,20 ,15,16,20,
		32 ,20,16,21 ,20,16,21,
		32 ,1,2,6 ,1,2,6,
		32 ,6,2,7 ,6,2,7,
		32 ,6,7,11 ,6,7,11,
		32 ,11,7,12 ,11,7,12,
		32 ,11,12,16 ,11,12,16,
		32 ,16,12,17 ,16,12,17,
		32 ,16,17,21 ,16,17,21,
		32 ,21,17,22 ,21,17,22,
		32 ,2,3,7 ,2,3,7,
		32 ,7,3,8 ,7,3,8,
		32 ,7,8,12 ,7,8,12,
		32 ,12,8,13 ,12,8,13,
		32 ,12,13,17 ,12,13,17,
		32 ,17,13,18 ,17,13,18,
		32 ,17,18,22 ,17,18,22,
		32 ,22,18,23 ,22,18,23,
		32 ,3,4,8 ,3,4,8,
		32 ,8,4,9 ,8,4,9,
		32 ,8,9,13 ,8,9,13,
		32 ,13,9,14 ,13,9,14,
		32 ,13,14,18 ,13,14,18,
		32 ,18,14,19 ,18,14,19,
		32 ,18,19,23 ,18,19,23,
		32 ,23,19,24 ,23,19,24
	]

}
