{
	"metadata" : {
		"formatVersion" : 3,
		"description" : "Exported from LibZinc."
	},

	"vertices" : [
		615.868591,88.197456,-879.236328,618.683411,93.356194,-880.723267,620.410278,98.730721,-881.863342,621.018860,104.612335,-882.751892,620.478821,111.292297,-883.484070,616.672058,91.857918,-873.802124,619.169617,96.573936,-875.193542,620.695374,101.500694,-876.203979,621.210449,106.979263,-876.914062,620.675964,113.350739,-877.404480,
		617.115540,95.358978,-869.428894,619.215210,99.687752,-870.645203,620.524109,104.026192,-871.600708,621.005188,108.891350,-872.350403,620.621338,114.800316,-872.949341,617.287720,98.585396,-863.728027,618.965637,102.524429,-864.630005,620.049744,106.200920,-865.499939,620.523804,110.333794,-866.391479,620.371460,115.641960,-867.358276,
		617.277283,101.421898,-854.310791,618.566284,104.910744,-854.699768,619.425659,107.918602,-855.348389,619.887146,111.291794,-856.368225,619.982483,115.876602,-857.870911
	],

	"normals" : [
		0.850568,-0.504396,0.148726,0.920778,-0.382230,0.077905,0.978773,-0.204896,0.004682,0.998470,-0.013147,-0.053718,0.985415,0.146071,-0.087299,0.856012,-0.454053,0.247143,0.920292,-0.342838,0.188479,0.979094,-0.179716,0.095270,0.999986,0.001069,0.005191,0.986614,0.148695,-0.066950,
		0.878387,-0.410888,0.244148,0.923088,-0.316256,0.218839,0.974683,-0.166679,0.149032,0.997143,-0.000831,0.075538,0.992172,0.124819,0.003814,0.910872,-0.382636,0.154601,0.936651,-0.315020,0.153128,0.977553,-0.174845,0.117557,0.996636,-0.019509,0.079599,0.995741,0.083096,0.039937,
		0.934473,-0.346842,0.080382,0.946375,-0.312119,0.083397,0.978974,-0.191577,0.070063,0.997077,-0.053203,0.054838,0.999033,0.025693,0.035691
	],

	"faces": [
		32 ,0,1,5 ,0,1,5,
		32 ,5,1,6 ,5,1,6,
		32 ,5,6,10 ,5,6,10,
		32 ,10,6,11 ,10,6,11,
		32 ,10,11,15 ,10,11,15,
		32 ,15,11,16 ,15,11,16,
		32 ,15,16,20 ,15,16,20,
		32 ,20,16,21 ,20,16,21,
		32 ,1,2,6 ,1,2,6,
		32 ,6,2,7 ,6,2,7,
		32 ,6,7,11 ,6,7,11,
		32 ,11,7,12 ,11,7,12,
		32 ,11,12,16 ,11,12,16,
		32 ,16,12,17 ,16,12,17,
		32 ,16,17,21 ,16,17,21,
		32 ,21,17,22 ,21,17,22,
		32 ,2,3,7 ,2,3,7,
		32 ,7,3,8 ,7,3,8,
		32 ,7,8,12 ,7,8,12,
		32 ,12,8,13 ,12,8,13,
		32 ,12,13,17 ,12,13,17,
		32 ,17,13,18 ,17,13,18,
		32 ,17,18,22 ,17,18,22,
		32 ,22,18,23 ,22,18,23,
		32 ,3,4,8 ,3,4,8,
		32 ,8,4,9 ,8,4,9,
		32 ,8,9,13 ,8,9,13,
		32 ,13,9,14 ,13,9,14,
		32 ,13,14,18 ,13,14,18,
		32 ,18,14,19 ,18,14,19,
		32 ,18,19,23 ,18,19,23,
		32 ,23,19,24 ,23,19,24
	]

}
