{
	"metadata" : {
		"formatVersion" : 3,
		"description" : "Exported from LibZinc."
	},

	"vertices" : [
		565.677185,159.234802,-884.662415,561.100403,158.195236,-884.464539,556.561401,156.738617,-884.286377,552.134277,154.665787,-883.959106,547.893188,151.777603,-883.313782,568.618469,157.136154,-876.398010,564.638489,156.133850,-876.340698,560.452148,154.682938,-876.245483,556.380737,152.687714,-876.001099,552.745300,150.052460,-875.496094,
		571.044250,154.257401,-868.235718,567.546265,153.250641,-868.153687,564.047363,151.868439,-867.989258,560.746216,150.027084,-867.707886,557.841309,147.642914,-867.275085,572.958984,151.665375,-859.063965,569.826294,150.538544,-858.898560,566.993591,149.088455,-858.588440,564.462585,147.270401,-858.191406,562.235107,145.039627,-857.765320,
		574.366882,150.426895,-847.771118,571.481079,148.990479,-847.570312,568.937317,147.136383,-847.113953,566.761719,145.004150,-846.563721,564.980530,142.733307,-846.081482
	],

	"normals" : [
		-0.176217,0.960681,0.214569,-0.239937,0.936334,0.256337,-0.328355,0.892563,0.309056,-0.429535,0.829630,0.356671,-0.524378,0.747463,0.407832,-0.188493,0.911437,0.365722,-0.253110,0.883617,0.393899,-0.328473,0.842568,0.426830,-0.416275,0.779770,0.467626,-0.511505,0.683938,0.520184,
		-0.217692,0.904635,0.366395,-0.280399,0.877523,0.389012,-0.361006,0.832719,0.419826,-0.457181,0.760363,0.461338,-0.561927,0.651666,0.509479,-0.272891,0.931827,0.239227,-0.360518,0.892114,0.272323,-0.460903,0.830081,0.313902,-0.566625,0.742906,0.356407,-0.667992,0.632644,0.391852,
		-0.360634,0.931479,0.047851,-0.511324,0.853922,0.096776,-0.624006,0.768624,0.140831,-0.714972,0.678438,0.168931,-0.794746,0.577784,0.185861
	],

	"faces": [
		32 ,0,1,5 ,0,1,5,
		32 ,5,1,6 ,5,1,6,
		32 ,5,6,10 ,5,6,10,
		32 ,10,6,11 ,10,6,11,
		32 ,10,11,15 ,10,11,15,
		32 ,15,11,16 ,15,11,16,
		32 ,15,16,20 ,15,16,20,
		32 ,20,16,21 ,20,16,21,
		32 ,1,2,6 ,1,2,6,
		32 ,6,2,7 ,6,2,7,
		32 ,6,7,11 ,6,7,11,
		32 ,11,7,12 ,11,7,12,
		32 ,11,12,16 ,11,12,16,
		32 ,16,12,17 ,16,12,17,
		32 ,16,17,21 ,16,17,21,
		32 ,21,17,22 ,21,17,22,
		32 ,2,3,7 ,2,3,7,
		32 ,7,3,8 ,7,3,8,
		32 ,7,8,12 ,7,8,12,
		32 ,12,8,13 ,12,8,13,
		32 ,12,13,17 ,12,13,17,
		32 ,17,13,18 ,17,13,18,
		32 ,17,18,22 ,17,18,22,
		32 ,22,18,23 ,22,18,23,
		32 ,3,4,8 ,3,4,8,
		32 ,8,4,9 ,8,4,9,
		32 ,8,9,13 ,8,9,13,
		32 ,13,9,14 ,13,9,14,
		32 ,13,14,18 ,13,14,18,
		32 ,18,14,19 ,18,14,19,
		32 ,18,19,23 ,18,19,23,
		32 ,23,19,24 ,23,19,24
	]

}
