{
	"metadata" : {
		"formatVersion" : 3,
		"description" : "Exported from LibZinc."
	},

	"vertices" : [
		578.879700,84.359512,-874.942383,581.747742,80.809174,-874.251465,585.301514,77.670326,-873.933167,589.641113,75.420555,-874.022461,594.866516,74.537453,-874.554504,580.583740,87.047943,-868.470886,583.709595,83.931480,-868.067200,587.493042,81.208641,-868.004578,591.959961,79.349464,-868.308472,597.136230,78.824020,-869.004333,
		583.190308,90.517548,-863.383484,586.508179,87.653038,-863.254700,590.383423,85.286819,-863.340637,594.800659,83.831596,-863.717163,599.744690,83.700058,-864.460266,585.141296,93.111198,-857.192505,588.694458,90.573296,-857.369202,592.780884,88.701233,-857.531372,597.262024,87.773682,-857.866638,601.999146,88.069321,-858.562561,
		584.878479,93.171753,-847.410522,588.819336,91.291710,-847.965637,593.493896,90.248222,-848.166748,598.442871,90.082466,-848.374939,603.206787,90.835602,-848.951477
	],

	"normals" : [
		-0.820917,-0.537548,0.192711,-0.720665,-0.628710,0.292174,-0.537706,-0.744657,0.395422,-0.263465,-0.847988,0.459894,0.054861,-0.888297,0.455981,-0.652822,-0.474404,0.590563,-0.518887,-0.545026,0.658561,-0.339760,-0.625434,0.702421,-0.111239,-0.697766,0.707636,0.147675,-0.730510,0.666744,
		-0.571534,-0.538857,0.618856,-0.446810,-0.590579,0.671995,-0.277103,-0.658068,0.700115,-0.052574,-0.722851,0.689002,0.211289,-0.746206,0.631295,-0.619586,-0.744718,0.248008,-0.469605,-0.821416,0.323646,-0.274591,-0.877002,0.394294,-0.027075,-0.907190,0.419849,0.258971,-0.885349,0.386122,
		-0.578148,-0.791006,-0.200138,-0.322684,-0.940762,-0.104129,-0.123761,-0.992238,0.012160,0.063930,-0.993769,0.091303,0.280866,-0.952954,0.113985
	],

	"faces": [
		32 ,0,1,5 ,0,1,5,
		32 ,5,1,6 ,5,1,6,
		32 ,5,6,10 ,5,6,10,
		32 ,10,6,11 ,10,6,11,
		32 ,10,11,15 ,10,11,15,
		32 ,15,11,16 ,15,11,16,
		32 ,15,16,20 ,15,16,20,
		32 ,20,16,21 ,20,16,21,
		32 ,1,2,6 ,1,2,6,
		32 ,6,2,7 ,6,2,7,
		32 ,6,7,11 ,6,7,11,
		32 ,11,7,12 ,11,7,12,
		32 ,11,12,16 ,11,12,16,
		32 ,16,12,17 ,16,12,17,
		32 ,16,17,21 ,16,17,21,
		32 ,21,17,22 ,21,17,22,
		32 ,2,3,7 ,2,3,7,
		32 ,7,3,8 ,7,3,8,
		32 ,7,8,12 ,7,8,12,
		32 ,12,8,13 ,12,8,13,
		32 ,12,13,17 ,12,13,17,
		32 ,17,13,18 ,17,13,18,
		32 ,17,18,22 ,17,18,22,
		32 ,22,18,23 ,22,18,23,
		32 ,3,4,8 ,3,4,8,
		32 ,8,4,9 ,8,4,9,
		32 ,8,9,13 ,8,9,13,
		32 ,13,9,14 ,13,9,14,
		32 ,13,14,18 ,13,14,18,
		32 ,18,14,19 ,18,14,19,
		32 ,18,19,23 ,18,19,23,
		32 ,23,19,24 ,23,19,24
	]

}
