{
	"metadata" : {
		"formatVersion" : 3,
		"description" : "Exported from LibZinc."
	},

	"vertices" : [
		563.969727,133.034302,-845.131714,564.222351,130.397781,-844.982422,564.636597,127.712326,-844.859192,565.180664,125.054138,-844.661804,565.822876,122.499397,-844.290100,564.608643,131.204025,-830.986450,564.564270,128.485275,-830.943665,564.222107,125.419434,-830.870300,563.931702,122.196281,-830.674988,564.042725,119.005585,-830.266235,
		561.716370,128.556854,-815.619568,561.478943,125.417969,-815.593811,560.898010,122.091133,-815.557312,560.561768,118.482185,-815.431763,561.058594,114.496956,-815.138794,556.718933,125.629387,-799.466980,556.358032,121.875168,-799.364868,555.884399,118.175270,-799.259033,555.938416,114.144325,-799.106262,557.160278,109.396973,-798.863525,
		551.042480,122.958199,-782.964417,550.593262,118.536118,-782.688843,550.401550,114.119659,-782.314148,550.929077,109.415199,-781.872498,552.637573,104.129097,-781.395996
	],

	"normals" : [
		-0.977491,-0.045359,0.206045,-0.977481,-0.115956,0.176310,-0.981234,-0.172463,0.086231,-0.973631,-0.225791,-0.032565,-0.947947,-0.287598,-0.136690,-0.990292,-0.090677,-0.105352,-0.992122,0.083996,-0.092940,-0.986787,0.111985,-0.117095,-0.986897,0.031063,-0.158331,-0.963397,-0.169128,-0.207997,
		-0.963816,-0.044845,-0.262768,-0.961425,0.150285,-0.230381,-0.961495,0.150501,-0.229949,-0.966790,-0.008715,-0.255424,-0.918732,-0.270003,-0.288149,-0.947402,0.012707,-0.319794,-0.946169,0.127483,-0.297511,-0.953086,0.069898,-0.294520,-0.940937,-0.129356,-0.312898,-0.873610,-0.356163,-0.331593,
		-0.948702,0.074320,-0.307312,-0.949520,0.063114,-0.307293,-0.951069,-0.047158,-0.305358,-0.921216,-0.223773,-0.318256,-0.853017,-0.397518,-0.338144
	],

	"faces": [
		32 ,0,1,5 ,0,1,5,
		32 ,5,1,6 ,5,1,6,
		32 ,5,6,10 ,5,6,10,
		32 ,10,6,11 ,10,6,11,
		32 ,10,11,15 ,10,11,15,
		32 ,15,11,16 ,15,11,16,
		32 ,15,16,20 ,15,16,20,
		32 ,20,16,21 ,20,16,21,
		32 ,1,2,6 ,1,2,6,
		32 ,6,2,7 ,6,2,7,
		32 ,6,7,11 ,6,7,11,
		32 ,11,7,12 ,11,7,12,
		32 ,11,12,16 ,11,12,16,
		32 ,16,12,17 ,16,12,17,
		32 ,16,17,21 ,16,17,21,
		32 ,21,17,22 ,21,17,22,
		32 ,2,3,7 ,2,3,7,
		32 ,7,3,8 ,7,3,8,
		32 ,7,8,12 ,7,8,12,
		32 ,12,8,13 ,12,8,13,
		32 ,12,13,17 ,12,13,17,
		32 ,17,13,18 ,17,13,18,
		32 ,17,18,22 ,17,18,22,
		32 ,22,18,23 ,22,18,23,
		32 ,3,4,8 ,3,4,8,
		32 ,8,4,9 ,8,4,9,
		32 ,8,9,13 ,8,9,13,
		32 ,13,9,14 ,13,9,14,
		32 ,13,14,18 ,13,14,18,
		32 ,18,14,19 ,18,14,19,
		32 ,18,19,23 ,18,19,23,
		32 ,23,19,24 ,23,19,24
	]

}
