{
	"metadata" : {
		"formatVersion" : 3,
		"description" : "Exported from LibZinc."
	},

	"vertices" : [
		574.060425,102.670601,-847.319580,576.288635,100.219147,-846.771545,578.807312,97.822922,-846.581055,581.657043,95.475822,-846.782593,584.878479,93.171753,-847.410522,573.552979,98.161758,-832.925903,575.303040,96.023140,-832.335327,577.262207,94.142723,-832.245300,579.553894,92.453514,-832.646179,582.301270,90.888519,-833.528442,
		572.626526,92.240547,-815.798462,573.800903,90.868553,-815.550354,575.204163,89.661613,-815.807251,576.820862,88.615494,-816.402893,578.635681,87.725960,-817.171021,571.343689,85.812981,-797.571838,571.932800,85.269470,-797.654724,572.687622,84.751701,-798.080994,573.513000,84.296227,-798.622498,574.313660,83.939621,-799.050903,
		569.767090,79.785057,-779.880676,569.849060,79.739929,-779.886414,569.767090,79.785057,-779.880676,569.685120,79.830193,-779.875000,569.767090,79.785057,-779.880676
	],

	"normals" : [
		-0.718403,-0.665475,-0.202584,-0.678531,-0.698160,-0.228402,-0.643667,-0.726986,-0.239132,-0.611819,-0.756558,-0.230864,-0.578148,-0.791006,-0.200138,-0.735406,-0.631849,-0.244835,-0.689343,-0.676571,-0.258955,-0.632447,-0.726855,-0.267756,-0.570824,-0.776216,-0.267673,-0.510195,-0.821097,-0.255929,
		-0.728922,-0.630225,-0.267374,-0.682159,-0.676649,-0.277137,-0.625888,-0.726302,-0.284164,-0.557110,-0.779269,-0.286998,-0.472914,-0.835419,-0.280049,-0.675902,-0.677371,-0.290389,-0.662380,-0.690822,-0.289858,-0.629774,-0.719157,-0.293596,-0.568651,-0.767209,-0.296692,-0.443483,-0.848742,-0.288026,
		-0.608699,-0.733819,-0.301656,-0.608699,-0.733819,-0.301656,-0.608699,-0.733819,-0.301656,-0.608699,-0.733819,-0.301656,-0.608699,-0.733819,-0.301656
	],

	"faces": [
		32 ,0,1,5 ,0,1,5,
		32 ,5,1,6 ,5,1,6,
		32 ,5,6,10 ,5,6,10,
		32 ,10,6,11 ,10,6,11,
		32 ,10,11,15 ,10,11,15,
		32 ,15,11,16 ,15,11,16,
		32 ,15,16,20 ,15,16,20,
		32 ,20,16,21 ,20,16,21,
		32 ,1,2,6 ,1,2,6,
		32 ,6,2,7 ,6,2,7,
		32 ,6,7,11 ,6,7,11,
		32 ,11,7,12 ,11,7,12,
		32 ,11,12,16 ,11,12,16,
		32 ,16,12,17 ,16,12,17,
		32 ,16,17,21 ,16,17,21,
		32 ,21,17,22 ,21,17,22,
		32 ,2,3,7 ,2,3,7,
		32 ,7,3,8 ,7,3,8,
		32 ,7,8,12 ,7,8,12,
		32 ,12,8,13 ,12,8,13,
		32 ,12,13,17 ,12,13,17,
		32 ,17,13,18 ,17,13,18,
		32 ,17,18,22 ,17,18,22,
		32 ,22,18,23 ,22,18,23,
		32 ,3,4,8 ,3,4,8,
		32 ,8,4,9 ,8,4,9,
		32 ,8,9,13 ,8,9,13,
		32 ,13,9,14 ,13,9,14,
		32 ,13,14,18 ,13,14,18,
		32 ,18,14,19 ,18,14,19,
		32 ,18,19,23 ,18,19,23,
		32 ,23,19,24 ,23,19,24
	]

}
