{
	"metadata" : {
		"formatVersion" : 3,
		"description" : "Exported from LibZinc."
	},

	"vertices" : [
		517.757080,97.802391,-701.065430,521.146606,87.865135,-697.956604,527.619263,78.402107,-695.235107,536.291809,70.764183,-693.025085,546.281128,66.302254,-691.450928,508.105530,100.191345,-676.888977,512.203491,89.764053,-672.957031,520.171814,80.289780,-670.018250,530.481567,72.933090,-667.578613,541.603516,68.858566,-665.144287,
		500.166168,103.469749,-650.273499,505.125397,92.944618,-645.818054,514.635803,83.505165,-642.811829,526.485046,76.264641,-640.197449,538.460876,72.336296,-636.917603,494.257355,105.177834,-622.623596,500.217834,94.889977,-618.293152,510.769775,85.958252,-615.175171,523.505859,79.206490,-612.298401,536.018860,75.458527,-608.691528,
		490.697388,102.855797,-595.344116,497.786255,93.083260,-592.136047,508.332489,85.559006,-588.667542,520.747620,80.206284,-585.298035,533.443115,76.948341,-582.387024
	],

	"normals" : [
		-0.878497,-0.272048,-0.392726,-0.799234,-0.505221,-0.325539,-0.696126,-0.678693,-0.234063,-0.531669,-0.838797,-0.117251,-0.229323,-0.973268,0.012663,-0.920484,-0.268653,-0.283788,-0.807121,-0.561033,-0.183843,-0.661441,-0.745771,-0.079507,-0.476522,-0.879052,0.013948,-0.201525,-0.975640,0.086679,
		-0.937245,-0.278811,-0.209372,-0.778825,-0.618626,-0.103605,-0.609165,-0.792961,-0.011399,-0.435056,-0.898592,0.057090,-0.199525,-0.974633,0.101389,-0.931125,-0.327868,-0.159716,-0.728658,-0.679242,-0.087676,-0.548787,-0.835712,-0.020423,-0.389130,-0.920492,0.035673,-0.193244,-0.978450,0.072742,
		-0.885972,-0.435212,-0.160139,-0.646913,-0.744788,-0.163688,-0.448982,-0.885488,-0.119691,-0.305396,-0.950808,-0.051933,-0.176554,-0.984230,-0.010995
	],

	"faces": [
		32 ,0,1,5 ,0,1,5,
		32 ,5,1,6 ,5,1,6,
		32 ,5,6,10 ,5,6,10,
		32 ,10,6,11 ,10,6,11,
		32 ,10,11,15 ,10,11,15,
		32 ,15,11,16 ,15,11,16,
		32 ,15,16,20 ,15,16,20,
		32 ,20,16,21 ,20,16,21,
		32 ,1,2,6 ,1,2,6,
		32 ,6,2,7 ,6,2,7,
		32 ,6,7,11 ,6,7,11,
		32 ,11,7,12 ,11,7,12,
		32 ,11,12,16 ,11,12,16,
		32 ,16,12,17 ,16,12,17,
		32 ,16,17,21 ,16,17,21,
		32 ,21,17,22 ,21,17,22,
		32 ,2,3,7 ,2,3,7,
		32 ,7,3,8 ,7,3,8,
		32 ,7,8,12 ,7,8,12,
		32 ,12,8,13 ,12,8,13,
		32 ,12,13,17 ,12,13,17,
		32 ,17,13,18 ,17,13,18,
		32 ,17,18,22 ,17,18,22,
		32 ,22,18,23 ,22,18,23,
		32 ,3,4,8 ,3,4,8,
		32 ,8,4,9 ,8,4,9,
		32 ,8,9,13 ,8,9,13,
		32 ,13,9,14 ,13,9,14,
		32 ,13,14,18 ,13,14,18,
		32 ,18,14,19 ,18,14,19,
		32 ,18,19,23 ,18,19,23,
		32 ,23,19,24 ,23,19,24
	]

}
