{
	"metadata" : {
		"formatVersion" : 3,
		"description" : "Exported from LibZinc."
	},

	"vertices" : [
		441.677704,72.975777,-1800.000000,446.069855,71.546333,-1799.263672,450.346558,70.676376,-1798.254272,454.521729,70.698013,-1796.867676,458.609192,71.943367,-1795.000000,439.285065,64.903679,-1792.401367,443.695465,64.079834,-1791.438232,447.984070,63.741943,-1790.168091,452.159332,64.302063,-1788.529053,456.229645,66.172249,-1786.458984,
		438.415039,61.394836,-1783.692627,442.816895,61.240818,-1782.605835,447.121277,61.559559,-1781.260620,451.284668,62.680973,-1779.597656,455.263611,64.934975,-1777.557983,438.956482,61.606579,-1773.137573,443.379517,62.119862,-1771.989380,447.722900,63.057838,-1770.735229,451.887512,64.644058,-1769.242310,455.774323,67.102051,-1767.378052,
		440.798187,64.696228,-1760.000000,445.328705,65.807533,-1758.811523,449.753662,67.165405,-1757.795410,453.957642,69.000633,-1756.631470,457.825104,71.543999,-1755.000000
	],

	"normals" : [
		-0.077879,-0.547630,-0.833088,-0.008586,-0.599215,-0.800542,0.133724,-0.654474,-0.744165,0.344322,-0.691811,-0.634697,0.572817,-0.680044,-0.457626,-0.060304,-0.810646,-0.582424,0.004720,-0.854128,-0.520041,0.157150,-0.886968,-0.434271,0.382980,-0.867910,-0.316320,0.612224,-0.770415,-0.177883,
		-0.027818,-0.987208,-0.156992,0.029909,-0.995887,-0.085520,0.159980,-0.987010,-0.014756,0.355207,-0.933874,0.041314,0.575256,-0.814861,0.071295,0.046143,-0.988177,0.146212,0.101538,-0.976305,0.191100,0.203281,-0.953634,0.221942,0.352668,-0.907767,0.227122,0.543101,-0.816846,0.194431,
		0.147463,-0.956381,0.252172,0.187119,-0.943461,0.273620,0.266815,-0.924119,0.273521,0.388146,-0.887348,0.248909,0.554853,-0.809673,0.191229
	],

	"faces": [
		32 ,0,1,5 ,0,1,5,
		32 ,5,1,6 ,5,1,6,
		32 ,5,6,10 ,5,6,10,
		32 ,10,6,11 ,10,6,11,
		32 ,10,11,15 ,10,11,15,
		32 ,15,11,16 ,15,11,16,
		32 ,15,16,20 ,15,16,20,
		32 ,20,16,21 ,20,16,21,
		32 ,1,2,6 ,1,2,6,
		32 ,6,2,7 ,6,2,7,
		32 ,6,7,11 ,6,7,11,
		32 ,11,7,12 ,11,7,12,
		32 ,11,12,16 ,11,12,16,
		32 ,16,12,17 ,16,12,17,
		32 ,16,17,21 ,16,17,21,
		32 ,21,17,22 ,21,17,22,
		32 ,2,3,7 ,2,3,7,
		32 ,7,3,8 ,7,3,8,
		32 ,7,8,12 ,7,8,12,
		32 ,12,8,13 ,12,8,13,
		32 ,12,13,17 ,12,13,17,
		32 ,17,13,18 ,17,13,18,
		32 ,17,18,22 ,17,18,22,
		32 ,22,18,23 ,22,18,23,
		32 ,3,4,8 ,3,4,8,
		32 ,8,4,9 ,8,4,9,
		32 ,8,9,13 ,8,9,13,
		32 ,13,9,14 ,13,9,14,
		32 ,13,14,18 ,13,14,18,
		32 ,18,14,19 ,18,14,19,
		32 ,18,19,23 ,18,19,23,
		32 ,23,19,24 ,23,19,24
	]

}
