{
	"metadata" : {
		"formatVersion" : 3,
		"description" : "Exported from LibZinc."
	},

	"vertices" : [
		458.609192,71.943367,-1795.000000,462.144775,74.455116,-1792.819092,464.941223,77.922691,-1790.493896,467.427826,82.148346,-1787.921631,470.033997,86.934334,-1785.000000,456.229645,66.172249,-1786.458984,459.755493,69.307289,-1784.109375,462.625244,73.257889,-1781.625732,465.339111,77.829979,-1778.936401,468.397461,82.829483,-1775.970093,
		455.263611,64.934975,-1777.557983,458.744446,68.392784,-1775.161865,461.742340,72.676277,-1772.512939,464.706879,77.441345,-1769.677124,468.087738,82.343895,-1766.719727,455.774323,67.102051,-1767.378052,459.159729,70.604263,-1765.039185,462.164093,74.885063,-1762.337769,465.204132,79.510933,-1759.464478,468.696503,84.048325,-1756.609497,
		457.825104,71.543999,-1755.000000,461.049591,74.834381,-1752.803833,463.762177,78.591461,-1750.282227,466.503784,82.567192,-1747.619507,469.815308,86.513542,-1745.000000
	],

	"normals" : [
		0.572817,-0.680044,-0.457626,0.762842,-0.596644,-0.249174,0.858123,-0.502568,-0.105117,0.889577,-0.453824,-0.051928,0.889273,-0.450651,-0.078146,0.612224,-0.770415,-0.177883,0.771249,-0.634048,-0.056206,0.844461,-0.535594,0.004859,0.862664,-0.505733,0.006705,0.844313,-0.534562,-0.037133,
		0.575256,-0.814861,0.071295,0.749295,-0.657040,0.082799,0.819478,-0.567575,0.079460,0.825311,-0.560993,0.064412,0.780507,-0.624021,0.037509,0.543101,-0.816846,0.194431,0.736826,-0.663749,0.128550,0.806349,-0.584073,0.093058,0.795922,-0.599440,0.084728,0.716843,-0.691745,0.087318,
		0.554853,-0.809673,0.191229,0.743429,-0.662361,0.092687,0.814151,-0.578978,0.044081,0.789970,-0.611300,0.047525,0.689331,-0.721243,0.068054
	],

	"faces": [
		32 ,0,1,5 ,0,1,5,
		32 ,5,1,6 ,5,1,6,
		32 ,5,6,10 ,5,6,10,
		32 ,10,6,11 ,10,6,11,
		32 ,10,11,15 ,10,11,15,
		32 ,15,11,16 ,15,11,16,
		32 ,15,16,20 ,15,16,20,
		32 ,20,16,21 ,20,16,21,
		32 ,1,2,6 ,1,2,6,
		32 ,6,2,7 ,6,2,7,
		32 ,6,7,11 ,6,7,11,
		32 ,11,7,12 ,11,7,12,
		32 ,11,12,16 ,11,12,16,
		32 ,16,12,17 ,16,12,17,
		32 ,16,17,21 ,16,17,21,
		32 ,21,17,22 ,21,17,22,
		32 ,2,3,7 ,2,3,7,
		32 ,7,3,8 ,7,3,8,
		32 ,7,8,12 ,7,8,12,
		32 ,12,8,13 ,12,8,13,
		32 ,12,13,17 ,12,13,17,
		32 ,17,13,18 ,17,13,18,
		32 ,17,18,22 ,17,18,22,
		32 ,22,18,23 ,22,18,23,
		32 ,3,4,8 ,3,4,8,
		32 ,8,4,9 ,8,4,9,
		32 ,8,9,13 ,8,9,13,
		32 ,13,9,14 ,13,9,14,
		32 ,13,14,18 ,13,14,18,
		32 ,18,14,19 ,18,14,19,
		32 ,18,19,23 ,18,19,23,
		32 ,23,19,24 ,23,19,24
	]

}
