{
	"metadata" : {
		"formatVersion" : 3,
		"description" : "Exported from LibZinc."
	},

	"vertices" : [
		285.250000,230.799194,-250.000000,280.194397,230.977005,-250.120056,275.139862,231.259842,-250.308105,270.225464,231.253448,-250.299591,265.590302,230.563507,-249.830002,285.466644,230.497208,-243.183090,280.713654,230.535309,-243.089279,275.922668,230.503387,-242.824127,271.246368,230.227798,-242.385315,266.837433,229.534836,-241.770569,
		285.530731,230.640320,-236.900269,280.866241,230.612671,-236.788208,276.155518,230.526962,-236.497833,271.589294,230.213852,-236.070053,267.358276,229.504013,-235.545746,285.507812,230.971878,-230.590652,280.839233,230.946793,-230.557098,276.118744,230.956665,-230.450943,271.580383,230.753464,-230.245987,267.458191,230.089111,-229.915985,
		285.463409,231.235199,-223.693298,280.819672,231.275314,-223.736176,276.092682,231.418655,-223.805161,271.545776,231.388519,-223.805344,267.442413,230.908203,-223.641800
	],

	"normals" : [
		-0.001189,0.996493,0.083665,0.054128,0.993765,0.097479,0.036379,0.988705,0.145393,-0.050008,0.980530,0.189897,-0.212932,0.954865,0.207108,0.003254,0.999979,0.005613,0.007451,0.999757,0.020765,-0.022754,0.998660,0.046490,-0.090736,0.993285,0.071775,-0.206280,0.974322,0.090256,
		-0.012104,0.998910,-0.045090,-0.007809,0.999151,-0.040449,-0.040299,0.998063,-0.047403,-0.114189,0.991936,-0.054984,-0.240371,0.969550,-0.046853,-0.027459,0.998251,-0.052357,0.006309,0.998279,-0.058299,-0.014461,0.996539,-0.081860,-0.095563,0.989148,-0.111599,-0.257472,0.957764,-0.128046,
		-0.022978,0.999544,-0.019566,0.029613,0.999028,-0.032637,0.022441,0.998547,-0.048992,-0.048785,0.996082,-0.073755,-0.212240,0.970873,-0.111170
	],

	"faces": [
		32 ,0,1,5 ,0,1,5,
		32 ,5,1,6 ,5,1,6,
		32 ,5,6,10 ,5,6,10,
		32 ,10,6,11 ,10,6,11,
		32 ,10,11,15 ,10,11,15,
		32 ,15,11,16 ,15,11,16,
		32 ,15,16,20 ,15,16,20,
		32 ,20,16,21 ,20,16,21,
		32 ,1,2,6 ,1,2,6,
		32 ,6,2,7 ,6,2,7,
		32 ,6,7,11 ,6,7,11,
		32 ,11,7,12 ,11,7,12,
		32 ,11,12,16 ,11,12,16,
		32 ,16,12,17 ,16,12,17,
		32 ,16,17,21 ,16,17,21,
		32 ,21,17,22 ,21,17,22,
		32 ,2,3,7 ,2,3,7,
		32 ,7,3,8 ,7,3,8,
		32 ,7,8,12 ,7,8,12,
		32 ,12,8,13 ,12,8,13,
		32 ,12,13,17 ,12,13,17,
		32 ,17,13,18 ,17,13,18,
		32 ,17,18,22 ,17,18,22,
		32 ,22,18,23 ,22,18,23,
		32 ,3,4,8 ,3,4,8,
		32 ,8,4,9 ,8,4,9,
		32 ,8,9,13 ,8,9,13,
		32 ,13,9,14 ,13,9,14,
		32 ,13,14,18 ,13,14,18,
		32 ,18,14,19 ,18,14,19,
		32 ,18,19,23 ,18,19,23,
		32 ,23,19,24 ,23,19,24
	]

}
