{
	"metadata" : {
		"formatVersion" : 3,
		"description" : "Exported from LibZinc."
	},

	"vertices" : [
		131.681000,124.633904,-250.000000,140.601685,111.791336,-250.587891,154.611984,102.362938,-250.801193,171.966019,94.622787,-250.613907,190.917892,86.844978,-250.000000,154.025833,131.310486,-246.259033,161.484680,119.772247,-246.250092,172.721039,110.496986,-245.334610,186.791351,102.630577,-243.939865,202.752136,95.318916,-242.493134,
		177.092392,138.275024,-242.818939,183.127258,128.390839,-242.549072,191.960724,119.721878,-241.291534,202.948090,111.913277,-239.337204,215.444611,104.610191,-236.976974,197.801743,144.682281,-237.896027,202.575470,136.302597,-237.544617,209.387207,128.261627,-236.387527,217.704346,120.458397,-234.334000,226.994263,112.791908,-231.293274,
		213.074997,149.686996,-229.706604,216.875443,142.162994,-229.296509,222.056610,134.340271,-228.338150,228.328217,126.253464,-226.458298,235.399994,117.937202,-223.283798
	],

	"normals" : [
		-0.174561,-0.116419,0.977740,-0.176367,-0.226894,0.957817,-0.206070,-0.398607,0.893671,-0.239198,-0.547978,0.801563,-0.279548,-0.562370,0.778199,-0.113138,-0.090715,0.989429,-0.137860,-0.076339,0.987505,-0.169461,-0.115155,0.978786,-0.196556,-0.208539,0.958059,-0.215635,-0.321219,0.922128,
		-0.143577,-0.089632,0.985572,-0.168070,-0.050768,0.984467,-0.193966,-0.039297,0.980221,-0.226291,-0.071862,0.971405,-0.273420,-0.171605,0.946463,-0.283669,-0.120579,0.951311,-0.292958,-0.124780,0.947948,-0.313861,-0.114251,0.942570,-0.360717,-0.111830,0.925947,-0.449276,-0.154046,0.880012,
		-0.609709,-0.222624,0.760719,-0.603457,-0.296755,0.740119,-0.628474,-0.336364,0.701341,-0.675796,-0.360192,0.643087,-0.731969,-0.374352,0.569283
	],

	"faces": [
		32 ,0,1,5 ,0,1,5,
		32 ,5,1,6 ,5,1,6,
		32 ,5,6,10 ,5,6,10,
		32 ,10,6,11 ,10,6,11,
		32 ,10,11,15 ,10,11,15,
		32 ,15,11,16 ,15,11,16,
		32 ,15,16,20 ,15,16,20,
		32 ,20,16,21 ,20,16,21,
		32 ,1,2,6 ,1,2,6,
		32 ,6,2,7 ,6,2,7,
		32 ,6,7,11 ,6,7,11,
		32 ,11,7,12 ,11,7,12,
		32 ,11,12,16 ,11,12,16,
		32 ,16,12,17 ,16,12,17,
		32 ,16,17,21 ,16,17,21,
		32 ,21,17,22 ,21,17,22,
		32 ,2,3,7 ,2,3,7,
		32 ,7,3,8 ,7,3,8,
		32 ,7,8,12 ,7,8,12,
		32 ,12,8,13 ,12,8,13,
		32 ,12,13,17 ,12,13,17,
		32 ,17,13,18 ,17,13,18,
		32 ,17,18,22 ,17,18,22,
		32 ,22,18,23 ,22,18,23,
		32 ,3,4,8 ,3,4,8,
		32 ,8,4,9 ,8,4,9,
		32 ,8,9,13 ,8,9,13,
		32 ,13,9,14 ,13,9,14,
		32 ,13,14,18 ,13,14,18,
		32 ,18,14,19 ,18,14,19,
		32 ,18,19,23 ,18,19,23,
		32 ,23,19,24 ,23,19,24
	]

}
