{
	"metadata" : {
		"formatVersion" : 3,
		"description" : "Exported from LibZinc."
	},

	"vertices" : [
		487.365204,102.453400,-1735.000000,489.277863,109.039680,-1731.318115,489.725647,116.530014,-1727.357300,489.410248,124.449112,-1723.467896,489.033295,132.321701,-1720.000000,484.321045,101.344452,-1723.487793,486.280273,107.452927,-1720.324829,487.194641,114.417297,-1717.108887,487.536011,121.914070,-1713.922241,487.776245,129.619781,-1710.847290,
		480.966339,99.897156,-1710.920166,482.851318,105.482841,-1708.517090,484.330688,112.027618,-1706.465820,485.510162,119.249329,-1704.329224,486.495514,126.865852,-1701.670288,477.585175,98.494553,-1697.892456,479.237152,103.026825,-1696.248535,481.369995,109.273582,-1694.719604,483.545197,116.527878,-1692.906006,485.324219,124.082779,-1690.408203,
		474.461609,97.519653,-1685.000000,475.683929,99.982277,-1683.873169,478.548950,106.067810,-1681.161865,481.853729,113.822693,-1677.869629,484.395386,121.293404,-1675.000000
	],

	"normals" : [
		0.841951,-0.508710,0.179812,0.944190,-0.254828,0.208728,0.975531,-0.095088,0.198238,0.986314,-0.019445,0.163730,0.993098,-0.024401,0.114724,0.849675,-0.498411,0.172159,0.929423,-0.297594,0.218200,0.961207,-0.168765,0.218174,0.978257,-0.101422,0.180905,0.989061,-0.089956,0.116899,
		0.868262,-0.463684,0.176402,0.921348,-0.325707,0.212211,0.950811,-0.237850,0.198460,0.972270,-0.183720,0.144698,0.985177,-0.150530,0.082257,0.886846,-0.424108,0.183402,0.908761,-0.374910,0.183291,0.932076,-0.334646,0.138734,0.956120,-0.282325,0.078281,0.978520,-0.202765,0.037215,
		0.756599,-0.638328,0.141758,0.871801,-0.476632,0.113066,0.898716,-0.434245,0.061158,0.927285,-0.373731,0.021626,0.966878,-0.255235,0.001493
	],

	"faces": [
		32 ,0,1,5 ,0,1,5,
		32 ,5,1,6 ,5,1,6,
		32 ,5,6,10 ,5,6,10,
		32 ,10,6,11 ,10,6,11,
		32 ,10,11,15 ,10,11,15,
		32 ,15,11,16 ,15,11,16,
		32 ,15,16,20 ,15,16,20,
		32 ,20,16,21 ,20,16,21,
		32 ,1,2,6 ,1,2,6,
		32 ,6,2,7 ,6,2,7,
		32 ,6,7,11 ,6,7,11,
		32 ,11,7,12 ,11,7,12,
		32 ,11,12,16 ,11,12,16,
		32 ,16,12,17 ,16,12,17,
		32 ,16,17,21 ,16,17,21,
		32 ,21,17,22 ,21,17,22,
		32 ,2,3,7 ,2,3,7,
		32 ,7,3,8 ,7,3,8,
		32 ,7,8,12 ,7,8,12,
		32 ,12,8,13 ,12,8,13,
		32 ,12,13,17 ,12,13,17,
		32 ,17,13,18 ,17,13,18,
		32 ,17,18,22 ,17,18,22,
		32 ,22,18,23 ,22,18,23,
		32 ,3,4,8 ,3,4,8,
		32 ,8,4,9 ,8,4,9,
		32 ,8,9,13 ,8,9,13,
		32 ,13,9,14 ,13,9,14,
		32 ,13,14,18 ,13,14,18,
		32 ,18,14,19 ,18,14,19,
		32 ,18,19,23 ,18,19,23,
		32 ,23,19,24 ,23,19,24
	]

}
