{
	"metadata" : {
		"formatVersion" : 3,
		"description" : "Exported from LibZinc."
	},

	"vertices" : [
		469.731293,255.987000,-1874.000000,469.731293,255.987000,-1874.000000,469.731293,255.987000,-1874.000000,469.731293,255.987000,-1874.000000,469.731293,255.987000,-1874.000000,471.171936,252.185806,-1874.320679,472.029999,251.961487,-1873.824219,472.442963,252.170425,-1873.313599,472.438995,252.671066,-1872.781250,472.046112,253.321823,-1872.219116,
		472.535278,248.388809,-1874.440186,474.071350,248.012787,-1873.496338,474.897491,248.444031,-1872.546753,475.000458,249.408295,-1871.570190,474.367004,250.631302,-1870.545654,473.597107,244.447571,-1874.339600,475.700775,243.948059,-1873.023804,476.914948,244.584015,-1871.684692,477.155182,245.964737,-1870.300415,476.337158,247.699493,-1868.849243,
		474.133087,240.213593,-1874.000000,476.763641,239.574402,-1872.413696,478.315369,240.366547,-1870.712769,478.642639,242.106430,-1868.905396,477.599792,244.310394,-1867.000000
	],

	"normals" : [
		0.820599,0.347978,-0.453352,0.820599,0.347978,-0.453352,0.820599,0.347978,-0.453352,0.820599,0.347978,-0.453352,0.820599,0.347978,-0.453352,0.485437,0.234932,-0.842115,0.593372,0.281186,-0.754218,0.723016,0.396192,-0.565933,0.787930,0.538728,-0.298227,0.750823,0.660063,-0.024129,
		0.502970,0.166313,-0.848152,0.602414,0.204161,-0.771632,0.735305,0.313730,-0.600749,0.819043,0.473110,-0.324553,0.782419,0.622750,0.001811,0.480341,0.052121,-0.875532,0.612603,0.099117,-0.784151,0.781762,0.205146,-0.588866,0.894531,0.370018,-0.250801,0.837311,0.528200,0.141118,
		0.407372,-0.077356,-0.909980,0.614628,-0.018713,-0.788595,0.848695,0.075086,-0.523526,0.971813,0.224117,-0.073150,0.860007,0.371066,0.350284
	],

	"faces": [
		32 ,0,1,5 ,0,1,5,
		32 ,5,1,6 ,5,1,6,
		32 ,5,6,10 ,5,6,10,
		32 ,10,6,11 ,10,6,11,
		32 ,10,11,15 ,10,11,15,
		32 ,15,11,16 ,15,11,16,
		32 ,15,16,20 ,15,16,20,
		32 ,20,16,21 ,20,16,21,
		32 ,1,2,6 ,1,2,6,
		32 ,6,2,7 ,6,2,7,
		32 ,6,7,11 ,6,7,11,
		32 ,11,7,12 ,11,7,12,
		32 ,11,12,16 ,11,12,16,
		32 ,16,12,17 ,16,12,17,
		32 ,16,17,21 ,16,17,21,
		32 ,21,17,22 ,21,17,22,
		32 ,2,3,7 ,2,3,7,
		32 ,7,3,8 ,7,3,8,
		32 ,7,8,12 ,7,8,12,
		32 ,12,8,13 ,12,8,13,
		32 ,12,13,17 ,12,13,17,
		32 ,17,13,18 ,17,13,18,
		32 ,17,18,22 ,17,18,22,
		32 ,22,18,23 ,22,18,23,
		32 ,3,4,8 ,3,4,8,
		32 ,8,4,9 ,8,4,9,
		32 ,8,9,13 ,8,9,13,
		32 ,13,9,14 ,13,9,14,
		32 ,13,14,18 ,13,14,18,
		32 ,18,14,19 ,18,14,19,
		32 ,18,19,23 ,18,19,23,
		32 ,23,19,24 ,23,19,24
	]

}
