{
	"metadata" : {
		"formatVersion" : 3,
		"description" : "Exported from LibZinc."
	},

	"vertices" : [
		267.442413,230.908203,-223.641800,263.491180,229.436172,-223.610779,259.286102,226.999405,-223.926224,254.918594,224.173935,-224.369781,250.480103,221.535797,-224.723099,267.475037,231.894791,-216.554443,263.491180,230.413345,-216.628311,259.351715,227.917862,-216.987671,255.120667,224.980713,-217.452255,250.862198,222.174286,-217.841827,
		267.459717,233.622437,-209.477295,263.423218,231.761200,-209.635254,259.403046,228.997314,-209.970886,255.400803,225.814682,-210.395630,251.418121,222.697174,-210.820877,267.311096,236.669357,-202.659042,263.195862,234.257919,-202.803650,259.256317,231.113937,-203.050659,255.445175,227.603516,-203.393143,251.715134,224.092773,-203.824173,
		266.943695,241.613693,-196.348297,262.717621,238.681747,-196.305527,258.727692,235.143951,-196.401733,254.939987,231.274963,-196.638046,251.320496,227.349396,-197.015594
	],

	"normals" : [
		-0.212240,0.970873,-0.111170,-0.439074,0.888293,-0.134721,-0.520733,0.842445,-0.138284,-0.525091,0.840729,-0.132111,-0.459207,0.879732,-0.123290,-0.200284,0.964856,-0.170117,-0.445247,0.885690,-0.131561,-0.547322,0.831596,-0.094268,-0.567190,0.821799,-0.054236,-0.513864,0.857797,-0.011284,
		-0.278582,0.911833,-0.301583,-0.486435,0.843668,-0.227168,-0.586953,0.792449,-0.165863,-0.618024,0.778599,-0.108764,-0.588840,0.806741,-0.049372,-0.354021,0.799620,-0.485053,-0.514821,0.756894,-0.402580,-0.605711,0.720810,-0.336967,-0.645226,0.710305,-0.281337,-0.641468,0.732966,-0.226448,
		-0.384492,0.630224,-0.674525,-0.492950,0.621341,-0.609045,-0.561160,0.606179,-0.563601,-0.597051,0.601250,-0.531064,-0.608580,0.616822,-0.499160
	],

	"faces": [
		32 ,0,1,5 ,0,1,5,
		32 ,5,1,6 ,5,1,6,
		32 ,5,6,10 ,5,6,10,
		32 ,10,6,11 ,10,6,11,
		32 ,10,11,15 ,10,11,15,
		32 ,15,11,16 ,15,11,16,
		32 ,15,16,20 ,15,16,20,
		32 ,20,16,21 ,20,16,21,
		32 ,1,2,6 ,1,2,6,
		32 ,6,2,7 ,6,2,7,
		32 ,6,7,11 ,6,7,11,
		32 ,11,7,12 ,11,7,12,
		32 ,11,12,16 ,11,12,16,
		32 ,16,12,17 ,16,12,17,
		32 ,16,17,21 ,16,17,21,
		32 ,21,17,22 ,21,17,22,
		32 ,2,3,7 ,2,3,7,
		32 ,7,3,8 ,7,3,8,
		32 ,7,8,12 ,7,8,12,
		32 ,12,8,13 ,12,8,13,
		32 ,12,13,17 ,12,13,17,
		32 ,17,13,18 ,17,13,18,
		32 ,17,18,22 ,17,18,22,
		32 ,22,18,23 ,22,18,23,
		32 ,3,4,8 ,3,4,8,
		32 ,8,4,9 ,8,4,9,
		32 ,8,9,13 ,8,9,13,
		32 ,13,9,14 ,13,9,14,
		32 ,13,14,18 ,13,14,18,
		32 ,18,14,19 ,18,14,19,
		32 ,18,19,23 ,18,19,23,
		32 ,23,19,24 ,23,19,24
	]

}
