{
	"metadata" : {
		"formatVersion" : 3,
		"description" : "Exported from LibZinc."
	},

	"vertices" : [
		250.480103,221.535797,-224.723099,246.123840,218.977386,-224.932419,241.923508,216.036102,-225.086884,237.851105,212.755600,-225.182510,233.878693,209.179504,-225.215302,250.862198,222.174286,-217.841827,246.665466,219.469650,-218.094955,242.582367,216.462158,-218.285065,238.621216,213.160599,-218.434067,234.790298,209.573746,-218.563904,
		251.418121,222.697174,-210.820877,247.460815,219.701645,-211.173264,243.542694,216.554977,-211.458374,239.677414,213.246109,-211.705963,235.878632,209.764008,-211.945831,251.715134,224.092773,-203.824173,247.994476,220.713135,-204.261322,244.245728,217.336639,-204.636627,240.472794,213.940231,-204.964767,236.679657,210.500916,-205.260468,
		251.320496,227.349396,-197.015594,247.751007,223.543930,-197.453079,244.132645,219.829269,-197.849640,240.460403,216.171097,-198.177063,236.729294,212.535095,-198.407196
	],

	"normals" : [
		-0.459207,0.879732,-0.123290,-0.536313,0.837980,-0.100785,-0.598824,0.796747,-0.081265,-0.648379,0.759296,-0.055446,-0.686184,0.727320,-0.012559,-0.513864,0.857797,-0.011284,-0.568896,0.821448,0.039746,-0.617419,0.783378,0.071501,-0.661477,0.744707,0.088654,-0.702025,0.705589,0.096459,
		-0.588840,0.806741,-0.049372,-0.615241,0.788185,0.015612,-0.639185,0.766968,0.056585,-0.663525,0.744459,0.074264,-0.689417,0.721031,0.069412,-0.641468,0.732966,-0.226448,-0.651015,0.740603,-0.166393,-0.657288,0.743582,-0.122712,-0.662425,0.742894,-0.096443,-0.667723,0.739159,-0.088266,
		-0.608580,0.616822,-0.499160,-0.614157,0.639694,-0.462172,-0.621993,0.658136,-0.424242,-0.633120,0.673202,-0.382044,-0.647370,0.685537,-0.333093
	],

	"faces": [
		32 ,0,1,5 ,0,1,5,
		32 ,5,1,6 ,5,1,6,
		32 ,5,6,10 ,5,6,10,
		32 ,10,6,11 ,10,6,11,
		32 ,10,11,15 ,10,11,15,
		32 ,15,11,16 ,15,11,16,
		32 ,15,16,20 ,15,16,20,
		32 ,20,16,21 ,20,16,21,
		32 ,1,2,6 ,1,2,6,
		32 ,6,2,7 ,6,2,7,
		32 ,6,7,11 ,6,7,11,
		32 ,11,7,12 ,11,7,12,
		32 ,11,12,16 ,11,12,16,
		32 ,16,12,17 ,16,12,17,
		32 ,16,17,21 ,16,17,21,
		32 ,21,17,22 ,21,17,22,
		32 ,2,3,7 ,2,3,7,
		32 ,7,3,8 ,7,3,8,
		32 ,7,8,12 ,7,8,12,
		32 ,12,8,13 ,12,8,13,
		32 ,12,13,17 ,12,13,17,
		32 ,17,13,18 ,17,13,18,
		32 ,17,18,22 ,17,18,22,
		32 ,22,18,23 ,22,18,23,
		32 ,3,4,8 ,3,4,8,
		32 ,8,4,9 ,8,4,9,
		32 ,8,9,13 ,8,9,13,
		32 ,13,9,14 ,13,9,14,
		32 ,13,14,18 ,13,14,18,
		32 ,18,14,19 ,18,14,19,
		32 ,18,19,23 ,18,19,23,
		32 ,23,19,24 ,23,19,24
	]

}
