{
	"metadata" : {
		"formatVersion" : 3,
		"description" : "Exported from LibZinc."
	},

	"vertices" : [
		489.033295,132.321701,-1720.000000,488.026154,140.139038,-1716.865601,485.672546,147.893860,-1713.948608,482.452820,155.113052,-1711.557373,478.847290,161.323502,-1710.000000,487.776245,129.619781,-1710.847290,487.234711,137.610168,-1707.862427,485.219727,145.730194,-1705.097412,482.186798,153.310181,-1702.861694,478.591309,159.680435,-1701.465088,
		486.495514,126.865852,-1701.670288,486.581238,134.850082,-1698.823608,485.184448,142.962708,-1696.463501,482.595184,150.603287,-1694.663086,479.103302,157.171356,-1693.495605,485.324219,124.082779,-1690.408203,486.108551,131.789474,-1687.840454,485.564209,139.659012,-1685.981689,483.649384,147.224243,-1684.678711,480.322235,154.018005,-1683.778320,
		484.395386,121.293404,-1675.000000,485.859497,128.359024,-1673.005005,486.356506,135.886688,-1671.587280,485.320923,143.404907,-1670.625854,482.187195,150.442200,-1670.000000
	],

	"normals" : [
		0.993098,-0.024401,0.114724,0.977288,0.168436,0.128602,0.941786,0.312427,0.124216,0.896951,0.427516,0.112730,0.840334,0.528508,0.120487,0.989061,-0.089956,0.116899,0.985512,0.120717,0.119139,0.954713,0.276724,0.109305,0.907600,0.406001,0.106892,0.832281,0.538865,0.130126,
		0.985177,-0.150530,0.082257,0.995156,0.061285,0.076870,0.970699,0.232979,0.058854,0.921837,0.383260,0.057690,0.837112,0.538548,0.095965,0.978520,-0.202765,0.037215,0.999470,-0.022640,0.023397,0.987850,0.155394,-0.002297,0.940612,0.339454,-0.004428,0.841098,0.538886,0.046431,
		0.966878,-0.255235,0.001493,0.990014,-0.139221,-0.022118,0.998210,0.030866,-0.051233,0.962737,0.265756,-0.050111,0.835631,0.549119,0.013728
	],

	"faces": [
		32 ,0,1,5 ,0,1,5,
		32 ,5,1,6 ,5,1,6,
		32 ,5,6,10 ,5,6,10,
		32 ,10,6,11 ,10,6,11,
		32 ,10,11,15 ,10,11,15,
		32 ,15,11,16 ,15,11,16,
		32 ,15,16,20 ,15,16,20,
		32 ,20,16,21 ,20,16,21,
		32 ,1,2,6 ,1,2,6,
		32 ,6,2,7 ,6,2,7,
		32 ,6,7,11 ,6,7,11,
		32 ,11,7,12 ,11,7,12,
		32 ,11,12,16 ,11,12,16,
		32 ,16,12,17 ,16,12,17,
		32 ,16,17,21 ,16,17,21,
		32 ,21,17,22 ,21,17,22,
		32 ,2,3,7 ,2,3,7,
		32 ,7,3,8 ,7,3,8,
		32 ,7,8,12 ,7,8,12,
		32 ,12,8,13 ,12,8,13,
		32 ,12,13,17 ,12,13,17,
		32 ,17,13,18 ,17,13,18,
		32 ,17,18,22 ,17,18,22,
		32 ,22,18,23 ,22,18,23,
		32 ,3,4,8 ,3,4,8,
		32 ,8,4,9 ,8,4,9,
		32 ,8,9,13 ,8,9,13,
		32 ,13,9,14 ,13,9,14,
		32 ,13,14,18 ,13,14,18,
		32 ,18,14,19 ,18,14,19,
		32 ,18,19,23 ,18,19,23,
		32 ,23,19,24 ,23,19,24
	]

}
