{
	"metadata" : {
		"formatVersion" : 3,
		"description" : "Exported from LibZinc."
	},

	"vertices" : [
		285.388489,245.493500,-196.528305,280.651611,245.334351,-196.492691,275.969147,244.796829,-196.468948,271.385162,243.637695,-196.429871,266.943695,241.613693,-196.348297,285.377502,255.732513,-195.530914,280.096375,255.254562,-195.304871,274.969482,253.941452,-194.779312,270.054962,251.872757,-194.080444,265.410767,249.128098,-193.334457,
		285.348938,267.450958,-197.226913,279.140778,266.720642,-196.976196,273.144653,264.777679,-196.271835,267.545715,261.932770,-195.179031,262.529144,258.496552,-193.763016,285.304474,278.901489,-198.056793,278.103210,278.023926,-197.834183,271.145569,275.682861,-197.096527,264.780945,272.279327,-195.804001,259.358795,268.214355,-193.916855,
		285.245697,288.336792,-194.460999,277.302002,287.455688,-194.206360,269.623199,285.034241,-193.403412,262.684174,281.374054,-192.033722,256.959808,276.776794,-190.078796
	],

	"normals" : [
		-0.013859,0.368102,-0.929682,-0.031473,0.407772,-0.912541,-0.092302,0.501626,-0.860146,-0.214436,0.597113,-0.772964,-0.384492,0.630224,-0.674525,-0.005857,-0.083353,-0.996503,-0.061438,-0.081893,-0.994746,-0.102019,-0.067652,-0.992479,-0.136936,-0.033163,-0.990025,-0.178003,0.027353,-0.983650,
		0.000164,-0.154427,-0.988004,-0.041767,-0.162307,-0.985856,-0.080484,-0.173208,-0.981591,-0.126613,-0.175236,-0.976351,-0.201418,-0.155787,-0.967037,0.002874,0.073384,-0.997300,-0.081185,0.064748,-0.994594,-0.167474,0.044957,-0.984851,-0.268443,0.019174,-0.963105,-0.406939,-0.009410,-0.913407,
		0.000386,0.665511,-0.746388,-0.188790,0.647283,-0.738500,-0.355770,0.598909,-0.717451,-0.516901,0.524275,-0.676719,-0.686106,0.413534,-0.598539
	],

	"faces": [
		32 ,0,1,5 ,0,1,5,
		32 ,5,1,6 ,5,1,6,
		32 ,5,6,10 ,5,6,10,
		32 ,10,6,11 ,10,6,11,
		32 ,10,11,15 ,10,11,15,
		32 ,15,11,16 ,15,11,16,
		32 ,15,16,20 ,15,16,20,
		32 ,20,16,21 ,20,16,21,
		32 ,1,2,6 ,1,2,6,
		32 ,6,2,7 ,6,2,7,
		32 ,6,7,11 ,6,7,11,
		32 ,11,7,12 ,11,7,12,
		32 ,11,12,16 ,11,12,16,
		32 ,16,12,17 ,16,12,17,
		32 ,16,17,21 ,16,17,21,
		32 ,21,17,22 ,21,17,22,
		32 ,2,3,7 ,2,3,7,
		32 ,7,3,8 ,7,3,8,
		32 ,7,8,12 ,7,8,12,
		32 ,12,8,13 ,12,8,13,
		32 ,12,13,17 ,12,13,17,
		32 ,17,13,18 ,17,13,18,
		32 ,17,18,22 ,17,18,22,
		32 ,22,18,23 ,22,18,23,
		32 ,3,4,8 ,3,4,8,
		32 ,8,4,9 ,8,4,9,
		32 ,8,9,13 ,8,9,13,
		32 ,13,9,14 ,13,9,14,
		32 ,13,14,18 ,13,14,18,
		32 ,18,14,19 ,18,14,19,
		32 ,18,19,23 ,18,19,23,
		32 ,23,19,24 ,23,19,24
	]

}
