{
	"metadata" : {
		"formatVersion" : 3,
		"description" : "Exported from LibZinc."
	},

	"vertices" : [
		478.847290,161.323502,-1710.000000,475.247253,166.124634,-1709.396606,471.529663,169.592056,-1709.428589,467.403564,171.966843,-1709.746216,462.578003,173.490097,-1710.000000,478.591309,159.680435,-1701.465088,474.809570,164.494690,-1700.981079,470.791504,167.973083,-1701.081177,466.353027,170.295624,-1701.472412,461.309998,171.642380,-1701.861938,
		479.103302,157.171356,-1693.495605,474.961609,162.299057,-1692.987427,470.269073,166.073685,-1692.995239,465.084869,168.577469,-1693.337646,459.468140,169.892700,-1693.833130,480.322235,154.018005,-1683.778320,475.621277,159.636185,-1683.229126,469.894501,163.897934,-1683.073120,463.564545,166.671066,-1683.297119,457.053955,167.823349,-1683.887817,
		482.187195,150.442200,-1670.000000,476.706421,156.604523,-1669.519531,469.599884,161.449951,-1669.216919,461.757446,164.435089,-1669.305908,454.068909,165.016602,-1670.000000
	],

	"normals" : [
		0.840334,0.528508,0.120487,0.745512,0.648992,0.151726,0.579654,0.794117,0.182700,0.373412,0.903777,0.209166,0.207048,0.948282,0.240608,0.832281,0.538865,0.130126,0.720206,0.670820,0.176928,0.539368,0.811724,0.224021,0.327367,0.913348,0.242127,0.149709,0.958163,0.243948,
		0.837112,0.538548,0.095965,0.702375,0.692567,0.164380,0.514232,0.828651,0.221139,0.303695,0.922840,0.236929,0.104154,0.967271,0.231385,0.841098,0.538886,0.046431,0.683404,0.718771,0.127778,0.492537,0.850563,0.184254,0.274497,0.939743,0.203799,0.020684,0.978547,0.204981,
		0.835631,0.549119,0.013728,0.656327,0.748552,0.094365,0.462418,0.874807,0.144507,0.220042,0.961047,0.167240,-0.131776,0.976641,0.169729
	],

	"faces": [
		32 ,0,1,5 ,0,1,5,
		32 ,5,1,6 ,5,1,6,
		32 ,5,6,10 ,5,6,10,
		32 ,10,6,11 ,10,6,11,
		32 ,10,11,15 ,10,11,15,
		32 ,15,11,16 ,15,11,16,
		32 ,15,16,20 ,15,16,20,
		32 ,20,16,21 ,20,16,21,
		32 ,1,2,6 ,1,2,6,
		32 ,6,2,7 ,6,2,7,
		32 ,6,7,11 ,6,7,11,
		32 ,11,7,12 ,11,7,12,
		32 ,11,12,16 ,11,12,16,
		32 ,16,12,17 ,16,12,17,
		32 ,16,17,21 ,16,17,21,
		32 ,21,17,22 ,21,17,22,
		32 ,2,3,7 ,2,3,7,
		32 ,7,3,8 ,7,3,8,
		32 ,7,8,12 ,7,8,12,
		32 ,12,8,13 ,12,8,13,
		32 ,12,13,17 ,12,13,17,
		32 ,17,13,18 ,17,13,18,
		32 ,17,18,22 ,17,18,22,
		32 ,22,18,23 ,22,18,23,
		32 ,3,4,8 ,3,4,8,
		32 ,8,4,9 ,8,4,9,
		32 ,8,9,13 ,8,9,13,
		32 ,13,9,14 ,13,9,14,
		32 ,13,14,18 ,13,14,18,
		32 ,18,14,19 ,18,14,19,
		32 ,18,19,23 ,18,19,23,
		32 ,23,19,24 ,23,19,24
	]

}
