{
	"metadata" : {
		"formatVersion" : 3,
		"description" : "Exported from LibZinc."
	},

	"vertices" : [
		222.165298,197.634201,-198.843399,220.867004,193.052353,-198.266617,220.636475,188.466370,-197.473938,220.897507,183.649780,-196.612885,221.073898,178.376099,-195.830994,221.087097,199.951111,-191.737167,220.264145,195.096054,-190.861435,220.538620,190.221512,-189.757401,221.181854,185.091370,-188.619476,221.465134,179.469482,-187.642090,
		219.046280,202.713333,-184.693878,218.529099,197.338333,-183.485214,218.971664,191.962646,-182.168716,219.755432,186.365234,-180.898956,220.261780,180.325089,-179.830505,216.659714,205.551056,-177.496887,216.157593,199.554810,-175.945557,216.414749,193.604904,-174.478577,217.089233,187.488419,-173.154053,217.839050,180.992447,-172.030121,
		214.544296,208.094498,-169.929596,213.645340,201.521072,-168.050064,213.347000,195.063446,-166.457687,213.654282,188.477966,-165.087555,214.572205,181.520996,-163.874802
	],

	"normals" : [
		-0.911123,0.382300,-0.153954,-0.989607,0.142585,-0.018634,-0.994775,-0.005121,0.101965,-0.986206,-0.034642,0.161856,-0.988477,0.028744,0.148614,-0.915302,0.256142,-0.310827,-0.986032,-0.004054,-0.166506,-0.986950,-0.135587,-0.086863,-0.990740,-0.121093,-0.061411,-0.998043,0.014929,-0.060725,
		-0.925109,0.132238,-0.355932,-0.964173,-0.073403,-0.254918,-0.956465,-0.181097,-0.228862,-0.955907,-0.172764,-0.237474,-0.971548,-0.057973,-0.229640,-0.942182,0.069305,-0.327857,-0.953248,-0.064979,-0.295120,-0.936187,-0.155479,-0.315247,-0.921838,-0.180552,-0.342951,-0.932537,-0.142279,-0.331861,
		-0.964221,0.096860,-0.246770,-0.957802,0.012166,-0.287170,-0.935184,-0.078863,-0.345270,-0.910490,-0.155653,-0.383119,-0.904661,-0.212488,-0.369373
	],

	"faces": [
		32 ,0,1,5 ,0,1,5,
		32 ,5,1,6 ,5,1,6,
		32 ,5,6,10 ,5,6,10,
		32 ,10,6,11 ,10,6,11,
		32 ,10,11,15 ,10,11,15,
		32 ,15,11,16 ,15,11,16,
		32 ,15,16,20 ,15,16,20,
		32 ,20,16,21 ,20,16,21,
		32 ,1,2,6 ,1,2,6,
		32 ,6,2,7 ,6,2,7,
		32 ,6,7,11 ,6,7,11,
		32 ,11,7,12 ,11,7,12,
		32 ,11,12,16 ,11,12,16,
		32 ,16,12,17 ,16,12,17,
		32 ,16,17,21 ,16,17,21,
		32 ,21,17,22 ,21,17,22,
		32 ,2,3,7 ,2,3,7,
		32 ,7,3,8 ,7,3,8,
		32 ,7,8,12 ,7,8,12,
		32 ,12,8,13 ,12,8,13,
		32 ,12,13,17 ,12,13,17,
		32 ,17,13,18 ,17,13,18,
		32 ,17,18,22 ,17,18,22,
		32 ,22,18,23 ,22,18,23,
		32 ,3,4,8 ,3,4,8,
		32 ,8,4,9 ,8,4,9,
		32 ,8,9,13 ,8,9,13,
		32 ,13,9,14 ,13,9,14,
		32 ,13,14,18 ,13,14,18,
		32 ,18,14,19 ,18,14,19,
		32 ,18,19,23 ,18,19,23,
		32 ,23,19,24 ,23,19,24
	]

}
