{
	"metadata" : {
		"formatVersion" : 3,
		"description" : "Exported from LibZinc."
	},

	"vertices" : [
		349.402405,178.456696,-196.044800,349.605438,183.714218,-196.807800,349.893219,188.510559,-197.618408,349.682312,193.076248,-198.346878,348.389191,197.641800,-198.863495,349.034058,179.483139,-187.897141,349.316345,185.120514,-188.853943,349.957733,190.247726,-189.931580,350.232697,195.110321,-190.959427,349.415619,199.953873,-191.766876,
		350.228394,180.307831,-180.035522,350.729004,186.375931,-181.089890,351.506470,191.977020,-182.316391,351.947266,197.344910,-183.575745,351.437958,202.713409,-184.728653,352.634033,180.974655,-172.153885,353.381683,187.491669,-173.274658,354.057007,193.610519,-174.579742,354.318787,199.554886,-176.016708,353.825806,205.548462,-177.533096,
		355.899597,181.527496,-163.946198,356.812622,188.478958,-165.167282,357.126984,195.060318,-166.528519,356.839935,201.515167,-168.103180,355.948700,208.087097,-169.964493
	],

	"normals" : [
		0.988990,0.024268,0.145976,0.985543,-0.041059,0.164374,0.993953,-0.010421,0.109309,0.989840,0.141919,-0.008727,0.910723,0.386450,-0.145742,0.998038,0.014694,-0.060869,0.990929,-0.119970,-0.060561,0.987418,-0.133816,-0.084260,0.986645,-0.001241,-0.162878,0.915572,0.258823,-0.307795,
		0.972532,-0.056664,-0.225769,0.957174,-0.169544,-0.234675,0.957427,-0.177929,-0.227322,0.964539,-0.070951,-0.254225,0.925107,0.133165,-0.355590,0.934233,-0.140971,-0.327620,0.923297,-0.179050,-0.339800,0.936823,-0.154368,-0.313899,0.953229,-0.064506,-0.295284,0.941950,0.069175,-0.328550,
		0.904781,-0.212007,-0.369356,0.910418,-0.155991,-0.383153,0.935076,-0.079659,-0.345380,0.957684,0.011307,-0.287599,0.964091,0.096780,-0.247310
	],

	"faces": [
		32 ,0,1,5 ,0,1,5,
		32 ,5,1,6 ,5,1,6,
		32 ,5,6,10 ,5,6,10,
		32 ,10,6,11 ,10,6,11,
		32 ,10,11,15 ,10,11,15,
		32 ,15,11,16 ,15,11,16,
		32 ,15,16,20 ,15,16,20,
		32 ,20,16,21 ,20,16,21,
		32 ,1,2,6 ,1,2,6,
		32 ,6,2,7 ,6,2,7,
		32 ,6,7,11 ,6,7,11,
		32 ,11,7,12 ,11,7,12,
		32 ,11,12,16 ,11,12,16,
		32 ,16,12,17 ,16,12,17,
		32 ,16,17,21 ,16,17,21,
		32 ,21,17,22 ,21,17,22,
		32 ,2,3,7 ,2,3,7,
		32 ,7,3,8 ,7,3,8,
		32 ,7,8,12 ,7,8,12,
		32 ,12,8,13 ,12,8,13,
		32 ,12,13,17 ,12,13,17,
		32 ,17,13,18 ,17,13,18,
		32 ,17,18,22 ,17,18,22,
		32 ,22,18,23 ,22,18,23,
		32 ,3,4,8 ,3,4,8,
		32 ,8,4,9 ,8,4,9,
		32 ,8,9,13 ,8,9,13,
		32 ,13,9,14 ,13,9,14,
		32 ,13,14,18 ,13,14,18,
		32 ,18,14,19 ,18,14,19,
		32 ,18,19,23 ,18,19,23,
		32 ,23,19,24 ,23,19,24
	]

}
