{
	"metadata" : {
		"formatVersion" : 3,
		"description" : "Exported from LibZinc."
	},

	"vertices" : [
		285.245697,288.336792,-194.460999,277.302002,287.455688,-194.206360,269.623199,285.034241,-193.403412,262.684174,281.374054,-192.033722,256.959808,276.776794,-190.078796,285.201935,293.420380,-185.716980,277.100616,292.543671,-185.423462,269.261414,290.094604,-184.579453,262.131592,286.306213,-183.202606,256.158386,281.411560,-181.310532,
		285.194702,294.450287,-174.938370,277.343811,293.507172,-174.615891,269.750488,290.929321,-173.708557,262.685181,287.050171,-172.217575,256.418396,282.203156,-170.144211,285.214081,293.630951,-164.319916,277.572083,292.674927,-163.810577,270.251038,290.119537,-162.486206,263.297058,286.395142,-160.515823,256.756195,281.932068,-158.068390,
		285.250000,293.166901,-156.056396,277.325867,292.375641,-155.034454,269.923737,290.246429,-152.607956,262.919281,287.130371,-149.534500,256.188110,283.378693,-146.571701
	],

	"normals" : [
		0.000386,0.665511,-0.746388,-0.188790,0.647283,-0.738500,-0.355770,0.598909,-0.717451,-0.516901,0.524275,-0.676719,-0.686106,0.413534,-0.598539,-0.001926,0.966499,-0.256665,-0.217263,0.945143,-0.243928,-0.403149,0.889986,-0.213065,-0.572846,0.800265,-0.177267,-0.736734,0.658700,-0.152767,
		-0.001757,0.999718,0.023686,-0.224945,0.973761,0.034484,-0.398553,0.915429,0.056082,-0.536515,0.841336,0.065618,-0.661148,0.749262,0.038607,-0.001053,0.994747,0.102361,-0.224957,0.969935,0.092848,-0.394472,0.915964,0.073494,-0.513669,0.856841,0.044365,-0.597471,0.801869,-0.005864,
		-0.001204,0.997519,-0.070383,-0.221680,0.967528,-0.121435,-0.411527,0.889526,-0.198468,-0.529097,0.810192,-0.252280,-0.574105,0.761062,-0.301975
	],

	"faces": [
		32 ,0,1,5 ,0,1,5,
		32 ,5,1,6 ,5,1,6,
		32 ,5,6,10 ,5,6,10,
		32 ,10,6,11 ,10,6,11,
		32 ,10,11,15 ,10,11,15,
		32 ,15,11,16 ,15,11,16,
		32 ,15,16,20 ,15,16,20,
		32 ,20,16,21 ,20,16,21,
		32 ,1,2,6 ,1,2,6,
		32 ,6,2,7 ,6,2,7,
		32 ,6,7,11 ,6,7,11,
		32 ,11,7,12 ,11,7,12,
		32 ,11,12,16 ,11,12,16,
		32 ,16,12,17 ,16,12,17,
		32 ,16,17,21 ,16,17,21,
		32 ,21,17,22 ,21,17,22,
		32 ,2,3,7 ,2,3,7,
		32 ,7,3,8 ,7,3,8,
		32 ,7,8,12 ,7,8,12,
		32 ,12,8,13 ,12,8,13,
		32 ,12,13,17 ,12,13,17,
		32 ,17,13,18 ,17,13,18,
		32 ,17,18,22 ,17,18,22,
		32 ,22,18,23 ,22,18,23,
		32 ,3,4,8 ,3,4,8,
		32 ,8,4,9 ,8,4,9,
		32 ,8,9,13 ,8,9,13,
		32 ,13,9,14 ,13,9,14,
		32 ,13,14,18 ,13,14,18,
		32 ,18,14,19 ,18,14,19,
		32 ,18,19,23 ,18,19,23,
		32 ,23,19,24 ,23,19,24
	]

}
