{
	"metadata" : {
		"formatVersion" : 3,
		"description" : "Exported from LibZinc."
	},

	"vertices" : [
		331.050415,115.402901,-159.960098,338.290741,123.614754,-160.149994,343.572571,132.402817,-160.366119,347.257660,141.438202,-160.631210,349.707703,150.391998,-160.968002,333.631409,112.616211,-152.184113,340.951294,121.301941,-152.323196,346.008392,130.544693,-152.394852,349.398376,140.019501,-152.457748,351.716919,149.401443,-152.570541,
		336.450256,109.860199,-144.080780,343.848450,119.039429,-144.184326,348.702179,128.674072,-144.165619,351.776154,138.539459,-144.078171,353.835083,148.410889,-143.975540,339.142456,107.419640,-135.739349,346.551910,117.070755,-135.842346,351.235657,126.991676,-135.810593,354.054382,137.103577,-135.655716,355.868652,147.327652,-135.389313,
		341.343597,105.579300,-127.249100,348.631409,115.639458,-127.406174,353.190582,125.698166,-127.461975,355.896362,135.817398,-127.353615,357.624115,146.059097,-127.018204
	],

	"normals" : [
		0.613332,-0.664686,-0.426633,0.739893,-0.545470,-0.393728,0.842653,-0.424431,-0.331353,0.911126,-0.311638,-0.269686,0.944417,-0.220073,-0.244224,0.615072,-0.651378,-0.444290,0.751371,-0.511740,-0.416610,0.852218,-0.375621,-0.364188,0.914656,-0.268227,-0.302422,0.944308,-0.207133,-0.255690,
		0.634133,-0.646340,-0.424405,0.773827,-0.492900,-0.397795,0.871151,-0.339216,-0.355005,0.926552,-0.224969,-0.301482,0.951825,-0.173059,-0.253141,0.669556,-0.645898,-0.366757,0.805989,-0.486699,-0.336905,0.896791,-0.319685,-0.305888,0.942797,-0.195593,-0.269959,0.961018,-0.142504,-0.236934,
		0.719203,-0.642925,-0.263429,0.843641,-0.487654,-0.224639,0.924155,-0.319373,-0.209613,0.959964,-0.191216,-0.204710,0.969218,-0.134291,-0.206356
	],

	"faces": [
		32 ,0,1,5 ,0,1,5,
		32 ,5,1,6 ,5,1,6,
		32 ,5,6,10 ,5,6,10,
		32 ,10,6,11 ,10,6,11,
		32 ,10,11,15 ,10,11,15,
		32 ,15,11,16 ,15,11,16,
		32 ,15,16,20 ,15,16,20,
		32 ,20,16,21 ,20,16,21,
		32 ,1,2,6 ,1,2,6,
		32 ,6,2,7 ,6,2,7,
		32 ,6,7,11 ,6,7,11,
		32 ,11,7,12 ,11,7,12,
		32 ,11,12,16 ,11,12,16,
		32 ,16,12,17 ,16,12,17,
		32 ,16,17,21 ,16,17,21,
		32 ,21,17,22 ,21,17,22,
		32 ,2,3,7 ,2,3,7,
		32 ,7,3,8 ,7,3,8,
		32 ,7,8,12 ,7,8,12,
		32 ,12,8,13 ,12,8,13,
		32 ,12,13,17 ,12,13,17,
		32 ,17,13,18 ,17,13,18,
		32 ,17,18,22 ,17,18,22,
		32 ,22,18,23 ,22,18,23,
		32 ,3,4,8 ,3,4,8,
		32 ,8,4,9 ,8,4,9,
		32 ,8,9,13 ,8,9,13,
		32 ,13,9,14 ,13,9,14,
		32 ,13,14,18 ,13,14,18,
		32 ,18,14,19 ,18,14,19,
		32 ,18,19,23 ,18,19,23,
		32 ,23,19,24 ,23,19,24
	]

}
