{
	"metadata" : {
		"formatVersion" : 3,
		"description" : "Exported from LibZinc."
	},

	"vertices" : [
		314.687103,283.143494,-146.492401,307.897705,286.932709,-149.689835,300.764252,290.132996,-152.810608,293.232910,292.344360,-155.163284,285.250000,293.166901,-156.056396,314.702209,283.181946,-146.357971,308.546082,286.640930,-148.556305,301.429291,289.924225,-150.106705,293.594727,292.377197,-151.006027,285.285309,293.345215,-151.251129,
		314.700531,283.177673,-146.372910,309.732391,285.799652,-147.627716,302.316742,289.007202,-148.443970,293.743652,291.726135,-148.868835,285.303284,292.882385,-148.949509,314.692139,283.156311,-146.447586,310.900787,284.823151,-147.000229,303.167572,287.691376,-147.607513,293.847290,290.409760,-148.087769,285.294617,291.627075,-148.259354,
		314.687103,283.143494,-146.492401,311.495422,284.125641,-146.770050,303.722870,286.286255,-147.382462,294.073151,288.446564,-147.998871,285.250000,289.427887,-148.288498
	],

	"normals" : [
		-0.187663,0.375327,0.907696,0.510715,0.843351,-0.167123,0.393330,0.910933,-0.124471,0.218767,0.971621,-0.089966,-0.001204,0.997519,-0.070383,-0.187663,0.375327,0.907696,0.429979,0.893754,0.127760,0.346052,0.928643,0.133679,0.212419,0.973546,0.084185,0.001201,0.999409,0.034344,
		-0.187663,0.375327,0.907696,0.310399,0.808751,0.499573,0.258877,0.785847,0.561629,0.178124,0.800235,0.572622,0.006819,0.850299,0.526256,-0.187663,0.375327,0.907696,0.144459,0.556910,0.817914,0.061541,0.358961,0.931322,0.008230,0.194329,0.980902,0.006069,0.106125,0.994334,
		-0.187663,0.375327,0.907696,-0.092306,-0.028171,0.995332,-0.079415,-0.025616,0.996512,-0.056777,-0.024231,0.998093,-0.002123,-0.033521,0.999436
	],

	"faces": [
		32 ,0,1,5 ,0,1,5,
		32 ,5,1,6 ,5,1,6,
		32 ,5,6,10 ,5,6,10,
		32 ,10,6,11 ,10,6,11,
		32 ,10,11,15 ,10,11,15,
		32 ,15,11,16 ,15,11,16,
		32 ,15,16,20 ,15,16,20,
		32 ,20,16,21 ,20,16,21,
		32 ,1,2,6 ,1,2,6,
		32 ,6,2,7 ,6,2,7,
		32 ,6,7,11 ,6,7,11,
		32 ,11,7,12 ,11,7,12,
		32 ,11,12,16 ,11,12,16,
		32 ,16,12,17 ,16,12,17,
		32 ,16,17,21 ,16,17,21,
		32 ,21,17,22 ,21,17,22,
		32 ,2,3,7 ,2,3,7,
		32 ,7,3,8 ,7,3,8,
		32 ,7,8,12 ,7,8,12,
		32 ,12,8,13 ,12,8,13,
		32 ,12,13,17 ,12,13,17,
		32 ,17,13,18 ,17,13,18,
		32 ,17,18,22 ,17,18,22,
		32 ,22,18,23 ,22,18,23,
		32 ,3,4,8 ,3,4,8,
		32 ,8,4,9 ,8,4,9,
		32 ,8,9,13 ,8,9,13,
		32 ,13,9,14 ,13,9,14,
		32 ,13,14,18 ,13,14,18,
		32 ,18,14,19 ,18,14,19,
		32 ,18,19,23 ,18,19,23,
		32 ,23,19,24 ,23,19,24
	]

}
