{
	"metadata" : {
		"formatVersion" : 3,
		"description" : "Exported from LibZinc."
	},

	"vertices" : [
		285.250000,293.166901,-156.056396,277.325867,292.375641,-155.034454,269.923737,290.246429,-152.607956,262.919281,287.130371,-149.534500,256.188110,283.378693,-146.571701,285.285309,293.345215,-151.251129,277.024353,292.421814,-150.871964,269.295746,290.048340,-149.921936,262.283386,286.841736,-148.433243,256.171265,283.419037,-146.438034,
		285.303284,292.882385,-148.949509,276.905609,291.781433,-148.765320,268.425934,289.140656,-148.326019,261.102386,286.003815,-147.574310,256.173126,283.414551,-146.452896,285.294617,291.627075,-148.259354,276.786896,290.464752,-148.041962,267.565277,287.824951,-147.578613,259.930298,285.027466,-147.022583,256.182495,283.392151,-146.527145,
		285.250000,289.427887,-148.288498,276.485474,288.482086,-148.029236,266.964722,286.402740,-147.438095,259.321167,284.323669,-146.842941,256.188110,283.378693,-146.571701
	],

	"normals" : [
		-0.001204,0.997519,-0.070383,-0.214739,0.972647,-0.088569,-0.389224,0.913201,-0.120704,-0.506416,0.846915,-0.162104,-0.352804,-0.035727,-0.935015,0.001201,0.999409,0.034344,-0.205729,0.974983,0.084167,-0.340510,0.929936,0.138824,-0.426401,0.893762,0.139184,-0.352804,-0.035727,-0.935015,
		0.006819,0.850299,0.526256,-0.167164,0.793260,0.585487,-0.247497,0.768163,0.590484,-0.296991,0.785163,0.543429,-0.352804,-0.035727,-0.935015,0.006069,0.106125,0.994334,0.004075,0.152725,0.988260,-0.039819,0.293374,0.955168,-0.115579,0.484399,0.867179,-0.352804,-0.035727,-0.935015,
		-0.002123,-0.033521,0.999436,0.061075,-0.062997,0.996143,0.092744,-0.085546,0.992008,0.112446,-0.101732,0.988436,-0.352804,-0.035727,-0.935015
	],

	"faces": [
		32 ,0,1,5 ,0,1,5,
		32 ,5,1,6 ,5,1,6,
		32 ,5,6,10 ,5,6,10,
		32 ,10,6,11 ,10,6,11,
		32 ,10,11,15 ,10,11,15,
		32 ,15,11,16 ,15,11,16,
		32 ,15,16,20 ,15,16,20,
		32 ,20,16,21 ,20,16,21,
		32 ,1,2,6 ,1,2,6,
		32 ,6,2,7 ,6,2,7,
		32 ,6,7,11 ,6,7,11,
		32 ,11,7,12 ,11,7,12,
		32 ,11,12,16 ,11,12,16,
		32 ,16,12,17 ,16,12,17,
		32 ,16,17,21 ,16,17,21,
		32 ,21,17,22 ,21,17,22,
		32 ,2,3,7 ,2,3,7,
		32 ,7,3,8 ,7,3,8,
		32 ,7,8,12 ,7,8,12,
		32 ,12,8,13 ,12,8,13,
		32 ,12,13,17 ,12,13,17,
		32 ,17,13,18 ,17,13,18,
		32 ,17,18,22 ,17,18,22,
		32 ,22,18,23 ,22,18,23,
		32 ,3,4,8 ,3,4,8,
		32 ,8,4,9 ,8,4,9,
		32 ,8,9,13 ,8,9,13,
		32 ,13,9,14 ,13,9,14,
		32 ,13,14,18 ,13,14,18,
		32 ,18,14,19 ,18,14,19,
		32 ,18,19,23 ,18,19,23,
		32 ,23,19,24 ,23,19,24
	]

}
