{
	"metadata" : {
		"formatVersion" : 3,
		"description" : "Exported from LibZinc."
	},

	"vertices" : [
		290.601196,293.066315,-146.343094,288.928955,293.057495,-146.343094,285.250000,293.038086,-146.343094,281.571045,293.018707,-146.343094,279.898804,293.009888,-146.343094,290.690826,293.615326,-145.571869,288.696930,293.694977,-145.513718,285.239288,293.704224,-145.488770,281.786804,293.653595,-145.505417,279.808319,293.553680,-145.571991,
		290.894653,294.809479,-143.490936,288.188477,295.082092,-143.312653,285.219452,295.151978,-143.235001,282.265137,295.033447,-143.285400,279.603058,294.740906,-143.491257,291.115234,295.969330,-140.449371,287.684998,296.430725,-140.170593,285.208862,296.555420,-140.045654,282.752686,296.371094,-140.122665,279.382202,295.905396,-140.449738,
		291.255096,296.415497,-136.796295,287.467804,296.952820,-136.518188,285.225922,297.088623,-136.384552,282.996094,296.879272,-136.456787,279.244904,296.381012,-136.796295
	],

	"normals" : [
		0.000000,0.000000,0.000000,-0.000000,0.000000,0.000000,-0.000000,0.000000,0.000000,-0.000000,0.000000,0.000000,-0.000000,0.000000,0.000000,0.074858,0.827118,-0.557021,0.003219,0.811687,-0.584083,-0.005781,0.806771,-0.590836,-0.013408,0.816588,-0.577065,-0.064235,0.830365,-0.553505,
		0.096254,0.889561,-0.446561,0.029685,0.879631,-0.474730,-0.010701,0.872973,-0.487651,-0.044078,0.882917,-0.467456,-0.084068,0.891410,-0.445333,0.123566,0.956448,-0.264460,0.077148,0.955491,-0.284753,-0.018376,0.953428,-0.301061,-0.094712,0.955942,-0.277858,-0.107814,0.957385,-0.267936,
		0.149605,0.988206,0.032666,0.120751,0.991880,0.039914,-0.022291,0.998622,0.047502,-0.134715,0.989832,0.045660,-0.125319,0.991885,0.021428
	],

	"faces": [
		32 ,0,1,5 ,0,1,5,
		32 ,5,1,6 ,5,1,6,
		32 ,5,6,10 ,5,6,10,
		32 ,10,6,11 ,10,6,11,
		32 ,10,11,15 ,10,11,15,
		32 ,15,11,16 ,15,11,16,
		32 ,15,16,20 ,15,16,20,
		32 ,20,16,21 ,20,16,21,
		32 ,1,2,6 ,1,2,6,
		32 ,6,2,7 ,6,2,7,
		32 ,6,7,11 ,6,7,11,
		32 ,11,7,12 ,11,7,12,
		32 ,11,12,16 ,11,12,16,
		32 ,16,12,17 ,16,12,17,
		32 ,16,17,21 ,16,17,21,
		32 ,21,17,22 ,21,17,22,
		32 ,2,3,7 ,2,3,7,
		32 ,7,3,8 ,7,3,8,
		32 ,7,8,12 ,7,8,12,
		32 ,12,8,13 ,12,8,13,
		32 ,12,13,17 ,12,13,17,
		32 ,17,13,18 ,17,13,18,
		32 ,17,18,22 ,17,18,22,
		32 ,22,18,23 ,22,18,23,
		32 ,3,4,8 ,3,4,8,
		32 ,8,4,9 ,8,4,9,
		32 ,8,9,13 ,8,9,13,
		32 ,13,9,14 ,13,9,14,
		32 ,13,14,18 ,13,14,18,
		32 ,18,14,19 ,18,14,19,
		32 ,18,19,23 ,18,19,23,
		32 ,23,19,24 ,23,19,24
	]

}
