{
	"metadata" : {
		"formatVersion" : 3,
		"description" : "Exported from LibZinc."
	},

	"vertices" : [
		279.898804,293.009888,-146.343094,277.089050,292.169556,-146.217117,270.430206,289.966370,-146.026199,262.578003,286.877136,-146.050888,256.188110,283.378693,-146.571701,279.808319,293.553680,-145.571991,276.615662,292.584137,-145.598892,270.077057,290.243652,-145.625244,262.496216,287.021118,-145.852631,256.176880,283.405579,-146.482590,
		279.603058,294.740906,-143.491257,275.560242,293.481781,-143.960876,269.294342,290.811157,-144.707550,262.329071,287.264862,-145.616180,256.188110,283.378693,-146.571701,279.382202,295.905396,-140.449738,274.467041,294.377899,-141.499008,268.482269,291.383026,-143.297226,262.151733,287.510956,-145.224472,256.199310,283.351807,-146.660812,
		279.244904,296.381012,-136.796295,273.880371,294.788025,-138.409241,268.041016,291.673462,-141.418457,262.039429,287.662109,-144.560440,256.188110,283.378693,-146.571701
	],

	"normals" : [
		0.000000,0.000000,0.000000,-0.294951,0.920967,-0.254606,-0.326087,0.908522,-0.261257,-0.384898,0.881377,-0.273913,-0.049184,-0.173112,0.983673,-0.064235,0.830365,-0.553505,-0.241884,0.728659,-0.640740,-0.246463,0.663797,-0.706138,-0.235165,0.580669,-0.779436,-0.049184,-0.173112,0.983673,
		-0.084068,0.891410,-0.445333,-0.249193,0.815572,-0.522250,-0.275418,0.750690,-0.600508,-0.255405,0.638360,-0.726130,-0.049184,-0.173112,0.983673,-0.107814,0.957385,-0.267936,-0.289769,0.898144,-0.330713,-0.353383,0.848030,-0.394924,-0.392949,0.797089,-0.458519,-0.049184,-0.173112,0.983673,
		-0.125319,0.991885,0.021428,-0.391321,0.920050,-0.019368,-0.501799,0.863448,-0.051520,-0.542926,0.833048,-0.106127,-0.049184,-0.173112,0.983673
	],

	"faces": [
		32 ,0,1,5 ,0,1,5,
		32 ,5,1,6 ,5,1,6,
		32 ,5,6,10 ,5,6,10,
		32 ,10,6,11 ,10,6,11,
		32 ,10,11,15 ,10,11,15,
		32 ,15,11,16 ,15,11,16,
		32 ,15,16,20 ,15,16,20,
		32 ,20,16,21 ,20,16,21,
		32 ,1,2,6 ,1,2,6,
		32 ,6,2,7 ,6,2,7,
		32 ,6,7,11 ,6,7,11,
		32 ,11,7,12 ,11,7,12,
		32 ,11,12,16 ,11,12,16,
		32 ,16,12,17 ,16,12,17,
		32 ,16,17,21 ,16,17,21,
		32 ,21,17,22 ,21,17,22,
		32 ,2,3,7 ,2,3,7,
		32 ,7,3,8 ,7,3,8,
		32 ,7,8,12 ,7,8,12,
		32 ,12,8,13 ,12,8,13,
		32 ,12,13,17 ,12,13,17,
		32 ,17,13,18 ,17,13,18,
		32 ,17,18,22 ,17,18,22,
		32 ,22,18,23 ,22,18,23,
		32 ,3,4,8 ,3,4,8,
		32 ,8,4,9 ,8,4,9,
		32 ,8,9,13 ,8,9,13,
		32 ,13,9,14 ,13,9,14,
		32 ,13,14,18 ,13,14,18,
		32 ,18,14,19 ,18,14,19,
		32 ,18,19,23 ,18,19,23,
		32 ,23,19,24 ,23,19,24
	]

}
