{
	"metadata" : {
		"formatVersion" : 3,
		"description" : "Exported from LibZinc."
	},

	"vertices" : [
		279.244904,296.381012,-136.796295,273.880371,294.788025,-138.409241,268.041016,291.673462,-141.418457,262.039429,287.662109,-144.560440,256.188110,283.378693,-146.571701,279.151001,296.127502,-132.257645,274.217102,294.835327,-133.003784,268.454315,292.259186,-134.307755,262.409332,288.982086,-135.862381,256.628815,285.587097,-137.360504,
		279.138214,295.913879,-126.864403,275.153168,294.791504,-126.840729,269.421387,292.461761,-126.623413,263.479340,289.733154,-126.595711,258.863434,287.414215,-127.140884,279.422638,296.287872,-121.421333,276.346100,295.159180,-120.992279,270.529572,292.716217,-120.003250,264.639282,290.151672,-119.081184,261.341339,288.658356,-118.852997,
		280.220398,297.797089,-116.733200,277.453461,296.440979,-116.530670,271.366150,293.457489,-116.085098,265.278839,290.474030,-115.639534,262.511902,289.117889,-115.436996
	],

	"normals" : [
		-0.125319,0.991885,0.021428,-0.376220,0.924727,-0.057785,-0.466522,0.875105,-0.128643,-0.505429,0.840030,-0.197209,-0.531460,0.790124,-0.305375,-0.109415,0.992106,0.061272,-0.358778,0.931828,0.054542,-0.451768,0.892106,0.007292,-0.485812,0.872622,-0.050171,-0.491740,0.865319,-0.097028,
		-0.095696,0.995404,0.003708,-0.339898,0.939144,0.049773,-0.399241,0.915962,0.040243,-0.433068,0.901352,0.004022,-0.468870,0.883115,-0.016407,-0.077809,0.985075,-0.153535,-0.381647,0.923358,-0.041892,-0.393859,0.919164,0.003443,-0.402395,0.915307,0.017046,-0.455315,0.889972,0.025267,
		0.054877,-0.878024,0.475460,-0.433353,0.832711,-0.344670,-0.433353,0.832711,-0.344670,-0.433353,0.832711,-0.344670,0.000000,0.000000,-0.000000
	],

	"faces": [
		32 ,0,1,5 ,0,1,5,
		32 ,5,1,6 ,5,1,6,
		32 ,5,6,10 ,5,6,10,
		32 ,10,6,11 ,10,6,11,
		32 ,10,11,15 ,10,11,15,
		32 ,15,11,16 ,15,11,16,
		32 ,15,16,20 ,15,16,20,
		32 ,20,16,21 ,20,16,21,
		32 ,1,2,6 ,1,2,6,
		32 ,6,2,7 ,6,2,7,
		32 ,6,7,11 ,6,7,11,
		32 ,11,7,12 ,11,7,12,
		32 ,11,12,16 ,11,12,16,
		32 ,16,12,17 ,16,12,17,
		32 ,16,17,21 ,16,17,21,
		32 ,21,17,22 ,21,17,22,
		32 ,2,3,7 ,2,3,7,
		32 ,7,3,8 ,7,3,8,
		32 ,7,8,12 ,7,8,12,
		32 ,12,8,13 ,12,8,13,
		32 ,12,13,17 ,12,13,17,
		32 ,17,13,18 ,17,13,18,
		32 ,17,18,22 ,17,18,22,
		32 ,22,18,23 ,22,18,23,
		32 ,3,4,8 ,3,4,8,
		32 ,8,4,9 ,8,4,9,
		32 ,8,9,13 ,8,9,13,
		32 ,13,9,14 ,13,9,14,
		32 ,13,14,18 ,13,14,18,
		32 ,18,14,19 ,18,14,19,
		32 ,18,19,23 ,18,19,23,
		32 ,23,19,24 ,23,19,24
	]

}
