{
	"metadata" : {
		"formatVersion" : 3,
		"description" : "Exported from LibZinc."
	},

	"vertices" : [
		236.959900,272.291687,-147.490295,232.688049,267.484009,-147.351959,228.772293,261.975220,-146.766663,224.979889,255.835617,-145.818420,221.078094,249.135605,-144.591202,236.824768,274.943115,-140.143723,232.449890,270.048584,-140.065491,228.619949,264.515808,-139.504120,224.973358,258.342133,-138.584534,221.148499,251.524963,-137.431580,
		236.724411,277.403931,-133.686996,232.164536,272.608002,-133.452393,228.188126,267.120117,-132.922897,224.448669,260.914795,-132.123093,220.599747,253.966400,-131.077545,236.798508,279.457153,-127.731064,231.920044,274.838318,-127.396507,227.621292,269.485718,-126.888840,223.628815,263.330261,-126.165665,219.669113,256.302917,-125.184586,
		237.186798,280.885712,-121.886803,231.804459,276.415771,-121.781647,227.064011,271.310150,-121.267807,222.736740,265.365265,-120.443817,218.593903,258.377594,-119.408203
	],

	"normals" : [
		-0.675402,0.695918,-0.243988,-0.776729,0.593997,-0.209428,-0.835784,0.524816,-0.161348,-0.863235,0.491232,-0.116260,-0.868992,0.485765,-0.094262,-0.658790,0.698852,-0.278572,-0.772877,0.582873,-0.250839,-0.837588,0.496798,-0.227241,-0.865049,0.455196,-0.210918,-0.867144,0.455258,-0.201993,
		-0.645453,0.714283,-0.270536,-0.755337,0.599041,-0.265736,-0.820751,0.502823,-0.271178,-0.850934,0.444218,-0.280325,-0.859635,0.427051,-0.280453,-0.623222,0.754035,-0.207426,-0.726534,0.643500,-0.240948,-0.795231,0.538199,-0.279194,-0.833760,0.458552,-0.307530,-0.854687,0.413460,-0.313943,
		-0.586389,0.805718,-0.083464,-0.684508,0.712831,-0.152711,-0.766855,0.599081,-0.230295,-0.822756,0.495989,-0.277610,-0.856730,0.423574,-0.294277
	],

	"faces": [
		32 ,0,1,5 ,0,1,5,
		32 ,5,1,6 ,5,1,6,
		32 ,5,6,10 ,5,6,10,
		32 ,10,6,11 ,10,6,11,
		32 ,10,11,15 ,10,11,15,
		32 ,15,11,16 ,15,11,16,
		32 ,15,16,20 ,15,16,20,
		32 ,20,16,21 ,20,16,21,
		32 ,1,2,6 ,1,2,6,
		32 ,6,2,7 ,6,2,7,
		32 ,6,7,11 ,6,7,11,
		32 ,11,7,12 ,11,7,12,
		32 ,11,12,16 ,11,12,16,
		32 ,16,12,17 ,16,12,17,
		32 ,16,17,21 ,16,17,21,
		32 ,21,17,22 ,21,17,22,
		32 ,2,3,7 ,2,3,7,
		32 ,7,3,8 ,7,3,8,
		32 ,7,8,12 ,7,8,12,
		32 ,12,8,13 ,12,8,13,
		32 ,12,13,17 ,12,13,17,
		32 ,17,13,18 ,17,13,18,
		32 ,17,18,22 ,17,18,22,
		32 ,22,18,23 ,22,18,23,
		32 ,3,4,8 ,3,4,8,
		32 ,8,4,9 ,8,4,9,
		32 ,8,9,13 ,8,9,13,
		32 ,13,9,14 ,13,9,14,
		32 ,13,14,18 ,13,14,18,
		32 ,18,14,19 ,18,14,19,
		32 ,18,19,23 ,18,19,23,
		32 ,23,19,24 ,23,19,24
	]

}
