{
	"metadata" : {
		"formatVersion" : 3,
		"description" : "Exported from LibZinc."
	},

	"vertices" : [
		206.014694,184.363693,-124.758797,206.019577,184.228790,-124.719391,206.019028,184.243790,-124.723770,206.016327,184.318726,-124.745667,206.014694,184.363693,-124.758797,205.451553,184.740341,-118.556801,204.726746,184.289093,-119.313400,203.694611,183.734711,-120.853813,202.641479,183.253479,-122.698944,201.853760,183.021698,-124.369713,
		205.362534,184.513000,-113.976639,203.603180,183.727753,-115.417542,201.603638,182.799179,-117.629860,199.717438,181.896927,-120.218552,198.298080,181.190659,-122.788567,205.362457,183.971832,-109.945534,202.630661,182.704773,-112.028221,199.851547,181.364746,-114.553551,197.310486,180.053329,-117.331978,195.292892,178.872131,-120.173996,
		205.066193,183.406998,-105.390701,201.791046,181.380142,-108.141861,198.543716,179.358963,-111.126518,195.486938,177.526962,-114.066742,192.783401,176.067596,-116.684601
	],

	"normals" : [
		-0.228587,0.964766,-0.130288,-0.228587,0.964766,-0.130288,-0.228587,0.964766,-0.130288,-0.228587,0.964766,-0.130288,-0.228587,0.964766,-0.130288,-0.572804,0.819031,-0.032912,-0.434864,0.898404,-0.061347,-0.377649,0.924427,-0.053065,-0.355109,0.934780,-0.009208,-0.354548,0.928800,0.107830,
		-0.442962,0.891433,0.095557,-0.467830,0.881278,0.066965,-0.467785,0.882850,0.041870,-0.479301,0.876987,0.034136,-0.519301,0.853898,0.034401,-0.479144,0.869854,0.117365,-0.523096,0.838273,0.153850,-0.562672,0.810620,0.162157,-0.598017,0.789380,0.138765,-0.632410,0.770810,0.076875,
		-0.531055,0.847106,0.019791,-0.611507,0.778554,0.141115,-0.666467,0.703591,0.246537,-0.672158,0.682681,0.286617,-0.603726,0.759540,0.242104
	],

	"faces": [
		32 ,0,1,5 ,0,1,5,
		32 ,5,1,6 ,5,1,6,
		32 ,5,6,10 ,5,6,10,
		32 ,10,6,11 ,10,6,11,
		32 ,10,11,15 ,10,11,15,
		32 ,15,11,16 ,15,11,16,
		32 ,15,16,20 ,15,16,20,
		32 ,20,16,21 ,20,16,21,
		32 ,1,2,6 ,1,2,6,
		32 ,6,2,7 ,6,2,7,
		32 ,6,7,11 ,6,7,11,
		32 ,11,7,12 ,11,7,12,
		32 ,11,12,16 ,11,12,16,
		32 ,16,12,17 ,16,12,17,
		32 ,16,17,21 ,16,17,21,
		32 ,21,17,22 ,21,17,22,
		32 ,2,3,7 ,2,3,7,
		32 ,7,3,8 ,7,3,8,
		32 ,7,8,12 ,7,8,12,
		32 ,12,8,13 ,12,8,13,
		32 ,12,13,17 ,12,13,17,
		32 ,17,13,18 ,17,13,18,
		32 ,17,18,22 ,17,18,22,
		32 ,22,18,23 ,22,18,23,
		32 ,3,4,8 ,3,4,8,
		32 ,8,4,9 ,8,4,9,
		32 ,8,9,13 ,8,9,13,
		32 ,13,9,14 ,13,9,14,
		32 ,13,14,18 ,13,14,18,
		32 ,18,14,19 ,18,14,19,
		32 ,18,19,23 ,18,19,23,
		32 ,23,19,24 ,23,19,24
	]

}
