{
	"metadata" : {
		"formatVersion" : 3,
		"description" : "Exported from LibZinc."
	},

	"vertices" : [
		206.014694,184.363693,-124.758797,206.014694,184.363693,-124.758797,206.014694,184.363693,-124.758797,206.014694,184.363693,-124.758797,206.014694,184.363693,-124.758797,203.174911,179.921127,-125.389816,202.692413,180.212860,-122.146919,203.262634,180.158005,-119.456352,204.312744,179.725006,-117.487389,205.269928,178.882248,-116.409309,
		199.323425,176.429306,-123.441544,199.316132,176.325043,-118.951149,200.509933,175.770325,-114.794441,202.425583,174.540649,-111.263954,204.583878,172.411530,-108.652214,195.180740,173.186127,-119.913193,196.125870,172.252914,-115.211815,197.929398,170.905151,-110.183022,200.410370,168.977814,-105.254234,203.387878,166.305908,-100.852890,
		191.467407,169.489395,-115.804001,193.361679,167.549133,-110.969261,195.693832,165.267014,-105.032043,198.324234,163.203674,-98.623985,201.113205,161.919693,-92.376701
	],

	"normals" : [
		0.934884,-0.346757,-0.075838,0.934884,-0.346757,-0.075838,0.934884,-0.346757,-0.075838,0.934884,-0.346757,-0.075838,0.934884,-0.346757,-0.075838,0.735310,-0.590668,0.332310,0.755508,-0.655089,-0.008088,0.597683,-0.741611,-0.304613,0.278441,-0.804210,-0.525087,-0.519828,-0.653321,-0.550409,
		0.665793,-0.736500,0.119527,0.681457,-0.715745,-0.152724,0.563932,-0.724698,-0.395971,0.283390,-0.755936,-0.590128,-0.277780,-0.716982,-0.639356,0.499506,-0.842554,-0.201484,0.598128,-0.728304,-0.334388,0.562045,-0.686876,-0.460768,0.358439,-0.742975,-0.565252,-0.077438,-0.816541,-0.572070,
		0.412311,-0.781368,-0.468470,0.545678,-0.682457,-0.486301,0.611636,-0.634212,-0.472945,0.538982,-0.725341,-0.428227,0.257962,-0.937503,-0.233549
	],

	"faces": [
		32 ,0,1,5 ,0,1,5,
		32 ,5,1,6 ,5,1,6,
		32 ,5,6,10 ,5,6,10,
		32 ,10,6,11 ,10,6,11,
		32 ,10,11,15 ,10,11,15,
		32 ,15,11,16 ,15,11,16,
		32 ,15,16,20 ,15,16,20,
		32 ,20,16,21 ,20,16,21,
		32 ,1,2,6 ,1,2,6,
		32 ,6,2,7 ,6,2,7,
		32 ,6,7,11 ,6,7,11,
		32 ,11,7,12 ,11,7,12,
		32 ,11,12,16 ,11,12,16,
		32 ,16,12,17 ,16,12,17,
		32 ,16,17,21 ,16,17,21,
		32 ,21,17,22 ,21,17,22,
		32 ,2,3,7 ,2,3,7,
		32 ,7,3,8 ,7,3,8,
		32 ,7,8,12 ,7,8,12,
		32 ,12,8,13 ,12,8,13,
		32 ,12,13,17 ,12,13,17,
		32 ,17,13,18 ,17,13,18,
		32 ,17,18,22 ,17,18,22,
		32 ,22,18,23 ,22,18,23,
		32 ,3,4,8 ,3,4,8,
		32 ,8,4,9 ,8,4,9,
		32 ,8,9,13 ,8,9,13,
		32 ,13,9,14 ,13,9,14,
		32 ,13,14,18 ,13,14,18,
		32 ,18,14,19 ,18,14,19,
		32 ,18,19,23 ,18,19,23,
		32 ,23,19,24 ,23,19,24
	]

}
