{
	"metadata" : {
		"formatVersion" : 3,
		"description" : "Exported from LibZinc."
	},

	"vertices" : [
		290.279602,297.797089,-116.733200,291.417694,297.260406,-116.776123,293.988678,296.382233,-116.712448,296.727753,296.260284,-116.253525,298.369995,297.992401,-115.110703,290.279602,297.797089,-116.733200,291.694672,296.842865,-116.694664,295.004242,295.117706,-116.506462,298.804932,294.327942,-116.059692,301.693359,296.179840,-115.245453,
		290.279602,297.797089,-116.733200,292.252075,296.593353,-116.615082,296.749359,294.202057,-116.302811,301.641205,292.453156,-115.859512,304.797302,293.176544,-115.348312,290.279602,297.797089,-116.733200,292.799530,296.472504,-116.554657,298.400452,293.645325,-116.147141,304.144073,291.035370,-115.702835,307.092102,290.362549,-115.413940,
		290.279602,297.797089,-116.733200,293.046539,296.440979,-116.530670,299.133850,293.457489,-116.085098,305.221161,290.474030,-115.639534,307.988098,289.117889,-115.436996
	],

	"normals" : [
		0.000000,0.000000,0.000000,-0.083995,-0.153109,-0.984633,0.044982,-0.120788,-0.991659,0.271955,0.107343,-0.956304,0.064535,0.450921,-0.890228,0.000000,0.000000,0.000000,-0.470643,-0.776884,-0.418267,-0.000399,-0.191526,-0.981487,0.160085,0.112215,-0.980704,0.126028,0.202296,-0.971181,
		0.000000,0.000000,0.000000,-0.175180,-0.195522,0.964927,-0.228371,-0.336150,0.913701,0.130177,0.109290,-0.985449,0.115675,0.129819,-0.984767,0.000000,0.000000,0.000000,-0.112869,-0.081125,0.990293,-0.104898,-0.063858,0.992431,0.144372,0.160199,-0.976470,0.105037,0.098553,-0.989573,
		0.000000,0.000000,0.000000,0.254343,0.386551,-0.886503,0.255968,0.390174,-0.884446,0.253803,0.385347,-0.887182,0.000000,-0.000000,0.000000
	],

	"faces": [
		32 ,0,1,5 ,0,1,5,
		32 ,5,1,6 ,5,1,6,
		32 ,5,6,10 ,5,6,10,
		32 ,10,6,11 ,10,6,11,
		32 ,10,11,15 ,10,11,15,
		32 ,15,11,16 ,15,11,16,
		32 ,15,16,20 ,15,16,20,
		32 ,20,16,21 ,20,16,21,
		32 ,1,2,6 ,1,2,6,
		32 ,6,2,7 ,6,2,7,
		32 ,6,7,11 ,6,7,11,
		32 ,11,7,12 ,11,7,12,
		32 ,11,12,16 ,11,12,16,
		32 ,16,12,17 ,16,12,17,
		32 ,16,17,21 ,16,17,21,
		32 ,21,17,22 ,21,17,22,
		32 ,2,3,7 ,2,3,7,
		32 ,7,3,8 ,7,3,8,
		32 ,7,8,12 ,7,8,12,
		32 ,12,8,13 ,12,8,13,
		32 ,12,13,17 ,12,13,17,
		32 ,17,13,18 ,17,13,18,
		32 ,17,18,22 ,17,18,22,
		32 ,22,18,23 ,22,18,23,
		32 ,3,4,8 ,3,4,8,
		32 ,8,4,9 ,8,4,9,
		32 ,8,9,13 ,8,9,13,
		32 ,13,9,14 ,13,9,14,
		32 ,13,14,18 ,13,14,18,
		32 ,18,14,19 ,18,14,19,
		32 ,18,19,23 ,18,19,23,
		32 ,23,19,24 ,23,19,24
	]

}
