{
	"metadata" : {
		"formatVersion" : 3,
		"description" : "Exported from LibZinc."
	},

	"vertices" : [
		272.130005,297.992401,-115.110703,273.767670,296.258636,-116.257057,276.507263,296.380737,-116.715584,279.080780,297.259857,-116.777298,280.220398,297.797089,-116.733200,268.795135,296.217499,-115.229790,271.756561,294.250793,-116.066216,275.553284,295.039734,-116.516182,278.827271,296.812439,-116.698799,280.220398,297.797089,-116.733200,
		265.692474,293.210022,-115.334389,268.914581,292.385010,-115.864426,273.802765,294.133118,-116.310661,278.267792,296.566437,-116.618462,280.220398,297.797089,-116.733200,263.404053,290.375122,-115.408714,266.376984,291.009857,-115.704567,272.119232,293.619507,-116.149986,277.707977,296.462433,-116.555885,280.220398,297.797089,-116.733200,
		262.511902,289.117889,-115.436996,265.278839,290.474030,-115.639534,271.366150,293.457489,-116.085098,277.453461,296.440979,-116.530670,280.220398,297.797089,-116.733200
	],

	"normals" : [
		-0.062835,0.452512,-0.889542,-0.277127,0.090137,-0.956596,-0.048233,-0.105113,-0.993290,0.072287,-0.123633,-0.989692,-0.000000,-0.000000,-0.000000,-0.123621,0.198523,-0.972269,-0.160647,0.109780,-0.980888,0.000745,-0.186555,-0.982444,0.483734,-0.762489,-0.429664,-0.000000,-0.000000,-0.000000,
		-0.113320,0.129043,-0.985143,-0.131285,0.113916,-0.984778,0.190825,-0.246088,0.950277,0.166328,-0.176003,0.970236,-0.000000,-0.000000,-0.000000,-0.103153,0.099738,-0.989652,-0.158515,0.198165,-0.967266,0.102751,-0.059087,0.992951,0.110879,-0.076910,0.990854,-0.000000,-0.000000,-0.000000,
		-0.000000,-0.000000,0.000000,0.411252,-0.876477,-0.250318,0.023180,-0.193770,-0.980773,-0.012794,-0.122112,-0.992434,-0.000000,-0.000000,-0.000000
	],

	"faces": [
		32 ,0,1,5 ,0,1,5,
		32 ,5,1,6 ,5,1,6,
		32 ,5,6,10 ,5,6,10,
		32 ,10,6,11 ,10,6,11,
		32 ,10,11,15 ,10,11,15,
		32 ,15,11,16 ,15,11,16,
		32 ,15,16,20 ,15,16,20,
		32 ,20,16,21 ,20,16,21,
		32 ,1,2,6 ,1,2,6,
		32 ,6,2,7 ,6,2,7,
		32 ,6,7,11 ,6,7,11,
		32 ,11,7,12 ,11,7,12,
		32 ,11,12,16 ,11,12,16,
		32 ,16,12,17 ,16,12,17,
		32 ,16,17,21 ,16,17,21,
		32 ,21,17,22 ,21,17,22,
		32 ,2,3,7 ,2,3,7,
		32 ,7,3,8 ,7,3,8,
		32 ,7,8,12 ,7,8,12,
		32 ,12,8,13 ,12,8,13,
		32 ,12,13,17 ,12,13,17,
		32 ,17,13,18 ,17,13,18,
		32 ,17,18,22 ,17,18,22,
		32 ,22,18,23 ,22,18,23,
		32 ,3,4,8 ,3,4,8,
		32 ,8,4,9 ,8,4,9,
		32 ,8,9,13 ,8,9,13,
		32 ,13,9,14 ,13,9,14,
		32 ,13,14,18 ,13,14,18,
		32 ,18,14,19 ,18,14,19,
		32 ,18,19,23 ,18,19,23,
		32 ,23,19,24 ,23,19,24
	]

}
