{
	"metadata" : {
		"formatVersion" : 3,
		"description" : "Exported from LibZinc."
	},

	"vertices" : [
		293.285797,317.428406,-106.286201,288.750092,319.918518,-105.542122,285.248474,320.743011,-105.279060,281.747589,319.904541,-105.506348,277.214203,317.405792,-106.233299,292.895203,315.925995,-102.859619,288.627197,318.409027,-102.274788,285.236511,319.212555,-102.072067,281.846558,318.350708,-102.254341,277.580811,315.837646,-102.824478,
		292.219940,313.527161,-99.315414,288.313354,315.928040,-98.739105,285.233978,316.673981,-98.565727,282.147675,315.800323,-98.769539,278.220398,313.342468,-99.324814,291.271149,310.623199,-95.366241,287.818298,312.816193,-94.836342,285.249268,313.455383,-94.706818,282.664246,312.609741,-94.923340,279.163330,310.348114,-95.431572,
		290.059998,307.605286,-90.724777,287.151764,309.414093,-90.467758,285.290833,309.884918,-90.442116,283.409485,309.135254,-90.587120,280.440002,307.282410,-90.842033
	],

	"normals" : [
		0.540270,0.802790,0.252265,0.410581,0.875493,0.254824,-0.000475,0.958299,0.285769,-0.411388,0.874201,0.257938,-0.540787,0.800072,0.259681,0.534865,0.689913,0.487791,0.397337,0.773070,0.494456,-0.006495,0.848349,0.529397,-0.402003,0.763502,0.505428,-0.532413,0.683083,0.499933,
		0.535178,0.620343,0.573375,0.394987,0.706255,0.587528,-0.022643,0.781248,0.623809,-0.409776,0.688032,0.598913,-0.523252,0.616134,0.588717,0.540632,0.613961,0.575125,0.403917,0.684046,0.607398,-0.049961,0.760433,0.647492,-0.434765,0.657612,0.615245,-0.516074,0.617840,0.593247,
		0.507306,0.681026,0.528057,0.393837,0.706963,0.587448,-0.098391,0.772346,0.627535,-0.449111,0.670210,0.590861,-0.466871,0.697149,0.544073
	],

	"faces": [
		32 ,0,1,5 ,0,1,5,
		32 ,5,1,6 ,5,1,6,
		32 ,5,6,10 ,5,6,10,
		32 ,10,6,11 ,10,6,11,
		32 ,10,11,15 ,10,11,15,
		32 ,15,11,16 ,15,11,16,
		32 ,15,16,20 ,15,16,20,
		32 ,20,16,21 ,20,16,21,
		32 ,1,2,6 ,1,2,6,
		32 ,6,2,7 ,6,2,7,
		32 ,6,7,11 ,6,7,11,
		32 ,11,7,12 ,11,7,12,
		32 ,11,12,16 ,11,12,16,
		32 ,16,12,17 ,16,12,17,
		32 ,16,17,21 ,16,17,21,
		32 ,21,17,22 ,21,17,22,
		32 ,2,3,7 ,2,3,7,
		32 ,7,3,8 ,7,3,8,
		32 ,7,8,12 ,7,8,12,
		32 ,12,8,13 ,12,8,13,
		32 ,12,13,17 ,12,13,17,
		32 ,17,13,18 ,17,13,18,
		32 ,17,18,22 ,17,18,22,
		32 ,22,18,23 ,22,18,23,
		32 ,3,4,8 ,3,4,8,
		32 ,8,4,9 ,8,4,9,
		32 ,8,9,13 ,8,9,13,
		32 ,13,9,14 ,13,9,14,
		32 ,13,14,18 ,13,14,18,
		32 ,18,14,19 ,18,14,19,
		32 ,18,19,23 ,18,19,23,
		32 ,23,19,24 ,23,19,24
	]

}
