{
	"metadata" : {
		"formatVersion" : 3,
		"description" : "Exported from LibZinc."
	},

	"vertices" : [
		180.014206,163.011902,-65.207260,185.022781,160.867813,-70.350014,190.357544,159.700729,-77.452309,195.795395,159.916168,-85.224434,201.113205,161.919693,-92.376701,184.933823,168.250900,-61.979797,188.282379,165.710693,-66.374756,191.760757,164.077805,-71.647392,195.366730,163.126953,-77.827179,199.098053,162.632797,-84.943588,
		189.849457,174.532181,-61.055218,191.484833,172.190842,-65.236031,193.579269,170.670486,-69.454788,195.855713,169.589401,-73.904732,198.037125,168.565872,-78.779083,193.774399,180.577164,-62.906437,194.131073,179.069366,-66.068390,195.128021,178.129944,-68.899460,196.296173,177.513031,-71.337616,197.166428,176.972763,-73.320801,
		195.722000,185.107300,-68.006363,195.722000,185.107300,-68.006363,195.722000,185.107300,-68.006363,195.722000,185.107300,-68.006363,195.722000,185.107300,-68.006363
	],

	"normals" : [
		0.110902,-0.754701,0.646627,0.231667,-0.873609,0.427947,0.298636,-0.913427,0.276526,0.372109,-0.917889,0.137894,0.260607,-0.937030,-0.232507,0.358213,-0.571194,0.738526,0.543228,-0.562932,0.622905,0.659295,-0.537254,0.526012,0.735111,-0.500235,0.457578,0.794221,-0.442384,0.416546,
		0.699474,-0.470509,0.537920,0.785662,-0.343822,0.514316,0.818630,-0.275580,0.503885,0.846172,-0.251933,0.469598,0.895099,-0.200228,0.398379,0.900755,-0.391061,0.188973,0.918739,-0.229834,0.321084,0.885639,-0.164118,0.434405,0.868805,-0.161014,0.468244,0.937012,-0.093479,0.336556,
		0.975434,0.149358,0.161929,0.975434,0.149358,0.161929,0.975434,0.149358,0.161929,0.975434,0.149358,0.161929,0.975434,0.149358,0.161929
	],

	"faces": [
		32 ,0,1,5 ,0,1,5,
		32 ,5,1,6 ,5,1,6,
		32 ,5,6,10 ,5,6,10,
		32 ,10,6,11 ,10,6,11,
		32 ,10,11,15 ,10,11,15,
		32 ,15,11,16 ,15,11,16,
		32 ,15,16,20 ,15,16,20,
		32 ,20,16,21 ,20,16,21,
		32 ,1,2,6 ,1,2,6,
		32 ,6,2,7 ,6,2,7,
		32 ,6,7,11 ,6,7,11,
		32 ,11,7,12 ,11,7,12,
		32 ,11,12,16 ,11,12,16,
		32 ,16,12,17 ,16,12,17,
		32 ,16,17,21 ,16,17,21,
		32 ,21,17,22 ,21,17,22,
		32 ,2,3,7 ,2,3,7,
		32 ,7,3,8 ,7,3,8,
		32 ,7,8,12 ,7,8,12,
		32 ,12,8,13 ,12,8,13,
		32 ,12,13,17 ,12,13,17,
		32 ,17,13,18 ,17,13,18,
		32 ,17,18,22 ,17,18,22,
		32 ,22,18,23 ,22,18,23,
		32 ,3,4,8 ,3,4,8,
		32 ,8,4,9 ,8,4,9,
		32 ,8,9,13 ,8,9,13,
		32 ,13,9,14 ,13,9,14,
		32 ,13,14,18 ,13,14,18,
		32 ,18,14,19 ,18,14,19,
		32 ,18,19,23 ,18,19,23,
		32 ,23,19,24 ,23,19,24
	]

}
