{
	"metadata" : {
		"formatVersion" : 3,
		"description" : "Exported from LibZinc."
	},

	"vertices" : [
		281.011108,175.633194,-1050.000000,281.625000,142.002594,-1050.152222,290.439636,108.662949,-1050.473022,306.592743,81.041115,-1050.598145,329.222198,64.563919,-1050.163940,280.387543,158.794464,-1033.045044,282.099182,129.113235,-1035.141357,291.524689,100.702591,-1036.680176,307.852142,77.374771,-1037.487427,330.269653,62.941956,-1037.389038,
		280.343933,137.627274,-1016.873352,283.440918,117.259872,-1019.395081,294.199188,94.815887,-1022.175232,311.207611,74.802505,-1024.255493,333.055054,61.726925,-1024.677612,280.555756,119.513542,-1004.765015,285.113342,108.351776,-1006.551575,297.757507,90.491249,-1009.366821,315.944580,72.311012,-1011.731018,337.130951,60.190102,-1012.164612,
		280.698486,111.835197,-1000.000000,286.579559,104.298180,-1000.249329,301.493988,87.217117,-1000.663696,321.348480,68.886986,-1000.742310,342.049896,57.602772,-999.984680
	],

	"normals" : [
		-0.992771,0.117243,0.025695,-0.980491,-0.137291,-0.140669,-0.897504,-0.358785,-0.256437,-0.741269,-0.631784,-0.226648,-0.326855,-0.933020,-0.150465,-0.994261,0.076753,0.074523,-0.979505,-0.182997,-0.084152,-0.896105,-0.436203,-0.081992,-0.707251,-0.706422,-0.027656,-0.325610,-0.944425,-0.045174,
		-0.994333,0.056700,0.089931,-0.949824,-0.293256,-0.108787,-0.841348,-0.540493,0.000529,-0.655701,-0.751443,0.073412,-0.322253,-0.946643,-0.004588,-0.994307,0.045105,0.096537,-0.864066,-0.472146,-0.174554,-0.765444,-0.641955,0.044599,-0.620815,-0.778978,0.088213,-0.302025,-0.952550,-0.037811,
		-0.000000,-0.000000,0.000000,-0.765160,-0.624018,0.158528,-0.721669,-0.684800,0.101208,-0.611297,-0.791399,0.001565,-0.230842,-0.958283,-0.168538
	],

	"faces": [
		32 ,0,1,5 ,0,1,5,
		32 ,5,1,6 ,5,1,6,
		32 ,5,6,10 ,5,6,10,
		32 ,10,6,11 ,10,6,11,
		32 ,10,11,15 ,10,11,15,
		32 ,15,11,16 ,15,11,16,
		32 ,15,16,20 ,15,16,20,
		32 ,20,16,21 ,20,16,21,
		32 ,1,2,6 ,1,2,6,
		32 ,6,2,7 ,6,2,7,
		32 ,6,7,11 ,6,7,11,
		32 ,11,7,12 ,11,7,12,
		32 ,11,12,16 ,11,12,16,
		32 ,16,12,17 ,16,12,17,
		32 ,16,17,21 ,16,17,21,
		32 ,21,17,22 ,21,17,22,
		32 ,2,3,7 ,2,3,7,
		32 ,7,3,8 ,7,3,8,
		32 ,7,8,12 ,7,8,12,
		32 ,12,8,13 ,12,8,13,
		32 ,12,13,17 ,12,13,17,
		32 ,17,13,18 ,17,13,18,
		32 ,17,18,22 ,17,18,22,
		32 ,22,18,23 ,22,18,23,
		32 ,3,4,8 ,3,4,8,
		32 ,8,4,9 ,8,4,9,
		32 ,8,9,13 ,8,9,13,
		32 ,13,9,14 ,13,9,14,
		32 ,13,14,18 ,13,14,18,
		32 ,18,14,19 ,18,14,19,
		32 ,18,19,23 ,18,19,23,
		32 ,23,19,24 ,23,19,24
	]

}
