{"farPlane": 16705.97653199656, "nearPlane": 1.6748519008189047, "eyePosition": [3401.8504855497727, 2724.6575367391374, -960.4422039830749], "targetPosition": [290.49348640441895, 186.59945106506348, -910.6487998962402], "upVector": [0.01784774220118019, -0.0022636804232516183, 0.9998381538275485], "viewAngle": 0.6981317007976818}