{
	"metadata" : {
		"formatVersion" : 3,
		"description" : "Exported from LibZinc."
	},

	"vertices" : [
		369.122803,161.651993,-92.573227,371.953156,162.965485,-98.782410,374.683441,165.121078,-105.107910,377.116058,167.498352,-110.963821,379.053406,169.476898,-115.764198,369.150604,161.620316,-92.489494,372.561005,161.987640,-97.538330,376.123962,162.681885,-102.497818,379.495636,163.793625,-107.112534,382.332245,165.413452,-111.127052,
		369.122803,161.651993,-92.573227,373.426941,160.984116,-95.730820,377.812317,160.509995,-99.210472,381.966309,160.648224,-102.615059,385.576202,161.817352,-105.547455,369.094971,161.683685,-92.656967,374.283386,160.181198,-93.852882,379.450897,158.943893,-95.686035,384.328522,158.438797,-97.655685,388.647339,159.132980,-99.261108,
		369.122803,161.651993,-92.573227,374.862732,159.805176,-92.397499,380.741943,158.322037,-92.364639,386.382812,157.542053,-92.418701,391.407715,157.804703,-92.503731
	],

	"normals" : [
		-0.305431,-0.918779,-0.250112,-0.591639,-0.666291,-0.453894,-0.535552,-0.688006,-0.489725,-0.473216,-0.726160,-0.498756,-0.412713,-0.782541,-0.466152,-0.305431,-0.918779,-0.250112,-0.384880,-0.851029,-0.357235,-0.385697,-0.815551,-0.431410,-0.322171,-0.812613,-0.485660,-0.147813,-0.831164,-0.536021,
		-0.305431,-0.918779,-0.250112,-0.343858,-0.897294,-0.276811,-0.319520,-0.886948,-0.333513,-0.203258,-0.890121,-0.407886,0.082910,-0.858439,-0.506170,-0.305431,-0.918779,-0.250112,-0.316891,-0.928255,-0.194735,-0.255642,-0.945761,-0.200456,-0.100765,-0.960705,-0.258634,0.209873,-0.900995,-0.379687,
		-0.305431,-0.918779,-0.250112,-0.281500,-0.959456,0.014223,-0.199451,-0.978401,0.054324,-0.058345,-0.998295,-0.001443,0.187486,-0.972240,-0.139992
	],

	"faces": [
		32 ,0,1,5 ,0,1,5,
		32 ,5,1,6 ,5,1,6,
		32 ,5,6,10 ,5,6,10,
		32 ,10,6,11 ,10,6,11,
		32 ,10,11,15 ,10,11,15,
		32 ,15,11,16 ,15,11,16,
		32 ,15,16,20 ,15,16,20,
		32 ,20,16,21 ,20,16,21,
		32 ,1,2,6 ,1,2,6,
		32 ,6,2,7 ,6,2,7,
		32 ,6,7,11 ,6,7,11,
		32 ,11,7,12 ,11,7,12,
		32 ,11,12,16 ,11,12,16,
		32 ,16,12,17 ,16,12,17,
		32 ,16,17,21 ,16,17,21,
		32 ,21,17,22 ,21,17,22,
		32 ,2,3,7 ,2,3,7,
		32 ,7,3,8 ,7,3,8,
		32 ,7,8,12 ,7,8,12,
		32 ,12,8,13 ,12,8,13,
		32 ,12,13,17 ,12,13,17,
		32 ,17,13,18 ,17,13,18,
		32 ,17,18,22 ,17,18,22,
		32 ,22,18,23 ,22,18,23,
		32 ,3,4,8 ,3,4,8,
		32 ,8,4,9 ,8,4,9,
		32 ,8,9,13 ,8,9,13,
		32 ,13,9,14 ,13,9,14,
		32 ,13,14,18 ,13,14,18,
		32 ,18,14,19 ,18,14,19,
		32 ,18,19,23 ,18,19,23,
		32 ,23,19,24 ,23,19,24
	]

}
