{
	"metadata" : {
		"formatVersion" : 3,
		"description" : "Exported from LibZinc."
	},

	"vertices" : [
		379.053406,169.476898,-115.764198,380.219147,171.167206,-118.642548,380.426910,172.961624,-119.438309,379.614105,174.662567,-118.624458,377.718109,176.072403,-116.674004,382.332245,165.413452,-111.127052,383.937836,167.429855,-113.622971,383.949310,169.504227,-114.262215,382.522003,171.386322,-113.659851,379.811310,172.825928,-112.430939,
		385.576202,161.817352,-105.547455,387.515106,163.807648,-107.334465,387.181458,165.945862,-107.909676,385.050873,167.955246,-107.786171,381.598877,169.559067,-107.476997,388.647339,159.132980,-99.261108,390.864105,160.851379,-100.229454,390.158569,162.906784,-100.805412,387.346375,164.997986,-101.264626,383.243103,166.823776,-101.882706,
		391.407715,157.804703,-92.503731,393.898041,159.111847,-92.760368,392.915771,161.007233,-93.374153,389.554077,163.143173,-94.356445,384.906189,165.171997,-95.718613
	],

	"normals" : [
		-0.412713,-0.782541,-0.466152,0.087678,-0.718143,-0.690350,0.814198,0.161085,-0.557794,0.732560,0.677784,-0.062968,0.602840,0.760349,0.241772,-0.147813,-0.831164,-0.536021,0.406277,-0.622135,-0.669243,0.890524,0.336269,-0.306416,0.664126,0.734833,0.137686,0.439056,0.803725,0.401568,
		0.082910,-0.858439,-0.506170,0.628609,-0.517063,-0.580945,0.847201,0.515589,-0.128133,0.545269,0.809130,0.219066,0.308532,0.860665,0.405047,0.209873,-0.900995,-0.379687,0.770007,-0.424798,-0.476062,0.751563,0.656663,-0.062825,0.462824,0.869872,0.170635,0.277591,0.919019,0.279905,
		0.187486,-0.972240,-0.139992,0.844510,-0.387571,-0.369583,0.680151,0.720711,-0.134051,0.456296,0.889813,-0.005133,0.340621,0.939179,0.043824
	],

	"faces": [
		32 ,0,1,5 ,0,1,5,
		32 ,5,1,6 ,5,1,6,
		32 ,5,6,10 ,5,6,10,
		32 ,10,6,11 ,10,6,11,
		32 ,10,11,15 ,10,11,15,
		32 ,15,11,16 ,15,11,16,
		32 ,15,16,20 ,15,16,20,
		32 ,20,16,21 ,20,16,21,
		32 ,1,2,6 ,1,2,6,
		32 ,6,2,7 ,6,2,7,
		32 ,6,7,11 ,6,7,11,
		32 ,11,7,12 ,11,7,12,
		32 ,11,12,16 ,11,12,16,
		32 ,16,12,17 ,16,12,17,
		32 ,16,17,21 ,16,17,21,
		32 ,21,17,22 ,21,17,22,
		32 ,2,3,7 ,2,3,7,
		32 ,7,3,8 ,7,3,8,
		32 ,7,8,12 ,7,8,12,
		32 ,12,8,13 ,12,8,13,
		32 ,12,13,17 ,12,13,17,
		32 ,17,13,18 ,17,13,18,
		32 ,17,18,22 ,17,18,22,
		32 ,22,18,23 ,22,18,23,
		32 ,3,4,8 ,3,4,8,
		32 ,8,4,9 ,8,4,9,
		32 ,8,9,13 ,8,9,13,
		32 ,13,9,14 ,13,9,14,
		32 ,13,14,18 ,13,14,18,
		32 ,18,14,19 ,18,14,19,
		32 ,18,19,23 ,18,19,23,
		32 ,23,19,24 ,23,19,24
	]

}
