{
	"metadata" : {
		"formatVersion" : 3,
		"description" : "Exported from LibZinc."
	},

	"vertices" : [
		369.122803,161.651993,-92.573227,374.862732,159.805176,-92.397499,380.741943,158.322037,-92.364639,386.382812,157.542053,-92.418701,391.407715,157.804703,-92.503731,369.150604,161.620316,-92.489494,375.107910,159.663544,-90.867203,381.553375,158.191376,-88.764664,387.901764,157.411316,-86.688538,393.567902,157.530823,-85.145515,
		369.122803,161.651993,-92.573227,375.139984,159.515717,-88.809952,381.832520,158.123383,-84.602585,388.522705,157.584854,-80.617821,394.533020,158.010040,-77.522331,369.094971,161.683685,-92.656967,374.958740,159.515808,-86.786858,381.400970,158.493195,-80.615753,387.843170,158.566742,-74.943108,393.706848,159.687347,-70.568390,
		369.122803,161.651993,-92.573227,374.563934,159.817917,-85.359024,380.080353,159.676010,-77.541481,385.460632,160.861038,-70.400978,390.493195,163.007706,-65.217873
	],

	"normals" : [
		-0.316933,-0.937396,-0.144367,-0.281500,-0.959456,0.014223,-0.199451,-0.978401,0.054324,-0.058345,-0.998295,-0.001443,0.187486,-0.972240,-0.139992,-0.316933,-0.937396,-0.144367,-0.247019,-0.966542,-0.069124,-0.170956,-0.985160,-0.015273,-0.059951,-0.998201,0.000942,0.128623,-0.991397,-0.024261,
		-0.316933,-0.937396,-0.144367,-0.233716,-0.970834,-0.053463,-0.154613,-0.987791,0.019087,-0.058032,-0.994917,0.082294,0.112605,-0.985058,0.130313,-0.316933,-0.937396,-0.144367,-0.268155,-0.963078,0.023945,-0.201272,-0.969084,0.142708,-0.115719,-0.960529,0.252969,0.042991,-0.928102,0.369836,
		-0.316933,-0.937396,-0.144367,-0.453982,-0.863344,0.220312,-0.377083,-0.863779,0.334208,-0.276952,-0.845418,0.456690,-0.112201,-0.756654,0.644116
	],

	"faces": [
		32 ,0,1,5 ,0,1,5,
		32 ,5,1,6 ,5,1,6,
		32 ,5,6,10 ,5,6,10,
		32 ,10,6,11 ,10,6,11,
		32 ,10,11,15 ,10,11,15,
		32 ,15,11,16 ,15,11,16,
		32 ,15,16,20 ,15,16,20,
		32 ,20,16,21 ,20,16,21,
		32 ,1,2,6 ,1,2,6,
		32 ,6,2,7 ,6,2,7,
		32 ,6,7,11 ,6,7,11,
		32 ,11,7,12 ,11,7,12,
		32 ,11,12,16 ,11,12,16,
		32 ,16,12,17 ,16,12,17,
		32 ,16,17,21 ,16,17,21,
		32 ,21,17,22 ,21,17,22,
		32 ,2,3,7 ,2,3,7,
		32 ,7,3,8 ,7,3,8,
		32 ,7,8,12 ,7,8,12,
		32 ,12,8,13 ,12,8,13,
		32 ,12,13,17 ,12,13,17,
		32 ,17,13,18 ,17,13,18,
		32 ,17,18,22 ,17,18,22,
		32 ,22,18,23 ,22,18,23,
		32 ,3,4,8 ,3,4,8,
		32 ,8,4,9 ,8,4,9,
		32 ,8,9,13 ,8,9,13,
		32 ,13,9,14 ,13,9,14,
		32 ,13,14,18 ,13,14,18,
		32 ,18,14,19 ,18,14,19,
		32 ,18,19,23 ,18,19,23,
		32 ,23,19,24 ,23,19,24
	]

}
