{
	"metadata" : {
		"formatVersion" : 3,
		"description" : "Exported from LibZinc."
	},

	"vertices" : [
		391.407715,157.804703,-92.503731,393.898041,159.111847,-92.760368,392.915771,161.007233,-93.374153,389.554077,163.143173,-94.356445,384.906189,165.171997,-95.718613,393.567902,157.530823,-85.145515,396.378998,158.717117,-84.707329,395.363312,160.682083,-85.386414,391.737213,162.950195,-86.850449,386.717010,165.045914,-88.767113,
		394.533020,158.010040,-77.522331,397.653778,159.565628,-76.317856,396.891449,161.913528,-77.062988,393.392426,164.406387,-79.009766,388.303162,166.396881,-81.410187,393.706848,159.687347,-70.568390,397.012848,161.863724,-68.745468,396.755219,164.642700,-69.503990,393.815460,167.282333,-71.807053,389.075043,169.040634,-74.617744,
		390.493195,163.007706,-65.217873,393.746552,165.817719,-63.143707,394.209717,168.810776,-63.809536,392.302094,171.348587,-66.214981,388.443115,172.792892,-69.359657
	],

	"normals" : [
		0.187486,-0.972240,-0.139992,0.844510,-0.387571,-0.369583,0.680151,0.720711,-0.134051,0.456296,0.889813,-0.005133,0.340621,0.939179,0.043824,0.128623,-0.991397,-0.024261,0.894861,-0.397400,-0.203216,0.693833,0.687635,-0.213902,0.498907,0.842851,-0.201728,0.382675,0.907397,-0.173754,
		0.112605,-0.985058,0.130313,0.900421,-0.433711,0.033719,0.779097,0.586193,-0.222231,0.559915,0.770273,-0.305246,0.376087,0.872831,-0.311005,0.042991,-0.928102,0.369836,0.775038,-0.468869,0.423648,0.871096,0.482872,-0.089589,0.634166,0.698204,-0.332181,0.384321,0.814126,-0.435313,
		-0.112201,-0.756654,0.644116,0.371611,-0.372856,0.850226,0.852758,0.419593,0.311039,0.711330,0.659080,-0.244179,0.468082,0.699230,-0.540348
	],

	"faces": [
		32 ,0,1,5 ,0,1,5,
		32 ,5,1,6 ,5,1,6,
		32 ,5,6,10 ,5,6,10,
		32 ,10,6,11 ,10,6,11,
		32 ,10,11,15 ,10,11,15,
		32 ,15,11,16 ,15,11,16,
		32 ,15,16,20 ,15,16,20,
		32 ,20,16,21 ,20,16,21,
		32 ,1,2,6 ,1,2,6,
		32 ,6,2,7 ,6,2,7,
		32 ,6,7,11 ,6,7,11,
		32 ,11,7,12 ,11,7,12,
		32 ,11,12,16 ,11,12,16,
		32 ,16,12,17 ,16,12,17,
		32 ,16,17,21 ,16,17,21,
		32 ,21,17,22 ,21,17,22,
		32 ,2,3,7 ,2,3,7,
		32 ,7,3,8 ,7,3,8,
		32 ,7,8,12 ,7,8,12,
		32 ,12,8,13 ,12,8,13,
		32 ,12,13,17 ,12,13,17,
		32 ,17,13,18 ,17,13,18,
		32 ,17,18,22 ,17,18,22,
		32 ,22,18,23 ,22,18,23,
		32 ,3,4,8 ,3,4,8,
		32 ,8,4,9 ,8,4,9,
		32 ,8,9,13 ,8,9,13,
		32 ,13,9,14 ,13,9,14,
		32 ,13,14,18 ,13,14,18,
		32 ,18,14,19 ,18,14,19,
		32 ,18,19,23 ,18,19,23,
		32 ,23,19,24 ,23,19,24
	]

}
