{
	"metadata" : {
		"formatVersion" : 3,
		"description" : "Exported from LibZinc."
	},

	"vertices" : [
		384.906189,165.171997,-95.718613,379.409088,167.514969,-97.740181,373.557465,171.058762,-100.356773,368.531128,176.153732,-103.063850,365.509888,183.150299,-105.356903,386.717010,165.045914,-88.767113,380.967438,167.438507,-91.180275,374.991302,171.074371,-94.100494,369.762085,176.193649,-97.145439,366.253326,183.036484,-99.932777,
		388.303162,166.396881,-81.410187,382.428650,168.539658,-84.217987,376.380768,172.012756,-87.589417,371.016266,176.953995,-91.080345,367.191772,183.501160,-94.246620,389.075043,169.040634,-74.617744,383.359558,170.699417,-77.774033,377.431458,173.668030,-81.485291,372.077515,178.145905,-85.271690,368.084503,184.332458,-88.653404,
		388.443115,172.792892,-69.359657,383.326935,173.798782,-72.769165,377.848846,175.834274,-76.449867,372.729767,179.480469,-80.122581,368.690613,185.318497,-83.508133
	],

	"normals" : [
		0.340621,0.939179,0.043824,0.441767,0.897127,-0.002257,0.624622,0.777232,-0.075882,0.835888,0.533521,-0.129019,0.980187,0.175914,-0.091032,0.382675,0.907397,-0.173754,0.499671,0.847405,-0.179539,0.655256,0.727158,-0.204646,0.825448,0.522801,-0.212870,0.958974,0.234504,-0.159299,
		0.376087,0.872831,-0.311005,0.517455,0.805243,-0.289524,0.663035,0.696055,-0.275486,0.813636,0.524300,-0.251211,0.941200,0.278515,-0.191239,0.384321,0.814126,-0.435313,0.520665,0.760099,-0.388790,0.652806,0.684543,-0.324416,0.797724,0.545345,-0.257360,0.928861,0.317773,-0.190360,
		0.468082,0.699230,-0.540348,0.521051,0.679483,-0.516536,0.612526,0.692528,-0.381075,0.766902,0.599487,-0.229079,0.922525,0.356757,-0.147217
	],

	"faces": [
		32 ,0,1,5 ,0,1,5,
		32 ,5,1,6 ,5,1,6,
		32 ,5,6,10 ,5,6,10,
		32 ,10,6,11 ,10,6,11,
		32 ,10,11,15 ,10,11,15,
		32 ,15,11,16 ,15,11,16,
		32 ,15,16,20 ,15,16,20,
		32 ,20,16,21 ,20,16,21,
		32 ,1,2,6 ,1,2,6,
		32 ,6,2,7 ,6,2,7,
		32 ,6,7,11 ,6,7,11,
		32 ,11,7,12 ,11,7,12,
		32 ,11,12,16 ,11,12,16,
		32 ,16,12,17 ,16,12,17,
		32 ,16,17,21 ,16,17,21,
		32 ,21,17,22 ,21,17,22,
		32 ,2,3,7 ,2,3,7,
		32 ,7,3,8 ,7,3,8,
		32 ,7,8,12 ,7,8,12,
		32 ,12,8,13 ,12,8,13,
		32 ,12,13,17 ,12,13,17,
		32 ,17,13,18 ,17,13,18,
		32 ,17,18,22 ,17,18,22,
		32 ,22,18,23 ,22,18,23,
		32 ,3,4,8 ,3,4,8,
		32 ,8,4,9 ,8,4,9,
		32 ,8,9,13 ,8,9,13,
		32 ,13,9,14 ,13,9,14,
		32 ,13,14,18 ,13,14,18,
		32 ,18,14,19 ,18,14,19,
		32 ,18,19,23 ,18,19,23,
		32 ,23,19,24 ,23,19,24
	]

}
