{
	"metadata" : {
		"formatVersion" : 3,
		"description" : "Exported from LibZinc."
	},

	"vertices" : [
		388.443115,172.792892,-69.359657,383.326935,173.798782,-72.769165,377.848846,175.834274,-76.449867,372.729767,179.480469,-80.122581,368.690613,185.318497,-83.508133,386.111084,176.654312,-66.284027,382.038971,177.123123,-69.647095,377.433746,178.478561,-73.147224,373.005463,181.312332,-76.530060,369.464172,186.216141,-79.541245,
		382.615997,179.871124,-65.212791,379.838745,180.076553,-68.025169,376.483429,181.305374,-71.219688,373.259918,183.524750,-74.217789,370.878204,186.701828,-76.440926,378.618195,182.627411,-65.876671,377.245392,182.718231,-67.584534,375.448090,183.714905,-69.796356,373.761383,185.121735,-71.828857,372.720306,186.443054,-72.998772,
		374.778015,185.107300,-68.006363,374.778015,185.107300,-68.006363,374.778015,185.107300,-68.006363,374.778015,185.107300,-68.006363,374.778015,185.107300,-68.006363
	],

	"normals" : [
		0.468082,0.699230,-0.540348,0.521051,0.679483,-0.516536,0.612526,0.692528,-0.381075,0.766902,0.599487,-0.229079,0.922525,0.356757,-0.147217,0.492911,0.713068,-0.498570,0.522261,0.683487,-0.509989,0.629699,0.599074,-0.494559,0.770910,0.464865,-0.435429,0.896438,0.256611,-0.361316,
		0.494925,0.675116,-0.547054,0.586007,0.677822,-0.444019,0.705576,0.537311,-0.462017,0.792237,0.370189,-0.485099,0.858460,0.191668,-0.475721,0.558272,0.500752,-0.661498,0.656893,0.680427,-0.324824,0.764483,0.571836,-0.297605,0.835113,0.425501,-0.348619,0.885570,0.249739,-0.391658,
		0.499592,0.859633,0.106954,0.499592,0.859633,0.106954,0.499592,0.859633,0.106954,0.499592,0.859633,0.106954,0.499592,0.859633,0.106954
	],

	"faces": [
		32 ,0,1,5 ,0,1,5,
		32 ,5,1,6 ,5,1,6,
		32 ,5,6,10 ,5,6,10,
		32 ,10,6,11 ,10,6,11,
		32 ,10,11,15 ,10,11,15,
		32 ,15,11,16 ,15,11,16,
		32 ,15,16,20 ,15,16,20,
		32 ,20,16,21 ,20,16,21,
		32 ,1,2,6 ,1,2,6,
		32 ,6,2,7 ,6,2,7,
		32 ,6,7,11 ,6,7,11,
		32 ,11,7,12 ,11,7,12,
		32 ,11,12,16 ,11,12,16,
		32 ,16,12,17 ,16,12,17,
		32 ,16,17,21 ,16,17,21,
		32 ,21,17,22 ,21,17,22,
		32 ,2,3,7 ,2,3,7,
		32 ,7,3,8 ,7,3,8,
		32 ,7,8,12 ,7,8,12,
		32 ,12,8,13 ,12,8,13,
		32 ,12,13,17 ,12,13,17,
		32 ,17,13,18 ,17,13,18,
		32 ,17,18,22 ,17,18,22,
		32 ,22,18,23 ,22,18,23,
		32 ,3,4,8 ,3,4,8,
		32 ,8,4,9 ,8,4,9,
		32 ,8,9,13 ,8,9,13,
		32 ,13,9,14 ,13,9,14,
		32 ,13,14,18 ,13,14,18,
		32 ,18,14,19 ,18,14,19,
		32 ,18,19,23 ,18,19,23,
		32 ,23,19,24 ,23,19,24
	]

}
