{
	"metadata" : {
		"formatVersion" : 3,
		"description" : "Exported from LibZinc."
	},

	"vertices" : [
		474.461609,97.519653,-1685.000000,475.683929,99.982277,-1683.873169,478.548950,106.067810,-1681.161865,481.853729,113.822693,-1677.869629,484.395386,121.293404,-1675.000000,475.837677,98.457779,-1661.002319,478.820190,102.751465,-1659.921143,481.212891,107.929611,-1658.124878,483.236115,113.704445,-1656.038208,485.110321,119.788193,-1654.085815,
		477.277069,96.057625,-1633.102661,481.319702,101.593590,-1632.455688,484.048279,107.439102,-1631.650024,486.018799,113.579880,-1630.561035,487.787201,120.001602,-1629.063599,478.551514,91.747261,-1603.651733,483.194244,98.275841,-1603.569458,486.574921,105.498703,-1603.572144,489.039673,113.077148,-1603.204224,490.934692,120.672470,-1602.009521,
		479.432800,86.954742,-1575.000000,484.455688,94.565422,-1575.354980,488.312500,103.010834,-1575.725830,491.136597,111.824409,-1575.733765,493.061401,120.539597,-1575.000000
	],

	"normals" : [
		0.000000,0.000000,0.000000,0.905169,-0.423081,-0.040891,0.916858,-0.396883,-0.043076,0.932957,-0.359507,-0.018590,0.966878,-0.255235,0.001493,0.749575,-0.658683,-0.065375,0.882721,-0.461898,-0.086331,0.937872,-0.332620,-0.098791,0.957305,-0.274162,-0.091668,0.959526,-0.268471,-0.085044,
		0.741599,-0.660519,-0.117244,0.866238,-0.487455,-0.109631,0.935680,-0.335180,-0.110263,0.961814,-0.248922,-0.113806,0.963783,-0.243195,-0.109446,0.743955,-0.654519,-0.134666,0.862946,-0.492794,-0.111708,0.929054,-0.355478,-0.102439,0.960832,-0.257270,-0.103026,0.974520,-0.201174,-0.099195,
		0.772235,-0.623785,-0.120607,0.872568,-0.480242,-0.089399,0.931246,-0.357002,-0.073017,0.965089,-0.254660,-0.061254,0.984472,-0.168841,-0.048035
	],

	"faces": [
		32 ,0,1,5 ,0,1,5,
		32 ,5,1,6 ,5,1,6,
		32 ,5,6,10 ,5,6,10,
		32 ,10,6,11 ,10,6,11,
		32 ,10,11,15 ,10,11,15,
		32 ,15,11,16 ,15,11,16,
		32 ,15,16,20 ,15,16,20,
		32 ,20,16,21 ,20,16,21,
		32 ,1,2,6 ,1,2,6,
		32 ,6,2,7 ,6,2,7,
		32 ,6,7,11 ,6,7,11,
		32 ,11,7,12 ,11,7,12,
		32 ,11,12,16 ,11,12,16,
		32 ,16,12,17 ,16,12,17,
		32 ,16,17,21 ,16,17,21,
		32 ,21,17,22 ,21,17,22,
		32 ,2,3,7 ,2,3,7,
		32 ,7,3,8 ,7,3,8,
		32 ,7,8,12 ,7,8,12,
		32 ,12,8,13 ,12,8,13,
		32 ,12,13,17 ,12,13,17,
		32 ,17,13,18 ,17,13,18,
		32 ,17,18,22 ,17,18,22,
		32 ,22,18,23 ,22,18,23,
		32 ,3,4,8 ,3,4,8,
		32 ,8,4,9 ,8,4,9,
		32 ,8,9,13 ,8,9,13,
		32 ,13,9,14 ,13,9,14,
		32 ,13,14,18 ,13,14,18,
		32 ,18,14,19 ,18,14,19,
		32 ,18,19,23 ,18,19,23,
		32 ,23,19,24 ,23,19,24
	]

}
