{
	"metadata" : {
		"formatVersion" : 3,
		"description" : "Exported from LibZinc."
	},

	"vertices" : [
		267.038208,284.295105,-67.364143,261.088013,283.959625,-64.159248,254.780869,284.711395,-61.777321,248.109833,285.208191,-60.488926,241.067993,284.107697,-60.564640,266.546844,287.817169,-60.034481,260.105469,289.101044,-55.978714,253.686172,289.374695,-54.513111,247.100784,288.559906,-54.656250,240.161087,286.578461,-55.426704,
		265.460358,292.737671,-53.110039,259.112305,293.545044,-50.274822,252.801010,292.876953,-49.237659,246.402664,290.985168,-49.286083,239.793381,288.121521,-49.707630,264.557800,296.161072,-45.794384,258.541443,295.724213,-44.796677,252.457016,294.135437,-43.987808,246.309296,291.542999,-43.428394,240.103165,288.095032,-43.179054,
		264.618195,295.191803,-37.291080,258.825897,294.071136,-37.293381,252.985809,292.067444,-36.800411,247.114548,289.292267,-36.133160,241.228699,285.857086,-35.612610
	],

	"normals" : [
		-0.341548,0.914924,-0.215079,-0.143266,0.884573,-0.443853,-0.025471,0.875415,-0.482700,-0.056258,0.871300,-0.487515,-0.211020,0.834232,-0.509438,-0.277862,0.779824,-0.560953,-0.155524,0.770551,-0.618113,-0.077367,0.803606,-0.590112,-0.130006,0.855949,-0.500450,-0.278259,0.882132,-0.380020,
		-0.143264,0.812875,-0.564543,-0.162292,0.801478,-0.575581,-0.206808,0.856683,-0.472571,-0.319489,0.899564,-0.297843,-0.425617,0.895380,-0.130940,-0.007796,0.976531,-0.215235,-0.181529,0.979227,-0.090340,-0.322730,0.945726,0.038039,-0.432765,0.893915,0.116748,-0.513659,0.840208,0.173795,
		-0.126021,0.903587,0.409449,-0.219274,0.884872,0.411000,-0.302604,0.849777,0.431636,-0.380617,0.809327,0.447349,-0.465769,0.774626,0.427800
	],

	"faces": [
		32 ,0,1,5 ,0,1,5,
		32 ,5,1,6 ,5,1,6,
		32 ,5,6,10 ,5,6,10,
		32 ,10,6,11 ,10,6,11,
		32 ,10,11,15 ,10,11,15,
		32 ,15,11,16 ,15,11,16,
		32 ,15,16,20 ,15,16,20,
		32 ,20,16,21 ,20,16,21,
		32 ,1,2,6 ,1,2,6,
		32 ,6,2,7 ,6,2,7,
		32 ,6,7,11 ,6,7,11,
		32 ,11,7,12 ,11,7,12,
		32 ,11,12,16 ,11,12,16,
		32 ,16,12,17 ,16,12,17,
		32 ,16,17,21 ,16,17,21,
		32 ,21,17,22 ,21,17,22,
		32 ,2,3,7 ,2,3,7,
		32 ,7,3,8 ,7,3,8,
		32 ,7,8,12 ,7,8,12,
		32 ,12,8,13 ,12,8,13,
		32 ,12,13,17 ,12,13,17,
		32 ,17,13,18 ,17,13,18,
		32 ,17,18,22 ,17,18,22,
		32 ,22,18,23 ,22,18,23,
		32 ,3,4,8 ,3,4,8,
		32 ,8,4,9 ,8,4,9,
		32 ,8,9,13 ,8,9,13,
		32 ,13,9,14 ,13,9,14,
		32 ,13,14,18 ,13,14,18,
		32 ,18,14,19 ,18,14,19,
		32 ,18,19,23 ,18,19,23,
		32 ,23,19,24 ,23,19,24
	]

}
