{
	"metadata" : {
		"formatVersion" : 3,
		"description" : "Exported from LibZinc."
	},

	"vertices" : [
		222.276199,100.785500,-57.798630,234.067535,89.407463,-56.875496,249.508286,79.401245,-56.017056,267.097565,72.291939,-55.383957,285.334412,69.604630,-55.136860,221.226395,101.329254,-49.210438,233.165985,90.039482,-48.146957,248.926086,80.056961,-47.183659,266.874146,72.942986,-46.483315,285.377563,70.258865,-46.208683,
		220.388275,102.314590,-40.721657,232.367874,90.962219,-39.450111,248.329544,80.895050,-38.346981,266.574493,73.709373,-37.569084,285.403839,71.001472,-37.273239,219.901413,103.928032,-32.150597,231.897827,92.474503,-30.643116,247.955124,82.278114,-29.367031,266.361694,74.981949,-28.484795,285.405884,72.229073,-28.158855,
		219.905396,106.356102,-23.315580,231.980453,94.875168,-21.584129,248.039291,84.568741,-20.103830,266.398926,77.151535,-19.073973,285.376312,74.338287,-18.693850
	],

	"normals" : [
		-0.768996,-0.635418,-0.069919,-0.619205,-0.785172,-0.009506,-0.466365,-0.883588,0.042146,-0.273919,-0.958935,0.073561,0.001767,-0.996602,0.082351,-0.767488,-0.640262,-0.032054,-0.611059,-0.791576,0.003885,-0.458519,-0.887937,0.036455,-0.269731,-0.961010,0.060870,0.002774,-0.997484,0.070832,
		-0.773901,-0.632501,0.031942,-0.612183,-0.788557,0.058397,-0.457401,-0.885861,0.077681,-0.268357,-0.958772,0.093494,0.003368,-0.994818,0.101618,-0.777719,-0.617454,0.117917,-0.615129,-0.774084,0.149700,-0.459841,-0.873252,0.161173,-0.269845,-0.948324,0.166930,0.003543,-0.985354,0.170485,
		-0.767986,-0.602071,0.218420,-0.611176,-0.745307,0.266423,-0.461431,-0.843521,0.274869,-0.273655,-0.923228,0.269747,0.003263,-0.963804,0.266594
	],

	"faces": [
		32 ,0,1,5 ,0,1,5,
		32 ,5,1,6 ,5,1,6,
		32 ,5,6,10 ,5,6,10,
		32 ,10,6,11 ,10,6,11,
		32 ,10,11,15 ,10,11,15,
		32 ,15,11,16 ,15,11,16,
		32 ,15,16,20 ,15,16,20,
		32 ,20,16,21 ,20,16,21,
		32 ,1,2,6 ,1,2,6,
		32 ,6,2,7 ,6,2,7,
		32 ,6,7,11 ,6,7,11,
		32 ,11,7,12 ,11,7,12,
		32 ,11,12,16 ,11,12,16,
		32 ,16,12,17 ,16,12,17,
		32 ,16,17,21 ,16,17,21,
		32 ,21,17,22 ,21,17,22,
		32 ,2,3,7 ,2,3,7,
		32 ,7,3,8 ,7,3,8,
		32 ,7,8,12 ,7,8,12,
		32 ,12,8,13 ,12,8,13,
		32 ,12,13,17 ,12,13,17,
		32 ,17,13,18 ,17,13,18,
		32 ,17,18,22 ,17,18,22,
		32 ,22,18,23 ,22,18,23,
		32 ,3,4,8 ,3,4,8,
		32 ,8,4,9 ,8,4,9,
		32 ,8,9,13 ,8,9,13,
		32 ,13,9,14 ,13,9,14,
		32 ,13,14,18 ,13,14,18,
		32 ,18,14,19 ,18,14,19,
		32 ,18,19,23 ,18,19,23,
		32 ,23,19,24 ,23,19,24
	]

}
