{
	"metadata" : {
		"formatVersion" : 3,
		"description" : "Exported from LibZinc."
	},

	"vertices" : [
		369.922913,142.418594,-61.531281,373.423309,154.839630,-63.292442,374.787598,168.874878,-65.434982,374.933319,180.354156,-67.244438,374.778015,185.107300,-68.006363,370.706085,142.543228,-53.342247,374.394318,153.973572,-55.111328,376.156006,166.414993,-57.360344,376.548218,177.296143,-59.413746,376.128021,184.045700,-60.595978,
		371.292633,143.029388,-45.380333,374.875549,153.815643,-46.897491,376.696259,165.053680,-48.665890,377.062683,175.608078,-50.279167,376.282837,184.343399,-51.330948,371.589142,144.025253,-37.262085,374.793304,154.425461,-38.414062,376.432556,164.876541,-39.507954,376.673737,175.212891,-40.450745,375.683716,185.268936,-41.149437,
		371.502289,145.679001,-28.604050,374.073822,155.862732,-29.424171,375.389038,165.969177,-30.042856,375.578278,176.033508,-30.538527,374.771912,186.090805,-30.989599
	],

	"normals" : [
		0.894316,-0.438175,-0.090564,0.968801,-0.183402,-0.166701,0.963204,-0.082927,-0.255659,0.946400,-0.034263,-0.321174,-0.941600,0.044084,0.333837,0.896362,-0.438826,-0.062991,0.969267,-0.223847,-0.102054,0.985143,-0.105557,-0.135467,0.992410,-0.011451,-0.122439,0.985160,0.154868,-0.073997,
		0.911613,-0.410763,-0.015352,0.972313,-0.232930,-0.018729,0.994983,-0.097265,-0.023434,0.999657,0.026185,-0.000311,0.985814,0.166968,0.017108,0.931873,-0.360253,0.042788,0.974067,-0.215594,0.068645,0.994082,-0.079712,0.073798,0.996043,0.045434,0.076386,0.985309,0.158408,0.063825,
		0.951257,-0.292370,0.098134,0.973792,-0.174388,0.146007,0.985379,-0.062866,0.158354,0.990108,0.038698,0.134866,0.988111,0.127639,0.085701
	],

	"faces": [
		32 ,0,1,5 ,0,1,5,
		32 ,5,1,6 ,5,1,6,
		32 ,5,6,10 ,5,6,10,
		32 ,10,6,11 ,10,6,11,
		32 ,10,11,15 ,10,11,15,
		32 ,15,11,16 ,15,11,16,
		32 ,15,16,20 ,15,16,20,
		32 ,20,16,21 ,20,16,21,
		32 ,1,2,6 ,1,2,6,
		32 ,6,2,7 ,6,2,7,
		32 ,6,7,11 ,6,7,11,
		32 ,11,7,12 ,11,7,12,
		32 ,11,12,16 ,11,12,16,
		32 ,16,12,17 ,16,12,17,
		32 ,16,17,21 ,16,17,21,
		32 ,21,17,22 ,21,17,22,
		32 ,2,3,7 ,2,3,7,
		32 ,7,3,8 ,7,3,8,
		32 ,7,8,12 ,7,8,12,
		32 ,12,8,13 ,12,8,13,
		32 ,12,13,17 ,12,13,17,
		32 ,17,13,18 ,17,13,18,
		32 ,17,18,22 ,17,18,22,
		32 ,22,18,23 ,22,18,23,
		32 ,3,4,8 ,3,4,8,
		32 ,8,4,9 ,8,4,9,
		32 ,8,9,13 ,8,9,13,
		32 ,13,9,14 ,13,9,14,
		32 ,13,14,18 ,13,14,18,
		32 ,18,14,19 ,18,14,19,
		32 ,18,19,23 ,18,19,23,
		32 ,23,19,24 ,23,19,24
	]

}
