{
	"metadata" : {
		"formatVersion" : 3,
		"description" : "Exported from LibZinc."
	},

	"vertices" : [
		454.068909,165.016602,-1670.000000,447.530914,163.676849,-1671.381592,442.219452,161.116684,-1673.033081,437.643341,157.120514,-1674.418091,433.311401,151.472702,-1675.000000,451.441772,162.642914,-1650.666626,444.402740,160.428284,-1652.166138,438.845428,157.630844,-1653.874512,434.161072,153.601334,-1655.046021,429.740845,147.690460,-1654.934937,
		449.871155,162.107819,-1627.062134,442.283600,159.304840,-1627.964966,435.946045,156.164383,-1628.797974,430.550537,152.003983,-1629.465942,425.789215,146.141205,-1629.873291,449.013428,163.346191,-1601.176514,440.781982,160.465286,-1601.332275,433.425140,156.919571,-1601.104370,426.997437,152.350540,-1601.212158,421.553436,146.399597,-1602.375122,
		448.524902,166.292892,-1575.000000,439.506348,164.068359,-1574.822266,431.186676,160.098740,-1574.094360,423.687469,154.663040,-1573.819214,417.130402,148.040298,-1575.000000
	],

	"normals" : [
		-0.131776,0.976641,0.169729,-0.347734,0.922930,0.165170,-0.574637,0.812329,0.099572,-0.741635,0.669960,0.033628,-0.831468,0.555572,0.001008,-0.263932,0.963749,0.039098,-0.372431,0.926734,0.049586,-0.553378,0.832776,0.016025,-0.734458,0.677552,-0.038654,-0.846412,0.526541,-0.079635,
		-0.322509,0.946135,-0.028556,-0.379251,0.924947,-0.025326,-0.515450,0.856023,-0.039183,-0.691688,0.718352,-0.074420,-0.829007,0.547116,-0.115805,-0.288572,0.953867,-0.082847,-0.374557,0.921926,-0.098792,-0.500609,0.859646,-0.101977,-0.648461,0.752641,-0.114146,-0.779378,0.609809,-0.143885,
		-0.125653,0.981188,-0.146564,-0.345950,0.918303,-0.192452,-0.516241,0.835403,-0.188672,-0.638967,0.749418,-0.173475,-0.721981,0.668703,-0.177706
	],

	"faces": [
		32 ,0,1,5 ,0,1,5,
		32 ,5,1,6 ,5,1,6,
		32 ,5,6,10 ,5,6,10,
		32 ,10,6,11 ,10,6,11,
		32 ,10,11,15 ,10,11,15,
		32 ,15,11,16 ,15,11,16,
		32 ,15,16,20 ,15,16,20,
		32 ,20,16,21 ,20,16,21,
		32 ,1,2,6 ,1,2,6,
		32 ,6,2,7 ,6,2,7,
		32 ,6,7,11 ,6,7,11,
		32 ,11,7,12 ,11,7,12,
		32 ,11,12,16 ,11,12,16,
		32 ,16,12,17 ,16,12,17,
		32 ,16,17,21 ,16,17,21,
		32 ,21,17,22 ,21,17,22,
		32 ,2,3,7 ,2,3,7,
		32 ,7,3,8 ,7,3,8,
		32 ,7,8,12 ,7,8,12,
		32 ,12,8,13 ,12,8,13,
		32 ,12,13,17 ,12,13,17,
		32 ,17,13,18 ,17,13,18,
		32 ,17,18,22 ,17,18,22,
		32 ,22,18,23 ,22,18,23,
		32 ,3,4,8 ,3,4,8,
		32 ,8,4,9 ,8,4,9,
		32 ,8,9,13 ,8,9,13,
		32 ,13,9,14 ,13,9,14,
		32 ,13,14,18 ,13,14,18,
		32 ,18,14,19 ,18,14,19,
		32 ,18,19,23 ,18,19,23,
		32 ,23,19,24 ,23,19,24
	]

}
