{
	"metadata" : {
		"formatVersion" : 3,
		"description" : "Exported from LibZinc."
	},

	"vertices" : [
		285.342194,294.885590,-34.281540,280.239868,295.028168,-34.670597,275.244080,295.336914,-35.595173,270.116364,295.496521,-36.615314,264.618195,295.191803,-37.291080,285.348145,292.273285,-24.330059,280.445190,292.285309,-24.698084,275.643768,292.239075,-25.539974,270.671417,292.027924,-26.444490,265.255585,291.545380,-27.000395,
		285.343994,289.651031,-13.311031,280.560852,289.592590,-13.591638,275.845367,289.363373,-14.240729,270.971039,288.925934,-14.953098,265.711273,288.242859,-15.423536,285.334839,286.107819,-1.918602,280.646973,286.020752,-2.093510,275.995209,285.724426,-2.516980,271.230835,285.179596,-3.015477,266.205109,284.347046,-3.415466,
		285.325714,280.732697,9.153085,280.763733,280.640625,9.054045,276.239563,280.336761,8.811728,271.666321,279.777893,8.494033,266.957092,278.920807,8.168854
	],

	"normals" : [
		-0.006836,0.953257,0.302083,0.006239,0.947943,0.318380,-0.022011,0.932187,0.361308,-0.073540,0.913082,0.401090,-0.126021,0.903587,0.409449,0.001363,0.974005,0.226524,-0.032656,0.971686,0.234008,-0.071435,0.964664,0.253614,-0.103768,0.955801,0.275094,-0.120733,0.949387,0.289979,
		0.003138,0.968081,0.250619,-0.055814,0.966068,0.252184,-0.105505,0.960769,0.256498,-0.138934,0.954243,0.264799,-0.152857,0.948020,0.279094,0.001422,0.934914,0.354872,-0.062147,0.933584,0.352928,-0.118655,0.929779,0.348472,-0.163423,0.923493,0.347065,-0.193802,0.914691,0.354658,
		-0.000652,0.850857,0.525396,-0.056850,0.850129,0.523497,-0.112605,0.847846,0.518147,-0.164518,0.843089,0.511990,-0.209773,0.835373,0.508083
	],

	"faces": [
		32 ,0,1,5 ,0,1,5,
		32 ,5,1,6 ,5,1,6,
		32 ,5,6,10 ,5,6,10,
		32 ,10,6,11 ,10,6,11,
		32 ,10,11,15 ,10,11,15,
		32 ,15,11,16 ,15,11,16,
		32 ,15,16,20 ,15,16,20,
		32 ,20,16,21 ,20,16,21,
		32 ,1,2,6 ,1,2,6,
		32 ,6,2,7 ,6,2,7,
		32 ,6,7,11 ,6,7,11,
		32 ,11,7,12 ,11,7,12,
		32 ,11,12,16 ,11,12,16,
		32 ,16,12,17 ,16,12,17,
		32 ,16,17,21 ,16,17,21,
		32 ,21,17,22 ,21,17,22,
		32 ,2,3,7 ,2,3,7,
		32 ,7,3,8 ,7,3,8,
		32 ,7,8,12 ,7,8,12,
		32 ,12,8,13 ,12,8,13,
		32 ,12,13,17 ,12,13,17,
		32 ,17,13,18 ,17,13,18,
		32 ,17,18,22 ,17,18,22,
		32 ,22,18,23 ,22,18,23,
		32 ,3,4,8 ,3,4,8,
		32 ,8,4,9 ,8,4,9,
		32 ,8,9,13 ,8,9,13,
		32 ,13,9,14 ,13,9,14,
		32 ,13,14,18 ,13,14,18,
		32 ,18,14,19 ,18,14,19,
		32 ,18,19,23 ,18,19,23,
		32 ,23,19,24 ,23,19,24
	]

}
