{
	"metadata" : {
		"formatVersion" : 3,
		"description" : "Exported from LibZinc."
	},

	"vertices" : [
		433.311401,151.472702,-1675.000000,429.251526,142.576172,-1676.563354,426.005463,131.513000,-1680.000732,423.852783,122.086189,-1683.437744,423.073090,118.098801,-1685.000000,429.740845,147.690460,-1654.934937,425.841797,140.027206,-1655.003296,423.076111,131.742447,-1656.643433,421.367615,123.689789,-1659.004883,420.640259,116.722801,-1661.236694,
		425.789215,146.141205,-1629.873291,421.683807,138.963058,-1630.218140,418.543365,131.377655,-1630.837402,416.491211,123.484116,-1631.844116,415.650543,115.381622,-1633.351196,421.553436,146.399597,-1602.375122,416.831512,139.102798,-1603.524414,412.848846,131.003006,-1603.627686,410.078247,122.501976,-1603.458374,408.992523,114.001442,-1603.790283,
		417.130402,148.040298,-1575.000000,411.338959,140.165451,-1576.238525,406.434082,131.202957,-1576.059570,402.983459,121.776169,-1575.350830,401.554810,112.508400,-1575.000000
	],

	"normals" : [
		-0.831468,0.555572,0.001008,-0.933799,0.347776,-0.084093,-0.956745,0.274608,-0.096073,-0.971067,0.227694,-0.072007,0.999000,0.015106,0.042072,-0.846412,0.526541,-0.079635,-0.913799,0.388357,-0.118951,-0.946144,0.290220,-0.143474,-0.968978,0.199223,-0.146257,-0.986365,0.085296,-0.140741,
		-0.829007,0.547116,-0.115805,-0.883755,0.444402,-0.146571,-0.927433,0.330779,-0.174510,-0.959556,0.205379,-0.192543,-0.978056,0.066551,-0.197425,-0.779378,0.609809,-0.143885,-0.850493,0.496449,-0.173782,-0.907117,0.370753,-0.199199,-0.949655,0.221220,-0.221852,-0.971491,0.033520,-0.234695,
		-0.721981,0.668703,-0.177706,-0.821020,0.533442,-0.203388,-0.890676,0.394898,-0.225281,-0.941179,0.234955,-0.242855,-0.964726,0.028156,-0.261745
	],

	"faces": [
		32 ,0,1,5 ,0,1,5,
		32 ,5,1,6 ,5,1,6,
		32 ,5,6,10 ,5,6,10,
		32 ,10,6,11 ,10,6,11,
		32 ,10,11,15 ,10,11,15,
		32 ,15,11,16 ,15,11,16,
		32 ,15,16,20 ,15,16,20,
		32 ,20,16,21 ,20,16,21,
		32 ,1,2,6 ,1,2,6,
		32 ,6,2,7 ,6,2,7,
		32 ,6,7,11 ,6,7,11,
		32 ,11,7,12 ,11,7,12,
		32 ,11,12,16 ,11,12,16,
		32 ,16,12,17 ,16,12,17,
		32 ,16,17,21 ,16,17,21,
		32 ,21,17,22 ,21,17,22,
		32 ,2,3,7 ,2,3,7,
		32 ,7,3,8 ,7,3,8,
		32 ,7,8,12 ,7,8,12,
		32 ,12,8,13 ,12,8,13,
		32 ,12,13,17 ,12,13,17,
		32 ,17,13,18 ,17,13,18,
		32 ,17,18,22 ,17,18,22,
		32 ,22,18,23 ,22,18,23,
		32 ,3,4,8 ,3,4,8,
		32 ,8,4,9 ,8,4,9,
		32 ,8,9,13 ,8,9,13,
		32 ,13,9,14 ,13,9,14,
		32 ,13,14,18 ,13,14,18,
		32 ,18,14,19 ,18,14,19,
		32 ,18,19,23 ,18,19,23,
		32 ,23,19,24 ,23,19,24
	]

}
