{
	"metadata" : {
		"formatVersion" : 3,
		"description" : "Exported from LibZinc."
	},

	"vertices" : [
		371.502289,145.679001,-28.604050,374.073822,155.862732,-29.424171,375.389038,165.969177,-30.042856,375.578278,176.033508,-30.538527,374.771912,186.090805,-30.989599,370.634949,148.066986,-19.408787,372.505676,157.959152,-19.991001,373.419098,167.680817,-20.431427,373.528839,177.197586,-20.803825,372.988617,186.475067,-21.181953,
		368.652344,150.974579,-9.992384,369.923889,160.359253,-10.420086,370.411591,169.312424,-10.788070,370.292389,178.015106,-11.117841,369.743256,186.648361,-11.430908,365.554779,154.113480,-0.441678,366.324432,162.841858,-0.838076,366.444000,170.877304,-1.199486,366.087616,178.682465,-1.505442,365.429413,186.720016,-1.735475,
		361.342499,157.195404,9.156491,361.703217,165.185837,8.628377,361.593842,172.388763,8.247617,361.133331,179.396011,8.008506,360.440613,186.799393,7.905340
	],

	"normals" : [
		0.951257,-0.292370,0.098134,0.973792,-0.174388,0.146007,0.985379,-0.062866,0.158354,0.990108,0.038698,0.134866,0.988111,0.127639,0.085701,0.954010,-0.215645,0.208237,0.963303,-0.121986,0.239094,0.965614,-0.038225,0.257154,0.964294,0.034835,0.262532,0.963005,0.096858,0.251476,
		0.941134,-0.153310,0.301269,0.943565,-0.073846,0.322850,0.939671,-0.003102,0.342065,0.931922,0.052439,0.358848,0.926588,0.088615,0.365488,0.918776,-0.097890,0.382450,0.915576,-0.027348,0.401213,0.908735,0.034957,0.415906,0.900066,0.076382,0.429008,0.895248,0.090662,0.436247,
		0.890686,-0.034061,0.453341,0.878440,0.016483,0.477569,0.873747,0.059297,0.482753,0.873944,0.084809,0.478571,0.876758,0.088720,0.472678
	],

	"faces": [
		32 ,0,1,5 ,0,1,5,
		32 ,5,1,6 ,5,1,6,
		32 ,5,6,10 ,5,6,10,
		32 ,10,6,11 ,10,6,11,
		32 ,10,11,15 ,10,11,15,
		32 ,15,11,16 ,15,11,16,
		32 ,15,16,20 ,15,16,20,
		32 ,20,16,21 ,20,16,21,
		32 ,1,2,6 ,1,2,6,
		32 ,6,2,7 ,6,2,7,
		32 ,6,7,11 ,6,7,11,
		32 ,11,7,12 ,11,7,12,
		32 ,11,12,16 ,11,12,16,
		32 ,16,12,17 ,16,12,17,
		32 ,16,17,21 ,16,17,21,
		32 ,21,17,22 ,21,17,22,
		32 ,2,3,7 ,2,3,7,
		32 ,7,3,8 ,7,3,8,
		32 ,7,8,12 ,7,8,12,
		32 ,12,8,13 ,12,8,13,
		32 ,12,13,17 ,12,13,17,
		32 ,17,13,18 ,17,13,18,
		32 ,17,18,22 ,17,18,22,
		32 ,22,18,23 ,22,18,23,
		32 ,3,4,8 ,3,4,8,
		32 ,8,4,9 ,8,4,9,
		32 ,8,9,13 ,8,9,13,
		32 ,13,9,14 ,13,9,14,
		32 ,13,14,18 ,13,14,18,
		32 ,18,14,19 ,18,14,19,
		32 ,18,19,23 ,18,19,23,
		32 ,23,19,24 ,23,19,24
	]

}
