{
	"metadata" : {
		"formatVersion" : 3,
		"description" : "Exported from LibZinc."
	},

	"vertices" : [
		329.270508,285.856201,-35.602730,323.396332,289.285553,-36.121548,317.540802,292.050781,-36.795227,311.719849,294.041351,-37.296146,305.949402,295.146698,-37.296680,327.893707,282.725555,-26.252357,322.217072,285.837830,-26.586508,316.577972,288.455353,-26.884598,310.946747,290.412231,-27.047729,305.293701,291.542603,-26.977007,
		326.641937,279.834900,-15.254337,321.162811,282.776306,-15.408796,315.713074,285.213165,-15.520020,310.268860,287.063965,-15.534696,304.806274,288.247192,-15.399508,325.075684,276.276550,-3.686712,319.852173,279.111816,-3.676281,314.650421,281.382111,-3.669212,309.463470,283.115692,-3.599180,304.284271,284.340820,-3.399858,
		322.755402,271.142700,7.372477,317.903656,273.855072,7.523170,313.094238,276.020050,7.700108,308.307770,277.686615,7.916679,303.524902,278.903809,8.186271
	],

	"normals" : [
		0.466502,0.774363,0.427478,0.380270,0.809548,0.447244,0.301787,0.850818,0.430156,0.218184,0.886999,0.406974,0.124063,0.907028,0.402379,0.468034,0.835834,0.286925,0.421684,0.857866,0.293680,0.352028,0.887835,0.296353,0.253488,0.921206,0.295167,0.121982,0.949745,0.288279,
		0.472945,0.835695,0.279171,0.420333,0.863792,0.277819,0.350113,0.892754,0.283569,0.261508,0.921404,0.287452,0.153838,0.947604,0.279967,0.478350,0.797008,0.368728,0.409038,0.836919,0.363668,0.336058,0.868808,0.363645,0.263036,0.893871,0.363053,0.192797,0.914361,0.356052,
		0.451075,0.707319,0.544271,0.393135,0.744998,0.538909,0.332862,0.783064,0.525370,0.270237,0.815180,0.512301,0.208031,0.835937,0.507871
	],

	"faces": [
		32 ,0,1,5 ,0,1,5,
		32 ,5,1,6 ,5,1,6,
		32 ,5,6,10 ,5,6,10,
		32 ,10,6,11 ,10,6,11,
		32 ,10,11,15 ,10,11,15,
		32 ,15,11,16 ,15,11,16,
		32 ,15,16,20 ,15,16,20,
		32 ,20,16,21 ,20,16,21,
		32 ,1,2,6 ,1,2,6,
		32 ,6,2,7 ,6,2,7,
		32 ,6,7,11 ,6,7,11,
		32 ,11,7,12 ,11,7,12,
		32 ,11,12,16 ,11,12,16,
		32 ,16,12,17 ,16,12,17,
		32 ,16,17,21 ,16,17,21,
		32 ,21,17,22 ,21,17,22,
		32 ,2,3,7 ,2,3,7,
		32 ,7,3,8 ,7,3,8,
		32 ,7,8,12 ,7,8,12,
		32 ,12,8,13 ,12,8,13,
		32 ,12,13,17 ,12,13,17,
		32 ,17,13,18 ,17,13,18,
		32 ,17,18,22 ,17,18,22,
		32 ,22,18,23 ,22,18,23,
		32 ,3,4,8 ,3,4,8,
		32 ,8,4,9 ,8,4,9,
		32 ,8,9,13 ,8,9,13,
		32 ,13,9,14 ,13,9,14,
		32 ,13,14,18 ,13,14,18,
		32 ,18,14,19 ,18,14,19,
		32 ,18,19,23 ,18,19,23,
		32 ,23,19,24 ,23,19,24
	]

}
