{
	"metadata" : {
		"formatVersion" : 3,
		"description" : "Exported from LibZinc."
	},

	"vertices" : [
		322.755402,271.142700,7.372477,317.903656,273.855072,7.523170,313.094238,276.020050,7.700108,308.307770,277.686615,7.916679,303.524902,278.903809,8.186271,319.560120,263.902710,17.600689,315.180603,266.414124,17.839964,310.892120,268.462921,18.184319,306.628662,270.058258,18.558697,302.324219,271.209351,18.888035,
		315.729828,254.964752,27.075081,311.871368,257.206360,27.348711,308.148224,259.047333,27.753908,304.449219,260.491089,28.190331,300.663177,261.540985,28.557629,311.366394,244.829224,35.317169,308.082001,246.756622,35.597847,304.951630,248.332184,36.002319,301.841095,249.572601,36.445911,298.616272,250.494583,36.843937,
		306.571686,233.996597,41.848461,303.918671,235.589691,42.135807,301.391449,236.876312,42.522999,298.875885,237.890396,42.959766,296.257904,238.665894,43.395840
	],

	"normals" : [
		0.451075,0.707319,0.544271,0.393135,0.744998,0.538909,0.332862,0.783064,0.525370,0.270237,0.815180,0.512301,0.208031,0.835937,0.507871,0.411082,0.626803,0.661914,0.386128,0.644427,0.660015,0.344010,0.671937,0.655864,0.281387,0.703072,0.653078,0.198910,0.730064,0.653790,
		0.368199,0.543442,0.754387,0.367048,0.547212,0.752220,0.340139,0.564591,0.752025,0.282849,0.591616,0.754975,0.195914,0.620933,0.758986,0.323939,0.447903,0.833335,0.337246,0.445036,0.829583,0.323647,0.454862,0.829671,0.278634,0.476342,0.833943,0.204042,0.504568,0.838915,
		0.280200,0.325665,0.903012,0.300795,0.322978,0.897334,0.300766,0.328732,0.895252,0.276843,0.344523,0.897029,0.230380,0.369276,0.900311
	],

	"faces": [
		32 ,0,1,5 ,0,1,5,
		32 ,5,1,6 ,5,1,6,
		32 ,5,6,10 ,5,6,10,
		32 ,10,6,11 ,10,6,11,
		32 ,10,11,15 ,10,11,15,
		32 ,15,11,16 ,15,11,16,
		32 ,15,16,20 ,15,16,20,
		32 ,20,16,21 ,20,16,21,
		32 ,1,2,6 ,1,2,6,
		32 ,6,2,7 ,6,2,7,
		32 ,6,7,11 ,6,7,11,
		32 ,11,7,12 ,11,7,12,
		32 ,11,12,16 ,11,12,16,
		32 ,16,12,17 ,16,12,17,
		32 ,16,17,21 ,16,17,21,
		32 ,21,17,22 ,21,17,22,
		32 ,2,3,7 ,2,3,7,
		32 ,7,3,8 ,7,3,8,
		32 ,7,8,12 ,7,8,12,
		32 ,12,8,13 ,12,8,13,
		32 ,12,13,17 ,12,13,17,
		32 ,17,13,18 ,17,13,18,
		32 ,17,18,22 ,17,18,22,
		32 ,22,18,23 ,22,18,23,
		32 ,3,4,8 ,3,4,8,
		32 ,8,4,9 ,8,4,9,
		32 ,8,9,13 ,8,9,13,
		32 ,13,9,14 ,13,9,14,
		32 ,13,14,18 ,13,14,18,
		32 ,18,14,19 ,18,14,19,
		32 ,18,19,23 ,18,19,23,
		32 ,23,19,24 ,23,19,24
	]

}
