{
	"metadata" : {
		"formatVersion" : 3,
		"description" : "Exported from LibZinc."
	},

	"vertices" : [
		479.432800,86.954742,-1575.000000,484.455688,94.565422,-1575.354980,488.312500,103.010834,-1575.725830,491.136597,111.824409,-1575.733765,493.061401,120.539597,-1575.000000,479.588165,82.034096,-1547.745117,485.008545,90.832626,-1548.223755,489.180542,100.164177,-1548.589478,492.195709,109.709274,-1548.708740,494.145508,119.148445,-1548.447998,
		478.954620,76.768143,-1520.622437,484.924255,86.606232,-1521.051025,489.572083,96.891632,-1521.337280,492.936554,107.283302,-1521.441284,495.056213,117.440201,-1521.323242,477.708344,71.728119,-1493.188477,484.465149,82.391190,-1493.625610,489.716980,93.711922,-1493.846924,493.447083,105.170563,-1493.826050,495.638763,116.247337,-1493.536865,
		476.025604,67.485252,-1465.000000,483.893524,78.692451,-1465.736084,489.845154,91.143784,-1465.996216,493.815216,103.995117,-1465.758057,495.738403,116.402298,-1465.000000
	],

	"normals" : [
		0.772235,-0.623785,-0.120607,0.872568,-0.480242,-0.089399,0.931246,-0.357002,-0.073017,0.965089,-0.254660,-0.061254,0.984472,-0.168841,-0.048035,0.803846,-0.585656,-0.104108,0.881553,-0.465925,-0.076020,0.933390,-0.353598,-0.061254,0.966866,-0.249638,-0.053404,0.987329,-0.151503,-0.047199,
		0.814811,-0.573942,-0.081692,0.883048,-0.465007,-0.063208,0.931734,-0.359491,-0.051371,0.965763,-0.255729,-0.043650,0.988099,-0.149437,-0.036469,0.801572,-0.595035,-0.058442,0.877235,-0.477230,-0.052061,0.930194,-0.364619,-0.042342,0.967228,-0.252057,-0.030599,0.991323,-0.130474,-0.015970,
		0.758227,-0.651093,-0.034206,0.864210,-0.501405,-0.041630,0.931542,-0.362091,-0.033471,0.974231,-0.225043,-0.015182,0.997186,-0.074366,0.009507
	],

	"faces": [
		32 ,0,1,5 ,0,1,5,
		32 ,5,1,6 ,5,1,6,
		32 ,5,6,10 ,5,6,10,
		32 ,10,6,11 ,10,6,11,
		32 ,10,11,15 ,10,11,15,
		32 ,15,11,16 ,15,11,16,
		32 ,15,16,20 ,15,16,20,
		32 ,20,16,21 ,20,16,21,
		32 ,1,2,6 ,1,2,6,
		32 ,6,2,7 ,6,2,7,
		32 ,6,7,11 ,6,7,11,
		32 ,11,7,12 ,11,7,12,
		32 ,11,12,16 ,11,12,16,
		32 ,16,12,17 ,16,12,17,
		32 ,16,17,21 ,16,17,21,
		32 ,21,17,22 ,21,17,22,
		32 ,2,3,7 ,2,3,7,
		32 ,7,3,8 ,7,3,8,
		32 ,7,8,12 ,7,8,12,
		32 ,12,8,13 ,12,8,13,
		32 ,12,13,17 ,12,13,17,
		32 ,17,13,18 ,17,13,18,
		32 ,17,18,22 ,17,18,22,
		32 ,22,18,23 ,22,18,23,
		32 ,3,4,8 ,3,4,8,
		32 ,8,4,9 ,8,4,9,
		32 ,8,9,13 ,8,9,13,
		32 ,13,9,14 ,13,9,14,
		32 ,13,14,18 ,13,14,18,
		32 ,18,14,19 ,18,14,19,
		32 ,18,19,23 ,18,19,23,
		32 ,23,19,24 ,23,19,24
	]

}
