{
	"metadata" : {
		"formatVersion" : 3,
		"description" : "Exported from LibZinc."
	},

	"vertices" : [
		493.061401,120.539597,-1575.000000,493.085785,128.662476,-1574.362793,490.633301,136.184662,-1574.531494,486.474457,143.367889,-1574.934448,481.379700,150.473907,-1575.000000,494.145508,119.148445,-1548.447998,494.203705,127.938545,-1548.320068,491.944244,135.976776,-1548.630737,488.059021,143.604187,-1548.935547,483.239899,151.161850,-1548.790039,
		495.056213,117.440201,-1521.323242,495.469421,126.781120,-1521.338745,493.917419,135.273224,-1521.634766,490.743103,143.398071,-1521.858032,486.289368,151.637207,-1521.655518,495.638763,116.247337,-1493.536865,496.302826,126.298897,-1493.396973,495.410126,135.421173,-1493.609253,492.884186,144.203323,-1493.824341,488.648407,153.234512,-1493.693237,
		495.738403,116.402298,-1465.000000,496.123810,127.600555,-1464.472778,495.279785,137.767746,-1464.619629,492.839813,147.473709,-1464.956665,488.437408,157.288300,-1465.000000
	],

	"normals" : [
		0.984472,-0.168841,-0.048035,0.984838,0.170530,-0.031832,0.905277,0.423791,-0.029586,0.831131,0.554877,-0.036501,0.801321,0.596253,-0.048643,0.987329,-0.151503,-0.047199,0.988826,0.143037,-0.041991,0.924838,0.376454,-0.054373,0.858527,0.507473,-0.073501,0.827273,0.554005,-0.093261,
		0.988099,-0.149437,-0.036469,0.996801,0.069732,-0.039061,0.958166,0.279448,-0.061862,0.899044,0.428826,-0.088471,0.853638,0.509442,-0.108492,0.991323,-0.130474,-0.015970,0.999832,0.010553,-0.014991,0.981678,0.186978,-0.036709,0.932276,0.355728,-0.065726,0.872334,0.481128,-0.086884,
		0.997186,-0.074366,0.009507,0.999473,0.015586,0.028488,0.986956,0.159303,0.023262,0.944562,0.328329,-0.001585,0.876438,0.480534,-0.030718
	],

	"faces": [
		32 ,0,1,5 ,0,1,5,
		32 ,5,1,6 ,5,1,6,
		32 ,5,6,10 ,5,6,10,
		32 ,10,6,11 ,10,6,11,
		32 ,10,11,15 ,10,11,15,
		32 ,15,11,16 ,15,11,16,
		32 ,15,16,20 ,15,16,20,
		32 ,20,16,21 ,20,16,21,
		32 ,1,2,6 ,1,2,6,
		32 ,6,2,7 ,6,2,7,
		32 ,6,7,11 ,6,7,11,
		32 ,11,7,12 ,11,7,12,
		32 ,11,12,16 ,11,12,16,
		32 ,16,12,17 ,16,12,17,
		32 ,16,17,21 ,16,17,21,
		32 ,21,17,22 ,21,17,22,
		32 ,2,3,7 ,2,3,7,
		32 ,7,3,8 ,7,3,8,
		32 ,7,8,12 ,7,8,12,
		32 ,12,8,13 ,12,8,13,
		32 ,12,13,17 ,12,13,17,
		32 ,17,13,18 ,17,13,18,
		32 ,17,18,22 ,17,18,22,
		32 ,22,18,23 ,22,18,23,
		32 ,3,4,8 ,3,4,8,
		32 ,8,4,9 ,8,4,9,
		32 ,8,9,13 ,8,9,13,
		32 ,13,9,14 ,13,9,14,
		32 ,13,14,18 ,13,14,18,
		32 ,18,14,19 ,18,14,19,
		32 ,18,19,23 ,18,19,23,
		32 ,23,19,24 ,23,19,24
	]

}
