{
	"metadata" : {
		"formatVersion" : 3,
		"description" : "Exported from LibZinc."
	},

	"vertices" : [
		481.379700,150.473907,-1575.000000,475.010498,157.206177,-1574.753784,466.963104,162.590225,-1574.637207,457.910309,165.870865,-1574.702026,448.524902,166.292892,-1575.000000,483.239899,151.161850,-1548.790039,477.077881,158.405441,-1548.432251,469.046844,164.453629,-1548.357910,459.662933,168.691925,-1548.508789,449.442291,170.505814,-1548.826294,
		486.289368,151.637207,-1521.655518,480.258392,159.873169,-1521.319336,472.289429,167.117432,-1521.295654,462.631012,172.544800,-1521.461914,451.531738,175.330093,-1521.695557,488.648407,153.234512,-1493.693237,482.528473,162.510834,-1493.463989,474.436005,170.881561,-1493.504517,464.423553,177.215500,-1493.645386,452.543640,180.381470,-1493.717041,
		488.437408,157.288300,-1465.000000,481.864624,167.219879,-1464.915405,473.231750,176.045959,-1465.039062,462.649475,182.490051,-1465.143188,450.228485,185.275696,-1465.000000
	],

	"normals" : [
		0.801321,0.596253,-0.048643,0.643197,0.763268,-0.060989,0.456384,0.887265,-0.066893,0.208044,0.974210,-0.087363,-0.125653,0.981188,-0.146564,0.827273,0.554005,-0.093261,0.679132,0.726117,-0.107397,0.508573,0.851366,-0.128566,0.301586,0.941492,-0.150459,0.043589,0.984104,-0.172163,
		0.853638,0.509442,-0.108492,0.738143,0.662379,-0.128063,0.583876,0.796478,-0.157195,0.374274,0.909617,-0.180322,0.102601,0.977466,-0.184483,0.872334,0.481128,-0.086884,0.779853,0.616485,-0.108517,0.634593,0.760355,-0.138389,0.406987,0.898301,-0.165578,0.092073,0.980570,-0.173218,
		0.876438,0.480534,-0.030718,0.781948,0.620997,-0.054035,0.630601,0.771931,-0.080401,0.384004,0.915896,-0.116946,0.035455,0.987501,-0.153575
	],

	"faces": [
		32 ,0,1,5 ,0,1,5,
		32 ,5,1,6 ,5,1,6,
		32 ,5,6,10 ,5,6,10,
		32 ,10,6,11 ,10,6,11,
		32 ,10,11,15 ,10,11,15,
		32 ,15,11,16 ,15,11,16,
		32 ,15,16,20 ,15,16,20,
		32 ,20,16,21 ,20,16,21,
		32 ,1,2,6 ,1,2,6,
		32 ,6,2,7 ,6,2,7,
		32 ,6,7,11 ,6,7,11,
		32 ,11,7,12 ,11,7,12,
		32 ,11,12,16 ,11,12,16,
		32 ,16,12,17 ,16,12,17,
		32 ,16,17,21 ,16,17,21,
		32 ,21,17,22 ,21,17,22,
		32 ,2,3,7 ,2,3,7,
		32 ,7,3,8 ,7,3,8,
		32 ,7,8,12 ,7,8,12,
		32 ,12,8,13 ,12,8,13,
		32 ,12,13,17 ,12,13,17,
		32 ,17,13,18 ,17,13,18,
		32 ,17,18,22 ,17,18,22,
		32 ,22,18,23 ,22,18,23,
		32 ,3,4,8 ,3,4,8,
		32 ,8,4,9 ,8,4,9,
		32 ,8,9,13 ,8,9,13,
		32 ,13,9,14 ,13,9,14,
		32 ,13,14,18 ,13,14,18,
		32 ,18,14,19 ,18,14,19,
		32 ,18,19,23 ,18,19,23,
		32 ,23,19,24 ,23,19,24
	]

}
