{
	"metadata" : {
		"formatVersion" : 3,
		"description" : "Exported from LibZinc."
	},

	"vertices" : [
		450.228485,185.275696,-1465.000000,436.610168,184.546127,-1464.710205,422.795135,181.339005,-1464.570068,409.433228,175.719589,-1464.644897,397.174194,167.753098,-1465.000000,441.831055,190.388611,-1434.386719,428.446594,188.897064,-1434.018188,415.123566,185.066650,-1433.840454,402.456604,179.037842,-1433.931885,391.040405,170.951096,-1434.371338,
		428.968445,196.451706,-1402.801758,416.178101,194.335693,-1402.560181,403.867950,189.871735,-1402.366943,392.458282,183.388962,-1402.351196,382.369293,175.216537,-1402.641846,415.949768,203.614258,-1373.477905,403.781372,200.853867,-1373.353149,392.538666,195.613174,-1373.131714,382.389069,188.501328,-1372.976807,373.500031,180.127502,-1373.051636,
		407.084015,212.025604,-1349.647949,395.233063,208.443420,-1349.414062,384.646027,202.149857,-1349.116455,375.199921,194.103287,-1348.882812,366.771698,185.262100,-1348.840942
	],

	"normals" : [
		0.035455,0.987501,-0.153575,-0.142513,0.978317,-0.150286,-0.304347,0.940761,-0.149472,-0.458739,0.875572,-0.151431,-0.609967,0.777399,-0.153591,-0.026509,0.982879,-0.182335,-0.195489,0.956695,-0.215683,-0.344926,0.909218,-0.233127,-0.485280,0.840588,-0.240654,-0.622525,0.744199,-0.242137,
		-0.066672,0.969590,-0.235480,-0.250602,0.925179,-0.285030,-0.403253,0.863305,-0.303467,-0.534872,0.788645,-0.303234,-0.653047,0.697150,-0.295823,-0.099476,0.944482,-0.313142,-0.313573,0.879445,-0.358119,-0.476475,0.801545,-0.361243,-0.597607,0.724393,-0.343686,-0.687165,0.649451,-0.325602,
		-0.140633,0.886745,-0.440348,-0.383564,0.818535,-0.427643,-0.552929,0.738993,-0.384915,-0.655509,0.673030,-0.342548,-0.703639,0.631532,-0.325667
	],

	"faces": [
		32 ,0,1,5 ,0,1,5,
		32 ,5,1,6 ,5,1,6,
		32 ,5,6,10 ,5,6,10,
		32 ,10,6,11 ,10,6,11,
		32 ,10,11,15 ,10,11,15,
		32 ,15,11,16 ,15,11,16,
		32 ,15,16,20 ,15,16,20,
		32 ,20,16,21 ,20,16,21,
		32 ,1,2,6 ,1,2,6,
		32 ,6,2,7 ,6,2,7,
		32 ,6,7,11 ,6,7,11,
		32 ,11,7,12 ,11,7,12,
		32 ,11,12,16 ,11,12,16,
		32 ,16,12,17 ,16,12,17,
		32 ,16,17,21 ,16,17,21,
		32 ,21,17,22 ,21,17,22,
		32 ,2,3,7 ,2,3,7,
		32 ,7,3,8 ,7,3,8,
		32 ,7,8,12 ,7,8,12,
		32 ,12,8,13 ,12,8,13,
		32 ,12,13,17 ,12,13,17,
		32 ,17,13,18 ,17,13,18,
		32 ,17,18,22 ,17,18,22,
		32 ,22,18,23 ,22,18,23,
		32 ,3,4,8 ,3,4,8,
		32 ,8,4,9 ,8,4,9,
		32 ,8,9,13 ,8,9,13,
		32 ,13,9,14 ,13,9,14,
		32 ,13,14,18 ,13,14,18,
		32 ,18,14,19 ,18,14,19,
		32 ,18,19,23 ,18,19,23,
		32 ,23,19,24 ,23,19,24
	]

}
