{
	"metadata" : {
		"formatVersion" : 3,
		"description" : "Exported from LibZinc."
	},

	"vertices" : [
		364.562805,118.105904,-1465.000000,363.046631,105.890022,-1465.191162,364.295807,94.928162,-1465.206909,368.233887,84.725266,-1465.119141,374.784302,74.786308,-1465.000000,361.813293,123.219429,-1434.206665,360.633575,111.452072,-1434.443481,362.133575,100.636276,-1434.461426,366.109009,90.342369,-1434.391357,372.355682,80.140640,-1434.364014,
		358.387360,130.978195,-1402.586670,358.372375,119.445450,-1402.710815,360.944977,108.565910,-1402.733765,365.726105,98.135620,-1402.726440,372.336578,87.950592,-1402.759155,353.919830,138.835266,-1373.245850,355.186035,127.315933,-1373.234985,359.061829,116.278793,-1373.241333,364.991241,105.777779,-1373.262695,372.418243,95.866844,-1373.296387,
		348.045502,144.243698,-1349.290039,349.997620,132.509323,-1349.257690,354.815857,121.336655,-1349.201294,361.810547,110.941612,-1349.138672,370.291992,101.540100,-1349.087036
	],

	"normals" : [
		-0.969643,0.220453,-0.105801,-0.995076,0.011224,-0.098481,-0.967725,-0.240561,-0.075090,-0.883481,-0.465584,-0.051892,-0.785313,-0.617245,-0.047880,-0.968748,0.206697,-0.137129,-0.997813,-0.016667,-0.063966,-0.966679,-0.255518,0.015591,-0.890107,-0.449518,0.075127,-0.810579,-0.576053,0.105474,
		-0.980541,0.120560,-0.154937,-0.991696,-0.118851,-0.049121,-0.942073,-0.331723,0.049583,-0.865915,-0.485406,0.120716,-0.795819,-0.582477,0.165504,-0.981719,0.018391,-0.189445,-0.969811,-0.228878,-0.084148,-0.907221,-0.420482,0.012007,-0.830178,-0.550515,0.087963,-0.759696,-0.633070,0.148609,
		-0.950175,-0.023383,-0.310838,-0.923872,-0.282507,-0.258169,-0.858311,-0.478730,-0.184717,-0.780282,-0.617416,-0.099787,-0.700623,-0.713510,-0.005519
	],

	"faces": [
		32 ,0,1,5 ,0,1,5,
		32 ,5,1,6 ,5,1,6,
		32 ,5,6,10 ,5,6,10,
		32 ,10,6,11 ,10,6,11,
		32 ,10,11,15 ,10,11,15,
		32 ,15,11,16 ,15,11,16,
		32 ,15,16,20 ,15,16,20,
		32 ,20,16,21 ,20,16,21,
		32 ,1,2,6 ,1,2,6,
		32 ,6,2,7 ,6,2,7,
		32 ,6,7,11 ,6,7,11,
		32 ,11,7,12 ,11,7,12,
		32 ,11,12,16 ,11,12,16,
		32 ,16,12,17 ,16,12,17,
		32 ,16,17,21 ,16,17,21,
		32 ,21,17,22 ,21,17,22,
		32 ,2,3,7 ,2,3,7,
		32 ,7,3,8 ,7,3,8,
		32 ,7,8,12 ,7,8,12,
		32 ,12,8,13 ,12,8,13,
		32 ,12,13,17 ,12,13,17,
		32 ,17,13,18 ,17,13,18,
		32 ,17,18,22 ,17,18,22,
		32 ,22,18,23 ,22,18,23,
		32 ,3,4,8 ,3,4,8,
		32 ,8,4,9 ,8,4,9,
		32 ,8,9,13 ,8,9,13,
		32 ,13,9,14 ,13,9,14,
		32 ,13,14,18 ,13,14,18,
		32 ,18,14,19 ,18,14,19,
		32 ,18,19,23 ,18,19,23,
		32 ,23,19,24 ,23,19,24
	]

}
