{
	"metadata" : {
		"formatVersion" : 3,
		"description" : "Exported from LibZinc."
	},

	"vertices" : [
		138.900604,251.917603,-1851.000000,136.568542,251.572098,-1851.468750,131.438004,250.811996,-1852.500000,126.307465,250.051895,-1853.531250,123.975403,249.706406,-1854.000000,140.212601,245.941299,-1843.192993,137.053482,245.632004,-1843.315063,131.672668,244.656815,-1844.232422,126.411629,243.600113,-1845.264771,123.611832,243.046249,-1845.731201,
		141.199890,240.356567,-1832.660889,136.667618,239.826736,-1832.595459,131.254242,238.680069,-1833.178345,126.125206,237.286087,-1833.987671,122.445930,236.014282,-1834.601318,141.707794,234.583908,-1821.048340,135.872681,233.890533,-1820.732056,130.380402,232.659454,-1820.907593,125.329781,231.012253,-1821.434082,120.819687,229.070587,-1822.170654,
		141.581604,228.043793,-1810.000000,135.130417,227.557617,-1809.147095,129.248795,226.372620,-1808.990356,123.906944,224.681076,-1809.338501,119.075104,222.675293,-1810.000000
	],

	"normals" : [
		0.000000,0.000000,-0.000000,-0.239893,0.682341,0.690553,-0.240172,0.676202,0.696468,-0.240782,0.661011,0.710696,-0.822885,-0.411443,-0.391887,0.324107,0.827817,0.457902,-0.201807,0.839176,0.505032,-0.256492,0.827452,0.499534,-0.266791,0.815244,0.514004,-0.081214,0.821535,0.564344,
		0.039025,0.897658,0.438961,-0.181297,0.881888,0.435207,-0.270002,0.867282,0.418235,-0.328029,0.845674,0.420989,-0.405176,0.809033,0.425791,-0.009769,0.886303,0.463004,-0.149508,0.885353,0.440224,-0.269573,0.871811,0.408994,-0.371990,0.843208,0.388102,-0.462304,0.806326,0.368935,
		0.098475,0.814341,0.571972,-0.081146,0.855235,0.511847,-0.234085,0.851989,0.468315,-0.353794,0.836666,0.418115,-0.436429,0.823463,0.362545
	],

	"faces": [
		32 ,0,1,5 ,0,1,5,
		32 ,5,1,6 ,5,1,6,
		32 ,5,6,10 ,5,6,10,
		32 ,10,6,11 ,10,6,11,
		32 ,10,11,15 ,10,11,15,
		32 ,15,11,16 ,15,11,16,
		32 ,15,16,20 ,15,16,20,
		32 ,20,16,21 ,20,16,21,
		32 ,1,2,6 ,1,2,6,
		32 ,6,2,7 ,6,2,7,
		32 ,6,7,11 ,6,7,11,
		32 ,11,7,12 ,11,7,12,
		32 ,11,12,16 ,11,12,16,
		32 ,16,12,17 ,16,12,17,
		32 ,16,17,21 ,16,17,21,
		32 ,21,17,22 ,21,17,22,
		32 ,2,3,7 ,2,3,7,
		32 ,7,3,8 ,7,3,8,
		32 ,7,8,12 ,7,8,12,
		32 ,12,8,13 ,12,8,13,
		32 ,12,13,17 ,12,13,17,
		32 ,17,13,18 ,17,13,18,
		32 ,17,18,22 ,17,18,22,
		32 ,22,18,23 ,22,18,23,
		32 ,3,4,8 ,3,4,8,
		32 ,8,4,9 ,8,4,9,
		32 ,8,9,13 ,8,9,13,
		32 ,13,9,14 ,13,9,14,
		32 ,13,14,18 ,13,14,18,
		32 ,18,14,19 ,18,14,19,
		32 ,18,19,23 ,18,19,23,
		32 ,23,19,24 ,23,19,24
	]

}
