{
	"metadata" : {
		"formatVersion" : 3,
		"description" : "Exported from LibZinc."
	},

	"vertices" : [
		110.340103,237.545105,-1857.000000,108.123192,236.479828,-1857.468750,103.246002,234.136246,-1858.500000,98.368805,231.792664,-1859.531250,96.151901,230.727402,-1860.000000,109.893761,231.205856,-1849.676880,107.566658,230.067703,-1850.606567,103.017830,227.675934,-1852.205566,98.447876,225.242981,-1853.846924,96.057419,223.981277,-1854.904053,
		109.013245,225.060654,-1839.041260,106.219810,223.306961,-1840.794067,102.327866,220.915176,-1843.242676,98.425873,218.415222,-1845.798584,95.602280,216.337021,-1847.873413,107.624557,219.065689,-1826.885132,104.356407,216.554489,-1829.466309,101.028374,213.980850,-1832.775513,97.728622,211.206573,-1836.269653,94.545326,208.093445,-1839.406128,
		105.653702,213.177094,-1815.000000,102.250214,210.167175,-1818.058472,98.971603,206.999817,-1821.968018,95.781967,203.514160,-1826.143555,92.645401,199.549301,-1830.000000
	],

	"normals" : [
		0.000000,-0.000000,0.000000,-0.422853,0.569997,0.704485,-0.413939,0.538476,0.733960,-0.403315,0.502953,0.764445,0.907482,0.226871,0.353562,-0.521330,0.724770,0.450470,-0.532942,0.697728,0.478694,-0.534875,0.658921,0.528896,-0.542411,0.603886,0.584048,-0.724226,0.459577,0.514087,
		-0.655288,0.694477,0.297153,-0.636500,0.692539,0.339495,-0.652061,0.651501,0.387765,-0.686867,0.581816,0.435551,-0.774262,0.476924,0.416008,-0.689244,0.684810,0.236598,-0.719219,0.649991,0.245431,-0.756599,0.596159,0.268614,-0.791392,0.532777,0.299746,-0.812241,0.484831,0.324350,
		-0.715887,0.667884,0.203560,-0.767048,0.612654,0.190508,-0.806738,0.562629,0.180614,-0.837407,0.516748,0.178103,-0.861354,0.466887,0.200215
	],

	"faces": [
		32 ,0,1,5 ,0,1,5,
		32 ,5,1,6 ,5,1,6,
		32 ,5,6,10 ,5,6,10,
		32 ,10,6,11 ,10,6,11,
		32 ,10,11,15 ,10,11,15,
		32 ,15,11,16 ,15,11,16,
		32 ,15,16,20 ,15,16,20,
		32 ,20,16,21 ,20,16,21,
		32 ,1,2,6 ,1,2,6,
		32 ,6,2,7 ,6,2,7,
		32 ,6,7,11 ,6,7,11,
		32 ,11,7,12 ,11,7,12,
		32 ,11,12,16 ,11,12,16,
		32 ,16,12,17 ,16,12,17,
		32 ,16,17,21 ,16,17,21,
		32 ,21,17,22 ,21,17,22,
		32 ,2,3,7 ,2,3,7,
		32 ,7,3,8 ,7,3,8,
		32 ,7,8,12 ,7,8,12,
		32 ,12,8,13 ,12,8,13,
		32 ,12,13,17 ,12,13,17,
		32 ,17,13,18 ,17,13,18,
		32 ,17,18,22 ,17,18,22,
		32 ,22,18,23 ,22,18,23,
		32 ,3,4,8 ,3,4,8,
		32 ,8,4,9 ,8,4,9,
		32 ,8,9,13 ,8,9,13,
		32 ,13,9,14 ,13,9,14,
		32 ,13,14,18 ,13,14,18,
		32 ,18,14,19 ,18,14,19,
		32 ,18,19,23 ,18,19,23,
		32 ,23,19,24 ,23,19,24
	]

}
