{
	"metadata" : {
		"formatVersion" : 3,
		"description" : "Exported from LibZinc."
	},

	"vertices" : [
		82.885002,223.356995,-1863.000000,81.644470,221.803833,-1865.194824,81.800316,220.940643,-1867.679688,83.143425,220.640717,-1870.074707,85.464699,220.777298,-1872.000000,82.759705,214.564789,-1860.706787,81.559677,212.690018,-1863.303223,81.768127,211.505630,-1866.147217,83.159409,210.913300,-1868.852783,85.507851,210.814774,-1871.033691,
		82.494812,203.720535,-1857.174438,81.392052,201.210999,-1860.318970,81.783073,199.473312,-1863.611084,83.409142,198.449936,-1866.719849,86.011520,198.083389,-1869.314697,82.129211,192.045120,-1852.054810,81.263588,188.854126,-1855.726929,81.930908,186.492874,-1859.427124,83.840691,184.950256,-1862.911987,86.702438,184.215210,-1865.938354,
		81.701797,180.759399,-1845.000000,81.296288,177.106750,-1849.011841,82.297401,174.213516,-1852.951538,84.402092,172.113937,-1856.665405,87.307297,170.842300,-1860.000000
	],

	"normals" : [
		-0.758348,0.158159,0.632372,-0.981384,0.038738,0.188110,-0.956102,-0.044126,-0.289693,-0.764782,-0.072286,-0.640221,-0.487155,-0.079632,-0.869677,-0.827165,0.169283,0.535855,-0.989352,0.044650,0.138526,-0.961845,-0.045231,-0.269831,-0.798316,-0.091029,-0.595320,-0.539530,-0.100562,-0.835940,
		-0.894612,0.177748,0.409969,-0.996753,0.035749,0.072143,-0.957734,-0.075657,-0.277529,-0.810604,-0.143054,-0.567853,-0.589270,-0.167501,-0.790383,-0.944134,0.176258,0.278466,-0.999937,0.008757,0.007094,-0.951111,-0.131074,-0.279655,-0.819337,-0.223142,-0.528104,-0.635074,-0.266847,-0.724896,
		-0.977973,0.150745,0.144379,-0.997713,-0.048334,-0.047245,-0.943248,-0.215697,-0.252503,-0.833714,-0.329234,-0.443313,-0.690844,-0.389840,-0.608900
	],

	"faces": [
		32 ,0,1,5 ,0,1,5,
		32 ,5,1,6 ,5,1,6,
		32 ,5,6,10 ,5,6,10,
		32 ,10,6,11 ,10,6,11,
		32 ,10,11,15 ,10,11,15,
		32 ,15,11,16 ,15,11,16,
		32 ,15,16,20 ,15,16,20,
		32 ,20,16,21 ,20,16,21,
		32 ,1,2,6 ,1,2,6,
		32 ,6,2,7 ,6,2,7,
		32 ,6,7,11 ,6,7,11,
		32 ,11,7,12 ,11,7,12,
		32 ,11,12,16 ,11,12,16,
		32 ,16,12,17 ,16,12,17,
		32 ,16,17,21 ,16,17,21,
		32 ,21,17,22 ,21,17,22,
		32 ,2,3,7 ,2,3,7,
		32 ,7,3,8 ,7,3,8,
		32 ,7,8,12 ,7,8,12,
		32 ,12,8,13 ,12,8,13,
		32 ,12,13,17 ,12,13,17,
		32 ,17,13,18 ,17,13,18,
		32 ,17,18,22 ,17,18,22,
		32 ,22,18,23 ,22,18,23,
		32 ,3,4,8 ,3,4,8,
		32 ,8,4,9 ,8,4,9,
		32 ,8,9,13 ,8,9,13,
		32 ,13,9,14 ,13,9,14,
		32 ,13,14,18 ,13,14,18,
		32 ,18,14,19 ,18,14,19,
		32 ,18,19,23 ,18,19,23,
		32 ,23,19,24 ,23,19,24
	]

}
