{
	"metadata" : {
		"formatVersion" : 3,
		"description" : "Exported from LibZinc."
	},

	"vertices" : [
		85.464699,220.777298,-1872.000000,89.079254,221.471375,-1872.879639,93.468422,222.591949,-1872.781860,97.172432,223.634384,-1872.293213,98.731499,224.093994,-1872.000000,85.507851,210.814774,-1871.033691,89.069595,211.384201,-1872.256470,93.375168,212.482254,-1872.591797,97.110481,213.540344,-1872.409912,98.961472,213.989899,-1872.081421,
		86.011520,198.083389,-1869.314697,89.480904,198.410889,-1871.051270,93.412926,199.284225,-1871.941650,97.106255,200.367645,-1872.189941,99.859589,201.325409,-1872.000488,86.702438,184.215210,-1865.938354,90.076195,184.207138,-1868.207520,93.643906,184.788345,-1869.646851,97.297951,185.861984,-1870.352295,100.930710,187.331177,-1870.419312,
		87.307297,170.842300,-1860.000000,90.618462,170.428650,-1862.668945,94.130318,170.785126,-1864.523193,97.823761,171.769058,-1865.615845,101.679703,173.237793,-1866.000000
	],

	"normals" : [
		-0.487155,-0.079632,-0.869677,-0.049521,-0.082338,-0.995373,0.103062,-0.046044,-0.993609,0.172776,-0.018492,-0.984788,0.944705,-0.041176,-0.325326,-0.539530,-0.100562,-0.835940,-0.155769,-0.064795,-0.985666,0.001615,-0.018637,-0.999825,0.100990,0.013028,-0.994802,0.511679,0.045071,-0.857994,
		-0.589270,-0.167501,-0.790383,-0.293393,-0.137612,-0.946036,-0.111090,-0.090183,-0.989710,0.019904,-0.057498,-0.998147,0.175029,-0.030414,-0.984093,-0.635074,-0.266847,-0.724896,-0.432135,-0.261326,-0.863115,-0.221257,-0.233841,-0.946765,-0.026233,-0.206641,-0.978065,0.141745,-0.179857,-0.973427,
		-0.690844,-0.389840,-0.608900,-0.496377,-0.434621,-0.751475,-0.256671,-0.460149,-0.849931,-0.025171,-0.446058,-0.894650,0.161189,-0.406564,-0.899291
	],

	"faces": [
		32 ,0,1,5 ,0,1,5,
		32 ,5,1,6 ,5,1,6,
		32 ,5,6,10 ,5,6,10,
		32 ,10,6,11 ,10,6,11,
		32 ,10,11,15 ,10,11,15,
		32 ,15,11,16 ,15,11,16,
		32 ,15,16,20 ,15,16,20,
		32 ,20,16,21 ,20,16,21,
		32 ,1,2,6 ,1,2,6,
		32 ,6,2,7 ,6,2,7,
		32 ,6,7,11 ,6,7,11,
		32 ,11,7,12 ,11,7,12,
		32 ,11,12,16 ,11,12,16,
		32 ,16,12,17 ,16,12,17,
		32 ,16,17,21 ,16,17,21,
		32 ,21,17,22 ,21,17,22,
		32 ,2,3,7 ,2,3,7,
		32 ,7,3,8 ,7,3,8,
		32 ,7,8,12 ,7,8,12,
		32 ,12,8,13 ,12,8,13,
		32 ,12,13,17 ,12,13,17,
		32 ,17,13,18 ,17,13,18,
		32 ,17,18,22 ,17,18,22,
		32 ,22,18,23 ,22,18,23,
		32 ,3,4,8 ,3,4,8,
		32 ,8,4,9 ,8,4,9,
		32 ,8,9,13 ,8,9,13,
		32 ,13,9,14 ,13,9,14,
		32 ,13,14,18 ,13,14,18,
		32 ,18,14,19 ,18,14,19,
		32 ,18,19,23 ,18,19,23,
		32 ,23,19,24 ,23,19,24
	]

}
