{
	"metadata" : {
		"formatVersion" : 3,
		"description" : "Exported from LibZinc."
	},

	"vertices" : [
		126.186600,245.099899,-1866.000000,129.382385,245.330231,-1865.531250,136.413101,245.836945,-1864.500000,143.443817,246.343674,-1863.468750,146.639603,246.574005,-1863.000000,128.119156,234.166382,-1865.612671,131.991150,234.638901,-1864.982544,139.333069,235.590790,-1864.084229,146.595490,236.614578,-1863.163574,150.228989,237.302841,-1862.466797,
		131.209595,221.015396,-1864.856934,136.034698,222.304474,-1864.139648,142.880844,223.827271,-1863.467163,149.650986,225.381760,-1862.757935,154.248093,226.765915,-1861.930542,134.229996,207.008316,-1862.422852,139.806763,209.195801,-1861.633911,145.997345,211.296936,-1861.126343,152.134079,213.363129,-1860.581055,157.549362,215.445831,-1859.678955,
		135.952499,193.506500,-1857.000000,141.601059,196.181747,-1856.096802,147.623489,198.750305,-1855.539429,153.568588,201.276627,-1854.962280,158.985199,203.825195,-1854.000000
	],

	"normals" : [
		0.000000,0.000000,-0.000000,0.149566,-0.067680,-0.986433,0.148578,-0.051712,-0.987548,0.147853,-0.040348,-0.988186,-0.769454,-0.192364,0.609045,0.392235,0.060412,-0.917879,0.128810,0.000108,-0.991669,0.117862,0.012679,-0.992949,0.134272,0.033125,-0.990391,0.534138,0.193191,-0.823027,
		0.251247,-0.037110,-0.967211,0.125393,-0.070377,-0.989608,0.108760,-0.067916,-0.991745,0.136739,-0.052141,-0.989234,0.304793,0.010736,-0.952358,0.280727,-0.197515,-0.939244,0.177990,-0.233253,-0.955988,0.154467,-0.249036,-0.956097,0.195502,-0.249295,-0.948489,0.322698,-0.221641,-0.920186,
		0.407864,-0.438955,-0.800603,0.305567,-0.481032,-0.821728,0.278493,-0.501718,-0.818975,0.322025,-0.509829,-0.797731,0.448045,-0.502519,-0.739412
	],

	"faces": [
		32 ,0,1,5 ,0,1,5,
		32 ,5,1,6 ,5,1,6,
		32 ,5,6,10 ,5,6,10,
		32 ,10,6,11 ,10,6,11,
		32 ,10,11,15 ,10,11,15,
		32 ,15,11,16 ,15,11,16,
		32 ,15,16,20 ,15,16,20,
		32 ,20,16,21 ,20,16,21,
		32 ,1,2,6 ,1,2,6,
		32 ,6,2,7 ,6,2,7,
		32 ,6,7,11 ,6,7,11,
		32 ,11,7,12 ,11,7,12,
		32 ,11,12,16 ,11,12,16,
		32 ,16,12,17 ,16,12,17,
		32 ,16,17,21 ,16,17,21,
		32 ,21,17,22 ,21,17,22,
		32 ,2,3,7 ,2,3,7,
		32 ,7,3,8 ,7,3,8,
		32 ,7,8,12 ,7,8,12,
		32 ,12,8,13 ,12,8,13,
		32 ,12,13,17 ,12,13,17,
		32 ,17,13,18 ,17,13,18,
		32 ,17,18,22 ,17,18,22,
		32 ,22,18,23 ,22,18,23,
		32 ,3,4,8 ,3,4,8,
		32 ,8,4,9 ,8,4,9,
		32 ,8,9,13 ,8,9,13,
		32 ,13,9,14 ,13,9,14,
		32 ,13,14,18 ,13,14,18,
		32 ,18,14,19 ,18,14,19,
		32 ,18,19,23 ,18,19,23,
		32 ,23,19,24 ,23,19,24
	]

}
