{
	"metadata" : {
		"formatVersion" : 3,
		"description" : "Exported from LibZinc."
	},

	"vertices" : [
		141.581604,228.043793,-1810.000000,135.130417,227.557617,-1809.147095,129.248795,226.372620,-1808.990356,123.906944,224.681076,-1809.338501,119.075104,222.675293,-1810.000000,140.516449,220.206711,-1799.479248,134.060165,220.236893,-1797.999146,127.829880,219.332642,-1797.505005,122.128525,217.874710,-1797.644775,117.259056,216.243790,-1798.066284,
		138.705917,211.556320,-1788.829346,132.362289,212.122192,-1786.937988,126.192795,211.701797,-1786.006958,120.444069,210.642853,-1785.766602,115.362732,209.293076,-1785.947388,136.743057,203.032974,-1778.764771,130.619995,204.125107,-1776.621704,124.683243,204.231522,-1775.281006,119.001785,203.589371,-1774.642334,113.644569,202.435760,-1774.604736,
		135.220901,195.576996,-1770.000000,129.416504,197.157166,-1767.708130,123.646942,197.673264,-1766.112183,117.949883,197.318069,-1765.210327,112.362999,196.284393,-1765.000000
	],

	"normals" : [
		0.098475,0.814341,0.571972,-0.081146,0.855235,0.511847,-0.234085,0.851989,0.468315,-0.353794,0.836666,0.418115,-0.436429,0.823463,0.362545,0.270971,0.737974,0.618037,0.019682,0.817173,0.576057,-0.163622,0.840195,0.517010,-0.282858,0.841584,0.460138,-0.349464,0.840495,0.414057,
		0.371611,0.676906,0.635377,0.135009,0.777759,0.613892,-0.059933,0.828420,0.556892,-0.196781,0.844579,0.497959,-0.279397,0.845647,0.454774,0.435323,0.641188,0.631959,0.246622,0.742534,0.622753,0.054429,0.811381,0.581978,-0.111535,0.840071,0.530887,-0.237731,0.840158,0.487462,
		0.504810,0.625143,0.595284,0.328251,0.733729,0.594889,0.134280,0.798827,0.586382,-0.050934,0.825693,0.561816,-0.208535,0.825464,0.524521
	],

	"faces": [
		32 ,0,1,5 ,0,1,5,
		32 ,5,1,6 ,5,1,6,
		32 ,5,6,10 ,5,6,10,
		32 ,10,6,11 ,10,6,11,
		32 ,10,11,15 ,10,11,15,
		32 ,15,11,16 ,15,11,16,
		32 ,15,16,20 ,15,16,20,
		32 ,20,16,21 ,20,16,21,
		32 ,1,2,6 ,1,2,6,
		32 ,6,2,7 ,6,2,7,
		32 ,6,7,11 ,6,7,11,
		32 ,11,7,12 ,11,7,12,
		32 ,11,12,16 ,11,12,16,
		32 ,16,12,17 ,16,12,17,
		32 ,16,17,21 ,16,17,21,
		32 ,21,17,22 ,21,17,22,
		32 ,2,3,7 ,2,3,7,
		32 ,7,3,8 ,7,3,8,
		32 ,7,8,12 ,7,8,12,
		32 ,12,8,13 ,12,8,13,
		32 ,12,13,17 ,12,13,17,
		32 ,17,13,18 ,17,13,18,
		32 ,17,18,22 ,17,18,22,
		32 ,22,18,23 ,22,18,23,
		32 ,3,4,8 ,3,4,8,
		32 ,8,4,9 ,8,4,9,
		32 ,8,9,13 ,8,9,13,
		32 ,13,9,14 ,13,9,14,
		32 ,13,14,18 ,13,14,18,
		32 ,18,14,19 ,18,14,19,
		32 ,18,19,23 ,18,19,23,
		32 ,23,19,24 ,23,19,24
	]

}
