{
	"metadata" : {
		"formatVersion" : 3,
		"description" : "Exported from LibZinc."
	},

	"vertices" : [
		119.075104,222.675293,-1810.000000,115.050049,220.570282,-1810.748535,111.809959,218.369217,-1811.658325,108.847092,215.946640,-1812.988892,105.653702,213.177094,-1815.000000,117.259056,216.243790,-1798.066284,113.193375,214.499207,-1798.653564,109.579659,212.422562,-1799.621216,106.235268,209.977966,-1801.113403,102.977562,207.129547,-1803.274170,
		115.362732,209.293076,-1785.947388,110.988914,207.856995,-1786.422241,107.072975,206.129196,-1787.344238,103.426872,203.842468,-1788.864258,99.862572,200.729645,-1791.133301,113.644569,202.435760,-1774.604736,108.860214,201.193268,-1775.005371,104.656273,199.753235,-1775.866089,100.740082,197.555893,-1777.363892,96.818985,194.041489,-1779.675903,
		112.362999,196.284393,-1765.000000,107.230812,195.057678,-1765.354004,102.695915,193.558838,-1766.225952,98.493088,191.133987,-1767.734985,94.357101,187.129196,-1770.000000
	],

	"normals" : [
		-0.436429,0.823463,0.362545,-0.539279,0.785103,0.304617,-0.640473,0.726811,0.248073,-0.700160,0.683546,0.206255,-0.715887,0.667884,0.203560,-0.349464,0.840495,0.414057,-0.473476,0.810992,0.343674,-0.590827,0.762174,0.264604,-0.679184,0.707214,0.196360,-0.736812,0.657592,0.157105,
		-0.279397,0.845647,0.454774,-0.377595,0.835283,0.399655,-0.516928,0.796584,0.313432,-0.653509,0.723885,0.221172,-0.755409,0.637971,0.149502,-0.237731,0.840158,0.487462,-0.297186,0.839266,0.455316,-0.455233,0.805417,0.379561,-0.643001,0.715754,0.272480,-0.777156,0.603788,0.177395,
		-0.208535,0.825464,0.524521,-0.276462,0.815547,0.508382,-0.451976,0.763400,0.461451,-0.659686,0.658990,0.361313,-0.804620,0.536309,0.254872
	],

	"faces": [
		32 ,0,1,5 ,0,1,5,
		32 ,5,1,6 ,5,1,6,
		32 ,5,6,10 ,5,6,10,
		32 ,10,6,11 ,10,6,11,
		32 ,10,11,15 ,10,11,15,
		32 ,15,11,16 ,15,11,16,
		32 ,15,16,20 ,15,16,20,
		32 ,20,16,21 ,20,16,21,
		32 ,1,2,6 ,1,2,6,
		32 ,6,2,7 ,6,2,7,
		32 ,6,7,11 ,6,7,11,
		32 ,11,7,12 ,11,7,12,
		32 ,11,12,16 ,11,12,16,
		32 ,16,12,17 ,16,12,17,
		32 ,16,17,21 ,16,17,21,
		32 ,21,17,22 ,21,17,22,
		32 ,2,3,7 ,2,3,7,
		32 ,7,3,8 ,7,3,8,
		32 ,7,8,12 ,7,8,12,
		32 ,12,8,13 ,12,8,13,
		32 ,12,13,17 ,12,13,17,
		32 ,17,13,18 ,17,13,18,
		32 ,17,18,22 ,17,18,22,
		32 ,22,18,23 ,22,18,23,
		32 ,3,4,8 ,3,4,8,
		32 ,8,4,9 ,8,4,9,
		32 ,8,9,13 ,8,9,13,
		32 ,13,9,14 ,13,9,14,
		32 ,13,14,18 ,13,14,18,
		32 ,18,14,19 ,18,14,19,
		32 ,18,19,23 ,18,19,23,
		32 ,23,19,24 ,23,19,24
	]

}
