{
	"metadata" : {
		"formatVersion" : 3,
		"description" : "Exported from LibZinc."
	},

	"vertices" : [
		81.701797,180.759399,-1845.000000,81.296288,177.106750,-1849.011841,82.297401,174.213516,-1852.951538,84.402092,172.113937,-1856.665405,87.307297,170.842300,-1860.000000,81.655212,170.047363,-1835.145508,81.763077,166.167435,-1839.249390,82.952377,162.869278,-1843.250977,85.016373,160.242386,-1847.045410,87.748360,158.376205,-1850.527832,
		82.298225,159.488129,-1823.109863,82.806541,155.428619,-1827.161499,83.985344,151.766586,-1831.147705,85.834610,148.657791,-1834.965454,88.354317,146.257980,-1838.511841,83.468948,149.395294,-1810.769287,84.353096,145.168518,-1814.703247,85.511604,141.163132,-1818.631226,87.146935,137.590973,-1822.433350,89.461563,134.663940,-1825.989868,
		85.005501,140.082397,-1800.000000,86.329185,135.665329,-1803.829346,87.646454,131.316559,-1807.690918,89.243492,127.272720,-1811.457031,91.406502,123.770401,-1815.000000
	],

	"normals" : [
		-0.977973,0.150745,0.144379,-0.997713,-0.048334,-0.047245,-0.943248,-0.215697,-0.252503,-0.833714,-0.329234,-0.443313,-0.690844,-0.389840,-0.608900,-0.996154,0.047350,0.073728,-0.990510,-0.126166,-0.054508,-0.943399,-0.266247,-0.197764,-0.861981,-0.374108,-0.342099,-0.748557,-0.458918,-0.478599,
		-0.997779,-0.062700,0.022483,-0.984408,-0.171046,-0.041030,-0.953937,-0.267631,-0.135568,-0.895691,-0.364103,-0.255278,-0.791285,-0.469210,-0.392060,-0.985645,-0.167281,-0.022839,-0.977949,-0.207112,-0.026829,-0.961688,-0.262499,-0.079054,-0.921959,-0.343595,-0.178700,-0.828814,-0.455988,-0.324256,
		-0.964578,-0.254773,-0.068410,-0.966126,-0.256940,-0.024151,-0.957181,-0.287452,-0.034297,-0.932192,-0.346222,-0.105582,-0.867131,-0.431402,-0.248950
	],

	"faces": [
		32 ,0,1,5 ,0,1,5,
		32 ,5,1,6 ,5,1,6,
		32 ,5,6,10 ,5,6,10,
		32 ,10,6,11 ,10,6,11,
		32 ,10,11,15 ,10,11,15,
		32 ,15,11,16 ,15,11,16,
		32 ,15,16,20 ,15,16,20,
		32 ,20,16,21 ,20,16,21,
		32 ,1,2,6 ,1,2,6,
		32 ,6,2,7 ,6,2,7,
		32 ,6,7,11 ,6,7,11,
		32 ,11,7,12 ,11,7,12,
		32 ,11,12,16 ,11,12,16,
		32 ,16,12,17 ,16,12,17,
		32 ,16,17,21 ,16,17,21,
		32 ,21,17,22 ,21,17,22,
		32 ,2,3,7 ,2,3,7,
		32 ,7,3,8 ,7,3,8,
		32 ,7,8,12 ,7,8,12,
		32 ,12,8,13 ,12,8,13,
		32 ,12,13,17 ,12,13,17,
		32 ,17,13,18 ,17,13,18,
		32 ,17,18,22 ,17,18,22,
		32 ,22,18,23 ,22,18,23,
		32 ,3,4,8 ,3,4,8,
		32 ,8,4,9 ,8,4,9,
		32 ,8,9,13 ,8,9,13,
		32 ,13,9,14 ,13,9,14,
		32 ,13,14,18 ,13,14,18,
		32 ,18,14,19 ,18,14,19,
		32 ,18,19,23 ,18,19,23,
		32 ,23,19,24 ,23,19,24
	]

}
