{
	"metadata" : {
		"formatVersion" : 3,
		"description" : "Exported from LibZinc."
	},

	"vertices" : [
		87.307297,170.842300,-1860.000000,90.618462,170.428650,-1862.668945,94.130318,170.785126,-1864.523193,97.823761,171.769058,-1865.615845,101.679703,173.237793,-1866.000000,87.748360,158.376205,-1850.527832,91.000732,157.462189,-1853.439575,94.626511,157.467316,-1855.603394,98.419884,158.144363,-1857.037354,102.175041,159.246155,-1857.758911,
		88.354317,146.257980,-1838.511841,91.504471,144.744461,-1841.592163,95.112701,144.115112,-1844.047852,98.980385,144.256546,-1845.830566,102.908897,145.055405,-1846.891479,89.461563,134.663940,-1825.989868,92.475334,132.506119,-1829.173096,95.989861,131.150223,-1831.862915,99.880264,130.671112,-1833.950806,104.021660,131.143631,-1835.328247,
		91.406502,123.770401,-1815.000000,94.258965,120.977783,-1818.228760,97.658958,118.994316,-1821.054688,101.494522,117.953522,-1823.353149,105.653702,117.988899,-1825.000000
	],

	"normals" : [
		-0.690844,-0.389840,-0.608900,-0.496377,-0.434621,-0.751475,-0.256671,-0.460149,-0.849931,-0.025171,-0.446058,-0.894650,0.161189,-0.406564,-0.899291,-0.748557,-0.458918,-0.478599,-0.532292,-0.555499,-0.638816,-0.296542,-0.597160,-0.745294,-0.080873,-0.593688,-0.800621,0.107099,-0.565468,-0.817787,
		-0.791285,-0.469210,-0.392060,-0.616459,-0.572369,-0.540715,-0.410235,-0.628625,-0.660710,-0.189189,-0.644720,-0.740637,0.040280,-0.630377,-0.775243,-0.828814,-0.455988,-0.324256,-0.704494,-0.541103,-0.459233,-0.533356,-0.604847,-0.591348,-0.307375,-0.641423,-0.702920,-0.032102,-0.639180,-0.768387,
		-0.867131,-0.431402,-0.248950,-0.768954,-0.500819,-0.397354,-0.623465,-0.561188,-0.544389,-0.417612,-0.598395,-0.683757,-0.151030,-0.592092,-0.791592
	],

	"faces": [
		32 ,0,1,5 ,0,1,5,
		32 ,5,1,6 ,5,1,6,
		32 ,5,6,10 ,5,6,10,
		32 ,10,6,11 ,10,6,11,
		32 ,10,11,15 ,10,11,15,
		32 ,15,11,16 ,15,11,16,
		32 ,15,16,20 ,15,16,20,
		32 ,20,16,21 ,20,16,21,
		32 ,1,2,6 ,1,2,6,
		32 ,6,2,7 ,6,2,7,
		32 ,6,7,11 ,6,7,11,
		32 ,11,7,12 ,11,7,12,
		32 ,11,12,16 ,11,12,16,
		32 ,16,12,17 ,16,12,17,
		32 ,16,17,21 ,16,17,21,
		32 ,21,17,22 ,21,17,22,
		32 ,2,3,7 ,2,3,7,
		32 ,7,3,8 ,7,3,8,
		32 ,7,8,12 ,7,8,12,
		32 ,12,8,13 ,12,8,13,
		32 ,12,13,17 ,12,13,17,
		32 ,17,13,18 ,17,13,18,
		32 ,17,18,22 ,17,18,22,
		32 ,22,18,23 ,22,18,23,
		32 ,3,4,8 ,3,4,8,
		32 ,8,4,9 ,8,4,9,
		32 ,8,9,13 ,8,9,13,
		32 ,13,9,14 ,13,9,14,
		32 ,13,14,18 ,13,14,18,
		32 ,18,14,19 ,18,14,19,
		32 ,18,19,23 ,18,19,23,
		32 ,23,19,24 ,23,19,24
	]

}
