{
	"metadata" : {
		"formatVersion" : 3,
		"description" : "Exported from LibZinc."
	},

	"vertices" : [
		117.342003,180.792496,-1863.000000,121.583344,183.872833,-1861.713013,126.062134,187.205048,-1860.088745,130.833481,190.509491,-1858.420044,135.952499,193.506500,-1857.000000,117.544434,167.026245,-1855.019531,121.622063,170.151047,-1853.619507,126.336884,173.829315,-1851.841675,131.295853,177.541306,-1850.007080,136.105911,180.767273,-1848.436890,
		117.679352,153.626968,-1844.829346,121.729332,156.896057,-1843.487793,126.352905,160.696686,-1841.826416,131.162521,164.546875,-1840.067993,135.770660,167.964630,-1838.435425,118.233719,140.329224,-1834.224487,122.314323,143.702240,-1833.080688,126.743370,147.468231,-1831.675659,131.295746,151.291168,-1830.105591,135.746338,154.835022,-1828.466309,
		119.694504,126.867599,-1825.000000,123.786163,130.163925,-1824.160767,128.141434,133.804993,-1823.022461,132.557739,137.539200,-1821.622925,136.832504,141.114899,-1820.000000
	],

	"normals" : [
		0.447292,-0.354481,-0.821141,0.529214,-0.350454,-0.772732,0.540279,-0.357272,-0.761876,0.499922,-0.385269,-0.775658,0.407864,-0.438955,-0.800603,0.555785,-0.471168,-0.684912,0.600033,-0.459001,-0.655194,0.602971,-0.461712,-0.650575,0.578538,-0.479605,-0.659752,0.514319,-0.519729,-0.682171,
		0.585848,-0.500728,-0.637223,0.615685,-0.485382,-0.620755,0.620355,-0.482976,-0.617976,0.608718,-0.491934,-0.622465,0.575255,-0.516249,-0.634483,0.557463,-0.480055,-0.677334,0.587201,-0.457555,-0.667712,0.599455,-0.445258,-0.665131,0.602012,-0.442740,-0.664501,0.595978,-0.451765,-0.663866,
		0.449482,-0.397305,-0.800072,0.485694,-0.363687,-0.794879,0.512754,-0.337732,-0.789316,0.539689,-0.319598,-0.778841,0.572502,-0.311145,-0.758571
	],

	"faces": [
		32 ,0,1,5 ,0,1,5,
		32 ,5,1,6 ,5,1,6,
		32 ,5,6,10 ,5,6,10,
		32 ,10,6,11 ,10,6,11,
		32 ,10,11,15 ,10,11,15,
		32 ,15,11,16 ,15,11,16,
		32 ,15,16,20 ,15,16,20,
		32 ,20,16,21 ,20,16,21,
		32 ,1,2,6 ,1,2,6,
		32 ,6,2,7 ,6,2,7,
		32 ,6,7,11 ,6,7,11,
		32 ,11,7,12 ,11,7,12,
		32 ,11,12,16 ,11,12,16,
		32 ,16,12,17 ,16,12,17,
		32 ,16,17,21 ,16,17,21,
		32 ,21,17,22 ,21,17,22,
		32 ,2,3,7 ,2,3,7,
		32 ,7,3,8 ,7,3,8,
		32 ,7,8,12 ,7,8,12,
		32 ,12,8,13 ,12,8,13,
		32 ,12,13,17 ,12,13,17,
		32 ,17,13,18 ,17,13,18,
		32 ,17,18,22 ,17,18,22,
		32 ,22,18,23 ,22,18,23,
		32 ,3,4,8 ,3,4,8,
		32 ,8,4,9 ,8,4,9,
		32 ,8,9,13 ,8,9,13,
		32 ,13,9,14 ,13,9,14,
		32 ,13,14,18 ,13,14,18,
		32 ,18,14,19 ,18,14,19,
		32 ,18,19,23 ,18,19,23,
		32 ,23,19,24 ,23,19,24
	]

}
