{
	"metadata" : {
		"formatVersion" : 3,
		"description" : "Exported from LibZinc."
	},

	"vertices" : [
		135.952499,193.506500,-1857.000000,141.601059,196.181747,-1856.096802,147.623489,198.750305,-1855.539429,153.568588,201.276627,-1854.962280,158.985199,203.825195,-1854.000000,136.105911,180.767273,-1848.436890,141.298981,183.606125,-1847.280029,147.144379,186.479095,-1846.330322,152.855087,189.349854,-1845.376343,157.644165,192.182053,-1844.206543,
		135.770660,167.964630,-1838.435425,140.488586,171.020065,-1836.912231,145.540848,174.103546,-1835.347656,150.409866,177.213455,-1833.763428,154.578094,180.348236,-1832.180908,135.746338,154.835022,-1828.466309,140.023560,158.103394,-1826.590210,144.147430,161.366852,-1824.405273,148.030258,164.689926,-1822.150513,151.584351,168.137131,-1820.064819,
		136.832504,141.114899,-1820.000000,140.757614,144.535904,-1817.910645,144.298660,148.012253,-1815.317261,147.513565,151.601715,-1812.565186,150.460297,155.362106,-1810.000000
	],

	"normals" : [
		0.407864,-0.438955,-0.800603,0.305567,-0.481032,-0.821728,0.278493,-0.501718,-0.818975,0.322025,-0.509829,-0.797731,0.448045,-0.502519,-0.739412,0.514319,-0.519729,-0.682171,0.418284,-0.576008,-0.702320,0.404461,-0.614864,-0.677019,0.456801,-0.637190,-0.620742,0.596067,-0.619276,-0.511079,
		0.575255,-0.516249,-0.634483,0.540738,-0.558707,-0.628847,0.549730,-0.599386,-0.581836,0.596745,-0.622968,-0.505773,0.691983,-0.603196,-0.396627,0.595978,-0.451765,-0.663866,0.649602,-0.452708,-0.610797,0.693062,-0.475136,-0.542135,0.728866,-0.500043,-0.467665,0.762920,-0.509700,-0.397692,
		0.572502,-0.311145,-0.758571,0.686521,-0.273258,-0.673809,0.756010,-0.255872,-0.602477,0.795475,-0.261384,-0.546716,0.815034,-0.292086,-0.500405
	],

	"faces": [
		32 ,0,1,5 ,0,1,5,
		32 ,5,1,6 ,5,1,6,
		32 ,5,6,10 ,5,6,10,
		32 ,10,6,11 ,10,6,11,
		32 ,10,11,15 ,10,11,15,
		32 ,15,11,16 ,15,11,16,
		32 ,15,16,20 ,15,16,20,
		32 ,20,16,21 ,20,16,21,
		32 ,1,2,6 ,1,2,6,
		32 ,6,2,7 ,6,2,7,
		32 ,6,7,11 ,6,7,11,
		32 ,11,7,12 ,11,7,12,
		32 ,11,12,16 ,11,12,16,
		32 ,16,12,17 ,16,12,17,
		32 ,16,17,21 ,16,17,21,
		32 ,21,17,22 ,21,17,22,
		32 ,2,3,7 ,2,3,7,
		32 ,7,3,8 ,7,3,8,
		32 ,7,8,12 ,7,8,12,
		32 ,12,8,13 ,12,8,13,
		32 ,12,13,17 ,12,13,17,
		32 ,17,13,18 ,17,13,18,
		32 ,17,18,22 ,17,18,22,
		32 ,22,18,23 ,22,18,23,
		32 ,3,4,8 ,3,4,8,
		32 ,8,4,9 ,8,4,9,
		32 ,8,9,13 ,8,9,13,
		32 ,13,9,14 ,13,9,14,
		32 ,13,14,18 ,13,14,18,
		32 ,18,14,19 ,18,14,19,
		32 ,18,19,23 ,18,19,23,
		32 ,23,19,24 ,23,19,24
	]

}
