{
	"metadata" : {
		"formatVersion" : 3,
		"description" : "Exported from LibZinc."
	},

	"vertices" : [
		155.652802,180.056595,-1785.000000,151.854630,183.900620,-1780.856689,146.834885,188.352600,-1776.780640,141.116119,192.536682,-1773.064209,135.220901,195.576996,-1770.000000,153.228668,172.738693,-1778.320190,149.727020,177.129730,-1774.303711,145.192642,181.846069,-1770.193115,140.024902,186.230957,-1766.354126,134.623169,189.627563,-1763.152588,
		151.354050,167.147537,-1772.954956,148.138596,172.068680,-1768.959595,144.218842,176.896698,-1764.784912,139.709091,181.279877,-1760.839844,134.723679,184.866516,-1757.533691,149.967545,162.767868,-1767.362183,147.009033,168.203247,-1763.301270,143.659515,173.119919,-1759.105225,139.734772,177.443161,-1755.171631,135.050629,181.098251,-1751.897949,
		149.007797,159.084396,-1760.000000,146.258026,165.019196,-1755.805420,143.260696,170.131195,-1751.703613,139.668030,174.480515,-1748.000122,135.132202,178.127197,-1745.000000
	],

	"normals" : [
		0.854292,0.180157,0.487573,0.784835,0.292886,0.546125,0.726607,0.385605,0.568640,0.650707,0.488731,0.581139,0.504810,0.625143,0.595284,0.862227,0.148729,0.484195,0.814855,0.252049,0.521998,0.771625,0.360299,0.524194,0.706256,0.474111,0.525758,0.580845,0.601881,0.548049,
		0.882334,0.174179,0.437204,0.861579,0.258703,0.436755,0.825367,0.378096,0.419301,0.753960,0.505098,0.420024,0.625802,0.630783,0.458786,0.916537,0.237359,0.321902,0.904930,0.303882,0.297922,0.862524,0.420564,0.281387,0.775824,0.557332,0.295767,0.634895,0.688897,0.349756,
		0.940508,0.278951,0.193987,0.924464,0.338543,0.175369,0.875092,0.449167,0.180177,0.773531,0.597994,0.209890,0.612852,0.745236,0.262745
	],

	"faces": [
		32 ,0,1,5 ,0,1,5,
		32 ,5,1,6 ,5,1,6,
		32 ,5,6,10 ,5,6,10,
		32 ,10,6,11 ,10,6,11,
		32 ,10,11,15 ,10,11,15,
		32 ,15,11,16 ,15,11,16,
		32 ,15,16,20 ,15,16,20,
		32 ,20,16,21 ,20,16,21,
		32 ,1,2,6 ,1,2,6,
		32 ,6,2,7 ,6,2,7,
		32 ,6,7,11 ,6,7,11,
		32 ,11,7,12 ,11,7,12,
		32 ,11,12,16 ,11,12,16,
		32 ,16,12,17 ,16,12,17,
		32 ,16,17,21 ,16,17,21,
		32 ,21,17,22 ,21,17,22,
		32 ,2,3,7 ,2,3,7,
		32 ,7,3,8 ,7,3,8,
		32 ,7,8,12 ,7,8,12,
		32 ,12,8,13 ,12,8,13,
		32 ,12,13,17 ,12,13,17,
		32 ,17,13,18 ,17,13,18,
		32 ,17,18,22 ,17,18,22,
		32 ,22,18,23 ,22,18,23,
		32 ,3,4,8 ,3,4,8,
		32 ,8,4,9 ,8,4,9,
		32 ,8,9,13 ,8,9,13,
		32 ,13,9,14 ,13,9,14,
		32 ,13,14,18 ,13,14,18,
		32 ,18,14,19 ,18,14,19,
		32 ,18,19,23 ,18,19,23,
		32 ,23,19,24 ,23,19,24
	]

}
