{
	"metadata" : {
		"formatVersion" : 3,
		"description" : "Exported from LibZinc."
	},

	"vertices" : [
		135.220901,195.576996,-1770.000000,129.416504,197.157166,-1767.708130,123.646942,197.673264,-1766.112183,117.949883,197.318069,-1765.210327,112.362999,196.284393,-1765.000000,134.623169,189.627563,-1763.152588,129.120483,191.692245,-1760.734985,123.435638,192.607056,-1759.009644,117.646545,192.503677,-1757.985474,111.831139,191.513794,-1757.671509,
		134.723679,184.866516,-1757.533691,129.412399,187.395126,-1755.027466,123.846832,188.801132,-1753.222168,118.023979,189.028091,-1752.136475,111.940842,188.019562,-1751.789429,135.050629,181.098251,-1751.897949,129.843124,183.963791,-1749.424561,124.394875,185.789200,-1747.644165,118.591499,186.305939,-1746.581909,112.318642,185.245499,-1746.262695,
		135.132202,178.127197,-1745.000000,129.963562,181.096252,-1742.765137,124.594086,183.104950,-1741.170410,118.858391,183.751831,-1740.240356,112.591103,182.635406,-1740.000000
	],

	"normals" : [
		0.504810,0.625143,0.595284,0.328251,0.733729,0.594889,0.134280,0.798827,0.586382,-0.050934,0.825693,0.561816,-0.208535,0.825464,0.524521,0.580845,0.601881,0.548049,0.397942,0.723599,0.563956,0.187423,0.808707,0.557553,-0.020490,0.843174,0.537250,-0.202891,0.831015,0.517928,
		0.625802,0.630783,0.458786,0.462067,0.744012,0.482640,0.244997,0.840082,0.483981,0.001416,0.878654,0.477457,-0.226638,0.847792,0.479462,0.634895,0.688897,0.349756,0.501801,0.778613,0.376773,0.289023,0.873493,0.391761,0.011899,0.915470,0.402210,-0.261969,0.871602,0.414346,
		0.612852,0.745236,0.262745,0.504507,0.809806,0.299478,0.301897,0.893110,0.333485,0.008389,0.936085,0.351675,-0.293894,0.889767,0.349199
	],

	"faces": [
		32 ,0,1,5 ,0,1,5,
		32 ,5,1,6 ,5,1,6,
		32 ,5,6,10 ,5,6,10,
		32 ,10,6,11 ,10,6,11,
		32 ,10,11,15 ,10,11,15,
		32 ,15,11,16 ,15,11,16,
		32 ,15,16,20 ,15,16,20,
		32 ,20,16,21 ,20,16,21,
		32 ,1,2,6 ,1,2,6,
		32 ,6,2,7 ,6,2,7,
		32 ,6,7,11 ,6,7,11,
		32 ,11,7,12 ,11,7,12,
		32 ,11,12,16 ,11,12,16,
		32 ,16,12,17 ,16,12,17,
		32 ,16,17,21 ,16,17,21,
		32 ,21,17,22 ,21,17,22,
		32 ,2,3,7 ,2,3,7,
		32 ,7,3,8 ,7,3,8,
		32 ,7,8,12 ,7,8,12,
		32 ,12,8,13 ,12,8,13,
		32 ,12,13,17 ,12,13,17,
		32 ,17,13,18 ,17,13,18,
		32 ,17,18,22 ,17,18,22,
		32 ,22,18,23 ,22,18,23,
		32 ,3,4,8 ,3,4,8,
		32 ,8,4,9 ,8,4,9,
		32 ,8,9,13 ,8,9,13,
		32 ,13,9,14 ,13,9,14,
		32 ,13,14,18 ,13,14,18,
		32 ,18,14,19 ,18,14,19,
		32 ,18,19,23 ,18,19,23,
		32 ,23,19,24 ,23,19,24
	]

}
