{
	"metadata" : {
		"formatVersion" : 3,
		"description" : "Exported from LibZinc."
	},

	"vertices" : [
		81.194298,158.642395,-1785.000000,80.952744,153.077911,-1788.878174,81.881752,148.451416,-1792.607056,83.419838,144.280426,-1796.282471,85.005501,140.082397,-1800.000000,81.213318,150.874695,-1776.780884,81.584061,145.187042,-1780.493164,83.066086,140.368164,-1784.223022,85.130898,135.968903,-1787.954590,87.249985,131.540039,-1791.672363,
		82.439285,144.541962,-1769.733276,83.229088,138.635406,-1773.318848,85.078079,133.413452,-1777.079224,87.507637,128.546738,-1780.895996,90.039108,123.705879,-1784.651001,84.033440,139.540070,-1762.818970,84.982437,133.349777,-1766.334351,86.994690,127.618164,-1770.108765,89.631180,122.166023,-1773.984619,92.452881,116.814133,-1777.804199,
		85.156998,135.764893,-1755.000000,85.938751,129.256958,-1758.518799,87.892876,123.013237,-1762.245117,90.582634,116.978867,-1766.098755,93.571297,111.098999,-1770.000000
	],

	"normals" : [
		-0.989653,0.138917,0.035891,-0.997373,-0.042867,-0.058396,-0.973408,-0.190321,-0.127495,-0.955075,-0.263361,-0.135912,-0.964578,-0.254773,-0.068410,-0.994981,-0.001718,0.100047,-0.982564,-0.185683,-0.009463,-0.945438,-0.312624,-0.091722,-0.923629,-0.365844,-0.114312,-0.933323,-0.354527,-0.056734,
		-0.984802,-0.094764,0.145551,-0.963605,-0.265523,0.031039,-0.927612,-0.369201,-0.056801,-0.907712,-0.408597,-0.095436,-0.914255,-0.399831,-0.065373,-0.984228,-0.111727,0.137155,-0.962841,-0.268749,0.026672,-0.930848,-0.360678,-0.058590,-0.911095,-0.398052,-0.107057,-0.911901,-0.396246,-0.106889,
		-0.997711,-0.036469,0.056942,-0.979892,-0.193146,-0.050071,-0.948024,-0.292206,-0.125963,-0.924459,-0.340937,-0.170696,-0.918896,-0.348138,-0.185551
	],

	"faces": [
		32 ,0,1,5 ,0,1,5,
		32 ,5,1,6 ,5,1,6,
		32 ,5,6,10 ,5,6,10,
		32 ,10,6,11 ,10,6,11,
		32 ,10,11,15 ,10,11,15,
		32 ,15,11,16 ,15,11,16,
		32 ,15,16,20 ,15,16,20,
		32 ,20,16,21 ,20,16,21,
		32 ,1,2,6 ,1,2,6,
		32 ,6,2,7 ,6,2,7,
		32 ,6,7,11 ,6,7,11,
		32 ,11,7,12 ,11,7,12,
		32 ,11,12,16 ,11,12,16,
		32 ,16,12,17 ,16,12,17,
		32 ,16,17,21 ,16,17,21,
		32 ,21,17,22 ,21,17,22,
		32 ,2,3,7 ,2,3,7,
		32 ,7,3,8 ,7,3,8,
		32 ,7,8,12 ,7,8,12,
		32 ,12,8,13 ,12,8,13,
		32 ,12,13,17 ,12,13,17,
		32 ,17,13,18 ,17,13,18,
		32 ,17,18,22 ,17,18,22,
		32 ,22,18,23 ,22,18,23,
		32 ,3,4,8 ,3,4,8,
		32 ,8,4,9 ,8,4,9,
		32 ,8,9,13 ,8,9,13,
		32 ,13,9,14 ,13,9,14,
		32 ,13,14,18 ,13,14,18,
		32 ,18,14,19 ,18,14,19,
		32 ,18,19,23 ,18,19,23,
		32 ,23,19,24 ,23,19,24
	]

}
