{
	"metadata" : {
		"formatVersion" : 3,
		"description" : "Exported from LibZinc."
	},

	"vertices" : [
		119.694504,126.867599,-1825.000000,123.786163,130.163925,-1824.160767,128.141434,133.804993,-1823.022461,132.557739,137.539200,-1821.622925,136.832504,141.114899,-1820.000000,122.379509,112.777145,-1817.987793,126.500824,115.805252,-1817.526855,130.894882,119.180527,-1816.702515,135.314117,122.730652,-1815.518311,139.510971,126.283325,-1813.977783,
		125.913864,98.434120,-1812.153320,130.132828,101.099915,-1812.094482,134.524399,104.048912,-1811.688721,138.932953,107.281418,-1810.851685,143.202820,110.797729,-1809.498779,129.745483,84.834877,-1806.492310,134.069199,87.066498,-1806.801758,138.422592,89.542038,-1806.820190,142.780167,92.420807,-1806.369141,147.116455,95.862106,-1805.270386,
		133.322296,72.975777,-1800.000000,137.696991,74.723587,-1800.586792,141.982025,76.791763,-1800.935669,146.221710,79.378113,-1800.816650,150.460297,82.680443,-1800.000000
	],

	"normals" : [
		0.449482,-0.397305,-0.800072,0.485694,-0.363687,-0.794879,0.512754,-0.337732,-0.789316,0.539689,-0.319598,-0.778841,0.572502,-0.311145,-0.758571,0.296630,-0.324616,-0.898129,0.344568,-0.280133,-0.895990,0.388319,-0.238497,-0.890128,0.439793,-0.201045,-0.875308,0.508392,-0.167138,-0.844750,
		0.178104,-0.319775,-0.930603,0.224453,-0.273588,-0.935292,0.283189,-0.222207,-0.932968,0.359325,-0.170946,-0.917422,0.455025,-0.120733,-0.882256,0.110426,-0.386997,-0.915445,0.143714,-0.345391,-0.927390,0.216113,-0.289837,-0.932357,0.321093,-0.227228,-0.919384,0.444729,-0.162757,-0.880753,
		0.083668,-0.542464,-0.835902,0.118558,-0.504201,-0.855410,0.212541,-0.452017,-0.866318,0.350600,-0.383562,-0.854377,0.503095,-0.304625,-0.808764
	],

	"faces": [
		32 ,0,1,5 ,0,1,5,
		32 ,5,1,6 ,5,1,6,
		32 ,5,6,10 ,5,6,10,
		32 ,10,6,11 ,10,6,11,
		32 ,10,11,15 ,10,11,15,
		32 ,15,11,16 ,15,11,16,
		32 ,15,16,20 ,15,16,20,
		32 ,20,16,21 ,20,16,21,
		32 ,1,2,6 ,1,2,6,
		32 ,6,2,7 ,6,2,7,
		32 ,6,7,11 ,6,7,11,
		32 ,11,7,12 ,11,7,12,
		32 ,11,12,16 ,11,12,16,
		32 ,16,12,17 ,16,12,17,
		32 ,16,17,21 ,16,17,21,
		32 ,21,17,22 ,21,17,22,
		32 ,2,3,7 ,2,3,7,
		32 ,7,3,8 ,7,3,8,
		32 ,7,8,12 ,7,8,12,
		32 ,12,8,13 ,12,8,13,
		32 ,12,13,17 ,12,13,17,
		32 ,17,13,18 ,17,13,18,
		32 ,17,18,22 ,17,18,22,
		32 ,22,18,23 ,22,18,23,
		32 ,3,4,8 ,3,4,8,
		32 ,8,4,9 ,8,4,9,
		32 ,8,9,13 ,8,9,13,
		32 ,13,9,14 ,13,9,14,
		32 ,13,14,18 ,13,14,18,
		32 ,18,14,19 ,18,14,19,
		32 ,18,19,23 ,18,19,23,
		32 ,23,19,24 ,23,19,24
	]

}
