{
	"metadata" : {
		"formatVersion" : 3,
		"description" : "Exported from LibZinc."
	},

	"vertices" : [
		150.460297,155.362106,-1810.000000,153.125443,159.372757,-1807.728516,155.389267,163.517014,-1805.465698,157.150192,167.558594,-1802.970215,158.306702,171.261200,-1800.000000,152.406464,141.870926,-1803.232666,154.368347,146.234848,-1800.597656,155.881332,150.806320,-1798.076904,156.893829,155.350677,-1795.459229,157.354309,159.633224,-1792.533447,
		156.306992,128.117096,-1798.612305,157.570923,132.897156,-1795.635864,158.145264,137.890488,-1792.758545,158.194992,142.914093,-1789.879639,157.885086,147.784973,-1786.898315,160.484650,114.822540,-1794.685913,161.080261,120.123695,-1791.405029,160.719193,125.570114,-1788.114258,159.806961,131.127090,-1784.828735,158.749039,136.759949,-1781.563965,
		163.262207,102.709198,-1790.000000,163.243439,108.678482,-1786.467163,162.141235,114.645798,-1782.747192,160.483017,120.867943,-1778.903442,158.796204,127.601700,-1775.000000
	],

	"normals" : [
		0.815034,-0.292086,-0.500405,0.862160,-0.298063,-0.409681,0.912741,-0.279679,-0.297797,0.954954,-0.244671,-0.167924,0.978356,-0.204909,-0.028845,0.814331,-0.039907,-0.579028,0.865575,-0.054484,-0.497807,0.929438,-0.056003,-0.364703,0.979398,-0.042568,-0.197404,0.999386,-0.017616,-0.030291,
		0.813652,0.087740,-0.574693,0.891648,0.099673,-0.441620,0.957667,0.099347,-0.270194,0.990429,0.091720,-0.103140,0.996491,0.082543,0.013857,0.869488,0.101546,-0.483403,0.953822,0.150196,-0.260124,0.984740,0.162747,-0.061641,0.986876,0.148870,0.062565,0.988191,0.117113,0.098813,
		0.972971,0.017683,-0.230250,0.995011,0.098257,0.017301,0.977453,0.135783,0.161705,0.967540,0.136189,0.212884,0.975050,0.100864,0.197750
	],

	"faces": [
		32 ,0,1,5 ,0,1,5,
		32 ,5,1,6 ,5,1,6,
		32 ,5,6,10 ,5,6,10,
		32 ,10,6,11 ,10,6,11,
		32 ,10,11,15 ,10,11,15,
		32 ,15,11,16 ,15,11,16,
		32 ,15,16,20 ,15,16,20,
		32 ,20,16,21 ,20,16,21,
		32 ,1,2,6 ,1,2,6,
		32 ,6,2,7 ,6,2,7,
		32 ,6,7,11 ,6,7,11,
		32 ,11,7,12 ,11,7,12,
		32 ,11,12,16 ,11,12,16,
		32 ,16,12,17 ,16,12,17,
		32 ,16,17,21 ,16,17,21,
		32 ,21,17,22 ,21,17,22,
		32 ,2,3,7 ,2,3,7,
		32 ,7,3,8 ,7,3,8,
		32 ,7,8,12 ,7,8,12,
		32 ,12,8,13 ,12,8,13,
		32 ,12,13,17 ,12,13,17,
		32 ,17,13,18 ,17,13,18,
		32 ,17,18,22 ,17,18,22,
		32 ,22,18,23 ,22,18,23,
		32 ,3,4,8 ,3,4,8,
		32 ,8,4,9 ,8,4,9,
		32 ,8,9,13 ,8,9,13,
		32 ,13,9,14 ,13,9,14,
		32 ,13,14,18 ,13,14,18,
		32 ,18,14,19 ,18,14,19,
		32 ,18,19,23 ,18,19,23,
		32 ,23,19,24 ,23,19,24
	]

}
