{
	"metadata" : {
		"formatVersion" : 3,
		"description" : "Exported from LibZinc."
	},

	"vertices" : [
		112.591103,182.635406,-1740.000000,106.156342,179.469681,-1740.486694,100.195198,174.648224,-1741.601929,94.957733,168.788849,-1743.166138,90.694000,162.509399,-1745.000000,112.435471,180.059097,-1733.041748,106.337234,176.998245,-1733.374268,100.742218,172.396729,-1734.092041,95.832146,166.788971,-1735.189575,91.788719,160.709396,-1736.661011,
		112.066704,177.716675,-1725.938965,106.512306,175.120407,-1726.074097,101.551765,171.294952,-1726.372803,97.181503,166.462738,-1727.006470,93.397949,160.846146,-1728.146362,111.917862,175.547287,-1718.366699,106.865181,173.535416,-1718.293579,102.489227,170.603333,-1718.216431,98.603096,166.635925,-1718.449829,95.019882,161.518066,-1719.308594,
		112.421997,173.490097,-1710.000000,107.579453,171.942535,-1709.739868,103.419991,169.582306,-1709.395020,99.694199,166.134323,-1709.352661,96.152702,161.323502,-1710.000000
	],

	"normals" : [
		-0.293894,0.889767,0.349199,-0.548518,0.768788,0.328776,-0.699015,0.648634,0.301084,-0.795612,0.541801,0.271023,-0.866974,0.436639,0.240212,-0.309491,0.901755,0.301749,-0.552895,0.795631,0.247547,-0.703907,0.680199,0.204558,-0.801399,0.568588,0.185654,-0.871721,0.455212,0.181342,
		-0.303113,0.914439,0.268185,-0.519972,0.829848,0.202437,-0.683195,0.715183,0.147503,-0.793963,0.593955,0.129768,-0.868077,0.477643,0.135274,-0.272441,0.929000,0.250471,-0.451098,0.871333,0.193107,-0.636108,0.759185,0.137854,-0.774753,0.621846,0.114305,-0.859361,0.498792,0.112721,
		-0.217460,0.946235,0.239479,-0.370078,0.905159,0.209118,-0.573761,0.799248,0.178887,-0.746887,0.648406,0.147408,-0.849659,0.512929,0.122406
	],

	"faces": [
		32 ,0,1,5 ,0,1,5,
		32 ,5,1,6 ,5,1,6,
		32 ,5,6,10 ,5,6,10,
		32 ,10,6,11 ,10,6,11,
		32 ,10,11,15 ,10,11,15,
		32 ,15,11,16 ,15,11,16,
		32 ,15,16,20 ,15,16,20,
		32 ,20,16,21 ,20,16,21,
		32 ,1,2,6 ,1,2,6,
		32 ,6,2,7 ,6,2,7,
		32 ,6,7,11 ,6,7,11,
		32 ,11,7,12 ,11,7,12,
		32 ,11,12,16 ,11,12,16,
		32 ,16,12,17 ,16,12,17,
		32 ,16,17,21 ,16,17,21,
		32 ,21,17,22 ,21,17,22,
		32 ,2,3,7 ,2,3,7,
		32 ,7,3,8 ,7,3,8,
		32 ,7,8,12 ,7,8,12,
		32 ,12,8,13 ,12,8,13,
		32 ,12,13,17 ,12,13,17,
		32 ,17,13,18 ,17,13,18,
		32 ,17,18,22 ,17,18,22,
		32 ,22,18,23 ,22,18,23,
		32 ,3,4,8 ,3,4,8,
		32 ,8,4,9 ,8,4,9,
		32 ,8,9,13 ,8,9,13,
		32 ,13,9,14 ,13,9,14,
		32 ,13,14,18 ,13,14,18,
		32 ,18,14,19 ,18,14,19,
		32 ,18,19,23 ,18,19,23,
		32 ,23,19,24 ,23,19,24
	]

}
