{
	"metadata" : {
		"formatVersion" : 3,
		"description" : "Exported from LibZinc."
	},

	"vertices" : [
		90.694000,162.509399,-1745.000000,87.741867,156.044525,-1747.000977,86.053749,149.324554,-1749.260132,85.301506,142.510880,-1751.889404,85.156998,135.764893,-1755.000000,91.788719,160.709396,-1736.661011,88.862030,154.328583,-1738.489868,87.005013,147.580734,-1740.707642,85.953613,140.645737,-1743.381104,85.443771,133.703400,-1746.576782,
		93.397949,160.846146,-1728.146362,90.290138,154.522430,-1729.893188,87.933731,147.611786,-1732.195435,86.305077,140.401077,-1734.996338,85.380547,133.177155,-1738.238892,95.019882,161.518066,-1719.308594,91.692001,155.239197,-1720.999268,88.838600,148.136368,-1723.392822,86.672859,140.615875,-1726.300049,85.407967,133.083969,-1729.531616,
		96.152702,161.323502,-1710.000000,92.733437,155.091965,-1711.596436,89.718323,147.873169,-1713.969238,87.373894,140.129105,-1716.857422,85.966698,132.321701,-1720.000000
	],

	"normals" : [
		-0.866974,0.436639,0.240212,-0.945759,0.262729,0.191082,-0.982054,0.115143,0.149374,-0.994086,0.012296,0.107902,-0.997711,-0.036469,0.056942,-0.871721,0.455212,0.181342,-0.943982,0.285706,0.165137,-0.979977,0.158357,0.120697,-0.994946,0.079366,0.061507,-0.999054,0.042268,0.010261,
		-0.868077,0.477643,0.135274,-0.930889,0.341280,0.130283,-0.967062,0.238297,0.089477,-0.986694,0.159329,0.032388,-0.996282,0.085624,-0.009497,-0.859361,0.498792,0.112721,-0.914492,0.390452,0.106076,-0.950989,0.298052,0.082377,-0.977527,0.204546,0.051017,-0.995761,0.088055,0.026559,
		-0.849659,0.512929,0.122406,-0.908641,0.401975,0.113077,-0.946791,0.300059,0.116405,-0.974189,0.191947,0.118791,-0.992259,0.066200,0.105067
	],

	"faces": [
		32 ,0,1,5 ,0,1,5,
		32 ,5,1,6 ,5,1,6,
		32 ,5,6,10 ,5,6,10,
		32 ,10,6,11 ,10,6,11,
		32 ,10,11,15 ,10,11,15,
		32 ,15,11,16 ,15,11,16,
		32 ,15,16,20 ,15,16,20,
		32 ,20,16,21 ,20,16,21,
		32 ,1,2,6 ,1,2,6,
		32 ,6,2,7 ,6,2,7,
		32 ,6,7,11 ,6,7,11,
		32 ,11,7,12 ,11,7,12,
		32 ,11,12,16 ,11,12,16,
		32 ,16,12,17 ,16,12,17,
		32 ,16,17,21 ,16,17,21,
		32 ,21,17,22 ,21,17,22,
		32 ,2,3,7 ,2,3,7,
		32 ,7,3,8 ,7,3,8,
		32 ,7,8,12 ,7,8,12,
		32 ,12,8,13 ,12,8,13,
		32 ,12,13,17 ,12,13,17,
		32 ,17,13,18 ,17,13,18,
		32 ,17,18,22 ,17,18,22,
		32 ,22,18,23 ,22,18,23,
		32 ,3,4,8 ,3,4,8,
		32 ,8,4,9 ,8,4,9,
		32 ,8,9,13 ,8,9,13,
		32 ,13,9,14 ,13,9,14,
		32 ,13,14,18 ,13,14,18,
		32 ,18,14,19 ,18,14,19,
		32 ,18,19,23 ,18,19,23,
		32 ,23,19,24 ,23,19,24
	]

}
