{
	"metadata" : {
		"formatVersion" : 3,
		"description" : "Exported from LibZinc."
	},

	"vertices" : [
		93.571297,111.098999,-1770.000000,96.518806,104.992393,-1773.948853,99.388329,98.621895,-1777.881836,102.198013,92.448784,-1781.623901,104.966003,86.934334,-1785.000000,92.172424,107.262299,-1761.644043,95.676018,100.990654,-1765.463989,99.364075,94.683304,-1769.132446,103.046165,88.592087,-1772.630981,106.531837,82.968834,-1775.940796,
		89.182175,105.196083,-1753.460938,93.428246,99.112816,-1756.925049,98.046455,93.336403,-1760.267212,102.614372,87.834122,-1763.520264,106.709534,82.573242,-1766.717041,86.902367,103.919922,-1744.797363,91.682884,98.352325,-1747.773682,96.803337,93.422363,-1750.704712,101.765244,88.824455,-1753.641479,106.070137,84.252991,-1756.634644,
		87.634804,102.453400,-1735.000000,92.347374,97.702614,-1737.451538,97.002586,93.782364,-1739.863403,101.361389,90.212669,-1742.343628,105.184700,86.513542,-1745.000000
	],

	"normals" : [
		-0.918896,-0.348138,-0.185551,-0.930815,-0.331579,-0.153751,-0.930545,-0.349787,-0.108330,-0.918425,-0.389198,-0.070857,-0.892077,-0.447040,-0.065981,-0.894426,-0.252765,-0.368933,-0.892812,-0.330233,-0.306322,-0.888271,-0.410040,-0.206984,-0.873668,-0.475201,-0.104348,-0.856616,-0.514666,-0.036430,
		-0.866016,-0.331311,-0.374499,-0.834841,-0.472237,-0.282899,-0.804377,-0.572024,-0.160520,-0.785525,-0.617322,-0.043187,-0.802149,-0.596453,0.028311,-0.830772,-0.528268,-0.175362,-0.743074,-0.661238,-0.102981,-0.683168,-0.729970,-0.020640,-0.675826,-0.735392,0.049575,-0.746733,-0.660667,0.076869,
		-0.729281,-0.678786,0.086014,-0.643754,-0.760869,0.081602,-0.599960,-0.796190,0.078286,-0.622196,-0.778979,0.077867,-0.723771,-0.686999,0.064714
	],

	"faces": [
		32 ,0,1,5 ,0,1,5,
		32 ,5,1,6 ,5,1,6,
		32 ,5,6,10 ,5,6,10,
		32 ,10,6,11 ,10,6,11,
		32 ,10,11,15 ,10,11,15,
		32 ,15,11,16 ,15,11,16,
		32 ,15,16,20 ,15,16,20,
		32 ,20,16,21 ,20,16,21,
		32 ,1,2,6 ,1,2,6,
		32 ,6,2,7 ,6,2,7,
		32 ,6,7,11 ,6,7,11,
		32 ,11,7,12 ,11,7,12,
		32 ,11,12,16 ,11,12,16,
		32 ,16,12,17 ,16,12,17,
		32 ,16,17,21 ,16,17,21,
		32 ,21,17,22 ,21,17,22,
		32 ,2,3,7 ,2,3,7,
		32 ,7,3,8 ,7,3,8,
		32 ,7,8,12 ,7,8,12,
		32 ,12,8,13 ,12,8,13,
		32 ,12,13,17 ,12,13,17,
		32 ,17,13,18 ,17,13,18,
		32 ,17,18,22 ,17,18,22,
		32 ,22,18,23 ,22,18,23,
		32 ,3,4,8 ,3,4,8,
		32 ,8,4,9 ,8,4,9,
		32 ,8,9,13 ,8,9,13,
		32 ,13,9,14 ,13,9,14,
		32 ,13,14,18 ,13,14,18,
		32 ,18,14,19 ,18,14,19,
		32 ,18,19,23 ,18,19,23,
		32 ,23,19,24 ,23,19,24
	]

}
