{
	"metadata" : {
		"formatVersion" : 3,
		"description" : "Exported from LibZinc."
	},

	"vertices" : [
		104.966003,86.934334,-1785.000000,107.534439,82.127258,-1787.931763,110.014046,77.897591,-1790.516602,112.825829,74.438560,-1792.843262,116.390800,71.943367,-1795.000000,106.531837,82.968834,-1775.940796,109.569145,77.843147,-1778.967651,112.337120,73.197983,-1781.679321,115.291862,69.215218,-1784.151489,118.889458,66.076729,-1786.459473,
		106.709534,82.573242,-1766.717041,110.136002,77.446831,-1769.769531,113.233772,72.568542,-1772.576416,116.384346,68.236526,-1775.149536,119.969223,64.748932,-1777.500977,106.070137,84.252991,-1756.634644,109.600464,79.489487,-1759.607300,112.789574,74.765892,-1762.411499,115.965378,70.452232,-1764.991577,119.455803,66.918510,-1767.292114,
		105.184700,86.513542,-1745.000000,108.327980,82.522316,-1747.750854,111.090080,78.546669,-1750.388428,113.897041,74.812073,-1752.831787,117.174896,71.543999,-1755.000000
	],

	"normals" : [
		-0.892077,-0.447040,-0.065981,-0.891253,-0.450807,-0.049416,-0.857933,-0.502430,-0.107309,-0.759533,-0.598519,-0.254725,-0.564861,-0.681677,-0.465025,-0.856616,-0.514666,-0.036430,-0.866190,-0.499707,0.002814,-0.841386,-0.540432,0.001643,-0.764018,-0.642600,-0.057809,-0.605425,-0.775194,-0.180376,
		-0.802149,-0.596453,0.028311,-0.827876,-0.557881,0.058219,-0.811576,-0.578949,0.078503,-0.738631,-0.668808,0.084379,-0.575093,-0.815061,0.070311,-0.746733,-0.660667,0.076869,-0.797395,-0.597869,0.081945,-0.794721,-0.599332,0.096019,-0.723934,-0.677011,0.132574,-0.544540,-0.815725,0.195114,
		-0.723771,-0.686999,0.064714,-0.796135,-0.603177,0.048445,-0.805064,-0.591399,0.046038,-0.730461,-0.676185,0.095921,-0.548675,-0.812101,0.198618
	],

	"faces": [
		32 ,0,1,5 ,0,1,5,
		32 ,5,1,6 ,5,1,6,
		32 ,5,6,10 ,5,6,10,
		32 ,10,6,11 ,10,6,11,
		32 ,10,11,15 ,10,11,15,
		32 ,15,11,16 ,15,11,16,
		32 ,15,16,20 ,15,16,20,
		32 ,20,16,21 ,20,16,21,
		32 ,1,2,6 ,1,2,6,
		32 ,6,2,7 ,6,2,7,
		32 ,6,7,11 ,6,7,11,
		32 ,11,7,12 ,11,7,12,
		32 ,11,12,16 ,11,12,16,
		32 ,16,12,17 ,16,12,17,
		32 ,16,17,21 ,16,17,21,
		32 ,21,17,22 ,21,17,22,
		32 ,2,3,7 ,2,3,7,
		32 ,7,3,8 ,7,3,8,
		32 ,7,8,12 ,7,8,12,
		32 ,12,8,13 ,12,8,13,
		32 ,12,13,17 ,12,13,17,
		32 ,17,13,18 ,17,13,18,
		32 ,17,18,22 ,17,18,22,
		32 ,22,18,23 ,22,18,23,
		32 ,3,4,8 ,3,4,8,
		32 ,8,4,9 ,8,4,9,
		32 ,8,9,13 ,8,9,13,
		32 ,13,9,14 ,13,9,14,
		32 ,13,14,18 ,13,14,18,
		32 ,18,14,19 ,18,14,19,
		32 ,18,19,23 ,18,19,23,
		32 ,23,19,24 ,23,19,24
	]

}
