{
	"metadata" : {
		"formatVersion" : 3,
		"description" : "Exported from LibZinc."
	},

	"vertices" : [
		158.796204,127.601700,-1775.000000,156.922882,135.306992,-1771.231812,154.510315,143.697525,-1767.613525,151.793579,151.910828,-1763.938599,149.007797,159.084396,-1760.000000,157.202332,122.621803,-1767.372437,155.362808,131.253296,-1762.973389,153.338806,140.299072,-1758.827515,151.139328,148.983719,-1754.731689,148.773407,156.531906,-1750.483032,
		154.660202,121.793877,-1759.432007,153.324799,130.339706,-1754.540894,152.181015,139.082611,-1749.574097,150.932739,147.439667,-1744.690430,149.283859,154.827896,-1740.048950,152.295288,122.654533,-1750.525635,151.565308,130.445953,-1745.447876,151.289963,138.142593,-1739.940063,150.958252,145.526871,-1734.491333,150.059189,152.381226,-1729.590454,
		151.233093,122.740402,-1740.000000,150.840729,129.451859,-1735.207642,150.918625,135.573425,-1730.012573,151.000336,141.493561,-1724.811035,150.619400,147.600693,-1720.000000
	],

	"normals" : [
		0.975050,0.100864,0.197750,0.959890,0.149859,0.236968,0.952205,0.191939,0.237625,0.947736,0.232036,0.218988,0.940508,0.278951,0.193987,0.955197,0.039005,0.293388,0.964494,0.090685,0.248046,0.974290,0.154326,0.164140,0.970363,0.226396,0.084508,0.946815,0.319478,0.038400,
		0.953081,0.000603,0.302716,0.973852,0.003828,0.227153,0.991045,0.064455,0.116943,0.987234,0.156922,0.027297,0.957320,0.288587,-0.016012,0.981095,0.026432,0.191715,0.989061,-0.044148,0.140748,0.997648,-0.019477,0.065725,0.997757,0.066072,0.010702,0.978544,0.205999,-0.004124,
		0.994793,0.101097,0.012895,0.999907,0.013566,-0.001321,0.999756,-0.021299,-0.005821,0.999958,0.006609,0.006417,0.994826,0.094823,0.036471
	],

	"faces": [
		32 ,0,1,5 ,0,1,5,
		32 ,5,1,6 ,5,1,6,
		32 ,5,6,10 ,5,6,10,
		32 ,10,6,11 ,10,6,11,
		32 ,10,11,15 ,10,11,15,
		32 ,15,11,16 ,15,11,16,
		32 ,15,16,20 ,15,16,20,
		32 ,20,16,21 ,20,16,21,
		32 ,1,2,6 ,1,2,6,
		32 ,6,2,7 ,6,2,7,
		32 ,6,7,11 ,6,7,11,
		32 ,11,7,12 ,11,7,12,
		32 ,11,12,16 ,11,12,16,
		32 ,16,12,17 ,16,12,17,
		32 ,16,17,21 ,16,17,21,
		32 ,21,17,22 ,21,17,22,
		32 ,2,3,7 ,2,3,7,
		32 ,7,3,8 ,7,3,8,
		32 ,7,8,12 ,7,8,12,
		32 ,12,8,13 ,12,8,13,
		32 ,12,13,17 ,12,13,17,
		32 ,17,13,18 ,17,13,18,
		32 ,17,18,22 ,17,18,22,
		32 ,22,18,23 ,22,18,23,
		32 ,3,4,8 ,3,4,8,
		32 ,8,4,9 ,8,4,9,
		32 ,8,9,13 ,8,9,13,
		32 ,13,9,14 ,13,9,14,
		32 ,13,14,18 ,13,14,18,
		32 ,18,14,19 ,18,14,19,
		32 ,18,19,23 ,18,19,23,
		32 ,23,19,24 ,23,19,24
	]

}
