{
	"metadata" : {
		"formatVersion" : 3,
		"description" : "Exported from LibZinc."
	},

	"vertices" : [
		150.619400,147.600693,-1720.000000,148.495102,153.835449,-1716.076172,144.295853,159.712128,-1713.187012,138.978836,164.979767,-1711.204224,133.501297,169.387405,-1710.000000,150.913116,140.638641,-1711.262085,148.903687,147.270081,-1707.572021,144.914505,153.985184,-1705.209229,139.847122,160.222092,-1703.737183,134.603119,165.418930,-1702.718872,
		151.218933,133.054535,-1702.641357,149.139267,139.863220,-1699.689575,145.554352,147.417526,-1698.345703,141.087738,154.760178,-1697.616211,136.363022,160.933868,-1696.507568,151.551849,125.368034,-1693.949829,149.709671,131.501328,-1691.851074,146.723282,139.937210,-1690.633667,142.947937,148.795715,-1689.660034,138.738892,156.196899,-1688.292480,
		151.926895,118.098801,-1685.000000,151.122711,122.070915,-1683.478882,148.929199,131.472275,-1680.110474,145.674957,142.530365,-1676.686768,141.688599,151.472702,-1675.000000
	],

	"normals" : [
		0.994826,0.094823,0.036471,0.902755,0.382821,0.196168,0.778960,0.568771,0.264047,0.677423,0.685459,0.266918,0.603238,0.754853,0.257491,0.995649,0.085022,0.038131,0.915287,0.318210,0.246967,0.806689,0.476218,0.349956,0.723038,0.586654,0.364765,0.664186,0.679270,0.312170,
		0.988607,0.128364,0.078605,0.918263,0.296376,0.262591,0.846140,0.422025,0.325489,0.809545,0.520369,0.271759,0.764868,0.615334,0.190633,0.975911,0.183130,0.118582,0.944241,0.268463,0.190623,0.929472,0.341413,0.139711,0.902889,0.425828,0.058840,0.820451,0.569386,0.051575,
		-0.998308,-0.058140,-0.000000,0.978850,0.204363,0.009385,0.965056,0.259456,-0.036743,0.939165,0.339205,-0.053928,0.841914,0.539460,-0.012795
	],

	"faces": [
		32 ,0,1,5 ,0,1,5,
		32 ,5,1,6 ,5,1,6,
		32 ,5,6,10 ,5,6,10,
		32 ,10,6,11 ,10,6,11,
		32 ,10,11,15 ,10,11,15,
		32 ,15,11,16 ,15,11,16,
		32 ,15,16,20 ,15,16,20,
		32 ,20,16,21 ,20,16,21,
		32 ,1,2,6 ,1,2,6,
		32 ,6,2,7 ,6,2,7,
		32 ,6,7,11 ,6,7,11,
		32 ,11,7,12 ,11,7,12,
		32 ,11,12,16 ,11,12,16,
		32 ,16,12,17 ,16,12,17,
		32 ,16,17,21 ,16,17,21,
		32 ,21,17,22 ,21,17,22,
		32 ,2,3,7 ,2,3,7,
		32 ,7,3,8 ,7,3,8,
		32 ,7,8,12 ,7,8,12,
		32 ,12,8,13 ,12,8,13,
		32 ,12,13,17 ,12,13,17,
		32 ,17,13,18 ,17,13,18,
		32 ,17,18,22 ,17,18,22,
		32 ,22,18,23 ,22,18,23,
		32 ,3,4,8 ,3,4,8,
		32 ,8,4,9 ,8,4,9,
		32 ,8,9,13 ,8,9,13,
		32 ,13,9,14 ,13,9,14,
		32 ,13,14,18 ,13,14,18,
		32 ,18,14,19 ,18,14,19,
		32 ,18,19,23 ,18,19,23,
		32 ,23,19,24 ,23,19,24
	]

}
