{
	"metadata" : {
		"formatVersion" : 3,
		"description" : "Exported from LibZinc."
	},

	"vertices" : [
		96.152702,161.323502,-1710.000000,92.733437,155.091965,-1711.596436,89.718323,147.873169,-1713.969238,87.373894,140.129105,-1716.857422,85.966698,132.321701,-1720.000000,96.467468,159.747940,-1701.450195,93.124252,153.502151,-1702.873901,90.380585,146.223846,-1705.034424,88.354416,138.401077,-1707.704956,87.163689,130.521881,-1710.658569,
		95.992775,157.310242,-1693.460083,92.790527,150.925461,-1694.675537,90.570786,143.573975,-1696.493774,89.207314,135.779907,-1698.788818,88.573875,128.067398,-1701.434814,94.763069,154.158829,-1683.739990,91.722435,147.526443,-1684.772949,90.194138,140.118164,-1686.210449,89.719528,132.436264,-1688.038696,89.839951,124.982971,-1690.243774,
		92.812798,150.442200,-1670.000000,89.910164,143.469635,-1670.937134,89.155876,136.051041,-1672.047607,89.678001,128.540817,-1673.384277,90.604599,121.293404,-1675.000000
	],

	"normals" : [
		-0.849659,0.512929,0.122406,-0.908641,0.401975,0.113077,-0.946791,0.300059,0.116405,-0.974189,0.191947,0.118791,-0.992259,0.066200,0.105067,-0.842749,0.523440,0.125639,-0.917865,0.383184,0.103410,-0.957325,0.263355,0.119048,-0.978206,0.148717,0.144902,-0.986901,0.031834,0.158156,
		-0.840355,0.534067,0.092609,-0.935093,0.351310,0.046712,-0.975992,0.208581,0.062717,-0.990482,0.090525,0.103686,-0.990439,-0.009992,0.137589,-0.840434,0.539925,0.046382,-0.953664,0.300120,-0.021294,-0.992094,0.124179,-0.018123,-0.999690,0.006836,0.023930,-0.995951,-0.059312,0.067555,
		-0.841578,0.540003,0.011993,-0.969844,0.234370,-0.066885,-0.996698,0.009153,-0.080679,-0.993144,-0.106706,-0.047743,-0.993022,-0.117849,-0.004310
	],

	"faces": [
		32 ,0,1,5 ,0,1,5,
		32 ,5,1,6 ,5,1,6,
		32 ,5,6,10 ,5,6,10,
		32 ,10,6,11 ,10,6,11,
		32 ,10,11,15 ,10,11,15,
		32 ,15,11,16 ,15,11,16,
		32 ,15,16,20 ,15,16,20,
		32 ,20,16,21 ,20,16,21,
		32 ,1,2,6 ,1,2,6,
		32 ,6,2,7 ,6,2,7,
		32 ,6,7,11 ,6,7,11,
		32 ,11,7,12 ,11,7,12,
		32 ,11,12,16 ,11,12,16,
		32 ,16,12,17 ,16,12,17,
		32 ,16,17,21 ,16,17,21,
		32 ,21,17,22 ,21,17,22,
		32 ,2,3,7 ,2,3,7,
		32 ,7,3,8 ,7,3,8,
		32 ,7,8,12 ,7,8,12,
		32 ,12,8,13 ,12,8,13,
		32 ,12,13,17 ,12,13,17,
		32 ,17,13,18 ,17,13,18,
		32 ,17,18,22 ,17,18,22,
		32 ,22,18,23 ,22,18,23,
		32 ,3,4,8 ,3,4,8,
		32 ,8,4,9 ,8,4,9,
		32 ,8,9,13 ,8,9,13,
		32 ,13,9,14 ,13,9,14,
		32 ,13,14,18 ,13,14,18,
		32 ,18,14,19 ,18,14,19,
		32 ,18,19,23 ,18,19,23,
		32 ,23,19,24 ,23,19,24
	]

}
