{
	"metadata" : {
		"formatVersion" : 3,
		"description" : "Exported from LibZinc."
	},

	"vertices" : [
		85.966698,132.321701,-1720.000000,84.875328,124.330559,-1723.663940,84.045105,116.208038,-1727.837769,84.592705,108.675278,-1731.842651,87.634804,102.453400,-1735.000000,87.163689,130.521881,-1710.658569,86.587181,122.343826,-1714.047974,86.664200,113.978783,-1717.756592,87.903488,106.446312,-1721.152954,90.813782,100.765976,-1723.605591,
		88.573875,128.067398,-1701.434814,88.842766,120.001534,-1704.352051,90.068718,111.669098,-1707.234009,91.949173,104.376701,-1709.615234,94.181557,99.430969,-1711.030396,89.839951,124.982971,-1690.243774,91.052856,117.151718,-1692.785889,93.447807,109.053764,-1695.275391,95.954300,102.268105,-1697.173096,97.501854,98.373741,-1697.939941,
		90.604599,121.293404,-1675.000000,92.628235,113.642441,-1677.559692,95.990593,105.907578,-1680.886353,99.143402,99.922195,-1683.769897,100.538399,97.519653,-1685.000000
	],

	"normals" : [
		-0.992259,0.066200,0.105067,-0.988315,0.072510,0.134075,-0.982809,-0.053023,0.176848,-0.935850,-0.306740,0.173480,-0.729281,-0.678786,0.086014,-0.986901,0.031834,0.158156,-0.977273,-0.050406,0.205905,-0.949732,-0.181874,0.254814,-0.898191,-0.369947,0.237472,-0.720536,-0.684221,0.112557,
		-0.990439,-0.009992,0.137589,-0.971183,-0.155842,0.180325,-0.933619,-0.267029,0.238855,-0.894234,-0.373989,0.245924,-0.795469,-0.586010,0.154341,-0.995951,-0.059312,0.067555,-0.962355,-0.258477,0.084037,-0.923276,-0.357043,0.141711,-0.896055,-0.401024,0.190432,-0.918086,-0.341936,0.200493,
		-0.993022,-0.117849,-0.004310,-0.940341,-0.339741,-0.018309,-0.896402,-0.443181,0.007343,-0.856200,-0.512912,0.061991,0.398699,0.916508,-0.032446
	],

	"faces": [
		32 ,0,1,5 ,0,1,5,
		32 ,5,1,6 ,5,1,6,
		32 ,5,6,10 ,5,6,10,
		32 ,10,6,11 ,10,6,11,
		32 ,10,11,15 ,10,11,15,
		32 ,15,11,16 ,15,11,16,
		32 ,15,16,20 ,15,16,20,
		32 ,20,16,21 ,20,16,21,
		32 ,1,2,6 ,1,2,6,
		32 ,6,2,7 ,6,2,7,
		32 ,6,7,11 ,6,7,11,
		32 ,11,7,12 ,11,7,12,
		32 ,11,12,16 ,11,12,16,
		32 ,16,12,17 ,16,12,17,
		32 ,16,17,21 ,16,17,21,
		32 ,21,17,22 ,21,17,22,
		32 ,2,3,7 ,2,3,7,
		32 ,7,3,8 ,7,3,8,
		32 ,7,8,12 ,7,8,12,
		32 ,12,8,13 ,12,8,13,
		32 ,12,13,17 ,12,13,17,
		32 ,17,13,18 ,17,13,18,
		32 ,17,18,22 ,17,18,22,
		32 ,22,18,23 ,22,18,23,
		32 ,3,4,8 ,3,4,8,
		32 ,8,4,9 ,8,4,9,
		32 ,8,9,13 ,8,9,13,
		32 ,13,9,14 ,13,9,14,
		32 ,13,14,18 ,13,14,18,
		32 ,18,14,19 ,18,14,19,
		32 ,18,19,23 ,18,19,23,
		32 ,23,19,24 ,23,19,24
	]

}
