{
	"metadata" : {
		"formatVersion" : 3,
		"description" : "Exported from LibZinc."
	},

	"vertices" : [
		105.184700,86.513542,-1745.000000,108.327980,82.522316,-1747.750854,111.090080,78.546669,-1750.388428,113.897041,74.812073,-1752.831787,117.174896,71.543999,-1755.000000,104.282738,88.715797,-1732.484131,106.585777,85.868134,-1734.572876,108.622131,82.974930,-1736.415894,110.789307,80.159462,-1738.102783,113.484825,77.545021,-1739.723511,
		103.210388,91.250626,-1719.266602,104.552116,89.649284,-1720.327637,105.928185,87.778412,-1720.896729,107.435524,85.882256,-1721.344360,109.171066,84.205070,-1722.040405,101.963615,94.168442,-1703.915649,102.458984,93.616295,-1704.106201,103.177269,92.709274,-1703.776367,103.972847,91.746849,-1703.371704,104.700104,91.028496,-1703.337158,
		100.538399,97.519653,-1685.000000,100.538399,97.519653,-1685.000000,100.538399,97.519653,-1685.000000,100.538399,97.519653,-1685.000000,100.538399,97.519653,-1685.000000
	],

	"normals" : [
		-0.723771,-0.686999,0.064714,-0.796135,-0.603177,0.048445,-0.805064,-0.591399,0.046038,-0.730461,-0.676185,0.095921,-0.548675,-0.812101,0.198618,-0.700663,-0.709236,0.077818,-0.791426,-0.609255,0.049531,-0.801735,-0.595878,0.046366,-0.725850,-0.681857,0.090623,-0.557268,-0.811591,0.175418,
		-0.664132,-0.742317,0.088846,-0.786447,-0.615613,0.050217,-0.797446,-0.601591,0.046562,-0.737961,-0.670240,0.078694,-0.558817,-0.812626,0.165417,-0.491279,-0.862588,0.120779,-0.780740,-0.622832,0.050241,-0.792533,-0.608077,0.046196,-0.758591,-0.648452,0.063634,-0.553098,-0.816818,0.163985,
		-0.773431,-0.631778,0.051588,-0.773431,-0.631778,0.051588,-0.773431,-0.631778,0.051588,-0.773431,-0.631778,0.051588,-0.773431,-0.631778,0.051588
	],

	"faces": [
		32 ,0,1,5 ,0,1,5,
		32 ,5,1,6 ,5,1,6,
		32 ,5,6,10 ,5,6,10,
		32 ,10,6,11 ,10,6,11,
		32 ,10,11,15 ,10,11,15,
		32 ,15,11,16 ,15,11,16,
		32 ,15,16,20 ,15,16,20,
		32 ,20,16,21 ,20,16,21,
		32 ,1,2,6 ,1,2,6,
		32 ,6,2,7 ,6,2,7,
		32 ,6,7,11 ,6,7,11,
		32 ,11,7,12 ,11,7,12,
		32 ,11,12,16 ,11,12,16,
		32 ,16,12,17 ,16,12,17,
		32 ,16,17,21 ,16,17,21,
		32 ,21,17,22 ,21,17,22,
		32 ,2,3,7 ,2,3,7,
		32 ,7,3,8 ,7,3,8,
		32 ,7,8,12 ,7,8,12,
		32 ,12,8,13 ,12,8,13,
		32 ,12,13,17 ,12,13,17,
		32 ,17,13,18 ,17,13,18,
		32 ,17,18,22 ,17,18,22,
		32 ,22,18,23 ,22,18,23,
		32 ,3,4,8 ,3,4,8,
		32 ,8,4,9 ,8,4,9,
		32 ,8,9,13 ,8,9,13,
		32 ,13,9,14 ,13,9,14,
		32 ,13,14,18 ,13,14,18,
		32 ,18,14,19 ,18,14,19,
		32 ,18,19,23 ,18,19,23,
		32 ,23,19,24 ,23,19,24
	]

}
