{
	"metadata" : {
		"formatVersion" : 3,
		"description" : "Exported from LibZinc."
	},

	"vertices" : [
		117.174896,71.543999,-1755.000000,121.035973,69.006248,-1756.661499,125.234673,67.165665,-1757.843750,129.660217,65.802299,-1758.854126,134.201797,64.696228,-1760.000000,113.484825,77.545021,-1739.723511,117.498894,74.957253,-1741.186401,121.930420,72.848015,-1742.302734,126.611320,71.104416,-1743.306030,131.373520,69.613556,-1744.429810,
		109.171066,84.205070,-1722.040405,113.283005,81.629333,-1723.323120,118.095222,79.114403,-1724.662354,123.225090,76.885170,-1725.898682,128.289978,75.166527,-1726.872314,104.700104,91.028496,-1703.337158,108.410004,88.718796,-1704.267334,113.696831,85.667458,-1705.544800,119.643929,82.675125,-1706.666382,125.334610,80.542450,-1707.128540,
		100.538399,97.519653,-1685.000000,102.901611,95.921913,-1685.214600,108.703011,92.209778,-1685.572144,116.010223,88.004822,-1685.643677,122.890900,84.928658,-1685.000000
	],

	"normals" : [
		-0.548675,-0.812101,0.198618,-0.382220,-0.886006,0.262491,-0.264297,-0.921404,0.284889,-0.186701,-0.941646,0.280082,-0.145945,-0.955386,0.256784,-0.543101,-0.819708,0.181992,-0.412396,-0.879659,0.236915,-0.321032,-0.910664,0.260059,-0.255244,-0.929378,0.266660,-0.206720,-0.940993,0.267951,
		-0.520547,-0.834069,0.182645,-0.434044,-0.873907,0.218842,-0.369938,-0.899598,0.232099,-0.307485,-0.921798,0.236095,-0.227195,-0.942317,0.245809,-0.498764,-0.846259,0.187299,-0.470890,-0.860461,0.194599,-0.438091,-0.878537,0.190391,-0.381749,-0.905612,0.184754,-0.259767,-0.946240,0.192746,
		0.959215,-0.126418,0.252835,-0.538483,-0.829136,0.150230,-0.515004,-0.846544,0.134661,-0.465771,-0.876595,0.120991,-0.328789,-0.937236,0.116127
	],

	"faces": [
		32 ,0,1,5 ,0,1,5,
		32 ,5,1,6 ,5,1,6,
		32 ,5,6,10 ,5,6,10,
		32 ,10,6,11 ,10,6,11,
		32 ,10,11,15 ,10,11,15,
		32 ,15,11,16 ,15,11,16,
		32 ,15,16,20 ,15,16,20,
		32 ,20,16,21 ,20,16,21,
		32 ,1,2,6 ,1,2,6,
		32 ,6,2,7 ,6,2,7,
		32 ,6,7,11 ,6,7,11,
		32 ,11,7,12 ,11,7,12,
		32 ,11,12,16 ,11,12,16,
		32 ,16,12,17 ,16,12,17,
		32 ,16,17,21 ,16,17,21,
		32 ,21,17,22 ,21,17,22,
		32 ,2,3,7 ,2,3,7,
		32 ,7,3,8 ,7,3,8,
		32 ,7,8,12 ,7,8,12,
		32 ,12,8,13 ,12,8,13,
		32 ,12,13,17 ,12,13,17,
		32 ,17,13,18 ,17,13,18,
		32 ,17,18,22 ,17,18,22,
		32 ,22,18,23 ,22,18,23,
		32 ,3,4,8 ,3,4,8,
		32 ,8,4,9 ,8,4,9,
		32 ,8,9,13 ,8,9,13,
		32 ,13,9,14 ,13,9,14,
		32 ,13,14,18 ,13,14,18,
		32 ,18,14,19 ,18,14,19,
		32 ,18,19,23 ,18,19,23,
		32 ,23,19,24 ,23,19,24
	]

}
