{
	"metadata" : {
		"formatVersion" : 3,
		"description" : "Exported from LibZinc."
	},

	"vertices" : [
		155.670395,90.791771,-1755.000000,155.084793,98.099045,-1752.109253,153.808502,106.445503,-1748.500000,152.353836,114.952255,-1744.390747,151.233093,122.740402,-1740.000000,154.381805,96.801170,-1739.626099,153.961304,102.667130,-1737.481689,153.021042,109.106491,-1735.019531,151.956329,115.608635,-1732.159912,151.162506,121.662910,-1728.823120,
		153.354370,103.829292,-1721.938477,153.051910,107.643585,-1720.925293,152.374634,112.221977,-1720.000122,151.633209,116.797440,-1718.850708,151.138351,120.602951,-1717.164795,152.549088,111.165405,-1703.281616,152.369492,112.847710,-1703.183472,151.974762,115.362549,-1703.355591,151.563675,117.850296,-1703.463867,151.335007,119.451317,-1703.173950,
		151.926895,118.098801,-1685.000000,151.926895,118.098801,-1685.000000,151.926895,118.098801,-1685.000000,151.926895,118.098801,-1685.000000,151.926895,118.098801,-1685.000000
	],

	"normals" : [
		0.992694,-0.033285,0.115981,0.993026,0.102751,0.057807,0.987928,0.150493,0.036750,0.988452,0.148782,0.028752,0.994793,0.101097,0.012895,0.996683,-0.023654,0.077869,0.993726,0.107277,0.031624,0.987996,0.153294,0.019106,0.989161,0.145641,0.018674,0.996414,0.083322,0.014736,
		0.998283,-0.016895,0.056078,0.992449,0.122279,0.009605,0.987214,0.159396,0.001505,0.988296,0.152526,0.002510,0.996572,0.082684,0.002632,0.999117,-0.008594,0.041134,0.989956,0.141019,-0.010088,0.986747,0.161644,-0.014200,0.987095,0.159508,-0.014144,0.995607,0.092281,-0.015833,
		0.986650,0.160324,-0.028615,0.986650,0.160324,-0.028615,0.986650,0.160324,-0.028615,0.986650,0.160324,-0.028615,0.986650,0.160324,-0.028615
	],

	"faces": [
		32 ,0,1,5 ,0,1,5,
		32 ,5,1,6 ,5,1,6,
		32 ,5,6,10 ,5,6,10,
		32 ,10,6,11 ,10,6,11,
		32 ,10,11,15 ,10,11,15,
		32 ,15,11,16 ,15,11,16,
		32 ,15,16,20 ,15,16,20,
		32 ,20,16,21 ,20,16,21,
		32 ,1,2,6 ,1,2,6,
		32 ,6,2,7 ,6,2,7,
		32 ,6,7,11 ,6,7,11,
		32 ,11,7,12 ,11,7,12,
		32 ,11,12,16 ,11,12,16,
		32 ,16,12,17 ,16,12,17,
		32 ,16,17,21 ,16,17,21,
		32 ,21,17,22 ,21,17,22,
		32 ,2,3,7 ,2,3,7,
		32 ,7,3,8 ,7,3,8,
		32 ,7,8,12 ,7,8,12,
		32 ,12,8,13 ,12,8,13,
		32 ,12,13,17 ,12,13,17,
		32 ,17,13,18 ,17,13,18,
		32 ,17,18,22 ,17,18,22,
		32 ,22,18,23 ,22,18,23,
		32 ,3,4,8 ,3,4,8,
		32 ,8,4,9 ,8,4,9,
		32 ,8,9,13 ,8,9,13,
		32 ,13,9,14 ,13,9,14,
		32 ,13,14,18 ,13,14,18,
		32 ,18,14,19 ,18,14,19,
		32 ,18,19,23 ,18,19,23,
		32 ,23,19,24 ,23,19,24
	]

}
