{
	"metadata" : {
		"formatVersion" : 3,
		"description" : "Exported from LibZinc."
	},

	"vertices" : [
		141.688599,151.472702,-1675.000000,137.432663,157.179031,-1674.296875,132.852539,161.191284,-1672.929321,127.501068,163.730225,-1671.347168,120.931099,165.016602,-1670.000000,145.180496,147.938751,-1654.853638,140.883469,153.663406,-1654.886963,136.225586,157.639389,-1653.751953,130.648453,160.435989,-1652.123779,123.593605,162.622482,-1650.677490,
		149.126160,146.392395,-1629.798706,144.468460,152.056381,-1629.340698,139.111038,156.125641,-1628.710693,132.774261,159.252151,-1627.944092,125.178497,162.087830,-1627.076416,153.398285,146.528091,-1602.344360,148.011124,152.376221,-1601.131714,141.610626,156.859055,-1601.049316,134.260818,160.378540,-1601.325073,126.025688,163.336624,-1601.187134,
		157.869598,148.040298,-1575.000000,151.334961,154.641266,-1573.733398,143.826126,160.048645,-1574.011475,135.490402,164.014999,-1574.783813,126.475098,166.292892,-1575.000000
	],

	"normals" : [
		0.841914,0.539460,-0.012795,0.746318,0.664819,0.032022,0.571786,0.813796,0.103907,0.339044,0.925554,0.168519,0.123364,0.977105,0.173343,0.846383,0.526443,-0.080587,0.732128,0.680162,-0.036991,0.551762,0.833792,0.018704,0.370913,0.927205,0.052105,0.256337,0.965759,0.040019,
		0.826665,0.550924,-0.114487,0.686141,0.723822,-0.072749,0.511773,0.858309,-0.037353,0.380902,0.924317,-0.023486,0.326996,0.944579,-0.029045,0.778661,0.611122,-0.142186,0.643675,0.756923,-0.112915,0.496030,0.862387,-0.101201,0.376870,0.921049,-0.098169,0.302602,0.949501,-0.082951,
		0.722490,0.668417,-0.176711,0.636924,0.751461,-0.172146,0.514355,0.836570,-0.188651,0.348371,0.917092,-0.193857,0.135792,0.979864,-0.146377
	],

	"faces": [
		32 ,0,1,5 ,0,1,5,
		32 ,5,1,6 ,5,1,6,
		32 ,5,6,10 ,5,6,10,
		32 ,10,6,11 ,10,6,11,
		32 ,10,11,15 ,10,11,15,
		32 ,15,11,16 ,15,11,16,
		32 ,15,16,20 ,15,16,20,
		32 ,20,16,21 ,20,16,21,
		32 ,1,2,6 ,1,2,6,
		32 ,6,2,7 ,6,2,7,
		32 ,6,7,11 ,6,7,11,
		32 ,11,7,12 ,11,7,12,
		32 ,11,12,16 ,11,12,16,
		32 ,16,12,17 ,16,12,17,
		32 ,16,17,21 ,16,17,21,
		32 ,21,17,22 ,21,17,22,
		32 ,2,3,7 ,2,3,7,
		32 ,7,3,8 ,7,3,8,
		32 ,7,8,12 ,7,8,12,
		32 ,12,8,13 ,12,8,13,
		32 ,12,13,17 ,12,13,17,
		32 ,17,13,18 ,17,13,18,
		32 ,17,18,22 ,17,18,22,
		32 ,22,18,23 ,22,18,23,
		32 ,3,4,8 ,3,4,8,
		32 ,8,4,9 ,8,4,9,
		32 ,8,9,13 ,8,9,13,
		32 ,13,9,14 ,13,9,14,
		32 ,13,14,18 ,13,14,18,
		32 ,18,14,19 ,18,14,19,
		32 ,18,19,23 ,18,19,23,
		32 ,23,19,24 ,23,19,24
	]

}
