{
	"metadata" : {
		"formatVersion" : 3,
		"description" : "Exported from LibZinc."
	},

	"vertices" : [
		144.960495,93.699913,-1685.000000,147.711197,100.649323,-1685.614868,149.921219,108.687874,-1685.546509,151.392471,115.332169,-1685.204956,151.926895,118.098801,-1685.000000,146.336014,95.097427,-1659.844727,149.547379,101.252426,-1661.183838,152.139267,106.825066,-1661.963379,153.833359,111.937172,-1662.031738,154.351303,116.710571,-1661.236938,
		150.108322,92.623787,-1632.230225,154.044907,98.474113,-1633.454224,156.984039,103.778862,-1634.127441,158.792633,109.205223,-1634.131470,159.337524,115.420349,-1633.347656,155.324936,88.210968,-1603.500732,160.066528,94.129913,-1604.209961,163.431458,100.194656,-1604.412720,165.411407,106.732750,-1604.230469,165.998016,114.071754,-1603.784546,
		161.033401,83.790947,-1575.000000,166.475037,90.035378,-1575.235107,170.457458,96.717842,-1575.193115,172.830811,104.116219,-1575.054565,173.445206,112.508400,-1575.000000
	],

	"normals" : [
		0.887211,-0.453981,0.082207,0.952725,-0.301923,0.034020,0.971625,-0.233386,-0.038413,0.977931,-0.192448,-0.081337,0.146471,-0.986269,-0.076287,0.868548,-0.484386,-0.104854,0.874180,-0.466226,-0.135805,0.906853,-0.387121,-0.166598,0.962487,-0.213866,-0.166974,0.987233,0.073477,-0.141322,
		0.781832,-0.588425,-0.206141,0.804498,-0.549267,-0.226029,0.880754,-0.416954,-0.224548,0.959460,-0.187852,-0.210114,0.978670,0.054127,-0.198178,0.695299,-0.675144,-0.246456,0.789023,-0.557745,-0.257609,0.889764,-0.380444,-0.252154,0.955857,-0.166626,-0.242019,0.971516,0.030060,-0.235059,
		0.679500,-0.696264,-0.231292,0.779707,-0.578058,-0.240638,0.878943,-0.397977,-0.262819,0.945238,-0.178503,-0.273245,0.964561,0.032444,-0.261856
	],

	"faces": [
		32 ,0,1,5 ,0,1,5,
		32 ,5,1,6 ,5,1,6,
		32 ,5,6,10 ,5,6,10,
		32 ,10,6,11 ,10,6,11,
		32 ,10,11,15 ,10,11,15,
		32 ,15,11,16 ,15,11,16,
		32 ,15,16,20 ,15,16,20,
		32 ,20,16,21 ,20,16,21,
		32 ,1,2,6 ,1,2,6,
		32 ,6,2,7 ,6,2,7,
		32 ,6,7,11 ,6,7,11,
		32 ,11,7,12 ,11,7,12,
		32 ,11,12,16 ,11,12,16,
		32 ,16,12,17 ,16,12,17,
		32 ,16,17,21 ,16,17,21,
		32 ,21,17,22 ,21,17,22,
		32 ,2,3,7 ,2,3,7,
		32 ,7,3,8 ,7,3,8,
		32 ,7,8,12 ,7,8,12,
		32 ,12,8,13 ,12,8,13,
		32 ,12,13,17 ,12,13,17,
		32 ,17,13,18 ,17,13,18,
		32 ,17,18,22 ,17,18,22,
		32 ,22,18,23 ,22,18,23,
		32 ,3,4,8 ,3,4,8,
		32 ,8,4,9 ,8,4,9,
		32 ,8,9,13 ,8,9,13,
		32 ,13,9,14 ,13,9,14,
		32 ,13,14,18 ,13,14,18,
		32 ,18,14,19 ,18,14,19,
		32 ,18,19,23 ,18,19,23,
		32 ,23,19,24 ,23,19,24
	]

}
