{
	"metadata" : {
		"formatVersion" : 3,
		"description" : "Exported from LibZinc."
	},

	"vertices" : [
		157.869598,148.040298,-1575.000000,151.334961,154.641266,-1573.733398,143.826126,160.048645,-1574.011475,135.490402,164.014999,-1574.783813,126.475098,166.292892,-1575.000000,162.791306,151.831726,-1548.346924,154.491547,159.259445,-1547.629639,145.361420,165.330200,-1547.937866,135.584732,169.326324,-1548.542603,125.345314,170.530182,-1548.714844,
		168.128677,157.694885,-1521.211548,157.783676,165.469559,-1520.866577,146.511597,171.418823,-1521.004272,134.755005,174.929779,-1521.295654,122.956551,175.389542,-1521.412109,173.325577,163.658951,-1493.470337,161.411697,171.536194,-1493.261597,148.415176,177.142563,-1493.207275,135.017761,180.203949,-1493.267700,121.901154,180.446289,-1493.403320,
		177.825806,167.753098,-1465.000000,165.575912,175.723984,-1464.631714,152.210724,181.329453,-1464.543457,138.389496,184.527390,-1464.683472,124.771500,185.275696,-1465.000000
	],

	"normals" : [
		0.722490,0.668417,-0.176711,0.636924,0.751461,-0.172146,0.514355,0.836570,-0.188651,0.348371,0.917092,-0.193857,0.135792,0.979864,-0.146377,0.658970,0.704603,-0.263234,0.598589,0.765010,-0.237596,0.476616,0.853628,-0.210135,0.265706,0.945286,-0.189299,-0.045554,0.983867,-0.173003,
		0.617528,0.732158,-0.287407,0.519901,0.814223,-0.258348,0.379871,0.898753,-0.218956,0.174338,0.966258,-0.189607,-0.107570,0.976713,-0.185633,0.600877,0.759070,-0.250518,0.460807,0.857516,-0.228742,0.306441,0.930915,-0.198722,0.125347,0.976477,-0.175444,-0.094628,0.980475,-0.172375,
		0.611672,0.776507,-0.151309,0.458238,0.875964,-0.150681,0.303093,0.940882,-0.151244,0.142644,0.978118,-0.151449,-0.032009,0.987837,-0.152164
	],

	"faces": [
		32 ,0,1,5 ,0,1,5,
		32 ,5,1,6 ,5,1,6,
		32 ,5,6,10 ,5,6,10,
		32 ,10,6,11 ,10,6,11,
		32 ,10,11,15 ,10,11,15,
		32 ,15,11,16 ,15,11,16,
		32 ,15,16,20 ,15,16,20,
		32 ,20,16,21 ,20,16,21,
		32 ,1,2,6 ,1,2,6,
		32 ,6,2,7 ,6,2,7,
		32 ,6,7,11 ,6,7,11,
		32 ,11,7,12 ,11,7,12,
		32 ,11,12,16 ,11,12,16,
		32 ,16,12,17 ,16,12,17,
		32 ,16,17,21 ,16,17,21,
		32 ,21,17,22 ,21,17,22,
		32 ,2,3,7 ,2,3,7,
		32 ,7,3,8 ,7,3,8,
		32 ,7,8,12 ,7,8,12,
		32 ,12,8,13 ,12,8,13,
		32 ,12,13,17 ,12,13,17,
		32 ,17,13,18 ,17,13,18,
		32 ,17,18,22 ,17,18,22,
		32 ,22,18,23 ,22,18,23,
		32 ,3,4,8 ,3,4,8,
		32 ,8,4,9 ,8,4,9,
		32 ,8,9,13 ,8,9,13,
		32 ,13,9,14 ,13,9,14,
		32 ,13,14,18 ,13,14,18,
		32 ,18,14,19 ,18,14,19,
		32 ,18,19,23 ,18,19,23,
		32 ,23,19,24 ,23,19,24
	]

}
