{
	"metadata" : {
		"formatVersion" : 3,
		"description" : "Exported from LibZinc."
	},

	"vertices" : [
		93.620300,150.473907,-1575.000000,88.588577,143.560562,-1575.207642,84.788345,136.441605,-1575.114990,82.483665,128.855209,-1574.964844,81.938599,120.539597,-1575.000000,91.716278,151.135849,-1548.739136,87.002632,143.820190,-1548.838623,83.597717,136.327011,-1548.791992,81.671967,128.138687,-1548.634644,81.395805,118.737587,-1548.402344,
		88.631142,151.595428,-1521.526001,84.273300,143.565384,-1521.525391,81.582603,135.444794,-1521.531372,80.352951,126.643364,-1521.462769,80.378258,116.570824,-1521.238525,86.276161,153.197845,-1493.549927,82.101624,144.309830,-1493.506958,79.971291,135.422775,-1493.539917,79.292252,125.962311,-1493.554199,79.471626,115.354118,-1493.455566,
		86.562599,157.288300,-1465.000000,82.188660,147.567169,-1465.021851,79.992065,137.888779,-1465.024048,79.255486,127.688637,-1465.014160,79.261597,116.402298,-1465.000000
	],

	"normals" : [
		-0.776062,0.628669,-0.050018,-0.841822,0.538561,-0.035889,-0.920683,0.389482,-0.025436,-0.983127,0.182466,-0.012945,-0.998827,-0.048012,-0.006334,-0.807837,0.582148,-0.092216,-0.870521,0.486454,-0.074533,-0.943473,0.326989,-0.054190,-0.991103,0.127665,-0.037629,-0.997476,-0.060276,-0.037526,
		-0.836445,0.537365,-0.107694,-0.912378,0.399349,-0.089927,-0.972457,0.223808,-0.065091,-0.997196,0.059997,-0.044726,-0.997606,-0.054710,-0.042299,-0.856867,0.507963,-0.088045,-0.942657,0.327487,-0.064417,-0.989005,0.142440,-0.039748,-0.999596,0.015125,-0.024076,-0.999053,-0.036487,-0.023706,
		-0.866719,0.497741,-0.032434,-0.949744,0.312999,0.004296,-0.990507,0.135535,0.022921,-0.999479,0.023086,0.022557,-0.999854,-0.011497,0.012619
	],

	"faces": [
		32 ,0,1,5 ,0,1,5,
		32 ,5,1,6 ,5,1,6,
		32 ,5,6,10 ,5,6,10,
		32 ,10,6,11 ,10,6,11,
		32 ,10,11,15 ,10,11,15,
		32 ,15,11,16 ,15,11,16,
		32 ,15,16,20 ,15,16,20,
		32 ,20,16,21 ,20,16,21,
		32 ,1,2,6 ,1,2,6,
		32 ,6,2,7 ,6,2,7,
		32 ,6,7,11 ,6,7,11,
		32 ,11,7,12 ,11,7,12,
		32 ,11,12,16 ,11,12,16,
		32 ,16,12,17 ,16,12,17,
		32 ,16,17,21 ,16,17,21,
		32 ,21,17,22 ,21,17,22,
		32 ,2,3,7 ,2,3,7,
		32 ,7,3,8 ,7,3,8,
		32 ,7,8,12 ,7,8,12,
		32 ,12,8,13 ,12,8,13,
		32 ,12,13,17 ,12,13,17,
		32 ,17,13,18 ,17,13,18,
		32 ,17,18,22 ,17,18,22,
		32 ,22,18,23 ,22,18,23,
		32 ,3,4,8 ,3,4,8,
		32 ,8,4,9 ,8,4,9,
		32 ,8,9,13 ,8,9,13,
		32 ,13,9,14 ,13,9,14,
		32 ,13,14,18 ,13,14,18,
		32 ,18,14,19 ,18,14,19,
		32 ,18,19,23 ,18,19,23,
		32 ,23,19,24 ,23,19,24
	]

}
