{
	"metadata" : {
		"formatVersion" : 3,
		"description" : "Exported from LibZinc."
	},

	"vertices" : [
		81.938599,120.539597,-1575.000000,83.054596,111.436852,-1574.698853,85.627548,102.234352,-1573.988159,89.763176,93.788261,-1573.783447,95.567200,86.954742,-1575.000000,81.395805,118.737587,-1548.402344,82.683556,108.593361,-1548.046021,85.434288,98.775497,-1547.655151,89.795586,89.666100,-1547.472046,95.915016,81.647285,-1547.738770,
		80.378258,116.570824,-1521.238525,81.825134,105.569450,-1520.950928,85.034271,94.726471,-1520.751465,90.060677,84.569046,-1520.648193,96.959351,75.624344,-1520.649414,79.471626,115.354118,-1493.455566,80.964394,103.562645,-1493.297852,84.598694,91.537445,-1493.203247,90.341408,80.181862,-1493.179688,98.159416,70.399231,-1493.235352,
		79.261597,116.402298,-1465.000000,80.586395,103.770477,-1464.971069,84.298759,90.658615,-1464.936768,90.420738,78.189331,-1464.934082,98.974403,67.485252,-1465.000000
	],

	"normals" : [
		-0.998827,-0.048012,-0.006334,-0.980889,-0.193910,-0.015973,-0.935737,-0.350727,-0.037234,-0.843124,-0.533421,-0.067857,-0.670543,-0.731667,-0.122621,-0.997476,-0.060276,-0.037526,-0.979322,-0.196460,-0.048288,-0.935032,-0.348774,-0.063806,-0.852389,-0.515281,-0.088991,-0.720647,-0.681400,-0.127915,
		-0.997606,-0.054710,-0.042299,-0.976855,-0.206941,-0.054122,-0.929879,-0.361791,-0.066577,-0.847337,-0.523823,-0.087347,-0.716097,-0.688145,-0.116882,-0.999053,-0.036487,-0.023706,-0.977459,-0.208585,-0.032666,-0.928674,-0.368369,-0.043244,-0.843449,-0.533847,-0.060012,-0.699100,-0.710193,-0.082976,
		-0.999854,-0.011497,0.012619,-0.981891,-0.189058,0.012150,-0.935210,-0.354074,0.003674,-0.848776,-0.528706,-0.007080,-0.694857,-0.718852,-0.020623
	],

	"faces": [
		32 ,0,1,5 ,0,1,5,
		32 ,5,1,6 ,5,1,6,
		32 ,5,6,10 ,5,6,10,
		32 ,10,6,11 ,10,6,11,
		32 ,10,11,15 ,10,11,15,
		32 ,15,11,16 ,15,11,16,
		32 ,15,16,20 ,15,16,20,
		32 ,20,16,21 ,20,16,21,
		32 ,1,2,6 ,1,2,6,
		32 ,6,2,7 ,6,2,7,
		32 ,6,7,11 ,6,7,11,
		32 ,11,7,12 ,11,7,12,
		32 ,11,12,16 ,11,12,16,
		32 ,16,12,17 ,16,12,17,
		32 ,16,17,21 ,16,17,21,
		32 ,21,17,22 ,21,17,22,
		32 ,2,3,7 ,2,3,7,
		32 ,7,3,8 ,7,3,8,
		32 ,7,8,12 ,7,8,12,
		32 ,12,8,13 ,12,8,13,
		32 ,12,13,17 ,12,13,17,
		32 ,17,13,18 ,17,13,18,
		32 ,17,18,22 ,17,18,22,
		32 ,22,18,23 ,22,18,23,
		32 ,3,4,8 ,3,4,8,
		32 ,8,4,9 ,8,4,9,
		32 ,8,9,13 ,8,9,13,
		32 ,13,9,14 ,13,9,14,
		32 ,13,14,18 ,13,14,18,
		32 ,18,14,19 ,18,14,19,
		32 ,18,19,23 ,18,19,23,
		32 ,23,19,24 ,23,19,24
	]

}
