{
	"metadata" : {
		"formatVersion" : 3,
		"description" : "Exported from LibZinc."
	},

	"vertices" : [
		210.437195,118.105904,-1465.000000,205.848694,131.465851,-1464.927002,198.406357,144.863052,-1465.110229,188.826584,157.293488,-1465.238403,177.825806,167.753098,-1465.000000,213.257629,122.821838,-1434.230347,209.165146,135.562485,-1434.078003,202.557709,148.346375,-1434.435913,193.938324,160.251511,-1434.748169,183.810028,170.355896,-1434.458984,
		216.741882,129.823181,-1402.588623,213.731140,141.823776,-1402.450806,208.413025,153.469223,-1402.710693,201.110840,164.186249,-1402.954224,192.147858,173.401581,-1402.767334,221.036957,137.037308,-1373.194092,219.076187,148.550629,-1373.122925,214.817871,159.223648,-1373.197144,208.488998,168.857376,-1373.269775,200.316589,177.252838,-1373.193481,
		226.289902,142.391602,-1349.166016,224.729874,154.043961,-1349.172119,220.617828,164.601685,-1349.157959,214.217728,174.024582,-1349.107788,205.793503,182.272400,-1349.005981
	],

	"normals" : [
		0.969673,0.220377,-0.105681,0.905532,0.409222,-0.112019,0.828890,0.544859,-0.126767,0.736844,0.660570,-0.143904,0.611672,0.776507,-0.151309,0.967057,0.214381,-0.137266,0.907644,0.379126,-0.180127,0.835957,0.507711,-0.208339,0.745041,0.629422,-0.220773,0.614884,0.759165,-0.213508,
		0.976294,0.148701,-0.157285,0.920313,0.323321,-0.220197,0.844983,0.469586,-0.255917,0.749072,0.606894,-0.265653,0.620127,0.742514,-0.253210,0.980370,0.063860,-0.186538,0.931058,0.262780,-0.253137,0.849463,0.441819,-0.288457,0.744702,0.599163,-0.293976,0.620099,0.732610,-0.280641,
		0.960929,0.015212,-0.276376,0.920938,0.238735,-0.308025,0.837109,0.444745,-0.318512,0.724343,0.613420,-0.314710,0.600532,0.739441,-0.304283
	],

	"faces": [
		32 ,0,1,5 ,0,1,5,
		32 ,5,1,6 ,5,1,6,
		32 ,5,6,10 ,5,6,10,
		32 ,10,6,11 ,10,6,11,
		32 ,10,11,15 ,10,11,15,
		32 ,15,11,16 ,15,11,16,
		32 ,15,16,20 ,15,16,20,
		32 ,20,16,21 ,20,16,21,
		32 ,1,2,6 ,1,2,6,
		32 ,6,2,7 ,6,2,7,
		32 ,6,7,11 ,6,7,11,
		32 ,11,7,12 ,11,7,12,
		32 ,11,12,16 ,11,12,16,
		32 ,16,12,17 ,16,12,17,
		32 ,16,17,21 ,16,17,21,
		32 ,21,17,22 ,21,17,22,
		32 ,2,3,7 ,2,3,7,
		32 ,7,3,8 ,7,3,8,
		32 ,7,8,12 ,7,8,12,
		32 ,12,8,13 ,12,8,13,
		32 ,12,13,17 ,12,13,17,
		32 ,17,13,18 ,17,13,18,
		32 ,17,18,22 ,17,18,22,
		32 ,22,18,23 ,22,18,23,
		32 ,3,4,8 ,3,4,8,
		32 ,8,4,9 ,8,4,9,
		32 ,8,9,13 ,8,9,13,
		32 ,13,9,14 ,13,9,14,
		32 ,13,14,18 ,13,14,18,
		32 ,18,14,19 ,18,14,19,
		32 ,18,19,23 ,18,19,23,
		32 ,23,19,24 ,23,19,24
	]

}
