{
	"metadata" : {
		"formatVersion" : 3,
		"description" : "Exported from LibZinc."
	},

	"vertices" : [
		124.771500,185.275696,-1465.000000,112.391068,182.488724,-1465.211548,101.869583,176.002045,-1465.176636,93.246834,167.155334,-1465.053345,86.562599,157.288300,-1465.000000,133.551285,189.208725,-1434.679077,121.036987,187.452316,-1434.848755,109.869614,181.914124,-1434.730225,100.428581,173.673706,-1434.567139,93.093285,163.810669,-1434.603027,
		145.518417,192.774536,-1403.000366,133.378387,192.060120,-1403.076538,122.116699,187.837128,-1403.022705,112.294044,180.750366,-1402.975952,104.471130,171.444580,-1403.072754,156.206512,197.345764,-1373.400391,144.429520,197.492554,-1373.432007,133.226395,194.417511,-1373.465698,123.238594,188.379868,-1373.511230,115.107529,179.638916,-1373.578369,
		161.149200,204.295105,-1349.314941,149.204605,204.930115,-1349.451904,137.814285,202.301682,-1349.470459,127.657593,196.556808,-1349.404785,119.413902,187.842499,-1349.288940
	],

	"normals" : [
		-0.032009,0.987837,-0.152164,-0.387724,0.915428,-0.107988,-0.634529,0.769356,-0.073926,-0.780190,0.623176,-0.054357,-0.866719,0.497741,-0.032434,0.041301,0.991286,-0.125082,-0.305984,0.951610,-0.028485,-0.562286,0.825759,0.044222,-0.733480,0.672594,0.098107,-0.850108,0.504174,0.152071,
		0.101828,0.981823,-0.160170,-0.213003,0.974888,-0.064986,-0.476187,0.879143,0.018814,-0.678323,0.728332,0.097010,-0.826238,0.533749,0.180116,0.149934,0.959045,-0.240316,-0.126269,0.975209,-0.181721,-0.392005,0.913057,-0.112510,-0.629510,0.776553,-0.026138,-0.817621,0.570438,0.078079,
		0.181053,0.902934,-0.389781,-0.076572,0.911795,-0.403444,-0.334128,0.861135,-0.383151,-0.582394,0.743355,-0.328999,-0.797840,0.551912,-0.242578
	],

	"faces": [
		32 ,0,1,5 ,0,1,5,
		32 ,5,1,6 ,5,1,6,
		32 ,5,6,10 ,5,6,10,
		32 ,10,6,11 ,10,6,11,
		32 ,10,11,15 ,10,11,15,
		32 ,15,11,16 ,15,11,16,
		32 ,15,16,20 ,15,16,20,
		32 ,20,16,21 ,20,16,21,
		32 ,1,2,6 ,1,2,6,
		32 ,6,2,7 ,6,2,7,
		32 ,6,7,11 ,6,7,11,
		32 ,11,7,12 ,11,7,12,
		32 ,11,12,16 ,11,12,16,
		32 ,16,12,17 ,16,12,17,
		32 ,16,17,21 ,16,17,21,
		32 ,21,17,22 ,21,17,22,
		32 ,2,3,7 ,2,3,7,
		32 ,7,3,8 ,7,3,8,
		32 ,7,8,12 ,7,8,12,
		32 ,12,8,13 ,12,8,13,
		32 ,12,13,17 ,12,13,17,
		32 ,17,13,18 ,17,13,18,
		32 ,17,18,22 ,17,18,22,
		32 ,22,18,23 ,22,18,23,
		32 ,3,4,8 ,3,4,8,
		32 ,8,4,9 ,8,4,9,
		32 ,8,9,13 ,8,9,13,
		32 ,13,9,14 ,13,9,14,
		32 ,13,14,18 ,13,14,18,
		32 ,18,14,19 ,18,14,19,
		32 ,18,19,23 ,18,19,23,
		32 ,23,19,24 ,23,19,24
	]

}
