{
	"metadata" : {
		"formatVersion" : 3,
		"description" : "Exported from LibZinc."
	},

	"vertices" : [
		236.419403,61.537731,-1049.683960,257.287567,77.632133,-1049.907959,271.265900,104.425209,-1049.897583,278.207825,136.552017,-1049.859375,277.966797,168.647598,-1050.000000,234.793381,59.805122,-1036.963867,255.278717,74.730591,-1036.642578,269.562836,97.954979,-1035.714478,277.501831,125.715340,-1034.425903,278.951904,154.248718,-1033.022827,
		231.586014,58.720684,-1024.335205,251.525909,73.090775,-1023.508057,266.953857,93.486755,-1021.331482,276.758575,115.652779,-1018.786438,279.828888,135.333008,-1016.853699,227.866959,57.012962,-1011.915955,247.263168,70.957497,-1011.259338,264.142151,89.934105,-1008.912903,276.031219,107.914772,-1006.278442,280.457764,118.871490,-1004.757629,
		224.705902,53.410519,-999.824524,243.724503,66.575577,-1000.651489,261.830872,86.210594,-1000.622986,275.372925,104.051743,-1000.239136,280.698486,111.835197,-1000.000000
	],

	"normals" : [
		0.338896,-0.925759,-0.167691,0.779117,-0.609033,-0.148512,0.938606,-0.323972,-0.118581,0.994371,-0.101692,-0.029747,0.991740,0.127234,0.016250,0.374957,-0.926980,-0.010732,0.746037,-0.661716,0.074567,0.919871,-0.392219,0.001157,0.985465,-0.158677,-0.060668,0.997750,0.065804,0.012872,
		0.414402,-0.909442,0.034448,0.697702,-0.702167,0.142030,0.861838,-0.505882,0.036309,0.952460,-0.277669,-0.125380,0.999223,0.039357,-0.002300,0.426970,-0.902664,-0.053804,0.681728,-0.729530,0.055074,0.796121,-0.605126,0.003792,0.867654,-0.448508,-0.214514,0.999574,0.025082,-0.014950,
		0.327778,-0.894330,-0.304525,0.653546,-0.709472,-0.263680,0.757787,-0.615960,-0.215295,0.805039,-0.564698,-0.181736,0.000000,0.000000,0.000000
	],

	"faces": [
		32 ,0,1,5 ,0,1,5,
		32 ,5,1,6 ,5,1,6,
		32 ,5,6,10 ,5,6,10,
		32 ,10,6,11 ,10,6,11,
		32 ,10,11,15 ,10,11,15,
		32 ,15,11,16 ,15,11,16,
		32 ,15,16,20 ,15,16,20,
		32 ,20,16,21 ,20,16,21,
		32 ,1,2,6 ,1,2,6,
		32 ,6,2,7 ,6,2,7,
		32 ,6,7,11 ,6,7,11,
		32 ,11,7,12 ,11,7,12,
		32 ,11,12,16 ,11,12,16,
		32 ,16,12,17 ,16,12,17,
		32 ,16,17,21 ,16,17,21,
		32 ,21,17,22 ,21,17,22,
		32 ,2,3,7 ,2,3,7,
		32 ,7,3,8 ,7,3,8,
		32 ,7,8,12 ,7,8,12,
		32 ,12,8,13 ,12,8,13,
		32 ,12,13,17 ,12,13,17,
		32 ,17,13,18 ,17,13,18,
		32 ,17,18,22 ,17,18,22,
		32 ,22,18,23 ,22,18,23,
		32 ,3,4,8 ,3,4,8,
		32 ,8,4,9 ,8,4,9,
		32 ,8,9,13 ,8,9,13,
		32 ,13,9,14 ,13,9,14,
		32 ,13,14,18 ,13,14,18,
		32 ,18,14,19 ,18,14,19,
		32 ,18,19,23 ,18,19,23,
		32 ,23,19,24 ,23,19,24
	]

}
