{
	"metadata" : {
		"formatVersion" : 3,
		"description" : "Exported from LibZinc."
	},

	"vertices" : [
		80.235558,221.156296,-403.000000,68.465088,217.681412,-402.817902,57.787453,210.224075,-402.843506,48.193321,200.871216,-402.947357,39.673359,191.709702,-403.000000,88.716820,226.715546,-388.046112,76.648026,222.707779,-387.917328,65.285126,215.572784,-387.950714,54.769070,206.723160,-388.036102,45.240810,197.571533,-388.063232,
		96.655197,232.409607,-375.469055,84.128960,227.009491,-375.284485,72.158249,219.937561,-375.202209,60.838509,211.589233,-375.171173,50.265209,202.359909,-375.140472,105.064011,237.633331,-363.458679,91.948334,230.838776,-363.278076,79.238388,223.662216,-363.140961,66.989510,215.644119,-363.046112,55.257030,206.324921,-362.992401,
		114.956596,241.781601,-350.204803,101.146606,234.447830,-350.256744,87.357132,227.090546,-350.310028,73.809929,219.062561,-350.354462,60.726749,209.716705,-350.379700
	],

	"normals" : [
		-0.068614,0.961398,-0.266468,-0.459683,0.886864,-0.046513,-0.653137,0.755749,0.047496,-0.727136,0.685078,0.044068,-0.723503,0.690277,-0.007746,-0.155849,0.939058,-0.306399,-0.442805,0.894916,-0.055219,-0.600138,0.799374,0.028907,-0.676754,0.735903,0.021232,-0.700898,0.713211,-0.008447,
		-0.324189,0.922133,-0.211122,-0.457101,0.889315,-0.013324,-0.554262,0.831426,0.039040,-0.628097,0.777671,0.026889,-0.684005,0.729286,0.016702,-0.453062,0.891335,-0.016007,-0.470241,0.880783,0.055627,-0.514235,0.854962,0.067838,-0.580969,0.811892,0.057498,-0.661041,0.748266,0.055881,
		-0.475309,0.865815,0.156350,-0.460973,0.880437,0.111057,-0.482158,0.870582,0.098030,-0.538155,0.837149,0.097829,-0.622229,0.777777,0.088852
	],

	"faces": [
		32 ,0,1,5 ,0,1,5,
		32 ,5,1,6 ,5,1,6,
		32 ,5,6,10 ,5,6,10,
		32 ,10,6,11 ,10,6,11,
		32 ,10,11,15 ,10,11,15,
		32 ,15,11,16 ,15,11,16,
		32 ,15,16,20 ,15,16,20,
		32 ,20,16,21 ,20,16,21,
		32 ,1,2,6 ,1,2,6,
		32 ,6,2,7 ,6,2,7,
		32 ,6,7,11 ,6,7,11,
		32 ,11,7,12 ,11,7,12,
		32 ,11,12,16 ,11,12,16,
		32 ,16,12,17 ,16,12,17,
		32 ,16,17,21 ,16,17,21,
		32 ,21,17,22 ,21,17,22,
		32 ,2,3,7 ,2,3,7,
		32 ,7,3,8 ,7,3,8,
		32 ,7,8,12 ,7,8,12,
		32 ,12,8,13 ,12,8,13,
		32 ,12,13,17 ,12,13,17,
		32 ,17,13,18 ,17,13,18,
		32 ,17,18,22 ,17,18,22,
		32 ,22,18,23 ,22,18,23,
		32 ,3,4,8 ,3,4,8,
		32 ,8,4,9 ,8,4,9,
		32 ,8,9,13 ,8,9,13,
		32 ,13,9,14 ,13,9,14,
		32 ,13,14,18 ,13,14,18,
		32 ,18,14,19 ,18,14,19,
		32 ,18,19,23 ,18,19,23,
		32 ,23,19,24 ,23,19,24
	]

}
