{
	"metadata" : {
		"formatVersion" : 3,
		"description" : "Exported from LibZinc."
	},

	"vertices" : [
		104.623100,139.009399,-1349.104004,102.932457,125.772331,-1349.155762,103.123848,112.320023,-1349.198120,105.859772,99.180916,-1349.203613,111.802696,86.883438,-1349.145020,106.252602,143.837326,-1332.152100,105.154503,130.610733,-1332.258423,105.771454,117.353340,-1332.455811,108.749100,104.553192,-1332.618042,114.733109,92.698334,-1332.619141,
		106.914612,147.210831,-1320.427124,106.273911,134.017868,-1320.512329,107.252296,120.906746,-1320.677490,110.481155,108.313942,-1320.820801,116.591850,96.675941,-1320.840576,106.942093,150.036423,-1310.764526,106.645103,136.814178,-1310.803711,107.929131,123.753151,-1310.861450,111.406944,111.256729,-1310.911621,117.691315,99.728287,-1310.927979,
		106.667999,153.220596,-1300.000000,106.622490,139.820114,-1300.018677,108.164680,126.665489,-1300.006226,111.877510,114.175117,-1299.990723,118.343903,102.767403,-1300.000000
	],

	"normals" : [
		-0.981716,0.182517,0.054049,-0.990561,0.062953,0.121757,-0.976493,-0.099142,0.191398,-0.916447,-0.302185,0.262316,-0.788795,-0.520847,0.326374,-0.990419,0.132043,0.040424,-0.993745,0.024557,0.108942,-0.975084,-0.128444,0.180868,-0.911465,-0.323331,0.254340,-0.782842,-0.533974,0.319421,
		-0.995543,0.094301,0.000976,-0.997624,-0.005537,0.068670,-0.977903,-0.153087,0.142376,-0.913247,-0.343784,0.218617,-0.784077,-0.550547,0.286569,-0.997029,0.066935,-0.038125,-0.999353,-0.029693,0.020275,-0.980719,-0.174375,0.088226,-0.917494,-0.363483,0.161507,-0.788361,-0.570074,0.231308,
		-0.998050,0.048231,-0.039617,-0.998799,-0.048729,0.005150,-0.979498,-0.192158,0.060483,-0.916399,-0.380581,0.123980,-0.785079,-0.588803,0.192254
	],

	"faces": [
		32 ,0,1,5 ,0,1,5,
		32 ,5,1,6 ,5,1,6,
		32 ,5,6,10 ,5,6,10,
		32 ,10,6,11 ,10,6,11,
		32 ,10,11,15 ,10,11,15,
		32 ,15,11,16 ,15,11,16,
		32 ,15,16,20 ,15,16,20,
		32 ,20,16,21 ,20,16,21,
		32 ,1,2,6 ,1,2,6,
		32 ,6,2,7 ,6,2,7,
		32 ,6,7,11 ,6,7,11,
		32 ,11,7,12 ,11,7,12,
		32 ,11,12,16 ,11,12,16,
		32 ,16,12,17 ,16,12,17,
		32 ,16,17,21 ,16,17,21,
		32 ,21,17,22 ,21,17,22,
		32 ,2,3,7 ,2,3,7,
		32 ,7,3,8 ,7,3,8,
		32 ,7,8,12 ,7,8,12,
		32 ,12,8,13 ,12,8,13,
		32 ,12,13,17 ,12,13,17,
		32 ,17,13,18 ,17,13,18,
		32 ,17,18,22 ,17,18,22,
		32 ,22,18,23 ,22,18,23,
		32 ,3,4,8 ,3,4,8,
		32 ,8,4,9 ,8,4,9,
		32 ,8,9,13 ,8,9,13,
		32 ,13,9,14 ,13,9,14,
		32 ,13,14,18 ,13,14,18,
		32 ,18,14,19 ,18,14,19,
		32 ,18,19,23 ,18,19,23,
		32 ,23,19,24 ,23,19,24
	]

}
