{
	"metadata" : {
		"formatVersion" : 3,
		"description" : "Exported from LibZinc."
	},

	"vertices" : [
		249.792404,157.943802,-1250.000000,245.990631,173.453293,-1249.845337,239.455444,187.602356,-1249.845947,230.826599,200.269180,-1249.923584,220.743805,211.332001,-1250.000000,250.909576,158.692505,-1237.406982,247.121216,174.700882,-1237.204956,240.676392,189.266312,-1237.204346,232.178513,202.293579,-1237.312622,222.230972,213.687439,-1237.437134,
		251.897049,158.937347,-1224.866211,248.224792,175.386673,-1224.625854,241.849075,190.300339,-1224.620605,233.382263,203.623886,-1224.747070,223.436722,215.302902,-1224.901733,252.892319,158.778931,-1212.339478,249.366684,175.637222,-1212.064941,243.018829,190.871002,-1212.053223,234.497147,204.467010,-1212.192749,224.450012,216.412003,-1212.371338,
		254.032898,158.317902,-1199.788940,250.612213,175.579071,-1199.478882,244.231003,191.144882,-1199.460815,235.582458,205.029831,-1199.615356,225.359802,217.248398,-1199.822998
	],

	"normals" : [
		0.984753,0.137196,-0.106954,0.934500,0.332515,-0.127058,0.856393,0.489711,-0.163629,0.766458,0.608668,-0.205100,0.673802,0.697425,-0.244112,0.987066,0.135254,-0.086064,0.940918,0.321385,-0.106704,0.869495,0.476000,-0.131921,0.786106,0.597750,-0.157263,0.698684,0.692016,-0.181534,
		0.989373,0.123495,-0.076746,0.946094,0.309723,-0.094754,0.877543,0.466707,-0.110009,0.796981,0.591443,-0.122541,0.713132,0.687915,-0.134966,0.990890,0.108483,-0.079800,0.949798,0.299279,-0.091190,0.882067,0.460928,-0.097485,0.802182,0.588484,-0.100950,0.720604,0.685278,-0.105469,
		0.990848,0.096101,-0.094784,0.951705,0.291754,-0.095594,0.884141,0.457657,-0.094041,0.804166,0.587164,-0.092495,0.723954,0.683488,-0.093463
	],

	"faces": [
		32 ,0,1,5 ,0,1,5,
		32 ,5,1,6 ,5,1,6,
		32 ,5,6,10 ,5,6,10,
		32 ,10,6,11 ,10,6,11,
		32 ,10,11,15 ,10,11,15,
		32 ,15,11,16 ,15,11,16,
		32 ,15,16,20 ,15,16,20,
		32 ,20,16,21 ,20,16,21,
		32 ,1,2,6 ,1,2,6,
		32 ,6,2,7 ,6,2,7,
		32 ,6,7,11 ,6,7,11,
		32 ,11,7,12 ,11,7,12,
		32 ,11,12,16 ,11,12,16,
		32 ,16,12,17 ,16,12,17,
		32 ,16,17,21 ,16,17,21,
		32 ,21,17,22 ,21,17,22,
		32 ,2,3,7 ,2,3,7,
		32 ,7,3,8 ,7,3,8,
		32 ,7,8,12 ,7,8,12,
		32 ,12,8,13 ,12,8,13,
		32 ,12,13,17 ,12,13,17,
		32 ,17,13,18 ,17,13,18,
		32 ,17,18,22 ,17,18,22,
		32 ,22,18,23 ,22,18,23,
		32 ,3,4,8 ,3,4,8,
		32 ,8,4,9 ,8,4,9,
		32 ,8,9,13 ,8,9,13,
		32 ,13,9,14 ,13,9,14,
		32 ,13,14,18 ,13,14,18,
		32 ,18,14,19 ,18,14,19,
		32 ,18,19,23 ,18,19,23,
		32 ,23,19,24 ,23,19,24
	]

}
