{
	"metadata" : {
		"formatVersion" : 3,
		"description" : "Exported from LibZinc."
	},

	"vertices" : [
		172.863098,238.324203,-1250.000000,159.118942,238.843567,-1250.040039,145.759384,236.076324,-1250.100708,133.410858,230.086914,-1250.111084,122.699799,220.939804,-1250.000000,174.330826,241.037476,-1237.470581,160.278427,241.616928,-1237.501221,146.453110,238.878357,-1237.530762,133.516647,232.899857,-1237.518433,122.130836,223.759552,-1237.423340,
		175.120010,242.840561,-1224.924927,160.678482,243.504990,-1224.940186,146.316940,240.910858,-1224.949829,132.702423,235.109283,-1224.946655,120.501984,226.151398,-1224.923462,175.383011,244.191711,-1212.367310,160.489212,244.936234,-1212.363403,145.546829,242.513351,-1212.367310,131.225021,236.928513,-1212.394897,118.192917,228.187164,-1212.461914,
		175.272202,245.549103,-1199.802002,159.880722,246.339142,-1199.777344,144.338730,244.025391,-1199.792847,129.341248,238.570877,-1199.862427,115.583298,229.938705,-1200.000000
	],

	"normals" : [
		0.151216,0.949666,-0.274350,-0.079074,0.965325,-0.248789,-0.312674,0.925461,-0.213906,-0.537294,0.823858,-0.180479,-0.734032,0.661189,-0.155006,0.157812,0.970412,-0.182747,-0.075925,0.982124,-0.172246,-0.303588,0.937510,-0.170027,-0.516976,0.836660,-0.180932,-0.703322,0.680355,-0.206044,
		0.158875,0.979550,-0.123452,-0.066281,0.989981,-0.124679,-0.282884,0.948339,-0.143631,-0.485572,0.855321,-0.180681,-0.663819,0.710490,-0.233555,0.156296,0.982575,-0.100584,-0.055500,0.992596,-0.108040,-0.259612,0.956209,-0.135152,-0.453036,0.873077,-0.180262,-0.627056,0.741401,-0.239007,
		0.151314,0.981746,-0.115237,-0.048123,0.991177,-0.123504,-0.241402,0.959264,-0.146760,-0.428342,0.884835,-0.183274,-0.603101,0.764560,-0.227413
	],

	"faces": [
		32 ,0,1,5 ,0,1,5,
		32 ,5,1,6 ,5,1,6,
		32 ,5,6,10 ,5,6,10,
		32 ,10,6,11 ,10,6,11,
		32 ,10,11,15 ,10,11,15,
		32 ,15,11,16 ,15,11,16,
		32 ,15,16,20 ,15,16,20,
		32 ,20,16,21 ,20,16,21,
		32 ,1,2,6 ,1,2,6,
		32 ,6,2,7 ,6,2,7,
		32 ,6,7,11 ,6,7,11,
		32 ,11,7,12 ,11,7,12,
		32 ,11,12,16 ,11,12,16,
		32 ,16,12,17 ,16,12,17,
		32 ,16,17,21 ,16,17,21,
		32 ,21,17,22 ,21,17,22,
		32 ,2,3,7 ,2,3,7,
		32 ,7,3,8 ,7,3,8,
		32 ,7,8,12 ,7,8,12,
		32 ,12,8,13 ,12,8,13,
		32 ,12,13,17 ,12,13,17,
		32 ,17,13,18 ,17,13,18,
		32 ,17,18,22 ,17,18,22,
		32 ,22,18,23 ,22,18,23,
		32 ,3,4,8 ,3,4,8,
		32 ,8,4,9 ,8,4,9,
		32 ,8,9,13 ,8,9,13,
		32 ,13,9,14 ,13,9,14,
		32 ,13,14,18 ,13,14,18,
		32 ,18,14,19 ,18,14,19,
		32 ,18,19,23 ,18,19,23,
		32 ,23,19,24 ,23,19,24
	]

}
