{
	"metadata" : {
		"formatVersion" : 3,
		"description" : "Exported from LibZinc."
	},

	"vertices" : [
		175.272202,245.549103,-1199.802002,159.880722,246.339142,-1199.777344,144.338730,244.025391,-1199.792847,129.341248,238.570877,-1199.862427,115.583298,229.938705,-1200.000000,174.918808,247.196136,-1187.293823,159.022949,248.072845,-1187.255371,142.904053,245.821976,-1187.274292,127.314392,240.370941,-1187.357178,113.006218,231.647186,-1187.510864,
		174.424225,249.053955,-1174.864258,158.046616,250.127487,-1174.825562,141.395782,247.962723,-1174.825684,125.296188,242.450470,-1174.880127,110.572365,233.481522,-1175.004028,173.896057,251.037369,-1162.453247,157.063034,252.378052,-1162.427124,139.922150,250.314072,-1162.406616,123.376144,244.703629,-1162.419922,108.327827,235.405014,-1162.495117,
		173.441895,253.061203,-1150.000000,156.183487,254.699585,-1149.999390,138.591415,252.742401,-1149.976318,121.643784,247.024567,-1149.965088,106.318703,237.380997,-1150.000000
	],

	"normals" : [
		0.151314,0.981746,-0.115237,-0.048123,0.991177,-0.123504,-0.241402,0.959264,-0.146760,-0.428342,0.884835,-0.183274,-0.603101,0.764560,-0.227413,0.151786,0.979358,-0.133487,-0.041404,0.987087,-0.154744,-0.229242,0.956580,-0.180010,-0.414412,0.886347,-0.206522,-0.593753,0.771358,-0.229052,
		0.161901,0.976056,-0.145266,-0.031398,0.984075,-0.174958,-0.220517,0.954450,-0.200992,-0.409905,0.885126,-0.220295,-0.597162,0.769063,-0.227901,0.177701,0.972480,-0.150685,-0.019684,0.982677,-0.184281,-0.214188,0.953995,-0.209804,-0.411143,0.883555,-0.224259,-0.607553,0.762347,-0.222947,
		0.195636,0.969080,-0.150366,-0.007554,0.983062,-0.183117,-0.209169,0.955821,-0.206529,-0.414723,0.883430,-0.218075,-0.619705,0.755228,-0.213533
	],

	"faces": [
		32 ,0,1,5 ,0,1,5,
		32 ,5,1,6 ,5,1,6,
		32 ,5,6,10 ,5,6,10,
		32 ,10,6,11 ,10,6,11,
		32 ,10,11,15 ,10,11,15,
		32 ,15,11,16 ,15,11,16,
		32 ,15,16,20 ,15,16,20,
		32 ,20,16,21 ,20,16,21,
		32 ,1,2,6 ,1,2,6,
		32 ,6,2,7 ,6,2,7,
		32 ,6,7,11 ,6,7,11,
		32 ,11,7,12 ,11,7,12,
		32 ,11,12,16 ,11,12,16,
		32 ,16,12,17 ,16,12,17,
		32 ,16,17,21 ,16,17,21,
		32 ,21,17,22 ,21,17,22,
		32 ,2,3,7 ,2,3,7,
		32 ,7,3,8 ,7,3,8,
		32 ,7,8,12 ,7,8,12,
		32 ,12,8,13 ,12,8,13,
		32 ,12,13,17 ,12,13,17,
		32 ,17,13,18 ,17,13,18,
		32 ,17,18,22 ,17,18,22,
		32 ,22,18,23 ,22,18,23,
		32 ,3,4,8 ,3,4,8,
		32 ,8,4,9 ,8,4,9,
		32 ,8,9,13 ,8,9,13,
		32 ,13,9,14 ,13,9,14,
		32 ,13,14,18 ,13,14,18,
		32 ,18,14,19 ,18,14,19,
		32 ,18,19,23 ,18,19,23,
		32 ,23,19,24 ,23,19,24
	]

}
