{
	"metadata" : {
		"formatVersion" : 3,
		"description" : "Exported from LibZinc."
	},

	"vertices" : [
		88.149986,169.998199,-1199.959961,90.671227,152.608795,-1199.799927,96.068047,135.516739,-1199.766846,103.581596,119.371124,-1199.862305,112.453003,104.820999,-1200.088013,85.411652,169.930771,-1187.468994,88.215584,152.107620,-1187.319214,94.027405,134.653244,-1187.279785,101.966423,118.185951,-1187.368896,111.151924,103.324043,-1187.604980,
		82.987206,169.774353,-1174.992065,85.995895,151.582703,-1174.852905,92.136253,133.826965,-1174.797974,100.424034,117.096817,-1174.863037,109.875000,101.981949,-1175.083740,80.879929,169.619766,-1162.509155,84.019714,151.088715,-1162.381226,90.377159,133.054337,-1162.312256,98.912086,116.090271,-1162.350098,108.584320,100.770111,-1162.542603,
		79.093086,169.557800,-1150.000000,82.294609,150.680283,-1149.884521,88.732712,132.351807,-1149.813354,97.388229,115.152855,-1149.835449,107.241997,99.663910,-1150.000000
	],

	"normals" : [
		-0.973056,-0.049551,-0.225181,-0.952545,-0.225457,-0.204514,-0.915356,-0.359836,-0.180672,-0.869590,-0.466359,-0.162244,-0.815575,-0.556797,-0.157529,-0.977526,-0.057530,-0.202812,-0.952233,-0.240127,-0.188656,-0.911561,-0.374914,-0.168805,-0.865812,-0.476680,-0.152138,-0.816901,-0.557751,-0.146921,
		-0.981871,-0.061764,-0.179205,-0.952833,-0.250811,-0.170888,-0.908688,-0.386625,-0.157502,-0.862355,-0.485002,-0.145319,-0.817264,-0.558984,-0.140060,-0.985944,-0.063987,-0.154340,-0.954647,-0.256543,-0.151111,-0.907641,-0.393256,-0.146756,-0.859911,-0.490349,-0.141810,-0.816011,-0.561585,-0.136924,
		-0.989554,-0.065726,-0.128310,-0.957904,-0.256300,-0.129346,-0.909288,-0.393111,-0.136601,-0.859132,-0.491758,-0.141657,-0.812453,-0.566592,-0.137455
	],

	"faces": [
		32 ,0,1,5 ,0,1,5,
		32 ,5,1,6 ,5,1,6,
		32 ,5,6,10 ,5,6,10,
		32 ,10,6,11 ,10,6,11,
		32 ,10,11,15 ,10,11,15,
		32 ,15,11,16 ,15,11,16,
		32 ,15,16,20 ,15,16,20,
		32 ,20,16,21 ,20,16,21,
		32 ,1,2,6 ,1,2,6,
		32 ,6,2,7 ,6,2,7,
		32 ,6,7,11 ,6,7,11,
		32 ,11,7,12 ,11,7,12,
		32 ,11,12,16 ,11,12,16,
		32 ,16,12,17 ,16,12,17,
		32 ,16,17,21 ,16,17,21,
		32 ,21,17,22 ,21,17,22,
		32 ,2,3,7 ,2,3,7,
		32 ,7,3,8 ,7,3,8,
		32 ,7,8,12 ,7,8,12,
		32 ,12,8,13 ,12,8,13,
		32 ,12,13,17 ,12,13,17,
		32 ,17,13,18 ,17,13,18,
		32 ,17,18,22 ,17,18,22,
		32 ,22,18,23 ,22,18,23,
		32 ,3,4,8 ,3,4,8,
		32 ,8,4,9 ,8,4,9,
		32 ,8,9,13 ,8,9,13,
		32 ,13,9,14 ,13,9,14,
		32 ,13,14,18 ,13,14,18,
		32 ,18,14,19 ,18,14,19,
		32 ,18,19,23 ,18,19,23,
		32 ,23,19,24 ,23,19,24
	]

}
