{
	"metadata" : {
		"formatVersion" : 3,
		"description" : "Exported from LibZinc."
	},

	"vertices" : [
		162.460495,73.164543,-1200.510010,178.252792,72.213470,-1200.254883,194.102356,74.314178,-1200.099854,209.715073,79.642166,-1200.143555,224.796799,88.372948,-1200.484985,161.761429,70.485634,-1188.016968,177.732498,69.185005,-1187.736572,193.759109,71.072136,-1187.545654,209.576630,76.385521,-1187.568115,224.920471,85.363647,-1187.927856,
		161.022049,68.056557,-1175.338013,177.212921,66.507080,-1175.014404,193.447433,68.221519,-1174.776001,209.535339,73.474396,-1174.784546,225.286392,82.540230,-1175.201782,160.258652,65.962242,-1162.609253,176.699432,64.251816,-1162.236694,193.204651,65.815590,-1161.950806,209.658524,70.954430,-1161.953491,225.945251,79.969185,-1162.446289,
		159.487503,64.287613,-1149.967041,176.197403,62.491341,-1149.551392,193.068054,63.907604,-1149.230347,210.013474,68.871223,-1149.236206,226.947693,77.717010,-1149.801025
	],

	"normals" : [
		-0.144873,-0.963671,-0.224390,0.036739,-0.968217,-0.247398,0.221069,-0.941685,-0.253688,0.399734,-0.885173,-0.238079,0.564041,-0.801286,-0.199496,-0.167488,-0.964120,-0.205962,0.018929,-0.975270,-0.220207,0.213554,-0.951050,-0.223381,0.402524,-0.890192,-0.213384,0.570890,-0.797533,-0.195001,
		-0.181785,-0.966060,-0.183529,0.005826,-0.981720,-0.190243,0.205401,-0.959505,-0.192773,0.397912,-0.897257,-0.191302,0.564049,-0.802955,-0.192644,-0.188978,-0.969464,-0.156290,-0.003950,-0.987662,-0.156550,0.195285,-0.967487,-0.160722,0.386396,-0.906457,-0.170395,0.547620,-0.814748,-0.190523,
		-0.190224,-0.973991,-0.123113,-0.011669,-0.992957,-0.117902,0.182073,-0.975197,-0.125854,0.368510,-0.917598,-0.149044,0.525190,-0.830205,-0.186912
	],

	"faces": [
		32 ,0,1,5 ,0,1,5,
		32 ,5,1,6 ,5,1,6,
		32 ,5,6,10 ,5,6,10,
		32 ,10,6,11 ,10,6,11,
		32 ,10,11,15 ,10,11,15,
		32 ,15,11,16 ,15,11,16,
		32 ,15,16,20 ,15,16,20,
		32 ,20,16,21 ,20,16,21,
		32 ,1,2,6 ,1,2,6,
		32 ,6,2,7 ,6,2,7,
		32 ,6,7,11 ,6,7,11,
		32 ,11,7,12 ,11,7,12,
		32 ,11,12,16 ,11,12,16,
		32 ,16,12,17 ,16,12,17,
		32 ,16,17,21 ,16,17,21,
		32 ,21,17,22 ,21,17,22,
		32 ,2,3,7 ,2,3,7,
		32 ,7,3,8 ,7,3,8,
		32 ,7,8,12 ,7,8,12,
		32 ,12,8,13 ,12,8,13,
		32 ,12,13,17 ,12,13,17,
		32 ,17,13,18 ,17,13,18,
		32 ,17,18,22 ,17,18,22,
		32 ,22,18,23 ,22,18,23,
		32 ,3,4,8 ,3,4,8,
		32 ,8,4,9 ,8,4,9,
		32 ,8,9,13 ,8,9,13,
		32 ,13,9,14 ,13,9,14,
		32 ,13,14,18 ,13,14,18,
		32 ,18,14,19 ,18,14,19,
		32 ,18,19,23 ,18,19,23,
		32 ,23,19,24 ,23,19,24
	]

}
