{
	"metadata" : {
		"formatVersion" : 3,
		"description" : "Exported from LibZinc."
	},

	"vertices" : [
		173.441895,253.061203,-1150.000000,156.183487,254.699585,-1149.999390,138.591415,252.742401,-1149.976318,121.643784,247.024567,-1149.965088,106.318703,237.380997,-1150.000000,173.231720,255.169296,-1137.494385,155.546936,257.025391,-1137.525757,137.510712,255.126053,-1137.516235,120.165787,249.288208,-1137.500488,104.554909,239.328735,-1137.513428,
		173.321869,257.447083,-1124.979370,155.175491,259.366852,-1125.036865,136.679062,257.426575,-1125.037720,118.926292,251.426971,-1125.019287,103.010849,241.168808,-1125.018799,173.649582,259.871643,-1112.474731,155.005173,261.716248,-1112.543335,136.042587,259.635254,-1112.546021,117.890930,253.421204,-1112.523071,101.679283,242.866547,-1112.514771,
		174.152100,262.420197,-1100.000000,154.972000,264.065765,-1100.055664,135.547394,261.743439,-1100.046143,117.025368,255.251266,-1100.013672,100.553001,244.387299,-1100.000000
	],

	"normals" : [
		0.195636,0.969080,-0.150366,-0.007554,0.983062,-0.183117,-0.209169,0.955821,-0.206529,-0.414723,0.883430,-0.218075,-0.619705,0.755228,-0.213533,0.206880,0.963770,-0.168369,0.000537,0.982956,-0.183839,-0.206178,0.958718,-0.195833,-0.418494,0.885494,-0.201896,-0.629845,0.751169,-0.197587,
		0.207466,0.960697,-0.184442,0.001448,0.982815,-0.184585,-0.206729,0.960637,-0.185581,-0.422312,0.887304,-0.185320,-0.637452,0.749253,-0.179649,0.199365,0.959693,-0.198098,-0.004044,0.982738,-0.184956,-0.211133,0.961555,-0.175601,-0.427239,0.888324,-0.168370,-0.643874,0.748259,-0.159799,
		0.184323,0.960355,-0.209151,-0.015208,0.982665,-0.184765,-0.219643,0.961388,-0.165799,-0.434247,0.888040,-0.151046,-0.650325,0.747006,-0.138057
	],

	"faces": [
		32 ,0,1,5 ,0,1,5,
		32 ,5,1,6 ,5,1,6,
		32 ,5,6,10 ,5,6,10,
		32 ,10,6,11 ,10,6,11,
		32 ,10,11,15 ,10,11,15,
		32 ,15,11,16 ,15,11,16,
		32 ,15,16,20 ,15,16,20,
		32 ,20,16,21 ,20,16,21,
		32 ,1,2,6 ,1,2,6,
		32 ,6,2,7 ,6,2,7,
		32 ,6,7,11 ,6,7,11,
		32 ,11,7,12 ,11,7,12,
		32 ,11,12,16 ,11,12,16,
		32 ,16,12,17 ,16,12,17,
		32 ,16,17,21 ,16,17,21,
		32 ,21,17,22 ,21,17,22,
		32 ,2,3,7 ,2,3,7,
		32 ,7,3,8 ,7,3,8,
		32 ,7,8,12 ,7,8,12,
		32 ,12,8,13 ,12,8,13,
		32 ,12,13,17 ,12,13,17,
		32 ,17,13,18 ,17,13,18,
		32 ,17,18,22 ,17,18,22,
		32 ,22,18,23 ,22,18,23,
		32 ,3,4,8 ,3,4,8,
		32 ,8,4,9 ,8,4,9,
		32 ,8,9,13 ,8,9,13,
		32 ,13,9,14 ,13,9,14,
		32 ,13,14,18 ,13,14,18,
		32 ,18,14,19 ,18,14,19,
		32 ,18,19,23 ,18,19,23,
		32 ,23,19,24 ,23,19,24
	]

}
