{
	"metadata" : {
		"formatVersion" : 3,
		"description" : "Exported from LibZinc."
	},

	"vertices" : [
		79.093086,169.557800,-1150.000000,82.294609,150.680283,-1149.884521,88.732712,132.351807,-1149.813354,97.388229,115.152855,-1149.835449,107.241997,99.663910,-1150.000000,77.583847,169.634583,-1137.483887,80.802719,150.417725,-1137.376953,87.186745,131.773712,-1137.308960,95.819626,114.311920,-1137.326538,105.785072,98.641693,-1137.476074,
		76.263718,169.805740,-1124.985962,79.447510,150.288849,-1124.881592,85.662392,131.337173,-1124.812622,94.147385,113.598747,-1124.827148,104.141541,97.721558,-1124.973511,75.067482,170.026230,-1112.494995,78.118523,150.239563,-1112.392700,84.051125,131.002731,-1112.323730,92.290024,113.005714,-1112.337769,102.259933,96.938492,-1112.484131,
		73.929916,170.251099,-1100.000000,76.705284,150.215805,-1099.904297,82.244446,130.730927,-1099.841919,90.166061,112.525238,-1099.858521,100.088799,96.327477,-1100.000000
	],

	"normals" : [
		-0.989554,-0.065726,-0.128310,-0.957904,-0.256300,-0.129346,-0.909288,-0.393111,-0.136601,-0.859132,-0.491758,-0.141657,-0.812453,-0.566592,-0.137455,-0.991469,-0.069003,-0.110576,-0.961543,-0.250856,-0.111830,-0.913855,-0.385876,-0.126366,-0.861456,-0.487875,-0.140969,-0.808447,-0.570638,-0.144172,
		-0.992569,-0.072228,-0.097927,-0.964893,-0.241262,-0.103796,-0.919418,-0.372767,-0.125362,-0.865694,-0.478714,-0.146310,-0.806034,-0.571913,-0.152398,-0.993315,-0.071518,-0.090612,-0.968218,-0.226823,-0.105380,-0.925255,-0.354988,-0.133739,-0.870403,-0.466352,-0.157844,-0.803625,-0.572631,-0.162112,
		-0.994047,-0.063158,-0.088781,-0.971430,-0.206741,-0.116537,-0.930484,-0.333546,-0.151482,-0.874190,-0.452728,-0.175582,-0.799688,-0.574926,-0.173085
	],

	"faces": [
		32 ,0,1,5 ,0,1,5,
		32 ,5,1,6 ,5,1,6,
		32 ,5,6,10 ,5,6,10,
		32 ,10,6,11 ,10,6,11,
		32 ,10,11,15 ,10,11,15,
		32 ,15,11,16 ,15,11,16,
		32 ,15,16,20 ,15,16,20,
		32 ,20,16,21 ,20,16,21,
		32 ,1,2,6 ,1,2,6,
		32 ,6,2,7 ,6,2,7,
		32 ,6,7,11 ,6,7,11,
		32 ,11,7,12 ,11,7,12,
		32 ,11,12,16 ,11,12,16,
		32 ,16,12,17 ,16,12,17,
		32 ,16,17,21 ,16,17,21,
		32 ,21,17,22 ,21,17,22,
		32 ,2,3,7 ,2,3,7,
		32 ,7,3,8 ,7,3,8,
		32 ,7,8,12 ,7,8,12,
		32 ,12,8,13 ,12,8,13,
		32 ,12,13,17 ,12,13,17,
		32 ,17,13,18 ,17,13,18,
		32 ,17,18,22 ,17,18,22,
		32 ,22,18,23 ,22,18,23,
		32 ,3,4,8 ,3,4,8,
		32 ,8,4,9 ,8,4,9,
		32 ,8,9,13 ,8,9,13,
		32 ,13,9,14 ,13,9,14,
		32 ,13,14,18 ,13,14,18,
		32 ,18,14,19 ,18,14,19,
		32 ,18,19,23 ,18,19,23,
		32 ,23,19,24 ,23,19,24
	]

}
