{
	"metadata" : {
		"formatVersion" : 3,
		"description" : "Exported from LibZinc."
	},

	"vertices" : [
		107.241997,99.663910,-1150.000000,117.981361,86.630661,-1150.208862,130.120911,76.401001,-1150.302246,143.882385,68.958725,-1150.236206,159.487503,64.287613,-1149.967041,105.785072,98.641693,-1137.476074,116.708717,85.506363,-1137.686768,129.001572,75.222473,-1137.808716,142.925430,67.759171,-1137.769775,158.742065,63.085617,-1137.498047,
		104.141541,97.721558,-1124.973511,115.241440,84.513298,-1125.207031,127.735046,74.275063,-1125.381348,141.898438,66.894981,-1125.391846,158.007721,62.261189,-1125.133911,102.259933,96.938492,-1112.484131,113.548698,83.682884,-1112.740112,126.300377,73.524101,-1112.962158,140.774017,66.257187,-1113.018433,157.228668,61.677174,-1112.777222,
		100.088799,96.327477,-1100.000000,111.599655,83.046539,-1100.256714,124.676590,72.934937,-1100.493042,139.524704,65.736839,-1100.565674,156.349106,61.196430,-1100.331055
	],

	"normals" : [
		-0.812453,-0.566592,-0.137455,-0.708665,-0.693078,-0.132050,-0.559781,-0.818043,-0.132104,-0.377502,-0.916745,-0.130652,-0.190224,-0.973991,-0.123113,-0.808447,-0.570638,-0.144172,-0.705745,-0.695236,-0.136275,-0.557718,-0.820870,-0.122979,-0.375551,-0.920822,-0.105113,-0.188705,-0.977972,-0.089224,
		-0.806034,-0.571913,-0.152398,-0.700094,-0.700207,-0.139924,-0.548847,-0.827862,-0.115806,-0.366933,-0.926198,-0.086701,-0.186610,-0.980254,-0.065406,-0.803625,-0.572631,-0.162112,-0.692408,-0.707251,-0.142710,-0.536429,-0.836678,-0.110519,-0.355434,-0.931604,-0.076036,-0.183737,-0.981570,-0.052546,
		-0.799688,-0.574926,-0.173085,-0.683416,-0.715608,-0.144386,-0.523865,-0.845012,-0.107334,-0.344784,-0.935793,-0.073592,-0.179887,-0.982371,-0.050869
	],

	"faces": [
		32 ,0,1,5 ,0,1,5,
		32 ,5,1,6 ,5,1,6,
		32 ,5,6,10 ,5,6,10,
		32 ,10,6,11 ,10,6,11,
		32 ,10,11,15 ,10,11,15,
		32 ,15,11,16 ,15,11,16,
		32 ,15,16,20 ,15,16,20,
		32 ,20,16,21 ,20,16,21,
		32 ,1,2,6 ,1,2,6,
		32 ,6,2,7 ,6,2,7,
		32 ,6,7,11 ,6,7,11,
		32 ,11,7,12 ,11,7,12,
		32 ,11,12,16 ,11,12,16,
		32 ,16,12,17 ,16,12,17,
		32 ,16,17,21 ,16,17,21,
		32 ,21,17,22 ,21,17,22,
		32 ,2,3,7 ,2,3,7,
		32 ,7,3,8 ,7,3,8,
		32 ,7,8,12 ,7,8,12,
		32 ,12,8,13 ,12,8,13,
		32 ,12,13,17 ,12,13,17,
		32 ,17,13,18 ,17,13,18,
		32 ,17,18,22 ,17,18,22,
		32 ,22,18,23 ,22,18,23,
		32 ,3,4,8 ,3,4,8,
		32 ,8,4,9 ,8,4,9,
		32 ,8,9,13 ,8,9,13,
		32 ,13,9,14 ,13,9,14,
		32 ,13,14,18 ,13,14,18,
		32 ,18,14,19 ,18,14,19,
		32 ,18,19,23 ,18,19,23,
		32 ,23,19,24 ,23,19,24
	]

}
