{
	"metadata" : {
		"formatVersion" : 3,
		"description" : "Exported from LibZinc."
	},

	"vertices" : [
		159.487503,64.287613,-1149.967041,176.197403,62.491341,-1149.551392,193.068054,63.907604,-1149.230347,210.013474,68.871223,-1149.236206,226.947693,77.717010,-1149.801025,158.742065,63.085617,-1137.498047,175.744843,61.207520,-1137.062744,193.016678,62.422436,-1136.737915,210.503632,67.137329,-1136.759033,228.151749,75.759155,-1137.361328,
		158.007721,62.261189,-1125.133911,175.337982,60.260593,-1124.697876,192.993729,61.199333,-1124.390625,210.995163,65.594406,-1124.432739,229.362473,73.962799,-1125.044678,157.228668,61.677174,-1112.777222,174.919403,59.540234,-1112.339722,192.982666,60.163132,-1112.039551,211.499573,64.181770,-1112.094727,230.551254,72.232048,-1112.722900,
		156.349106,61.196430,-1100.331055,174.431763,58.936123,-1099.871338,192.966995,59.238663,-1099.535889,212.028351,62.838726,-1099.582275,231.689407,70.470993,-1100.267944
	],

	"normals" : [
		-0.190224,-0.973991,-0.123113,-0.011669,-0.992957,-0.117902,0.182073,-0.975197,-0.125854,0.368510,-0.917598,-0.149044,0.525190,-0.830205,-0.186912,-0.188705,-0.977972,-0.089224,-0.021027,-0.995831,-0.088758,0.164554,-0.980689,-0.105690,0.346456,-0.928182,-0.135822,0.502229,-0.846476,-0.176759,
		-0.186610,-0.980254,-0.065406,-0.033620,-0.997189,-0.066968,0.143545,-0.985618,-0.089174,0.322866,-0.938165,-0.124914,0.479591,-0.861000,-0.169325,-0.183737,-0.981570,-0.052546,-0.046975,-0.997462,-0.053499,0.120604,-0.989700,-0.077126,0.297378,-0.947579,-0.116879,0.456113,-0.874416,-0.165401,
		-0.179887,-0.982371,-0.050869,-0.058842,-0.997074,-0.048789,0.097348,-0.992781,-0.070067,0.269682,-0.956412,-0.112020,0.430252,-0.887409,-0.165495
	],

	"faces": [
		32 ,0,1,5 ,0,1,5,
		32 ,5,1,6 ,5,1,6,
		32 ,5,6,10 ,5,6,10,
		32 ,10,6,11 ,10,6,11,
		32 ,10,11,15 ,10,11,15,
		32 ,15,11,16 ,15,11,16,
		32 ,15,16,20 ,15,16,20,
		32 ,20,16,21 ,20,16,21,
		32 ,1,2,6 ,1,2,6,
		32 ,6,2,7 ,6,2,7,
		32 ,6,7,11 ,6,7,11,
		32 ,11,7,12 ,11,7,12,
		32 ,11,12,16 ,11,12,16,
		32 ,16,12,17 ,16,12,17,
		32 ,16,17,21 ,16,17,21,
		32 ,21,17,22 ,21,17,22,
		32 ,2,3,7 ,2,3,7,
		32 ,7,3,8 ,7,3,8,
		32 ,7,8,12 ,7,8,12,
		32 ,12,8,13 ,12,8,13,
		32 ,12,13,17 ,12,13,17,
		32 ,17,13,18 ,17,13,18,
		32 ,17,18,22 ,17,18,22,
		32 ,22,18,23 ,22,18,23,
		32 ,3,4,8 ,3,4,8,
		32 ,8,4,9 ,8,4,9,
		32 ,8,9,13 ,8,9,13,
		32 ,13,9,14 ,13,9,14,
		32 ,13,14,18 ,13,14,18,
		32 ,18,14,19 ,18,14,19,
		32 ,18,19,23 ,18,19,23,
		32 ,23,19,24 ,23,19,24
	]

}
