{
	"metadata" : {
		"formatVersion" : 3,
		"description" : "Exported from LibZinc."
	},

	"vertices" : [
		238.178894,227.933807,-1100.000000,223.632278,240.173477,-1100.007568,208.352951,250.079544,-1099.972656,191.979889,257.534332,-1099.951416,174.152100,262.420197,-1100.000000,240.618225,229.785919,-1087.421021,225.883392,242.331146,-1087.399902,210.119049,252.539612,-1087.415405,193.117340,260.180115,-1087.460449,174.670395,265.021454,-1087.527832,
		242.937653,231.903549,-1074.802124,227.945251,244.488480,-1074.845703,211.642197,254.900269,-1074.899658,193.998459,262.732117,-1074.961304,174.983978,267.577148,-1075.028198,244.752243,234.372818,-1062.176758,229.444656,246.834412,-1062.336670,212.622604,257.296112,-1062.411377,194.411789,265.208893,-1062.453613,174.937912,270.023865,-1062.516357,
		245.677002,237.279907,-1049.578003,230.008408,249.557907,-1049.864380,212.760483,259.861664,-1049.936768,194.145874,267.629120,-1049.937256,174.377197,272.298187,-1050.008057
	],

	"normals" : [
		0.665769,0.711454,-0.224911,0.580815,0.778206,-0.238851,0.468678,0.850358,-0.239234,0.332361,0.914796,-0.229533,0.184323,0.960355,-0.209151,0.669890,0.702696,-0.239722,0.583416,0.777636,-0.234323,0.468632,0.853981,-0.226052,0.327084,0.919424,-0.218348,0.169377,0.963823,-0.205805,
		0.666539,0.705821,-0.239881,0.579868,0.783292,-0.224068,0.466108,0.859322,-0.210497,0.323770,0.924044,-0.203264,0.158570,0.967631,-0.196330,0.659423,0.716738,-0.226820,0.571387,0.793595,-0.209101,0.459276,0.867026,-0.193213,0.318608,0.929759,-0.184491,0.150175,0.971977,-0.180854,
		0.651725,0.731157,-0.201656,0.558773,0.806920,-0.191451,0.446031,0.877556,-0.175933,0.307831,0.937388,-0.162921,0.142498,0.976872,-0.159421
	],

	"faces": [
		32 ,0,1,5 ,0,1,5,
		32 ,5,1,6 ,5,1,6,
		32 ,5,6,10 ,5,6,10,
		32 ,10,6,11 ,10,6,11,
		32 ,10,11,15 ,10,11,15,
		32 ,15,11,16 ,15,11,16,
		32 ,15,16,20 ,15,16,20,
		32 ,20,16,21 ,20,16,21,
		32 ,1,2,6 ,1,2,6,
		32 ,6,2,7 ,6,2,7,
		32 ,6,7,11 ,6,7,11,
		32 ,11,7,12 ,11,7,12,
		32 ,11,12,16 ,11,12,16,
		32 ,16,12,17 ,16,12,17,
		32 ,16,17,21 ,16,17,21,
		32 ,21,17,22 ,21,17,22,
		32 ,2,3,7 ,2,3,7,
		32 ,7,3,8 ,7,3,8,
		32 ,7,8,12 ,7,8,12,
		32 ,12,8,13 ,12,8,13,
		32 ,12,13,17 ,12,13,17,
		32 ,17,13,18 ,17,13,18,
		32 ,17,18,22 ,17,18,22,
		32 ,22,18,23 ,22,18,23,
		32 ,3,4,8 ,3,4,8,
		32 ,8,4,9 ,8,4,9,
		32 ,8,9,13 ,8,9,13,
		32 ,13,9,14 ,13,9,14,
		32 ,13,14,18 ,13,14,18,
		32 ,18,14,19 ,18,14,19,
		32 ,18,19,23 ,18,19,23,
		32 ,23,19,24 ,23,19,24
	]

}
