{
	"metadata" : {
		"formatVersion" : 3,
		"description" : "Exported from LibZinc."
	},

	"vertices" : [
		100.553001,244.387299,-1100.000000,87.681541,229.187775,-1100.023682,79.075699,210.794403,-1100.053467,74.552734,190.663437,-1100.056519,73.929916,170.251099,-1100.000000,99.595612,245.740585,-1087.489868,86.669579,230.205872,-1087.509888,78.134338,211.483856,-1087.538574,73.647125,191.054581,-1087.545166,72.865181,170.398056,-1087.499146,
		98.756973,246.947708,-1074.993408,85.818283,231.039886,-1075.004150,77.376877,211.958801,-1075.025635,72.918808,191.222214,-1075.032349,71.930130,170.347916,-1074.998535,98.009216,247.991730,-1062.500244,85.129135,231.649673,-1062.502441,76.792755,212.155518,-1062.517944,72.343201,191.081589,-1062.524170,71.123634,170.000229,-1062.498657,
		97.324493,248.855698,-1050.000000,84.603622,231.995056,-1050.000854,76.371407,212.010315,-1050.018555,71.895752,190.547989,-1050.026978,70.444550,169.254593,-1050.000000
	],

	"normals" : [
		-0.650325,0.747006,-0.138057,-0.840506,0.528439,-0.119594,-0.943635,0.316218,-0.097772,-0.988919,0.122474,-0.083901,-0.994047,-0.063158,-0.088781,-0.656672,0.744031,-0.123286,-0.847551,0.520825,-0.101975,-0.947881,0.308718,-0.078828,-0.990165,0.122712,-0.067201,-0.995722,-0.047290,-0.079383,
		-0.664813,0.739057,-0.108716,-0.855463,0.511249,-0.082508,-0.951931,0.300531,-0.059228,-0.990928,0.124098,-0.051586,-0.997157,-0.028255,-0.069859,-0.676656,0.730216,-0.094453,-0.864326,0.499177,-0.061346,-0.955539,0.292255,-0.039134,-0.991268,0.126575,-0.036959,-0.998180,-0.008709,-0.059672,
		-0.693954,0.715482,-0.080708,-0.874139,0.484129,-0.038722,-0.958499,0.284485,-0.018667,-0.991233,0.130074,-0.023179,-0.998784,0.008721,-0.048526
	],

	"faces": [
		32 ,0,1,5 ,0,1,5,
		32 ,5,1,6 ,5,1,6,
		32 ,5,6,10 ,5,6,10,
		32 ,10,6,11 ,10,6,11,
		32 ,10,11,15 ,10,11,15,
		32 ,15,11,16 ,15,11,16,
		32 ,15,16,20 ,15,16,20,
		32 ,20,16,21 ,20,16,21,
		32 ,1,2,6 ,1,2,6,
		32 ,6,2,7 ,6,2,7,
		32 ,6,7,11 ,6,7,11,
		32 ,11,7,12 ,11,7,12,
		32 ,11,12,16 ,11,12,16,
		32 ,16,12,17 ,16,12,17,
		32 ,16,17,21 ,16,17,21,
		32 ,21,17,22 ,21,17,22,
		32 ,2,3,7 ,2,3,7,
		32 ,7,3,8 ,7,3,8,
		32 ,7,8,12 ,7,8,12,
		32 ,12,8,13 ,12,8,13,
		32 ,12,13,17 ,12,13,17,
		32 ,17,13,18 ,17,13,18,
		32 ,17,18,22 ,17,18,22,
		32 ,22,18,23 ,22,18,23,
		32 ,3,4,8 ,3,4,8,
		32 ,8,4,9 ,8,4,9,
		32 ,8,9,13 ,8,9,13,
		32 ,13,9,14 ,13,9,14,
		32 ,13,14,18 ,13,14,18,
		32 ,18,14,19 ,18,14,19,
		32 ,18,19,23 ,18,19,23,
		32 ,23,19,24 ,23,19,24
	]

}
