{
	"metadata" : {
		"formatVersion" : 3,
		"description" : "Exported from LibZinc."
	},

	"vertices" : [
		73.929916,170.251099,-1100.000000,76.705284,150.215805,-1099.904297,82.244446,130.730927,-1099.841919,90.166061,112.525238,-1099.858521,100.088799,96.327477,-1100.000000,72.865181,170.398056,-1087.499146,75.219009,150.165680,-1087.413208,80.253029,130.513535,-1087.351440,87.795349,112.178642,-1087.359741,97.674080,95.898026,-1087.484497,
		71.930130,170.347916,-1074.998535,73.792915,149.993683,-1074.918945,78.264862,130.272186,-1074.843018,85.395462,111.883453,-1074.826660,95.234222,95.527542,-1074.926270,71.123634,170.000229,-1062.498657,72.499550,149.580200,-1062.419922,76.437355,129.862167,-1062.325684,83.181534,111.476334,-1062.281860,92.976555,95.052895,-1062.354492,
		70.444550,169.254593,-1050.000000,71.411446,148.805649,-1049.914429,74.927925,129.138824,-1049.808472,81.368683,110.793976,-1049.748047,91.108398,94.310959,-1049.798950
	],

	"normals" : [
		-0.994047,-0.063158,-0.088781,-0.971430,-0.206741,-0.116537,-0.930484,-0.333546,-0.151482,-0.874190,-0.452728,-0.175582,-0.799688,-0.574926,-0.173085,-0.995722,-0.047290,-0.079383,-0.976489,-0.181635,-0.116095,-0.937747,-0.310151,-0.156323,-0.879512,-0.440351,-0.180416,-0.795681,-0.580355,-0.173435,
		-0.997157,-0.028255,-0.069859,-0.981743,-0.154363,-0.111143,-0.945850,-0.286245,-0.153077,-0.885869,-0.429031,-0.176545,-0.792490,-0.586091,-0.168695,-0.998180,-0.008709,-0.059672,-0.986582,-0.128424,-0.100817,-0.954064,-0.264553,-0.140620,-0.892917,-0.419604,-0.163194,-0.791100,-0.590573,-0.159326,
		-0.998784,0.008721,-0.048526,-0.990582,-0.107592,-0.084680,-0.961500,-0.248119,-0.118128,-0.900018,-0.412899,-0.139577,-0.792460,-0.592354,-0.145339
	],

	"faces": [
		32 ,0,1,5 ,0,1,5,
		32 ,5,1,6 ,5,1,6,
		32 ,5,6,10 ,5,6,10,
		32 ,10,6,11 ,10,6,11,
		32 ,10,11,15 ,10,11,15,
		32 ,15,11,16 ,15,11,16,
		32 ,15,16,20 ,15,16,20,
		32 ,20,16,21 ,20,16,21,
		32 ,1,2,6 ,1,2,6,
		32 ,6,2,7 ,6,2,7,
		32 ,6,7,11 ,6,7,11,
		32 ,11,7,12 ,11,7,12,
		32 ,11,12,16 ,11,12,16,
		32 ,16,12,17 ,16,12,17,
		32 ,16,17,21 ,16,17,21,
		32 ,21,17,22 ,21,17,22,
		32 ,2,3,7 ,2,3,7,
		32 ,7,3,8 ,7,3,8,
		32 ,7,8,12 ,7,8,12,
		32 ,12,8,13 ,12,8,13,
		32 ,12,13,17 ,12,13,17,
		32 ,17,13,18 ,17,13,18,
		32 ,17,18,22 ,17,18,22,
		32 ,22,18,23 ,22,18,23,
		32 ,3,4,8 ,3,4,8,
		32 ,8,4,9 ,8,4,9,
		32 ,8,9,13 ,8,9,13,
		32 ,13,9,14 ,13,9,14,
		32 ,13,14,18 ,13,14,18,
		32 ,18,14,19 ,18,14,19,
		32 ,18,19,23 ,18,19,23,
		32 ,23,19,24 ,23,19,24
	]

}
