{
	"metadata" : {
		"formatVersion" : 3,
		"description" : "Exported from LibZinc."
	},

	"vertices" : [
		394.559998,230.281204,-1300.098022,383.102997,224.399658,-1299.696045,373.229889,216.449768,-1299.658569,364.366608,207.193680,-1299.816406,355.938995,197.393600,-1300.000000,391.227478,233.466110,-1287.572510,379.753693,227.731400,-1287.322510,369.867584,220.107315,-1287.393311,361.077515,211.098175,-1287.576904,352.891876,201.208267,-1287.665161,
		388.104919,236.509384,-1275.063843,376.460632,231.183701,-1274.976807,366.514832,223.945709,-1275.086426,357.792877,215.133026,-1275.208618,349.820038,205.083298,-1275.159302,385.434235,239.390671,-1262.547729,373.557953,234.508652,-1262.589355,363.507965,227.612869,-1262.699829,354.794769,218.947571,-1262.740723,346.928772,208.757050,-1262.573730,
		383.457214,242.089600,-1250.000000,371.379730,237.458328,-1250.090820,361.183228,230.756699,-1250.195679,352.365234,222.191101,-1250.202759,344.423309,211.967896,-1250.000000
	],

	"normals" : [
		-0.342584,0.883140,-0.320469,-0.525948,0.780100,-0.338856,-0.637467,0.680734,-0.360883,-0.691315,0.619823,-0.371353,-0.707382,0.610384,-0.356430,-0.341783,0.887085,-0.310266,-0.503919,0.786723,-0.356556,-0.616730,0.686941,-0.384389,-0.688117,0.613654,-0.387201,-0.731108,0.577933,-0.362595,
		-0.310454,0.906005,-0.287703,-0.476634,0.808143,-0.346013,-0.606241,0.701054,-0.375493,-0.697609,0.610614,-0.374822,-0.758142,0.550595,-0.349379,-0.272271,0.926965,-0.258078,-0.452990,0.836447,-0.308474,-0.604664,0.723198,-0.333715,-0.712870,0.616550,-0.334189,-0.781151,0.537195,-0.318158,
		-0.251018,0.941304,-0.225690,-0.442521,0.862977,-0.243816,-0.608955,0.750857,-0.255709,-0.725555,0.636199,-0.262335,-0.793757,0.545993,-0.268033
	],

	"faces": [
		32 ,0,1,5 ,0,1,5,
		32 ,5,1,6 ,5,1,6,
		32 ,5,6,10 ,5,6,10,
		32 ,10,6,11 ,10,6,11,
		32 ,10,11,15 ,10,11,15,
		32 ,15,11,16 ,15,11,16,
		32 ,15,16,20 ,15,16,20,
		32 ,20,16,21 ,20,16,21,
		32 ,1,2,6 ,1,2,6,
		32 ,6,2,7 ,6,2,7,
		32 ,6,7,11 ,6,7,11,
		32 ,11,7,12 ,11,7,12,
		32 ,11,12,16 ,11,12,16,
		32 ,16,12,17 ,16,12,17,
		32 ,16,17,21 ,16,17,21,
		32 ,21,17,22 ,21,17,22,
		32 ,2,3,7 ,2,3,7,
		32 ,7,3,8 ,7,3,8,
		32 ,7,8,12 ,7,8,12,
		32 ,12,8,13 ,12,8,13,
		32 ,12,13,17 ,12,13,17,
		32 ,17,13,18 ,17,13,18,
		32 ,17,18,22 ,17,18,22,
		32 ,22,18,23 ,22,18,23,
		32 ,3,4,8 ,3,4,8,
		32 ,8,4,9 ,8,4,9,
		32 ,8,9,13 ,8,9,13,
		32 ,13,9,14 ,13,9,14,
		32 ,13,14,18 ,13,14,18,
		32 ,18,14,19 ,18,14,19,
		32 ,18,19,23 ,18,19,23,
		32 ,23,19,24 ,23,19,24
	]

}
