{
	"metadata" : {
		"formatVersion" : 3,
		"description" : "Exported from LibZinc."
	},

	"vertices" : [
		344.423309,211.967896,-1250.000000,336.794189,200.738678,-1249.718506,329.838684,188.745560,-1249.594116,324.440460,175.580734,-1249.672729,321.483093,160.836395,-1250.000000,342.326569,214.598328,-1237.492798,334.561066,203.296783,-1237.235840,327.658020,191.096069,-1237.115601,322.421600,177.598145,-1237.190308,319.656067,162.405029,-1237.518433,
		340.500153,216.743042,-1225.018066,332.548065,205.322067,-1224.780151,325.684082,192.900879,-1224.657104,320.611237,179.080917,-1224.726440,318.032593,163.463623,-1225.065796,338.907196,218.458771,-1212.534424,330.744415,206.869476,-1212.294067,323.887512,194.208496,-1212.155640,318.946960,180.069687,-1212.218018,316.533234,164.046936,-1212.580200,
		337.510803,219.802200,-1200.000000,329.139252,207.994019,-1199.720825,322.238831,195.067429,-1199.548096,317.366333,180.605103,-1199.601196,315.078613,164.189697,-1200.000000
	],

	"normals" : [
		-0.793757,0.545993,-0.268033,-0.811593,0.518148,-0.269888,-0.864245,0.436254,-0.250524,-0.931888,0.293245,-0.213524,-0.981294,0.095307,-0.167269,-0.791831,0.565093,-0.231675,-0.820784,0.520612,-0.235111,-0.878456,0.425776,-0.216863,-0.943700,0.275733,-0.182763,-0.986232,0.081184,-0.144068,
		-0.787523,0.583792,-0.197471,-0.828466,0.522617,-0.201284,-0.890784,0.414702,-0.185814,-0.953092,0.258535,-0.157400,-0.989437,0.069035,-0.127468,-0.783278,0.599071,-0.166100,-0.834734,0.524062,-0.169053,-0.900680,0.404726,-0.158026,-0.960053,0.243450,-0.137948,-0.991334,0.058636,-0.117549,
		-0.781350,0.608563,-0.138358,-0.839706,0.524948,-0.139008,-0.907755,0.397583,-0.133823,-0.964675,0.232203,-0.124434,-0.992211,0.049812,-0.114175
	],

	"faces": [
		32 ,0,1,5 ,0,1,5,
		32 ,5,1,6 ,5,1,6,
		32 ,5,6,10 ,5,6,10,
		32 ,10,6,11 ,10,6,11,
		32 ,10,11,15 ,10,11,15,
		32 ,15,11,16 ,15,11,16,
		32 ,15,16,20 ,15,16,20,
		32 ,20,16,21 ,20,16,21,
		32 ,1,2,6 ,1,2,6,
		32 ,6,2,7 ,6,2,7,
		32 ,6,7,11 ,6,7,11,
		32 ,11,7,12 ,11,7,12,
		32 ,11,12,16 ,11,12,16,
		32 ,16,12,17 ,16,12,17,
		32 ,16,17,21 ,16,17,21,
		32 ,21,17,22 ,21,17,22,
		32 ,2,3,7 ,2,3,7,
		32 ,7,3,8 ,7,3,8,
		32 ,7,8,12 ,7,8,12,
		32 ,12,8,13 ,12,8,13,
		32 ,12,13,17 ,12,13,17,
		32 ,17,13,18 ,17,13,18,
		32 ,17,18,22 ,17,18,22,
		32 ,22,18,23 ,22,18,23,
		32 ,3,4,8 ,3,4,8,
		32 ,8,4,9 ,8,4,9,
		32 ,8,9,13 ,8,9,13,
		32 ,13,9,14 ,13,9,14,
		32 ,13,14,18 ,13,14,18,
		32 ,18,14,19 ,18,14,19,
		32 ,18,19,23 ,18,19,23,
		32 ,23,19,24 ,23,19,24
	]

}
