{
	"metadata" : {
		"formatVersion" : 3,
		"description" : "Exported from LibZinc."
	},

	"vertices" : [
		321.483093,160.836395,-1250.000000,322.568970,144.227798,-1250.363037,328.201538,127.241539,-1250.502441,337.616150,112.126854,-1250.393188,350.048096,101.133003,-1250.010986,319.656067,162.405029,-1237.518433,320.961029,145.177841,-1237.880127,326.867859,127.437065,-1238.005127,336.578430,111.573685,-1237.876587,349.294525,99.978668,-1237.477905,
		318.032593,163.463623,-1225.065796,319.556854,145.682114,-1225.444580,325.757019,127.291641,-1225.571167,335.782471,110.776886,-1225.430542,348.782623,98.622498,-1225.008057,316.533234,164.046936,-1212.580200,318.253815,145.741043,-1213.000244,324.718231,126.739944,-1213.153198,335.040161,109.618324,-1213.013428,348.333282,96.950829,-1212.555420,
		315.078613,164.189697,-1200.000000,316.949219,145.355042,-1200.490845,323.600769,125.716667,-1200.703613,334.163452,107.979881,-1200.583130,347.767487,94.849983,-1200.073975
	],

	"normals" : [
		-0.981294,0.095307,-0.167269,-0.973586,-0.195935,-0.117214,-0.902335,-0.420202,-0.096029,-0.767561,-0.633388,-0.098329,-0.506825,-0.854771,-0.111782,-0.986232,0.081184,-0.144068,-0.973746,-0.202154,-0.104650,-0.904559,-0.417642,-0.085720,-0.775867,-0.624744,-0.087894,-0.521336,-0.846373,-0.108909,
		-0.989437,0.069035,-0.127468,-0.972770,-0.209160,-0.099853,-0.904283,-0.417808,-0.087800,-0.780261,-0.618349,-0.094009,-0.534087,-0.836899,-0.119797,-0.991334,0.058636,-0.117549,-0.971325,-0.214262,-0.103057,-0.903064,-0.417073,-0.102594,-0.781926,-0.612294,-0.116995,-0.541595,-0.828063,-0.144870,
		-0.992211,0.049812,-0.114175,-0.969957,-0.214989,-0.113854,-0.901902,-0.412068,-0.129511,-0.781202,-0.604407,-0.156255,-0.540359,-0.821076,-0.183972
	],

	"faces": [
		32 ,0,1,5 ,0,1,5,
		32 ,5,1,6 ,5,1,6,
		32 ,5,6,10 ,5,6,10,
		32 ,10,6,11 ,10,6,11,
		32 ,10,11,15 ,10,11,15,
		32 ,15,11,16 ,15,11,16,
		32 ,15,16,20 ,15,16,20,
		32 ,20,16,21 ,20,16,21,
		32 ,1,2,6 ,1,2,6,
		32 ,6,2,7 ,6,2,7,
		32 ,6,7,11 ,6,7,11,
		32 ,11,7,12 ,11,7,12,
		32 ,11,12,16 ,11,12,16,
		32 ,16,12,17 ,16,12,17,
		32 ,16,17,21 ,16,17,21,
		32 ,21,17,22 ,21,17,22,
		32 ,2,3,7 ,2,3,7,
		32 ,7,3,8 ,7,3,8,
		32 ,7,8,12 ,7,8,12,
		32 ,12,8,13 ,12,8,13,
		32 ,12,13,17 ,12,13,17,
		32 ,17,13,18 ,17,13,18,
		32 ,17,18,22 ,17,18,22,
		32 ,22,18,23 ,22,18,23,
		32 ,3,4,8 ,3,4,8,
		32 ,8,4,9 ,8,4,9,
		32 ,8,9,13 ,8,9,13,
		32 ,13,9,14 ,13,9,14,
		32 ,13,14,18 ,13,14,18,
		32 ,18,14,19 ,18,14,19,
		32 ,18,19,23 ,18,19,23,
		32 ,23,19,24 ,23,19,24
	]

}
