{
	"metadata" : {
		"formatVersion" : 3,
		"description" : "Exported from LibZinc."
	},

	"vertices" : [
		474.925812,173.249496,-1199.848999,473.117767,191.419144,-1200.067139,467.048004,209.092361,-1200.183960,457.280426,224.782791,-1200.171021,444.378998,237.004105,-1200.000000,476.692749,173.371323,-1187.456787,475.161774,191.954346,-1187.655273,469.221436,210.094696,-1187.728149,459.441315,226.268417,-1187.678467,446.390900,238.951523,-1187.509033,
		478.368591,173.371811,-1175.132568,477.078979,192.385895,-1175.292725,471.288330,211.019501,-1175.289062,461.544128,227.726135,-1175.174194,448.393829,240.959274,-1175.000977,480.034882,173.271973,-1162.807983,478.898224,192.723572,-1162.921753,473.245697,211.866516,-1162.843506,463.564575,229.124939,-1162.668579,450.342102,242.922989,-1162.492432,
		481.773285,173.092804,-1150.415039,480.648346,192.977188,-1150.485107,475.090607,212.635437,-1150.368774,465.478394,230.433746,-1150.171875,452.190094,244.738297,-1150.000000
	],

	"normals" : [
		0.988869,-0.030292,-0.145674,0.961781,0.211836,-0.173504,0.887077,0.419201,-0.193302,0.761714,0.614158,-0.206402,0.557842,0.802785,-0.210593,0.989427,-0.048655,-0.136628,0.966769,0.197756,-0.162019,0.894073,0.408386,-0.183994,0.769864,0.605052,-0.203032,0.567707,0.793797,-0.218164,
		0.989096,-0.062367,-0.133413,0.971035,0.184241,-0.152141,0.901643,0.395894,-0.174089,0.780474,0.593368,-0.196915,0.583083,0.782689,-0.217744,0.988362,-0.068216,-0.135969,0.974313,0.173122,-0.144025,0.909218,0.382812,-0.163637,0.792062,0.580769,-0.188000,0.599328,0.772686,-0.209194,
		0.987554,-0.063281,-0.143986,0.976437,0.166127,-0.137739,0.916305,0.370228,-0.152697,0.803366,0.568805,-0.176250,0.612463,0.766744,-0.192334
	],

	"faces": [
		32 ,0,1,5 ,0,1,5,
		32 ,5,1,6 ,5,1,6,
		32 ,5,6,10 ,5,6,10,
		32 ,10,6,11 ,10,6,11,
		32 ,10,11,15 ,10,11,15,
		32 ,15,11,16 ,15,11,16,
		32 ,15,16,20 ,15,16,20,
		32 ,20,16,21 ,20,16,21,
		32 ,1,2,6 ,1,2,6,
		32 ,6,2,7 ,6,2,7,
		32 ,6,7,11 ,6,7,11,
		32 ,11,7,12 ,11,7,12,
		32 ,11,12,16 ,11,12,16,
		32 ,16,12,17 ,16,12,17,
		32 ,16,17,21 ,16,17,21,
		32 ,21,17,22 ,21,17,22,
		32 ,2,3,7 ,2,3,7,
		32 ,7,3,8 ,7,3,8,
		32 ,7,8,12 ,7,8,12,
		32 ,12,8,13 ,12,8,13,
		32 ,12,13,17 ,12,13,17,
		32 ,17,13,18 ,17,13,18,
		32 ,17,18,22 ,17,18,22,
		32 ,22,18,23 ,22,18,23,
		32 ,3,4,8 ,3,4,8,
		32 ,8,4,9 ,8,4,9,
		32 ,8,9,13 ,8,9,13,
		32 ,13,9,14 ,13,9,14,
		32 ,13,14,18 ,13,14,18,
		32 ,18,14,19 ,18,14,19,
		32 ,18,19,23 ,18,19,23,
		32 ,23,19,24 ,23,19,24
	]

}
