{
	"metadata" : {
		"formatVersion" : 3,
		"description" : "Exported from LibZinc."
	},

	"vertices" : [
		481.773285,173.092804,-1150.415039,480.648346,192.977188,-1150.485107,475.090607,212.635437,-1150.368774,465.478394,230.433746,-1150.171875,452.190094,244.738297,-1150.000000,483.513977,172.830704,-1137.899414,482.286163,193.126083,-1137.934814,476.774445,213.287048,-1137.831055,467.218689,231.612961,-1137.668335,453.858734,246.403214,-1137.527466,
		485.109436,172.483383,-1125.293091,483.717896,193.152069,-1125.298462,478.202362,213.778549,-1125.230835,468.675537,232.621307,-1125.134033,455.250275,247.938797,-1125.052124,486.524872,172.073730,-1112.656738,484.896484,193.068527,-1112.631226,479.301788,214.104385,-1112.597412,469.760193,233.425293,-1112.566772,456.291107,249.275223,-1112.550659,
		487.725403,171.624603,-1100.051025,485.774811,192.888885,-1099.988525,480.000275,214.259003,-1099.959961,470.383820,233.991440,-1099.964233,456.907593,250.342697,-1100.000000
	],

	"normals" : [
		0.987554,-0.063281,-0.143986,0.976437,0.166127,-0.137739,0.916305,0.370228,-0.152697,0.803366,0.568805,-0.176250,0.612463,0.766744,-0.192334,0.989819,-0.050593,-0.133039,0.979174,0.163053,-0.120959,0.923890,0.359329,-0.131569,0.815317,0.558134,-0.154091,0.623700,0.761685,-0.175598,
		0.992174,-0.035272,-0.119774,0.981413,0.162944,-0.101378,0.930486,0.350827,-0.105435,0.827127,0.548043,-0.124536,0.638170,0.755072,-0.150349,0.994419,-0.017531,-0.104033,0.982840,0.166849,-0.078662,0.935293,0.346049,-0.074013,0.837570,0.539289,-0.087429,0.654862,0.746739,-0.116348,
		0.996324,0.002484,-0.085627,0.983046,0.175702,-0.052426,0.937490,0.346039,-0.037011,0.845466,0.532316,-0.042746,0.672775,0.736185,-0.073530
	],

	"faces": [
		32 ,0,1,5 ,0,1,5,
		32 ,5,1,6 ,5,1,6,
		32 ,5,6,10 ,5,6,10,
		32 ,10,6,11 ,10,6,11,
		32 ,10,11,15 ,10,11,15,
		32 ,15,11,16 ,15,11,16,
		32 ,15,16,20 ,15,16,20,
		32 ,20,16,21 ,20,16,21,
		32 ,1,2,6 ,1,2,6,
		32 ,6,2,7 ,6,2,7,
		32 ,6,7,11 ,6,7,11,
		32 ,11,7,12 ,11,7,12,
		32 ,11,12,16 ,11,12,16,
		32 ,16,12,17 ,16,12,17,
		32 ,16,17,21 ,16,17,21,
		32 ,21,17,22 ,21,17,22,
		32 ,2,3,7 ,2,3,7,
		32 ,7,3,8 ,7,3,8,
		32 ,7,8,12 ,7,8,12,
		32 ,12,8,13 ,12,8,13,
		32 ,12,13,17 ,12,13,17,
		32 ,17,13,18 ,17,13,18,
		32 ,17,18,22 ,17,18,22,
		32 ,22,18,23 ,22,18,23,
		32 ,3,4,8 ,3,4,8,
		32 ,8,4,9 ,8,4,9,
		32 ,8,9,13 ,8,9,13,
		32 ,13,9,14 ,13,9,14,
		32 ,13,14,18 ,13,14,18,
		32 ,18,14,19 ,18,14,19,
		32 ,18,19,23 ,18,19,23,
		32 ,23,19,24 ,23,19,24
	]

}
