{
	"metadata" : {
		"formatVersion" : 3,
		"description" : "Exported from LibZinc."
	},

	"vertices" : [
		452.190094,244.738297,-1150.000000,435.976349,254.610596,-1149.936646,418.172607,260.237000,-1149.955322,400.034485,261.670959,-1149.996216,382.817505,258.966003,-1150.000000,453.858734,246.403214,-1137.527466,437.395447,256.612183,-1137.467529,419.233093,262.396240,-1137.465332,400.666687,263.857849,-1137.477295,382.991302,261.099457,-1137.459717,
		455.250275,247.938797,-1125.052124,438.560944,258.532104,-1125.008057,420.050049,264.502258,-1124.985229,401.042755,266.057465,-1124.966919,382.864166,263.406006,-1124.936768,456.291107,249.275223,-1112.550659,439.437225,260.308167,-1112.535278,420.621185,266.552979,-1112.505859,401.182617,268.315796,-1112.472534,382.461060,265.902771,-1112.445557,
		456.907593,250.342697,-1100.000000,439.988678,261.878143,-1100.026123,420.944153,268.546448,-1100.018555,401.106171,270.678894,-1100.001709,381.806885,268.606903,-1100.000000
	],

	"normals" : [
		0.612463,0.766744,-0.192334,0.402093,0.894737,-0.194339,0.187215,0.964484,-0.186334,-0.035169,0.984722,-0.170543,-0.276745,0.949474,-0.148024,0.623700,0.761685,-0.175598,0.407037,0.894699,-0.183941,0.187542,0.965786,-0.179124,-0.035695,0.984707,-0.170525,-0.273098,0.947352,-0.167160,
		0.638170,0.755072,-0.150349,0.413806,0.894817,-0.167530,0.189719,0.966726,-0.171602,-0.030689,0.984227,-0.174227,-0.256891,0.948109,-0.187339,0.654862,0.746739,-0.116348,0.424779,0.893617,-0.144954,0.197172,0.966607,-0.163687,-0.019458,0.983227,-0.181344,-0.233459,0.949896,-0.207832,
		0.672775,0.736185,-0.073530,0.442065,0.889461,-0.115920,0.213041,0.964666,-0.155024,-0.001368,0.981483,-0.191546,-0.207791,0.951133,-0.228404
	],

	"faces": [
		32 ,0,1,5 ,0,1,5,
		32 ,5,1,6 ,5,1,6,
		32 ,5,6,10 ,5,6,10,
		32 ,10,6,11 ,10,6,11,
		32 ,10,11,15 ,10,11,15,
		32 ,15,11,16 ,15,11,16,
		32 ,15,16,20 ,15,16,20,
		32 ,20,16,21 ,20,16,21,
		32 ,1,2,6 ,1,2,6,
		32 ,6,2,7 ,6,2,7,
		32 ,6,7,11 ,6,7,11,
		32 ,11,7,12 ,11,7,12,
		32 ,11,12,16 ,11,12,16,
		32 ,16,12,17 ,16,12,17,
		32 ,16,17,21 ,16,17,21,
		32 ,21,17,22 ,21,17,22,
		32 ,2,3,7 ,2,3,7,
		32 ,7,3,8 ,7,3,8,
		32 ,7,8,12 ,7,8,12,
		32 ,12,8,13 ,12,8,13,
		32 ,12,13,17 ,12,13,17,
		32 ,17,13,18 ,17,13,18,
		32 ,17,18,22 ,17,18,22,
		32 ,22,18,23 ,22,18,23,
		32 ,3,4,8 ,3,4,8,
		32 ,8,4,9 ,8,4,9,
		32 ,8,9,13 ,8,9,13,
		32 ,13,9,14 ,13,9,14,
		32 ,13,14,18 ,13,14,18,
		32 ,18,14,19 ,18,14,19,
		32 ,18,19,23 ,18,19,23,
		32 ,23,19,24 ,23,19,24
	]

}
