{
	"metadata" : {
		"formatVersion" : 3,
		"description" : "Exported from LibZinc."
	},

	"vertices" : [
		332.172302,223.710800,-1150.000000,322.093079,210.712784,-1149.486206,313.741241,196.374512,-1149.072876,307.660461,180.168381,-1149.123169,304.394287,161.566803,-1150.000000,330.091980,225.187500,-1137.443481,319.376892,211.841629,-1136.929199,310.424255,197.033249,-1136.555542,303.886627,180.230286,-1136.665527,300.416626,160.900711,-1137.602295,
		327.529388,227.039627,-1124.933472,316.235687,213.303146,-1124.408325,306.758606,197.993011,-1124.054443,299.884796,180.588364,-1124.183838,296.401001,160.568344,-1125.108398,324.630188,229.162155,-1112.456787,312.847504,215.040421,-1111.956665,302.968170,199.274551,-1111.609375,295.859497,181.323166,-1111.711792,292.388794,160.644791,-1112.560303,
		321.540009,231.450104,-1100.000000,309.390381,216.996567,-1099.607422,299.276794,200.898636,-1099.260132,292.015198,182.515182,-1099.282715,288.421509,161.205093,-1100.000000
	],

	"normals" : [
		-0.749822,0.639320,-0.170401,-0.811939,0.548713,-0.199169,-0.877847,0.418729,-0.232488,-0.927646,0.261428,-0.266699,-0.949532,0.100732,-0.297057,-0.732350,0.643230,-0.223425,-0.794342,0.555815,-0.245135,-0.862435,0.427710,-0.270685,-0.917701,0.268573,-0.292734,-0.948453,0.099691,-0.300830,
		-0.718868,0.643919,-0.261910,-0.780898,0.559394,-0.277987,-0.852011,0.431990,-0.295740,-0.912991,0.268125,-0.307502,-0.948795,0.087496,-0.303532,-0.708962,0.644376,-0.286622,-0.772046,0.560961,-0.298778,-0.846873,0.433120,-0.308568,-0.912739,0.264896,-0.311026,-0.949612,0.076292,-0.304000,
		-0.701749,0.647022,-0.298178,-0.767825,0.561735,-0.308055,-0.847031,0.432294,-0.309291,-0.915965,0.263011,-0.303040,-0.950013,0.076928,-0.302586
	],

	"faces": [
		32 ,0,1,5 ,0,1,5,
		32 ,5,1,6 ,5,1,6,
		32 ,5,6,10 ,5,6,10,
		32 ,10,6,11 ,10,6,11,
		32 ,10,11,15 ,10,11,15,
		32 ,15,11,16 ,15,11,16,
		32 ,15,16,20 ,15,16,20,
		32 ,20,16,21 ,20,16,21,
		32 ,1,2,6 ,1,2,6,
		32 ,6,2,7 ,6,2,7,
		32 ,6,7,11 ,6,7,11,
		32 ,11,7,12 ,11,7,12,
		32 ,11,12,16 ,11,12,16,
		32 ,16,12,17 ,16,12,17,
		32 ,16,17,21 ,16,17,21,
		32 ,21,17,22 ,21,17,22,
		32 ,2,3,7 ,2,3,7,
		32 ,7,3,8 ,7,3,8,
		32 ,7,8,12 ,7,8,12,
		32 ,12,8,13 ,12,8,13,
		32 ,12,13,17 ,12,13,17,
		32 ,17,13,18 ,17,13,18,
		32 ,17,18,22 ,17,18,22,
		32 ,22,18,23 ,22,18,23,
		32 ,3,4,8 ,3,4,8,
		32 ,8,4,9 ,8,4,9,
		32 ,8,9,13 ,8,9,13,
		32 ,13,9,14 ,13,9,14,
		32 ,13,14,18 ,13,14,18,
		32 ,18,14,19 ,18,14,19,
		32 ,18,19,23 ,18,19,23,
		32 ,23,19,24 ,23,19,24
	]

}
