{
	"metadata" : {
		"formatVersion" : 3,
		"description" : "Exported from LibZinc."
	},

	"vertices" : [
		459.181213,101.839798,-1150.000000,467.948456,116.959076,-1150.026367,474.726715,134.525116,-1150.107178,479.380249,153.561752,-1150.238037,481.773285,173.092804,-1150.415039,460.280457,100.930458,-1137.480347,469.318298,116.157883,-1137.537109,476.372620,133.831360,-1137.638184,481.189209,153.029434,-1137.765015,483.513977,172.830704,-1137.899414,
		461.385101,100.134201,-1124.971680,470.727448,115.381371,-1125.046021,478.020508,133.110245,-1125.135010,482.926941,152.438400,-1125.222656,485.109436,172.483383,-1125.293091,462.617828,99.354828,-1112.477295,472.248657,114.572182,-1112.562256,479.691223,132.344650,-1112.623535,484.573853,151.801941,-1112.656494,486.524872,172.073730,-1112.656738,
		464.101410,98.496117,-1100.000000,473.954620,113.672951,-1100.095093,481.405548,131.517410,-1100.129517,486.110413,151.133347,-1100.112061,487.725403,171.624603,-1100.051025
	],

	"normals" : [
		0.807268,-0.577987,-0.119374,0.896742,-0.423943,-0.126989,0.945076,-0.294542,-0.141690,0.972284,-0.178489,-0.151016,0.987554,-0.063281,-0.143986,0.804316,-0.584199,-0.108569,0.891658,-0.434979,-0.125453,0.942203,-0.303875,-0.141113,0.972774,-0.179829,-0.146193,0.989819,-0.050593,-0.133039,
		0.795744,-0.595587,-0.109851,0.885250,-0.446289,-0.130987,0.939800,-0.310478,-0.142753,0.974100,-0.177420,-0.140183,0.992174,-0.035272,-0.119774,0.783359,-0.609257,-0.123105,0.878929,-0.454821,-0.143602,0.938758,-0.311854,-0.146564,0.976472,-0.169880,-0.132827,0.994419,-0.017531,-0.104033,
		0.768667,-0.622254,-0.148159,0.874061,-0.457555,-0.163282,0.939909,-0.305495,-0.152460,0.979983,-0.155808,-0.123921,0.996324,0.002484,-0.085627
	],

	"faces": [
		32 ,0,1,5 ,0,1,5,
		32 ,5,1,6 ,5,1,6,
		32 ,5,6,10 ,5,6,10,
		32 ,10,6,11 ,10,6,11,
		32 ,10,11,15 ,10,11,15,
		32 ,15,11,16 ,15,11,16,
		32 ,15,16,20 ,15,16,20,
		32 ,20,16,21 ,20,16,21,
		32 ,1,2,6 ,1,2,6,
		32 ,6,2,7 ,6,2,7,
		32 ,6,7,11 ,6,7,11,
		32 ,11,7,12 ,11,7,12,
		32 ,11,12,16 ,11,12,16,
		32 ,16,12,17 ,16,12,17,
		32 ,16,17,21 ,16,17,21,
		32 ,21,17,22 ,21,17,22,
		32 ,2,3,7 ,2,3,7,
		32 ,7,3,8 ,7,3,8,
		32 ,7,8,12 ,7,8,12,
		32 ,12,8,13 ,12,8,13,
		32 ,12,13,17 ,12,13,17,
		32 ,17,13,18 ,17,13,18,
		32 ,17,18,22 ,17,18,22,
		32 ,22,18,23 ,22,18,23,
		32 ,3,4,8 ,3,4,8,
		32 ,8,4,9 ,8,4,9,
		32 ,8,9,13 ,8,9,13,
		32 ,13,9,14 ,13,9,14,
		32 ,13,14,18 ,13,14,18,
		32 ,18,14,19 ,18,14,19,
		32 ,18,19,23 ,18,19,23,
		32 ,23,19,24 ,23,19,24
	]

}
