{
	"metadata" : {
		"formatVersion" : 3,
		"description" : "Exported from LibZinc."
	},

	"vertices" : [
		70.444550,169.254593,-1050.000000,71.411446,148.805649,-1049.914429,74.927925,129.138824,-1049.808472,81.368683,110.793976,-1049.748047,91.108398,94.310959,-1049.798950,70.044388,168.093323,-1037.505615,70.770264,147.604828,-1037.414917,74.003860,127.999908,-1037.304199,80.193916,109.701843,-1037.241821,89.789162,93.133904,-1037.296265,
		70.027290,166.737473,-1025.012695,70.670982,146.171997,-1024.926025,73.711418,126.600983,-1024.812256,79.648605,108.311203,-1024.755981,88.982544,91.589462,-1024.841675,70.321083,165.444839,-1012.513489,70.966156,144.776779,-1012.434265,73.876503,125.184036,-1012.321472,79.579445,106.827446,-1012.276978,88.602310,89.867821,-1012.402832,
		70.853600,164.473206,-1000.000000,71.508324,143.688736,-999.926086,74.324989,123.991058,-999.820496,79.833115,105.455948,-999.791565,88.562233,88.159180,-999.947510
	],

	"normals" : [
		-0.998784,0.008721,-0.048526,-0.990582,-0.107592,-0.084680,-0.961500,-0.248119,-0.118128,-0.900018,-0.412899,-0.139577,-0.792460,-0.592354,-0.145339,-0.999739,0.018159,-0.013842,-0.994815,-0.094412,-0.037819,-0.969103,-0.236599,-0.069710,-0.908260,-0.405759,-0.102092,-0.798963,-0.586570,-0.132645,
		-0.999729,0.018531,0.014060,-0.996200,-0.087099,-0.000402,-0.973658,-0.226170,-0.028928,-0.916515,-0.394318,-0.067177,-0.811840,-0.572564,-0.114399,-0.999265,0.014777,0.035365,-0.996160,-0.083360,0.026749,-0.976227,-0.216730,0.002902,-0.924231,-0.380152,-0.035805,-0.827988,-0.553358,-0.090722,
		-0.998642,0.011760,0.050745,-0.995780,-0.080765,0.043583,-0.977781,-0.208139,0.024950,-0.930949,-0.365031,-0.009310,-0.844319,-0.532119,-0.063051
	],

	"faces": [
		32 ,0,1,5 ,0,1,5,
		32 ,5,1,6 ,5,1,6,
		32 ,5,6,10 ,5,6,10,
		32 ,10,6,11 ,10,6,11,
		32 ,10,11,15 ,10,11,15,
		32 ,15,11,16 ,15,11,16,
		32 ,15,16,20 ,15,16,20,
		32 ,20,16,21 ,20,16,21,
		32 ,1,2,6 ,1,2,6,
		32 ,6,2,7 ,6,2,7,
		32 ,6,7,11 ,6,7,11,
		32 ,11,7,12 ,11,7,12,
		32 ,11,12,16 ,11,12,16,
		32 ,16,12,17 ,16,12,17,
		32 ,16,17,21 ,16,17,21,
		32 ,21,17,22 ,21,17,22,
		32 ,2,3,7 ,2,3,7,
		32 ,7,3,8 ,7,3,8,
		32 ,7,8,12 ,7,8,12,
		32 ,12,8,13 ,12,8,13,
		32 ,12,13,17 ,12,13,17,
		32 ,17,13,18 ,17,13,18,
		32 ,17,18,22 ,17,18,22,
		32 ,22,18,23 ,22,18,23,
		32 ,3,4,8 ,3,4,8,
		32 ,8,4,9 ,8,4,9,
		32 ,8,9,13 ,8,9,13,
		32 ,13,9,14 ,13,9,14,
		32 ,13,14,18 ,13,14,18,
		32 ,18,14,19 ,18,14,19,
		32 ,18,19,23 ,18,19,23,
		32 ,23,19,24 ,23,19,24
	]

}
