{
	"metadata" : {
		"formatVersion" : 3,
		"description" : "Exported from LibZinc."
	},

	"vertices" : [
		281.011108,175.633194,-1050.000000,281.000122,175.540100,-1049.999878,281.011108,175.633194,-1050.000000,281.022095,175.726303,-1050.000122,281.011108,175.633194,-1050.000000,280.026855,181.231522,-1034.374268,280.072083,177.645721,-1034.162598,280.203552,170.017075,-1033.700073,280.336853,162.386383,-1033.242310,280.387543,158.794464,-1033.045044,
		278.763184,191.490967,-1018.061707,279.003021,183.026917,-1017.872559,279.550323,164.562729,-1017.459045,280.099243,146.096756,-1017.049805,280.343933,137.627274,-1016.873352,277.672882,201.354843,-1005.223145,278.120972,188.552109,-1005.150269,279.113098,160.435547,-1004.990906,280.105835,132.318314,-1004.833130,280.555756,119.513542,-1004.765015,
		277.208801,205.766495,-1000.018982,277.754059,191.089737,-1000.016052,278.953644,158.800858,-1000.009521,280.153229,126.511963,-1000.002991,280.698486,111.835197,-1000.000000
	],

	"normals" : [
		-0.998559,0.014945,-0.051542,-0.998559,0.014945,-0.051542,-0.998559,0.014945,-0.051542,-0.998559,0.014945,-0.051542,-0.998559,0.014945,-0.051542,-0.984205,0.117297,-0.132595,-0.998133,-0.019769,-0.057784,-0.998494,-0.020688,-0.050807,-0.998889,-0.019386,-0.042943,-0.994261,0.076753,0.074523,
		-0.979476,0.117159,-0.164013,-0.997979,-0.030571,-0.055711,-0.998408,-0.030767,-0.047283,-0.998803,-0.030390,-0.038317,-0.994333,0.056700,0.089931,-0.976351,0.116991,-0.181800,-0.997922,-0.035462,-0.053788,-0.998371,-0.035507,-0.044661,-0.998758,-0.035430,-0.035016,-0.994307,0.045105,0.096537,
		0.000000,0.000000,0.000000,-0.997868,-0.037062,0.053711,-0.999259,-0.037126,-0.010182,-0.998550,-0.037106,-0.039002,-0.000000,0.000000,-0.000000
	],

	"faces": [
		32 ,0,1,5 ,0,1,5,
		32 ,5,1,6 ,5,1,6,
		32 ,5,6,10 ,5,6,10,
		32 ,10,6,11 ,10,6,11,
		32 ,10,11,15 ,10,11,15,
		32 ,15,11,16 ,15,11,16,
		32 ,15,16,20 ,15,16,20,
		32 ,20,16,21 ,20,16,21,
		32 ,1,2,6 ,1,2,6,
		32 ,6,2,7 ,6,2,7,
		32 ,6,7,11 ,6,7,11,
		32 ,11,7,12 ,11,7,12,
		32 ,11,12,16 ,11,12,16,
		32 ,16,12,17 ,16,12,17,
		32 ,16,17,21 ,16,17,21,
		32 ,21,17,22 ,21,17,22,
		32 ,2,3,7 ,2,3,7,
		32 ,7,3,8 ,7,3,8,
		32 ,7,8,12 ,7,8,12,
		32 ,12,8,13 ,12,8,13,
		32 ,12,13,17 ,12,13,17,
		32 ,17,13,18 ,17,13,18,
		32 ,17,18,22 ,17,18,22,
		32 ,22,18,23 ,22,18,23,
		32 ,3,4,8 ,3,4,8,
		32 ,8,4,9 ,8,4,9,
		32 ,8,9,13 ,8,9,13,
		32 ,13,9,14 ,13,9,14,
		32 ,13,14,18 ,13,14,18,
		32 ,18,14,19 ,18,14,19,
		32 ,18,19,23 ,18,19,23,
		32 ,23,19,24 ,23,19,24
	]

}
