{
	"metadata" : {
		"formatVersion" : 3,
		"description" : "Exported from LibZinc."
	},

	"vertices" : [
		236.992599,248.166794,-999.865479,223.161026,259.091278,-999.935059,206.510574,268.145416,-999.975464,187.991226,274.792206,-999.998291,168.552902,278.494812,-1000.015015,234.246017,249.381714,-987.533752,220.696167,260.142273,-987.741089,204.490967,268.884796,-987.681458,186.482803,275.183990,-987.524658,167.524002,278.614532,-987.440613,
		232.040222,250.195847,-975.182617,218.492844,260.630341,-975.201721,202.776169,268.906067,-975.127380,185.456436,274.736145,-975.006470,167.099869,277.833710,-974.885742,230.240433,250.850464,-962.706543,216.748474,260.571533,-962.553711,201.579697,268.198242,-962.509216,185.005280,273.500519,-962.476685,167.296371,276.248199,-962.359619,
		228.711807,251.586807,-950.000000,215.660507,259.981934,-950.033936,201.115128,266.750458,-950.022888,185.222488,271.528931,-949.968201,168.129395,273.953888,-949.871399
	],

	"normals" : [
		0.691565,0.717351,0.084529,0.547440,0.836549,0.022257,0.408449,0.912707,-0.011669,0.265148,0.963813,-0.027592,0.104161,0.993888,-0.036578,0.694012,0.715322,0.081627,0.546456,0.835835,0.052595,0.402837,0.914659,0.033475,0.256266,0.966167,0.029133,0.096318,0.994803,0.033022,
		0.679322,0.730719,0.067606,0.536917,0.840626,0.071184,0.392418,0.917028,0.071189,0.243740,0.966513,0.080272,0.087333,0.991580,0.095617,0.647942,0.760361,0.044976,0.516914,0.852158,0.081404,0.376257,0.920592,0.104603,0.228635,0.965236,0.126670,0.077117,0.985530,0.150942,
		0.595530,0.803227,0.013027,0.481972,0.871869,0.086877,0.354323,0.925010,0.137154,0.214097,0.962093,0.168940,0.063789,0.977852,0.199339
	],

	"faces": [
		32 ,0,1,5 ,0,1,5,
		32 ,5,1,6 ,5,1,6,
		32 ,5,6,10 ,5,6,10,
		32 ,10,6,11 ,10,6,11,
		32 ,10,11,15 ,10,11,15,
		32 ,15,11,16 ,15,11,16,
		32 ,15,16,20 ,15,16,20,
		32 ,20,16,21 ,20,16,21,
		32 ,1,2,6 ,1,2,6,
		32 ,6,2,7 ,6,2,7,
		32 ,6,7,11 ,6,7,11,
		32 ,11,7,12 ,11,7,12,
		32 ,11,12,16 ,11,12,16,
		32 ,16,12,17 ,16,12,17,
		32 ,16,17,21 ,16,17,21,
		32 ,21,17,22 ,21,17,22,
		32 ,2,3,7 ,2,3,7,
		32 ,7,3,8 ,7,3,8,
		32 ,7,8,12 ,7,8,12,
		32 ,12,8,13 ,12,8,13,
		32 ,12,13,17 ,12,13,17,
		32 ,17,13,18 ,17,13,18,
		32 ,17,18,22 ,17,18,22,
		32 ,22,18,23 ,22,18,23,
		32 ,3,4,8 ,3,4,8,
		32 ,8,4,9 ,8,4,9,
		32 ,8,9,13 ,8,9,13,
		32 ,13,9,14 ,13,9,14,
		32 ,13,14,18 ,13,14,18,
		32 ,18,14,19 ,18,14,19,
		32 ,18,19,23 ,18,19,23,
		32 ,23,19,24 ,23,19,24
	]

}
