{
	"metadata" : {
		"formatVersion" : 3,
		"description" : "Exported from LibZinc."
	},

	"vertices" : [
		228.711807,251.586807,-950.000000,215.660507,259.981934,-950.033936,201.115128,266.750458,-950.022888,185.222488,271.528931,-949.968201,168.129395,273.953888,-949.871399,228.064438,253.764999,-937.242615,215.410721,259.785004,-937.457703,201.419876,265.120728,-937.484253,186.135391,269.136475,-937.424316,169.600739,271.196503,-937.380005,
		228.622620,257.905121,-924.670593,215.892776,260.767120,-924.668091,202.274719,264.008362,-924.737915,187.565475,266.792969,-924.824219,171.562119,268.285095,-924.871155,229.822754,262.988251,-912.263245,216.871841,262.738678,-911.943481,203.508118,263.614380,-912.022644,189.297119,264.782562,-912.254883,173.804367,265.410522,-912.394653,
		231.101303,267.995514,-900.000000,218.113083,265.510010,-899.562317,204.948563,264.139709,-899.577087,191.114670,263.389374,-899.803345,176.118301,262.763794,-900.000000
	],

	"normals" : [
		0.595530,0.803227,0.013027,0.481972,0.871869,0.086877,0.354323,0.925010,0.137154,0.214097,0.962093,0.168940,0.063789,0.977852,0.199339,0.450060,0.863212,-0.228714,0.398035,0.916687,-0.035404,0.309310,0.946692,0.090007,0.191745,0.967099,0.167191,0.049525,0.975028,0.216489,
		0.175565,0.914718,-0.363961,0.234445,0.963714,-0.127633,0.217301,0.975208,0.041821,0.144532,0.977441,0.154013,0.032947,0.974410,0.222349,-0.095498,0.920482,-0.378937,0.032731,0.981213,-0.190131,0.084492,0.996356,-0.011682,0.067442,0.989423,0.128427,0.004657,0.975908,0.218133,
		-0.242970,0.914162,-0.324458,-0.139764,0.962624,-0.231994,-0.071553,0.994473,-0.076838,-0.043552,0.995344,0.085992,-0.046554,0.977800,0.204304
	],

	"faces": [
		32 ,0,1,5 ,0,1,5,
		32 ,5,1,6 ,5,1,6,
		32 ,5,6,10 ,5,6,10,
		32 ,10,6,11 ,10,6,11,
		32 ,10,11,15 ,10,11,15,
		32 ,15,11,16 ,15,11,16,
		32 ,15,16,20 ,15,16,20,
		32 ,20,16,21 ,20,16,21,
		32 ,1,2,6 ,1,2,6,
		32 ,6,2,7 ,6,2,7,
		32 ,6,7,11 ,6,7,11,
		32 ,11,7,12 ,11,7,12,
		32 ,11,12,16 ,11,12,16,
		32 ,16,12,17 ,16,12,17,
		32 ,16,17,21 ,16,17,21,
		32 ,21,17,22 ,21,17,22,
		32 ,2,3,7 ,2,3,7,
		32 ,7,3,8 ,7,3,8,
		32 ,7,8,12 ,7,8,12,
		32 ,12,8,13 ,12,8,13,
		32 ,12,13,17 ,12,13,17,
		32 ,17,13,18 ,17,13,18,
		32 ,17,18,22 ,17,18,22,
		32 ,22,18,23 ,22,18,23,
		32 ,3,4,8 ,3,4,8,
		32 ,8,4,9 ,8,4,9,
		32 ,8,9,13 ,8,9,13,
		32 ,13,9,14 ,13,9,14,
		32 ,13,14,18 ,13,14,18,
		32 ,18,14,19 ,18,14,19,
		32 ,18,19,23 ,18,19,23,
		32 ,23,19,24 ,23,19,24
	]

}
