{
	"metadata" : {
		"formatVersion" : 3,
		"description" : "Exported from LibZinc."
	},

	"vertices" : [
		99.607132,247.573898,-949.495483,88.079056,230.242081,-949.540894,80.371887,209.769470,-949.677979,76.045235,187.737381,-949.849976,74.658707,165.727097,-950.000000,101.465950,246.506332,-937.042786,89.702644,230.015594,-937.068115,81.913162,210.241608,-937.218445,77.651932,188.696686,-937.431946,76.473366,166.893188,-937.646729,
		103.713371,245.343964,-924.698486,91.611336,229.780121,-924.651855,83.660851,210.731689,-924.785278,79.382118,189.679001,-925.028259,78.295349,168.102341,-925.310303,106.354256,244.086548,-912.378784,93.859627,229.468307,-912.233093,85.617691,211.160110,-912.321472,81.140717,190.606339,-912.575073,79.940956,169.251389,-912.924927,
		109.393501,242.733902,-900.000000,96.502022,229.012848,-899.752869,87.786446,211.447220,-899.770081,82.832649,191.400772,-900.008423,81.226479,170.237198,-900.424683
	],

	"normals" : [
		-0.737623,0.657974,0.151599,-0.889437,0.442319,0.115134,-0.959143,0.264180,0.101255,-0.986279,0.122331,0.110853,-0.990189,0.002136,0.139719,-0.706268,0.685017,0.178709,-0.876942,0.462089,0.132081,-0.955646,0.270900,0.115558,-0.985227,0.117604,0.124490,-0.988726,-0.011243,0.149315,
		-0.665519,0.718367,0.202566,-0.859896,0.486776,0.153713,-0.950644,0.281350,0.130836,-0.984509,0.117186,0.130422,-0.989540,-0.018057,0.143123,-0.620770,0.751781,0.222419,-0.837575,0.515998,0.179484,-0.942750,0.299515,0.146674,-0.983702,0.126066,0.128213,-0.992567,-0.015018,0.120767,
		-0.578885,0.779714,0.238615,-0.809427,0.548894,0.208671,-0.930032,0.329438,0.162820,-0.981706,0.149419,0.118014,-0.996579,0.001392,0.082632
	],

	"faces": [
		32 ,0,1,5 ,0,1,5,
		32 ,5,1,6 ,5,1,6,
		32 ,5,6,10 ,5,6,10,
		32 ,10,6,11 ,10,6,11,
		32 ,10,11,15 ,10,11,15,
		32 ,15,11,16 ,15,11,16,
		32 ,15,16,20 ,15,16,20,
		32 ,20,16,21 ,20,16,21,
		32 ,1,2,6 ,1,2,6,
		32 ,6,2,7 ,6,2,7,
		32 ,6,7,11 ,6,7,11,
		32 ,11,7,12 ,11,7,12,
		32 ,11,12,16 ,11,12,16,
		32 ,16,12,17 ,16,12,17,
		32 ,16,17,21 ,16,17,21,
		32 ,21,17,22 ,21,17,22,
		32 ,2,3,7 ,2,3,7,
		32 ,7,3,8 ,7,3,8,
		32 ,7,8,12 ,7,8,12,
		32 ,12,8,13 ,12,8,13,
		32 ,12,13,17 ,12,13,17,
		32 ,17,13,18 ,17,13,18,
		32 ,17,18,22 ,17,18,22,
		32 ,22,18,23 ,22,18,23,
		32 ,3,4,8 ,3,4,8,
		32 ,8,4,9 ,8,4,9,
		32 ,8,9,13 ,8,9,13,
		32 ,13,9,14 ,13,9,14,
		32 ,13,14,18 ,13,14,18,
		32 ,18,14,19 ,18,14,19,
		32 ,18,19,23 ,18,19,23,
		32 ,23,19,24 ,23,19,24
	]

}
