{
	"metadata" : {
		"formatVersion" : 3,
		"description" : "Exported from LibZinc."
	},

	"vertices" : [
		88.054703,82.833038,-949.937012,98.117371,65.469971,-950.323547,112.523926,51.849773,-950.586304,129.769379,42.643223,-950.560242,148.348694,38.521080,-950.080200,87.008499,81.836365,-937.470764,96.622322,64.072220,-937.765015,111.195007,50.564213,-937.944641,128.861298,41.739368,-937.890625,147.755905,38.024700,-937.484009,
		85.792961,81.205307,-925.004883,95.242149,63.207127,-925.169067,110.083435,49.801086,-925.250366,128.158844,41.247292,-925.173706,147.310364,37.805866,-924.863953,84.616318,80.923523,-912.536438,94.096947,62.805893,-912.565063,109.226608,49.462208,-912.555237,127.639091,41.057663,-912.467773,146.968201,37.757465,-912.263611,
		83.686813,80.974678,-900.062378,93.306816,62.799713,-899.982361,108.661911,49.449398,-899.910767,127.279144,41.061146,-899.830994,146.685593,37.772381,-899.726501
	],

	"normals" : [
		-0.928054,-0.358632,-0.100493,-0.770612,-0.612662,-0.175504,-0.575589,-0.800813,-0.165514,-0.346093,-0.931434,-0.112470,-0.069751,-0.995938,-0.056933,-0.944601,-0.309775,-0.108481,-0.777699,-0.611792,-0.144552,-0.560909,-0.819221,-0.119409,-0.321281,-0.944333,-0.070802,-0.052804,-0.998183,-0.029025,
		-0.953213,-0.283688,-0.104432,-0.778814,-0.617585,-0.109715,-0.546576,-0.833797,-0.077706,-0.302829,-0.952263,-0.038607,-0.041807,-0.999071,-0.010447,-0.957694,-0.274635,-0.086016,-0.776724,-0.625890,-0.070445,-0.535592,-0.843486,-0.040899,-0.291776,-0.956358,-0.015677,-0.036438,-0.999336,-0.000796,
		-0.959433,-0.277114,-0.051921,-0.773997,-0.632622,-0.026795,-0.530588,-0.847580,-0.009199,-0.288887,-0.957362,-0.001767,-0.036506,-0.999333,0.000088
	],

	"faces": [
		32 ,0,1,5 ,0,1,5,
		32 ,5,1,6 ,5,1,6,
		32 ,5,6,10 ,5,6,10,
		32 ,10,6,11 ,10,6,11,
		32 ,10,11,15 ,10,11,15,
		32 ,15,11,16 ,15,11,16,
		32 ,15,16,20 ,15,16,20,
		32 ,20,16,21 ,20,16,21,
		32 ,1,2,6 ,1,2,6,
		32 ,6,2,7 ,6,2,7,
		32 ,6,7,11 ,6,7,11,
		32 ,11,7,12 ,11,7,12,
		32 ,11,12,16 ,11,12,16,
		32 ,16,12,17 ,16,12,17,
		32 ,16,17,21 ,16,17,21,
		32 ,21,17,22 ,21,17,22,
		32 ,2,3,7 ,2,3,7,
		32 ,7,3,8 ,7,3,8,
		32 ,7,8,12 ,7,8,12,
		32 ,12,8,13 ,12,8,13,
		32 ,12,13,17 ,12,13,17,
		32 ,17,13,18 ,17,13,18,
		32 ,17,18,22 ,17,18,22,
		32 ,22,18,23 ,22,18,23,
		32 ,3,4,8 ,3,4,8,
		32 ,8,4,9 ,8,4,9,
		32 ,8,9,13 ,8,9,13,
		32 ,13,9,14 ,13,9,14,
		32 ,13,14,18 ,13,14,18,
		32 ,18,14,19 ,18,14,19,
		32 ,18,19,23 ,18,19,23,
		32 ,23,19,24 ,23,19,24
	]

}
