{
	"metadata" : {
		"formatVersion" : 3,
		"description" : "Exported from LibZinc."
	},

	"vertices" : [
		219.919998,37.890259,-949.924011,236.542480,38.438393,-951.406189,252.714294,39.320156,-951.321716,268.888092,40.291718,-950.497253,285.516510,41.109241,-949.759583,218.615677,38.217361,-937.322266,235.032806,38.308533,-937.623474,251.624756,38.710190,-936.705505,268.471405,39.273762,-935.440796,285.652557,39.850670,-934.701904,
		217.836319,38.804459,-924.919861,234.432114,38.870556,-924.762207,251.160934,39.123089,-923.988708,268.172180,39.517315,-923.117859,285.615234,40.008495,-922.668396,217.418274,39.360947,-912.578125,234.314194,39.564537,-912.405945,251.050507,39.820316,-912.156494,267.984497,40.165138,-911.925842,285.473389,40.635849,-911.809998,
		217.197906,39.596230,-900.158325,234.252808,39.830536,-900.138184,251.021164,40.063339,-900.194153,267.902435,40.359993,-900.262085,285.295990,40.785858,-900.277771
	],

	"normals" : [
		0.019186,-0.999763,0.010302,0.044856,-0.998216,-0.039408,0.062712,-0.994848,-0.079658,0.063080,-0.991776,-0.111363,0.041641,-0.990359,-0.132120,-0.003990,-0.999186,0.040153,0.015762,-0.999575,0.024507,0.030102,-0.999541,0.003449,0.036133,-0.999198,-0.017227,0.031025,-0.999077,-0.029717,
		-0.001556,-0.998744,0.050090,0.008095,-0.998306,0.057613,0.016572,-0.998279,0.056255,0.023885,-0.998380,0.051643,0.029398,-0.998336,0.049602,0.010879,-0.999286,0.036186,0.012692,-0.998824,0.046793,0.016739,-0.998582,0.050544,0.022819,-0.998451,0.050749,0.030396,-0.998257,0.050587,
		0.014825,-0.999889,-0.001565,0.013198,-0.999856,-0.010702,0.015062,-0.999715,-0.018519,0.020435,-0.999467,-0.025460,0.028837,-0.999073,-0.031952
	],

	"faces": [
		32 ,0,1,5 ,0,1,5,
		32 ,5,1,6 ,5,1,6,
		32 ,5,6,10 ,5,6,10,
		32 ,10,6,11 ,10,6,11,
		32 ,10,11,15 ,10,11,15,
		32 ,15,11,16 ,15,11,16,
		32 ,15,16,20 ,15,16,20,
		32 ,20,16,21 ,20,16,21,
		32 ,1,2,6 ,1,2,6,
		32 ,6,2,7 ,6,2,7,
		32 ,6,7,11 ,6,7,11,
		32 ,11,7,12 ,11,7,12,
		32 ,11,12,16 ,11,12,16,
		32 ,16,12,17 ,16,12,17,
		32 ,16,17,21 ,16,17,21,
		32 ,21,17,22 ,21,17,22,
		32 ,2,3,7 ,2,3,7,
		32 ,7,3,8 ,7,3,8,
		32 ,7,8,12 ,7,8,12,
		32 ,12,8,13 ,12,8,13,
		32 ,12,13,17 ,12,13,17,
		32 ,17,13,18 ,17,13,18,
		32 ,17,18,22 ,17,18,22,
		32 ,22,18,23 ,22,18,23,
		32 ,3,4,8 ,3,4,8,
		32 ,8,4,9 ,8,4,9,
		32 ,8,9,13 ,8,9,13,
		32 ,13,9,14 ,13,9,14,
		32 ,13,14,18 ,13,14,18,
		32 ,18,14,19 ,18,14,19,
		32 ,18,19,23 ,18,19,23,
		32 ,23,19,24 ,23,19,24
	]

}
