{
	"metadata" : {
		"formatVersion" : 3,
		"description" : "Exported from LibZinc."
	},

	"vertices" : [
		285.516510,41.109241,-949.759583,302.731720,41.440571,-949.907654,320.278015,41.311584,-950.569458,338.026184,41.015476,-950.815796,355.846985,40.845440,-949.717285,285.652557,39.850670,-934.701904,303.476288,40.236706,-935.131348,321.826599,40.425659,-936.225830,340.147522,40.565964,-937.139160,357.883026,40.806038,-937.025146,
		285.615234,40.008495,-922.668396,303.746155,40.459053,-922.967712,322.369995,40.787170,-923.693848,340.959808,41.031765,-924.391174,358.988556,41.231743,-924.604187,285.473389,40.635849,-911.809998,303.682770,41.134563,-911.842224,322.309723,41.513367,-911.961060,341.008850,41.734062,-912.120544,359.434753,41.758450,-912.274597,
		285.295990,40.785858,-900.277771,303.427643,41.290195,-900.180603,322.047241,41.721508,-900.015198,340.840393,41.994045,-899.875854,359.492706,42.022041,-899.856689
	],

	"normals" : [
		0.041641,-0.990359,-0.132120,-0.001321,-0.991025,-0.133667,-0.018572,-0.993492,-0.112375,-0.014628,-0.996997,-0.076044,0.003116,-0.999510,-0.031132,0.031025,-0.999077,-0.029717,0.013188,-0.999592,-0.025351,0.007020,-0.999933,-0.009190,0.009376,-0.999922,0.008249,0.018715,-0.999663,0.017978,
		0.029398,-0.998336,0.049602,0.022403,-0.998320,0.053443,0.017362,-0.998200,0.057399,0.013317,-0.998363,0.055615,0.010397,-0.999028,0.042832,0.030396,-0.998257,0.050587,0.024288,-0.998340,0.052216,0.016741,-0.998460,0.052883,0.007346,-0.998781,0.048813,-0.004479,-0.999306,0.036978,
		0.028837,-0.999073,-0.031952,0.026407,-0.999082,-0.033742,0.019758,-0.999427,-0.027474,0.008840,-0.999847,-0.015068,-0.006646,-0.999978,0.000827
	],

	"faces": [
		32 ,0,1,5 ,0,1,5,
		32 ,5,1,6 ,5,1,6,
		32 ,5,6,10 ,5,6,10,
		32 ,10,6,11 ,10,6,11,
		32 ,10,11,15 ,10,11,15,
		32 ,15,11,16 ,15,11,16,
		32 ,15,16,20 ,15,16,20,
		32 ,20,16,21 ,20,16,21,
		32 ,1,2,6 ,1,2,6,
		32 ,6,2,7 ,6,2,7,
		32 ,6,7,11 ,6,7,11,
		32 ,11,7,12 ,11,7,12,
		32 ,11,12,16 ,11,12,16,
		32 ,16,12,17 ,16,12,17,
		32 ,16,17,21 ,16,17,21,
		32 ,21,17,22 ,21,17,22,
		32 ,2,3,7 ,2,3,7,
		32 ,7,3,8 ,7,3,8,
		32 ,7,8,12 ,7,8,12,
		32 ,12,8,13 ,12,8,13,
		32 ,12,13,17 ,12,13,17,
		32 ,17,13,18 ,17,13,18,
		32 ,17,18,22 ,17,18,22,
		32 ,22,18,23 ,22,18,23,
		32 ,3,4,8 ,3,4,8,
		32 ,8,4,9 ,8,4,9,
		32 ,8,9,13 ,8,9,13,
		32 ,13,9,14 ,13,9,14,
		32 ,13,14,18 ,13,14,18,
		32 ,18,14,19 ,18,14,19,
		32 ,18,19,23 ,18,19,23,
		32 ,23,19,24 ,23,19,24
	]

}
