{
	"metadata" : {
		"formatVersion" : 3,
		"description" : "Exported from LibZinc."
	},

	"vertices" : [
		428.502411,45.840858,-950.089905,444.822327,51.587193,-950.346558,458.951080,60.597206,-950.400635,470.642975,72.996521,-950.314270,479.652313,88.910767,-950.149719,430.275696,44.139618,-937.585815,446.826324,49.525345,-937.845154,461.102722,58.560234,-937.891296,472.647522,71.302582,-937.798462,481.003326,87.810699,-937.641113,
		431.581573,43.464111,-924.873169,448.404724,48.452621,-925.112366,462.976959,57.295994,-925.199951,474.607574,70.088554,-925.177246,482.605896,86.924637,-925.085571,432.469208,43.443943,-912.108643,449.528809,48.139462,-912.303162,464.400055,56.772755,-912.437927,476.205994,69.502876,-912.506714,484.069641,86.488861,-912.502991,
		432.987793,43.708721,-899.448914,450.169952,48.356289,-899.572693,465.198334,56.958778,-899.716553,477.125580,69.693970,-899.842712,485.004303,86.739647,-899.913208
	],

	"normals" : [
		0.223171,-0.950432,-0.216503,0.417162,-0.870692,-0.260521,0.615215,-0.745152,-0.257410,0.788834,-0.577878,-0.209279,0.913531,-0.390042,-0.115444,0.196467,-0.974243,-0.110688,0.414372,-0.894643,-0.167060,0.629532,-0.750855,-0.199766,0.809469,-0.553468,-0.196046,0.932049,-0.333308,-0.142094,
		0.171163,-0.984560,-0.036664,0.397628,-0.913234,-0.088855,0.626805,-0.767218,-0.135986,0.820162,-0.549626,-0.158891,0.945056,-0.296967,-0.136677,0.153840,-0.988078,0.005883,0.380554,-0.924361,-0.027108,0.618352,-0.783188,-0.065250,0.825768,-0.555919,-0.095192,0.955225,-0.278880,-0.098847,
		0.150457,-0.988450,0.018142,0.375886,-0.926489,0.018108,0.615185,-0.788288,0.012207,0.828062,-0.560627,-0.003184,0.960704,-0.276313,-0.026447
	],

	"faces": [
		32 ,0,1,5 ,0,1,5,
		32 ,5,1,6 ,5,1,6,
		32 ,5,6,10 ,5,6,10,
		32 ,10,6,11 ,10,6,11,
		32 ,10,11,15 ,10,11,15,
		32 ,15,11,16 ,15,11,16,
		32 ,15,16,20 ,15,16,20,
		32 ,20,16,21 ,20,16,21,
		32 ,1,2,6 ,1,2,6,
		32 ,6,2,7 ,6,2,7,
		32 ,6,7,11 ,6,7,11,
		32 ,11,7,12 ,11,7,12,
		32 ,11,12,16 ,11,12,16,
		32 ,16,12,17 ,16,12,17,
		32 ,16,17,21 ,16,17,21,
		32 ,21,17,22 ,21,17,22,
		32 ,2,3,7 ,2,3,7,
		32 ,7,3,8 ,7,3,8,
		32 ,7,8,12 ,7,8,12,
		32 ,12,8,13 ,12,8,13,
		32 ,12,13,17 ,12,13,17,
		32 ,17,13,18 ,17,13,18,
		32 ,17,18,22 ,17,18,22,
		32 ,22,18,23 ,22,18,23,
		32 ,3,4,8 ,3,4,8,
		32 ,8,4,9 ,8,4,9,
		32 ,8,9,13 ,8,9,13,
		32 ,13,9,14 ,13,9,14,
		32 ,13,14,18 ,13,14,18,
		32 ,18,14,19 ,18,14,19,
		32 ,18,19,23 ,18,19,23,
		32 ,23,19,24 ,23,19,24
	]

}
