{
	"metadata" : {
		"formatVersion" : 3,
		"description" : "Exported from LibZinc."
	},

	"vertices" : [
		282.778992,276.114990,-900.000000,269.780975,275.335297,-900.244629,256.918610,273.559265,-900.465515,244.067017,271.031250,-900.453674,231.101303,267.995514,-900.000000,283.659790,280.964447,-887.010498,270.768829,280.287170,-887.288147,257.814148,278.345398,-887.666504,244.837280,275.421265,-887.888977,231.879868,271.796997,-887.698975,
		284.214569,283.118225,-874.644531,271.202789,282.589691,-874.804138,258.049133,280.873718,-875.066467,244.897049,278.126709,-875.261902,231.889908,274.505157,-875.221191,284.512299,284.547943,-862.406677,271.136963,284.190399,-862.413025,257.614471,282.814056,-862.489563,244.170990,280.408813,-862.575684,231.032654,276.964569,-862.610474,
		284.621887,287.225189,-849.801514,270.625549,287.036713,-849.734985,256.501038,285.836243,-849.760071,242.583817,283.528870,-849.833252,229.209305,280.019806,-849.910706
	],

	"normals" : [
		-0.007151,0.891400,-0.453161,-0.081244,0.887475,-0.453639,-0.147415,0.890336,-0.430778,-0.202883,0.899160,-0.387749,-0.242970,0.914162,-0.324458,0.006399,0.969597,-0.244623,-0.094133,0.964569,-0.246468,-0.175692,0.953130,-0.246322,-0.239651,0.940459,-0.241048,-0.287691,0.931074,-0.224354,
		0.009516,0.992824,-0.119204,-0.084223,0.988097,-0.128728,-0.163977,0.974517,-0.153060,-0.232789,0.956028,-0.178379,-0.294303,0.936272,-0.191781,0.010601,0.990292,-0.138600,-0.062707,0.986436,-0.151695,-0.134973,0.974667,-0.178346,-0.208578,0.956051,-0.206060,-0.286538,0.931870,-0.222517,
		0.017096,0.956196,-0.292226,-0.046022,0.951210,-0.305091,-0.115072,0.942175,-0.314745,-0.193935,0.927800,-0.318711,-0.287213,0.905829,-0.311420
	],

	"faces": [
		32 ,0,1,5 ,0,1,5,
		32 ,5,1,6 ,5,1,6,
		32 ,5,6,10 ,5,6,10,
		32 ,10,6,11 ,10,6,11,
		32 ,10,11,15 ,10,11,15,
		32 ,15,11,16 ,15,11,16,
		32 ,15,16,20 ,15,16,20,
		32 ,20,16,21 ,20,16,21,
		32 ,1,2,6 ,1,2,6,
		32 ,6,2,7 ,6,2,7,
		32 ,6,7,11 ,6,7,11,
		32 ,11,7,12 ,11,7,12,
		32 ,11,12,16 ,11,12,16,
		32 ,16,12,17 ,16,12,17,
		32 ,16,17,21 ,16,17,21,
		32 ,21,17,22 ,21,17,22,
		32 ,2,3,7 ,2,3,7,
		32 ,7,3,8 ,7,3,8,
		32 ,7,8,12 ,7,8,12,
		32 ,12,8,13 ,12,8,13,
		32 ,12,13,17 ,12,13,17,
		32 ,17,13,18 ,17,13,18,
		32 ,17,18,22 ,17,18,22,
		32 ,22,18,23 ,22,18,23,
		32 ,3,4,8 ,3,4,8,
		32 ,8,4,9 ,8,4,9,
		32 ,8,9,13 ,8,9,13,
		32 ,13,9,14 ,13,9,14,
		32 ,13,14,18 ,13,14,18,
		32 ,18,14,19 ,18,14,19,
		32 ,18,19,23 ,18,19,23,
		32 ,23,19,24 ,23,19,24
	]

}
