{
	"metadata" : {
		"formatVersion" : 3,
		"description" : "Exported from LibZinc."
	},

	"vertices" : [
		492.114990,223.356995,-1863.000000,488.568604,225.006500,-1861.156250,483.686493,226.565979,-1859.839355,479.365906,227.727493,-1859.049316,477.504089,228.183105,-1858.786011,492.246521,214.560242,-1860.703735,488.826050,216.629318,-1858.377930,484.086945,218.692429,-1856.492065,479.796356,220.494156,-1854.986328,477.721466,221.779099,-1853.800415,
		492.498627,203.704376,-1857.187134,489.477234,206.544464,-1854.248413,485.395752,209.550629,-1851.636841,481.390533,212.439697,-1849.283081,478.597961,214.928543,-1847.118042,492.854706,192.025421,-1852.076904,490.397034,195.720612,-1848.543579,487.120941,199.782959,-1845.234131,483.533081,203.846893,-1842.094971,480.140137,207.546799,-1839.072998,
		493.298187,180.759399,-1845.000000,491.460419,185.126465,-1841.039673,488.770599,190.031830,-1837.244507,485.608673,194.998459,-1833.577148,482.354614,199.549301,-1830.000000
	],

	"normals" : [
		0.735218,0.168184,0.656634,0.402697,0.265907,0.875859,0.286474,0.325443,0.901121,0.238769,0.405781,0.882231,0.028155,0.543451,0.838969,0.813756,0.173084,0.554835,0.528992,0.313607,0.788554,0.449474,0.422876,0.786861,0.501958,0.515859,0.694210,0.964135,0.216417,0.153648,
		0.880167,0.185442,0.436941,0.717373,0.335230,0.610735,0.666984,0.457383,0.588161,0.702123,0.531582,0.473755,0.854751,0.437376,0.279469,0.933690,0.189196,0.304020,0.866919,0.314405,0.386784,0.829338,0.418499,0.370212,0.812310,0.489642,0.316864,0.815532,0.508843,0.275655,
		0.975080,0.161240,0.152381,0.934290,0.282322,0.217707,0.901864,0.358957,0.240400,0.877426,0.419914,0.231939,0.853841,0.482797,0.194582
	],

	"faces": [
		32 ,0,1,5 ,0,1,5,
		32 ,5,1,6 ,5,1,6,
		32 ,5,6,10 ,5,6,10,
		32 ,10,6,11 ,10,6,11,
		32 ,10,11,15 ,10,11,15,
		32 ,15,11,16 ,15,11,16,
		32 ,15,16,20 ,15,16,20,
		32 ,20,16,21 ,20,16,21,
		32 ,1,2,6 ,1,2,6,
		32 ,6,2,7 ,6,2,7,
		32 ,6,7,11 ,6,7,11,
		32 ,11,7,12 ,11,7,12,
		32 ,11,12,16 ,11,12,16,
		32 ,16,12,17 ,16,12,17,
		32 ,16,17,21 ,16,17,21,
		32 ,21,17,22 ,21,17,22,
		32 ,2,3,7 ,2,3,7,
		32 ,7,3,8 ,7,3,8,
		32 ,7,8,12 ,7,8,12,
		32 ,12,8,13 ,12,8,13,
		32 ,12,13,17 ,12,13,17,
		32 ,17,13,18 ,17,13,18,
		32 ,17,18,22 ,17,18,22,
		32 ,22,18,23 ,22,18,23,
		32 ,3,4,8 ,3,4,8,
		32 ,8,4,9 ,8,4,9,
		32 ,8,9,13 ,8,9,13,
		32 ,13,9,14 ,13,9,14,
		32 ,13,14,18 ,13,14,18,
		32 ,18,14,19 ,18,14,19,
		32 ,18,19,23 ,18,19,23,
		32 ,23,19,24 ,23,19,24
	]

}
