{
	"metadata" : {
		"formatVersion" : 3,
		"description" : "Exported from LibZinc."
	},

	"vertices" : [
		109.393501,242.733902,-900.000000,96.502022,229.012848,-899.752869,87.786446,211.447220,-899.770081,82.832649,191.400772,-900.008423,81.226479,170.237198,-900.424683,112.879768,241.100296,-887.509094,99.600922,228.271347,-887.145874,90.224556,211.476074,-887.083191,84.522209,191.974350,-887.301758,82.265419,171.026108,-887.782532,
		116.678185,239.136032,-874.960510,103.061615,227.195999,-874.463623,92.956573,211.191452,-874.325989,86.383514,192.288925,-874.532104,83.362900,171.654922,-875.066528,120.518280,237.044876,-862.431702,106.702942,225.861313,-861.822449,95.935921,210.606491,-861.611450,88.486183,192.341187,-861.791077,84.622696,172.126175,-862.353943,
		124.129601,235.030594,-850.000000,110.343704,224.341812,-849.338806,99.116005,209.734268,-849.052429,90.899849,192.127838,-849.170349,86.148560,172.442398,-849.721985
	],

	"normals" : [
		-0.578885,0.779714,0.238615,-0.809427,0.548894,0.208671,-0.930032,0.329438,0.162820,-0.981706,0.149419,0.118014,-0.996579,0.001392,0.082632,-0.534989,0.799099,0.274276,-0.773471,0.584702,0.244678,-0.909343,0.370723,0.188840,-0.974202,0.185689,0.128261,-0.996364,0.026299,0.081033,
		-0.495216,0.819944,0.287146,-0.735783,0.622140,0.267517,-0.883569,0.417233,0.212657,-0.962591,0.228753,0.145223,-0.994547,0.055400,0.088359,-0.468142,0.837711,0.281217,-0.701967,0.654962,0.279762,-0.854968,0.462252,0.235272,-0.946527,0.274684,0.169217,-0.990400,0.090373,0.104594,
		-0.463940,0.847247,0.258713,-0.678619,0.677602,0.283428,-0.826999,0.499712,0.257606,-0.926102,0.319610,0.200461,-0.982562,0.133049,0.129882
	],

	"faces": [
		32 ,0,1,5 ,0,1,5,
		32 ,5,1,6 ,5,1,6,
		32 ,5,6,10 ,5,6,10,
		32 ,10,6,11 ,10,6,11,
		32 ,10,11,15 ,10,11,15,
		32 ,15,11,16 ,15,11,16,
		32 ,15,16,20 ,15,16,20,
		32 ,20,16,21 ,20,16,21,
		32 ,1,2,6 ,1,2,6,
		32 ,6,2,7 ,6,2,7,
		32 ,6,7,11 ,6,7,11,
		32 ,11,7,12 ,11,7,12,
		32 ,11,12,16 ,11,12,16,
		32 ,16,12,17 ,16,12,17,
		32 ,16,17,21 ,16,17,21,
		32 ,21,17,22 ,21,17,22,
		32 ,2,3,7 ,2,3,7,
		32 ,7,3,8 ,7,3,8,
		32 ,7,8,12 ,7,8,12,
		32 ,12,8,13 ,12,8,13,
		32 ,12,13,17 ,12,13,17,
		32 ,17,13,18 ,17,13,18,
		32 ,17,18,22 ,17,18,22,
		32 ,22,18,23 ,22,18,23,
		32 ,3,4,8 ,3,4,8,
		32 ,8,4,9 ,8,4,9,
		32 ,8,9,13 ,8,9,13,
		32 ,13,9,14 ,13,9,14,
		32 ,13,14,18 ,13,14,18,
		32 ,18,14,19 ,18,14,19,
		32 ,18,19,23 ,18,19,23,
		32 ,23,19,24 ,23,19,24
	]

}
