{
	"metadata" : {
		"formatVersion" : 3,
		"description" : "Exported from LibZinc."
	},

	"vertices" : [
		83.686813,80.974678,-900.062378,93.306816,62.799713,-899.982361,108.661911,49.449398,-899.910767,127.279144,41.061146,-899.830994,146.685593,37.772381,-899.726501,83.146645,81.279205,-887.632690,92.854240,63.040230,-887.475098,108.294029,49.585941,-887.374878,126.979248,41.083839,-887.320068,146.423126,37.701412,-887.298462,
		83.015953,81.813591,-875.249390,92.699608,63.482109,-875.027771,108.087135,49.835281,-874.917053,126.737907,41.112904,-874.896973,146.211319,37.554775,-874.947144,83.319855,82.645584,-862.837891,92.929916,64.211090,-862.565308,108.167809,50.309448,-862.456238,126.679588,41.280594,-862.478210,146.111298,37.464470,-862.598572,
		84.083443,83.842957,-850.323608,93.632149,65.312935,-850.012512,108.662651,51.120483,-849.911499,126.928741,41.719158,-849.980347,146.184204,37.562500,-850.178772
	],

	"normals" : [
		-0.959433,-0.277114,-0.051921,-0.773997,-0.632622,-0.026795,-0.530588,-0.847580,-0.009199,-0.288887,-0.957362,-0.001767,-0.036506,-0.999333,0.000088,-0.959675,-0.280594,-0.017056,-0.773944,-0.633246,-0.003143,-0.532881,-0.846189,-0.001356,-0.293021,-0.956084,-0.006561,-0.040327,-0.999122,-0.011364,
		-0.959711,-0.280160,0.021586,-0.777835,-0.627739,0.030274,-0.541461,-0.840500,0.019506,-0.302561,-0.953129,0.001705,-0.046980,-0.998824,-0.012005,-0.958296,-0.278697,0.063220,-0.783030,-0.617702,0.072859,-0.554341,-0.830580,0.053329,-0.317136,-0.948093,0.023318,-0.057303,-0.998356,-0.001574,
		-0.954263,-0.279155,0.107028,-0.786823,-0.604722,0.123373,-0.569264,-0.816127,0.099372,-0.336287,-0.939964,0.058130,-0.072325,-0.997182,0.019915
	],

	"faces": [
		32 ,0,1,5 ,0,1,5,
		32 ,5,1,6 ,5,1,6,
		32 ,5,6,10 ,5,6,10,
		32 ,10,6,11 ,10,6,11,
		32 ,10,11,15 ,10,11,15,
		32 ,15,11,16 ,15,11,16,
		32 ,15,16,20 ,15,16,20,
		32 ,20,16,21 ,20,16,21,
		32 ,1,2,6 ,1,2,6,
		32 ,6,2,7 ,6,2,7,
		32 ,6,7,11 ,6,7,11,
		32 ,11,7,12 ,11,7,12,
		32 ,11,12,16 ,11,12,16,
		32 ,16,12,17 ,16,12,17,
		32 ,16,17,21 ,16,17,21,
		32 ,21,17,22 ,21,17,22,
		32 ,2,3,7 ,2,3,7,
		32 ,7,3,8 ,7,3,8,
		32 ,7,8,12 ,7,8,12,
		32 ,12,8,13 ,12,8,13,
		32 ,12,13,17 ,12,13,17,
		32 ,17,13,18 ,17,13,18,
		32 ,17,18,22 ,17,18,22,
		32 ,22,18,23 ,22,18,23,
		32 ,3,4,8 ,3,4,8,
		32 ,8,4,9 ,8,4,9,
		32 ,8,9,13 ,8,9,13,
		32 ,13,9,14 ,13,9,14,
		32 ,13,14,18 ,13,14,18,
		32 ,18,14,19 ,18,14,19,
		32 ,18,19,23 ,18,19,23,
		32 ,23,19,24 ,23,19,24
	]

}
