{
	"metadata" : {
		"formatVersion" : 3,
		"description" : "Exported from LibZinc."
	},

	"vertices" : [
		146.685593,37.772381,-899.726501,165.127945,37.619263,-899.739990,182.764465,38.209274,-899.920959,199.989639,39.036800,-900.112610,217.197906,39.596230,-900.158325,146.423126,37.701412,-887.298462,164.900696,37.515575,-887.333435,182.587509,38.117805,-887.428955,199.847549,38.947449,-887.543823,217.044785,39.443859,-887.636902,
		146.211319,37.554775,-874.947144,164.739868,37.282303,-875.000610,182.440887,37.852451,-875.023621,199.700943,38.658340,-875.045715,216.906631,39.093102,-875.096313,146.111298,37.464470,-862.598572,164.643112,37.037174,-862.679199,182.307892,37.519161,-862.651428,199.530792,38.266926,-862.586853,216.736938,38.636959,-862.557007,
		146.184204,37.562500,-850.178772,164.608078,36.897907,-850.306885,182.171860,37.223888,-850.258789,199.318085,37.870655,-850.135864,216.489197,38.168419,-850.039185
	],

	"normals" : [
		-0.036506,-0.999333,0.000088,0.016842,-0.999858,0.000381,0.045659,-0.998952,0.003169,0.045333,-0.998964,0.003931,0.014825,-0.999889,-0.001565,-0.040327,-0.999122,-0.011364,0.016674,-0.999749,-0.014954,0.046329,-0.998811,-0.015151,0.043912,-0.998909,-0.015888,0.008181,-0.999742,-0.021211,
		-0.046980,-0.998824,-0.012005,0.013806,-0.999687,-0.020863,0.045226,-0.998662,-0.025070,0.041918,-0.998728,-0.028023,0.002565,-0.999440,-0.033352,-0.057303,-0.998356,-0.001574,0.007451,-0.999826,-0.017128,0.041604,-0.998787,-0.026351,0.038919,-0.998720,-0.032309,-0.001946,-0.999271,-0.038133,
		-0.072325,-0.997182,0.019915,-0.003223,-0.999988,-0.003793,0.034690,-0.999218,-0.018984,0.034355,-0.998997,-0.028705,-0.005664,-0.999350,-0.035612
	],

	"faces": [
		32 ,0,1,5 ,0,1,5,
		32 ,5,1,6 ,5,1,6,
		32 ,5,6,10 ,5,6,10,
		32 ,10,6,11 ,10,6,11,
		32 ,10,11,15 ,10,11,15,
		32 ,15,11,16 ,15,11,16,
		32 ,15,16,20 ,15,16,20,
		32 ,20,16,21 ,20,16,21,
		32 ,1,2,6 ,1,2,6,
		32 ,6,2,7 ,6,2,7,
		32 ,6,7,11 ,6,7,11,
		32 ,11,7,12 ,11,7,12,
		32 ,11,12,16 ,11,12,16,
		32 ,16,12,17 ,16,12,17,
		32 ,16,17,21 ,16,17,21,
		32 ,21,17,22 ,21,17,22,
		32 ,2,3,7 ,2,3,7,
		32 ,7,3,8 ,7,3,8,
		32 ,7,8,12 ,7,8,12,
		32 ,12,8,13 ,12,8,13,
		32 ,12,13,17 ,12,13,17,
		32 ,17,13,18 ,17,13,18,
		32 ,17,18,22 ,17,18,22,
		32 ,22,18,23 ,22,18,23,
		32 ,3,4,8 ,3,4,8,
		32 ,8,4,9 ,8,4,9,
		32 ,8,9,13 ,8,9,13,
		32 ,13,9,14 ,13,9,14,
		32 ,13,14,18 ,13,14,18,
		32 ,18,14,19 ,18,14,19,
		32 ,18,19,23 ,18,19,23,
		32 ,23,19,24 ,23,19,24
	]

}
