{
	"metadata" : {
		"formatVersion" : 3,
		"description" : "Exported from LibZinc."
	},

	"vertices" : [
		477.504089,228.183105,-1858.786011,475.440216,229.557465,-1857.861206,470.899658,232.581055,-1855.826538,466.359100,235.604645,-1853.791870,464.295197,236.979004,-1852.866943,477.721466,221.779099,-1853.800415,475.516388,223.639587,-1852.170776,471.133118,226.560013,-1849.851929,466.785675,229.373169,-1847.561768,464.688080,230.911789,-1846.018311,
		478.597961,214.928543,-1847.118042,475.881531,217.438095,-1844.618286,472.083038,220.256683,-1841.673828,468.306305,222.902206,-1838.835083,465.655121,224.892578,-1836.652710,480.140137,207.546799,-1839.072998,476.966705,210.779449,-1835.752319,473.726318,213.722763,-1832.103638,470.459015,216.432922,-1828.653198,467.204987,218.966110,-1825.927490,
		482.354614,199.549301,-1830.000000,479.202972,203.490173,-1826.121826,476.039734,207.010025,-1821.952759,472.781860,210.206467,-1818.057251,469.346313,213.177094,-1815.000000
	],

	"normals" : [
		0.000000,-0.000000,0.000000,0.607835,0.494947,0.620938,0.605212,0.483060,0.632748,0.601966,0.469156,0.646165,0.773757,-0.404057,-0.487892,0.964135,0.216417,0.153648,0.672048,0.558203,0.486581,0.636257,0.611343,0.470570,0.654347,0.622157,0.429827,0.962305,0.251133,0.104407,
		0.854751,0.437376,0.279469,0.745019,0.555297,0.369584,0.700953,0.624555,0.344377,0.693638,0.653135,0.303778,0.763939,0.593640,0.252959,0.815532,0.508843,0.275655,0.803266,0.535223,0.261343,0.772990,0.588437,0.237127,0.733172,0.641033,0.227015,0.687617,0.682362,0.248123,
		0.853841,0.482797,0.194582,0.834035,0.527802,0.160660,0.807527,0.565521,0.167587,0.766676,0.613773,0.188388,0.699293,0.684346,0.206543
	],

	"faces": [
		32 ,0,1,5 ,0,1,5,
		32 ,5,1,6 ,5,1,6,
		32 ,5,6,10 ,5,6,10,
		32 ,10,6,11 ,10,6,11,
		32 ,10,11,15 ,10,11,15,
		32 ,15,11,16 ,15,11,16,
		32 ,15,16,20 ,15,16,20,
		32 ,20,16,21 ,20,16,21,
		32 ,1,2,6 ,1,2,6,
		32 ,6,2,7 ,6,2,7,
		32 ,6,7,11 ,6,7,11,
		32 ,11,7,12 ,11,7,12,
		32 ,11,12,16 ,11,12,16,
		32 ,16,12,17 ,16,12,17,
		32 ,16,17,21 ,16,17,21,
		32 ,21,17,22 ,21,17,22,
		32 ,2,3,7 ,2,3,7,
		32 ,7,3,8 ,7,3,8,
		32 ,7,8,12 ,7,8,12,
		32 ,12,8,13 ,12,8,13,
		32 ,12,13,17 ,12,13,17,
		32 ,17,13,18 ,17,13,18,
		32 ,17,18,22 ,17,18,22,
		32 ,22,18,23 ,22,18,23,
		32 ,3,4,8 ,3,4,8,
		32 ,8,4,9 ,8,4,9,
		32 ,8,9,13 ,8,9,13,
		32 ,13,9,14 ,13,9,14,
		32 ,13,14,18 ,13,14,18,
		32 ,18,14,19 ,18,14,19,
		32 ,18,19,23 ,18,19,23,
		32 ,23,19,24 ,23,19,24
	]

}
