{
	"metadata" : {
		"formatVersion" : 3,
		"description" : "Exported from LibZinc."
	},

	"vertices" : [
		485.004303,86.739647,-899.913208,487.987122,107.479736,-899.969360,487.014130,130.110794,-900.044983,483.819244,153.029572,-900.091125,480.136292,174.632797,-900.058716,485.271851,87.608620,-887.420227,488.076996,108.391014,-887.511963,486.688843,131.067062,-887.599792,482.984344,153.986069,-887.635010,478.840546,175.497284,-887.568909,
		485.013550,88.852898,-875.029358,487.605286,109.675499,-875.123718,485.932953,132.346176,-875.189697,481.910522,155.176361,-875.189087,477.451904,176.477493,-875.083618,484.258026,90.447029,-862.612244,486.618286,111.286537,-862.705811,484.778595,133.881485,-862.757446,480.595764,156.527588,-862.731445,475.926544,177.520538,-862.591980,
		483.033905,92.365547,-850.040710,485.162323,113.177475,-850.159424,483.257904,135.606384,-850.245789,479.038147,157.966858,-850.240234,474.220612,178.573502,-850.083130
	],

	"normals" : [
		0.960704,-0.276313,-0.026447,0.999047,-0.032679,-0.028948,0.994738,0.102445,0.001572,0.985537,0.163114,0.045932,0.982927,0.160891,0.089265,0.961054,-0.275358,0.023531,0.999685,-0.017897,0.017602,0.991875,0.123011,0.032425,0.981000,0.184793,0.059074,0.979401,0.180119,0.091277,
		0.961341,-0.266229,0.070330,0.998172,-0.006140,0.060119,0.988824,0.136045,0.060974,0.977215,0.199230,0.073198,0.975682,0.196452,0.097220,0.961419,-0.251201,0.112120,0.995206,0.002574,0.097771,0.985856,0.143002,0.087398,0.974026,0.208368,0.088632,0.971452,0.211681,0.107111,
		0.961345,-0.232388,0.147690,0.991479,0.008556,0.129985,0.983055,0.145408,0.111619,0.971122,0.214047,0.105382,0.966258,0.227467,0.120848
	],

	"faces": [
		32 ,0,1,5 ,0,1,5,
		32 ,5,1,6 ,5,1,6,
		32 ,5,6,10 ,5,6,10,
		32 ,10,6,11 ,10,6,11,
		32 ,10,11,15 ,10,11,15,
		32 ,15,11,16 ,15,11,16,
		32 ,15,16,20 ,15,16,20,
		32 ,20,16,21 ,20,16,21,
		32 ,1,2,6 ,1,2,6,
		32 ,6,2,7 ,6,2,7,
		32 ,6,7,11 ,6,7,11,
		32 ,11,7,12 ,11,7,12,
		32 ,11,12,16 ,11,12,16,
		32 ,16,12,17 ,16,12,17,
		32 ,16,17,21 ,16,17,21,
		32 ,21,17,22 ,21,17,22,
		32 ,2,3,7 ,2,3,7,
		32 ,7,3,8 ,7,3,8,
		32 ,7,8,12 ,7,8,12,
		32 ,12,8,13 ,12,8,13,
		32 ,12,13,17 ,12,13,17,
		32 ,17,13,18 ,17,13,18,
		32 ,17,18,22 ,17,18,22,
		32 ,22,18,23 ,22,18,23,
		32 ,3,4,8 ,3,4,8,
		32 ,8,4,9 ,8,4,9,
		32 ,8,9,13 ,8,9,13,
		32 ,13,9,14 ,13,9,14,
		32 ,13,14,18 ,13,14,18,
		32 ,18,14,19 ,18,14,19,
		32 ,18,19,23 ,18,19,23,
		32 ,23,19,24 ,23,19,24
	]

}
