{
	"metadata" : {
		"formatVersion" : 3,
		"description" : "Exported from LibZinc."
	},

	"vertices" : [
		480.136292,174.632797,-900.058716,476.146820,194.583374,-900.028992,470.582153,213.325302,-900.056885,463.000885,230.427032,-900.053955,452.961609,245.457001,-899.931580,478.840546,175.497284,-887.568909,474.465332,195.188141,-887.495972,468.530640,213.461014,-887.493408,460.609314,229.887497,-887.486267,450.274231,244.039215,-887.399536,
		477.451904,176.477493,-875.083618,472.744598,195.806824,-874.950867,466.426239,213.540695,-874.880432,458.086182,229.219208,-874.852234,447.313782,242.382385,-874.846008,475.926544,177.520538,-862.591980,470.895996,196.404526,-862.401367,464.152924,213.531754,-862.269775,455.339783,228.409897,-862.233215,444.099091,240.546692,-862.327698,
		474.220612,178.573502,-850.083130,468.830994,196.946396,-849.855286,461.594635,213.401535,-849.713196,452.278351,227.447342,-849.710632,440.648987,238.592300,-849.901428
	],

	"normals" : [
		0.982927,0.160891,0.089265,0.964927,0.233811,0.119369,0.929931,0.336120,0.149167,0.865111,0.467819,0.180912,0.754924,0.618898,0.216921,0.979401,0.180119,0.091277,0.959663,0.255902,0.116448,0.920366,0.362315,0.147155,0.846295,0.498580,0.187625,0.719782,0.650541,0.242304,
		0.975682,0.196452,0.097220,0.952908,0.278164,0.120791,0.906906,0.391931,0.154634,0.819729,0.536273,0.201135,0.671593,0.692879,0.262454,0.971452,0.211681,0.107111,0.943829,0.302849,0.132171,0.888620,0.425460,0.171283,0.786240,0.577047,0.221005,0.617121,0.736384,0.277308,
		0.966258,0.227467,0.120848,0.931150,0.332250,0.150233,0.864143,0.463227,0.196665,0.747413,0.616809,0.246821,0.565737,0.772792,0.287636
	],

	"faces": [
		32 ,0,1,5 ,0,1,5,
		32 ,5,1,6 ,5,1,6,
		32 ,5,6,10 ,5,6,10,
		32 ,10,6,11 ,10,6,11,
		32 ,10,11,15 ,10,11,15,
		32 ,15,11,16 ,15,11,16,
		32 ,15,16,20 ,15,16,20,
		32 ,20,16,21 ,20,16,21,
		32 ,1,2,6 ,1,2,6,
		32 ,6,2,7 ,6,2,7,
		32 ,6,7,11 ,6,7,11,
		32 ,11,7,12 ,11,7,12,
		32 ,11,12,16 ,11,12,16,
		32 ,16,12,17 ,16,12,17,
		32 ,16,17,21 ,16,17,21,
		32 ,21,17,22 ,21,17,22,
		32 ,2,3,7 ,2,3,7,
		32 ,7,3,8 ,7,3,8,
		32 ,7,8,12 ,7,8,12,
		32 ,12,8,13 ,12,8,13,
		32 ,12,13,17 ,12,13,17,
		32 ,17,13,18 ,17,13,18,
		32 ,17,18,22 ,17,18,22,
		32 ,22,18,23 ,22,18,23,
		32 ,3,4,8 ,3,4,8,
		32 ,8,4,9 ,8,4,9,
		32 ,8,9,13 ,8,9,13,
		32 ,13,9,14 ,13,9,14,
		32 ,13,14,18 ,13,14,18,
		32 ,18,14,19 ,18,14,19,
		32 ,18,19,23 ,18,19,23,
		32 ,23,19,24 ,23,19,24
	]

}
