{
	"metadata" : {
		"formatVersion" : 3,
		"description" : "Exported from LibZinc."
	},

	"vertices" : [
		395.002594,274.755188,-900.334778,379.367737,274.781830,-900.521362,364.148590,273.891083,-900.364014,349.375397,272.900970,-900.148376,335.078400,272.629486,-900.159973,393.349396,271.188080,-887.864929,378.392426,272.144958,-887.982178,363.789276,272.553680,-887.870117,349.539032,273.065033,-887.715149,335.640808,274.329865,-887.703796,
		391.418701,267.552826,-875.249939,377.096283,269.462677,-875.319092,363.174622,271.030884,-875.308167,349.551636,272.734711,-875.267334,336.125183,275.051422,-875.246704,389.449799,264.089081,-862.593628,375.779449,266.885956,-862.608215,362.591339,269.514618,-862.668579,349.658691,272.284943,-862.719604,336.754608,275.506836,-862.706238,
		387.682007,261.036499,-850.000000,374.742157,264.565674,-849.925842,362.326111,268.196716,-849.941650,350.105591,272.090729,-849.986572,337.752289,276.408813,-850.000000
	],

	"normals" : [
		0.038198,0.961273,0.272937,-0.035641,0.979233,0.199579,-0.069833,0.993183,0.093332,-0.053067,0.997724,-0.041592,0.028191,0.980937,-0.192269,0.085611,0.953519,0.288916,0.038358,0.976631,0.211471,0.025528,0.992807,0.116971,0.055400,0.998398,0.011490,0.134450,0.986654,-0.091857,
		0.143043,0.946011,0.290862,0.113803,0.969980,0.214915,0.111836,0.985564,0.127107,0.141508,0.989295,0.035648,0.203658,0.977995,-0.045270,0.201085,0.940011,0.275581,0.190071,0.960083,0.205216,0.197279,0.973154,0.118540,0.222724,0.974548,0.025512,0.263422,0.962876,-0.058974,
		0.251367,0.937915,0.239018,0.266911,0.947270,0.177306,0.290045,0.953105,0.086401,0.316341,0.948401,-0.021513,0.340348,0.930939,-0.132346
	],

	"faces": [
		32 ,0,1,5 ,0,1,5,
		32 ,5,1,6 ,5,1,6,
		32 ,5,6,10 ,5,6,10,
		32 ,10,6,11 ,10,6,11,
		32 ,10,11,15 ,10,11,15,
		32 ,15,11,16 ,15,11,16,
		32 ,15,16,20 ,15,16,20,
		32 ,20,16,21 ,20,16,21,
		32 ,1,2,6 ,1,2,6,
		32 ,6,2,7 ,6,2,7,
		32 ,6,7,11 ,6,7,11,
		32 ,11,7,12 ,11,7,12,
		32 ,11,12,16 ,11,12,16,
		32 ,16,12,17 ,16,12,17,
		32 ,16,17,21 ,16,17,21,
		32 ,21,17,22 ,21,17,22,
		32 ,2,3,7 ,2,3,7,
		32 ,7,3,8 ,7,3,8,
		32 ,7,8,12 ,7,8,12,
		32 ,12,8,13 ,12,8,13,
		32 ,12,13,17 ,12,13,17,
		32 ,17,13,18 ,17,13,18,
		32 ,17,18,22 ,17,18,22,
		32 ,22,18,23 ,22,18,23,
		32 ,3,4,8 ,3,4,8,
		32 ,8,4,9 ,8,4,9,
		32 ,8,9,13 ,8,9,13,
		32 ,13,9,14 ,13,9,14,
		32 ,13,14,18 ,13,14,18,
		32 ,18,14,19 ,18,14,19,
		32 ,18,19,23 ,18,19,23,
		32 ,23,19,24 ,23,19,24
	]

}
