{
	"metadata" : {
		"formatVersion" : 3,
		"description" : "Exported from LibZinc."
	},

	"vertices" : [
		450.771912,245.983307,-1849.740967,448.248962,246.905624,-1849.165894,442.698486,248.934753,-1847.900513,437.148041,250.963867,-1846.635132,434.625092,251.886200,-1846.060059,451.119812,239.822113,-1842.034302,448.268555,241.083344,-1841.246948,442.499573,243.164932,-1840.201904,436.626617,245.157089,-1839.273438,433.463531,246.149994,-1838.836060,
		452.334534,233.956711,-1832.176880,448.609467,235.674545,-1831.327637,443.143219,237.698441,-1830.496582,437.421478,239.495575,-1829.913330,432.929871,240.533081,-1829.807251,454.056183,228.277618,-1821.166382,449.470520,230.308487,-1820.376709,444.315338,232.191711,-1819.757324,438.752045,233.706528,-1819.523438,432.942169,234.632126,-1819.889893,
		455.924896,222.675293,-1810.000000,451.050629,224.614380,-1809.363037,445.701721,226.301163,-1808.956665,439.837799,227.517136,-1809.072144,433.418396,228.043793,-1810.000000
	],

	"normals" : [
		0.000000,-0.000000,0.000000,0.389218,0.671377,0.630684,0.386408,0.647201,0.657130,0.381403,0.610351,0.694265,-0.944606,0.318747,0.078232,0.848576,0.472975,0.237096,0.396887,0.785875,0.474216,0.358315,0.795814,0.488151,0.336818,0.787966,0.515425,0.217610,0.797718,0.562399,
		0.557486,0.760676,0.332539,0.405256,0.825373,0.393099,0.341726,0.845441,0.410430,0.271540,0.851078,0.449369,0.090149,0.856259,0.508619,0.457313,0.823404,0.335962,0.397758,0.839721,0.369670,0.311749,0.859309,0.405465,0.188123,0.866280,0.462783,0.015099,0.852153,0.523076,
		0.409766,0.837532,0.361431,0.351060,0.844117,0.405244,0.241927,0.849417,0.469001,0.083678,0.842734,0.531788,-0.114029,0.795338,0.595344
	],

	"faces": [
		32 ,0,1,5 ,0,1,5,
		32 ,5,1,6 ,5,1,6,
		32 ,5,6,10 ,5,6,10,
		32 ,10,6,11 ,10,6,11,
		32 ,10,11,15 ,10,11,15,
		32 ,15,11,16 ,15,11,16,
		32 ,15,16,20 ,15,16,20,
		32 ,20,16,21 ,20,16,21,
		32 ,1,2,6 ,1,2,6,
		32 ,6,2,7 ,6,2,7,
		32 ,6,7,11 ,6,7,11,
		32 ,11,7,12 ,11,7,12,
		32 ,11,12,16 ,11,12,16,
		32 ,16,12,17 ,16,12,17,
		32 ,16,17,21 ,16,17,21,
		32 ,21,17,22 ,21,17,22,
		32 ,2,3,7 ,2,3,7,
		32 ,7,3,8 ,7,3,8,
		32 ,7,8,12 ,7,8,12,
		32 ,12,8,13 ,12,8,13,
		32 ,12,13,17 ,12,13,17,
		32 ,17,13,18 ,17,13,18,
		32 ,17,18,22 ,17,18,22,
		32 ,22,18,23 ,22,18,23,
		32 ,3,4,8 ,3,4,8,
		32 ,8,4,9 ,8,4,9,
		32 ,8,9,13 ,8,9,13,
		32 ,13,9,14 ,13,9,14,
		32 ,13,14,18 ,13,14,18,
		32 ,18,14,19 ,18,14,19,
		32 ,18,19,23 ,18,19,23,
		32 ,23,19,24 ,23,19,24
	]

}
