{
	"metadata" : {
		"formatVersion" : 3,
		"description" : "Exported from LibZinc."
	},

	"vertices" : [
		93.373337,92.827950,-800.253113,102.495140,75.068153,-799.999512,115.450142,59.868748,-799.845276,131.091660,48.208000,-799.844788,148.272995,41.064171,-800.052490,96.241577,95.141617,-787.733643,105.120590,77.658356,-787.515808,117.504578,62.395866,-787.355164,132.411713,50.324924,-787.319763,148.860168,42.416309,-787.477661,
		98.859703,97.214722,-775.057739,107.378983,79.950882,-774.865784,119.191406,64.686737,-774.737244,133.449249,52.340450,-774.721008,149.304749,43.830215,-774.866211,101.211739,99.149223,-762.353027,109.378967,82.106010,-762.193726,120.672356,66.920013,-762.115173,134.359009,54.431110,-762.138123,149.706100,45.479179,-762.283508,
		103.281700,101.047096,-749.747070,111.229202,84.284027,-749.643738,122.109123,69.274376,-749.612549,135.295807,56.773434,-749.660461,150.163605,47.536491,-749.794617
	],

	"normals" : [
		-0.902696,-0.324817,0.282195,-0.791944,-0.530490,0.302335,-0.658709,-0.700392,0.274870,-0.487112,-0.847561,0.210623,-0.247287,-0.961554,0.119429,-0.907214,-0.334497,0.255097,-0.810649,-0.526138,0.256956,-0.689378,-0.686589,0.230984,-0.530057,-0.828047,0.182696,-0.306104,-0.945187,0.113675,
		-0.914260,-0.332851,0.230951,-0.825885,-0.516190,0.226853,-0.712142,-0.671064,0.206222,-0.562427,-0.808733,0.172121,-0.354202,-0.927188,0.121915,-0.920777,-0.328714,0.210039,-0.836467,-0.505416,0.211844,-0.727533,-0.656021,0.200829,-0.585480,-0.790519,0.179701,-0.391730,-0.908583,0.144996,
		-0.923521,-0.331642,0.192673,-0.840410,-0.498649,0.212273,-0.735091,-0.642869,0.215317,-0.600070,-0.772947,0.206083,-0.419603,-0.888962,0.183521
	],

	"faces": [
		32 ,0,1,5 ,0,1,5,
		32 ,5,1,6 ,5,1,6,
		32 ,5,6,10 ,5,6,10,
		32 ,10,6,11 ,10,6,11,
		32 ,10,11,15 ,10,11,15,
		32 ,15,11,16 ,15,11,16,
		32 ,15,16,20 ,15,16,20,
		32 ,20,16,21 ,20,16,21,
		32 ,1,2,6 ,1,2,6,
		32 ,6,2,7 ,6,2,7,
		32 ,6,7,11 ,6,7,11,
		32 ,11,7,12 ,11,7,12,
		32 ,11,12,16 ,11,12,16,
		32 ,16,12,17 ,16,12,17,
		32 ,16,17,21 ,16,17,21,
		32 ,21,17,22 ,21,17,22,
		32 ,2,3,7 ,2,3,7,
		32 ,7,3,8 ,7,3,8,
		32 ,7,8,12 ,7,8,12,
		32 ,12,8,13 ,12,8,13,
		32 ,12,13,17 ,12,13,17,
		32 ,17,13,18 ,17,13,18,
		32 ,17,18,22 ,17,18,22,
		32 ,22,18,23 ,22,18,23,
		32 ,3,4,8 ,3,4,8,
		32 ,8,4,9 ,8,4,9,
		32 ,8,9,13 ,8,9,13,
		32 ,13,9,14 ,13,9,14,
		32 ,13,14,18 ,13,14,18,
		32 ,18,14,19 ,18,14,19,
		32 ,18,19,23 ,18,19,23,
		32 ,23,19,24 ,23,19,24
	]

}
