{
	"metadata" : {
		"formatVersion" : 3,
		"description" : "Exported from LibZinc."
	},

	"vertices" : [
		148.272995,41.064171,-800.052490,165.363785,38.012199,-800.300110,181.834579,37.201160,-800.388733,198.190079,37.470516,-800.326721,214.934998,37.659721,-800.122314,148.860168,42.416309,-787.477661,165.406067,38.586422,-787.705505,181.560822,37.312206,-787.812256,197.775604,37.405277,-787.764282,214.501541,37.677254,-787.528015,
		149.304749,43.830215,-774.866211,165.419449,39.276218,-775.072510,181.301132,37.488079,-775.176086,197.371490,37.418148,-775.130920,214.052170,38.018757,-774.890991,149.706100,45.479179,-762.283508,165.446381,40.287926,-762.461548,181.070740,37.990543,-762.545959,196.983398,37.791126,-762.502563,213.588638,38.893772,-762.297302,
		150.163605,47.536491,-749.794617,165.529327,41.827888,-749.933167,180.884842,39.081356,-749.987793,196.616974,38.806221,-749.955444,213.112595,40.511829,-749.833130
	],

	"normals" : [
		-0.247287,-0.961554,0.119429,-0.102961,-0.993579,0.046893,-0.004731,-0.999902,0.013139,0.025662,-0.999671,0.000035,-0.013791,-0.999884,-0.006414,-0.306104,-0.945187,0.113675,-0.142500,-0.988677,0.047038,-0.024341,-0.999676,0.007390,0.023249,-0.999717,-0.005045,-0.002252,-0.999933,0.011369,
		-0.354202,-0.927188,0.121915,-0.183882,-0.980890,0.063582,-0.047314,-0.998629,0.022415,0.026868,-0.999562,0.012380,0.033241,-0.998364,0.046524,-0.391730,-0.908583,0.144996,-0.223489,-0.969911,0.096567,-0.070665,-0.995795,0.058306,0.035629,-0.997995,0.052317,0.084644,-0.991486,0.098944,
		-0.419603,-0.888962,0.183521,-0.257928,-0.955060,0.146064,-0.091230,-0.989128,0.115338,0.048720,-0.992162,0.115067,0.143568,-0.975285,0.167952
	],

	"faces": [
		32 ,0,1,5 ,0,1,5,
		32 ,5,1,6 ,5,1,6,
		32 ,5,6,10 ,5,6,10,
		32 ,10,6,11 ,10,6,11,
		32 ,10,11,15 ,10,11,15,
		32 ,15,11,16 ,15,11,16,
		32 ,15,16,20 ,15,16,20,
		32 ,20,16,21 ,20,16,21,
		32 ,1,2,6 ,1,2,6,
		32 ,6,2,7 ,6,2,7,
		32 ,6,7,11 ,6,7,11,
		32 ,11,7,12 ,11,7,12,
		32 ,11,12,16 ,11,12,16,
		32 ,16,12,17 ,16,12,17,
		32 ,16,17,21 ,16,17,21,
		32 ,21,17,22 ,21,17,22,
		32 ,2,3,7 ,2,3,7,
		32 ,7,3,8 ,7,3,8,
		32 ,7,8,12 ,7,8,12,
		32 ,12,8,13 ,12,8,13,
		32 ,12,13,17 ,12,13,17,
		32 ,17,13,18 ,17,13,18,
		32 ,17,18,22 ,17,18,22,
		32 ,22,18,23 ,22,18,23,
		32 ,3,4,8 ,3,4,8,
		32 ,8,4,9 ,8,4,9,
		32 ,8,9,13 ,8,9,13,
		32 ,13,9,14 ,13,9,14,
		32 ,13,14,18 ,13,14,18,
		32 ,18,14,19 ,18,14,19,
		32 ,18,19,23 ,18,19,23,
		32 ,23,19,24 ,23,19,24
	]

}
