{
	"metadata" : {
		"formatVersion" : 3,
		"description" : "Exported from LibZinc."
	},

	"vertices" : [
		434.625092,251.886200,-1846.060059,432.299835,252.739944,-1844.861572,426.689178,254.670959,-1842.359253,419.840851,256.733978,-1840.192383,413.802612,257.983704,-1840.000000,433.463531,246.149994,-1838.836060,430.452301,246.900269,-1838.167358,424.472992,248.312271,-1836.994629,417.496307,249.697937,-1836.366333,411.493042,250.369202,-1837.331055,
		432.929871,240.533081,-1829.807251,428.217834,241.122833,-1830.114258,421.746490,241.753067,-1830.824585,414.869202,242.155548,-1832.248901,408.939209,242.061996,-1834.697876,432.942169,234.632126,-1819.889893,426.535828,234.889816,-1821.286621,419.576965,234.633820,-1823.799316,412.817749,233.992691,-1827.126221,407.010345,233.095016,-1830.965698,
		433.418396,228.043793,-1810.000000,426.345734,227.683365,-1812.268799,419.031647,226.594940,-1815.869019,412.200287,225.095291,-1820.284668,406.575714,223.501205,-1825.000000
	],

	"normals" : [
		0.000000,-0.000000,0.000000,0.520534,0.529554,0.669788,0.454700,0.474095,0.753977,0.294829,0.412313,0.862017,-0.194378,0.424349,0.884390,0.217610,0.797718,0.562399,0.318659,0.704936,0.633658,0.252123,0.587596,0.768873,0.075535,0.445453,0.892113,-0.362871,0.380275,0.850715,
		0.090149,0.856259,0.508619,0.046473,0.815507,0.576878,-0.046721,0.705472,0.707197,-0.215749,0.536968,0.815548,-0.502812,0.403592,0.764391,0.015099,0.852153,0.523076,-0.170392,0.803566,0.570306,-0.318858,0.699948,0.639063,-0.460719,0.556357,0.691523,-0.609174,0.423494,0.670493,
		-0.114029,0.795338,0.595344,-0.337902,0.689286,0.640864,-0.478856,0.594744,0.645737,-0.588134,0.510767,0.627069,-0.704422,0.399450,0.586710
	],

	"faces": [
		32 ,0,1,5 ,0,1,5,
		32 ,5,1,6 ,5,1,6,
		32 ,5,6,10 ,5,6,10,
		32 ,10,6,11 ,10,6,11,
		32 ,10,11,15 ,10,11,15,
		32 ,15,11,16 ,15,11,16,
		32 ,15,16,20 ,15,16,20,
		32 ,20,16,21 ,20,16,21,
		32 ,1,2,6 ,1,2,6,
		32 ,6,2,7 ,6,2,7,
		32 ,6,7,11 ,6,7,11,
		32 ,11,7,12 ,11,7,12,
		32 ,11,12,16 ,11,12,16,
		32 ,16,12,17 ,16,12,17,
		32 ,16,17,21 ,16,17,21,
		32 ,21,17,22 ,21,17,22,
		32 ,2,3,7 ,2,3,7,
		32 ,7,3,8 ,7,3,8,
		32 ,7,8,12 ,7,8,12,
		32 ,12,8,13 ,12,8,13,
		32 ,12,13,17 ,12,13,17,
		32 ,17,13,18 ,17,13,18,
		32 ,17,18,22 ,17,18,22,
		32 ,22,18,23 ,22,18,23,
		32 ,3,4,8 ,3,4,8,
		32 ,8,4,9 ,8,4,9,
		32 ,8,9,13 ,8,9,13,
		32 ,13,9,14 ,13,9,14,
		32 ,13,14,18 ,13,14,18,
		32 ,18,14,19 ,18,14,19,
		32 ,18,19,23 ,18,19,23,
		32 ,23,19,24 ,23,19,24
	]

}
