{
	"metadata" : {
		"formatVersion" : 3,
		"description" : "Exported from LibZinc."
	},

	"vertices" : [
		360.132507,39.865238,-799.830872,378.539368,40.510086,-799.921570,396.688049,41.928146,-799.939148,414.247742,45.078907,-799.882874,430.887695,50.921848,-799.751770,360.312378,40.063953,-787.350159,378.637024,40.961819,-787.455383,396.546173,43.041542,-787.447510,413.663300,47.112099,-787.364746,429.611969,53.982452,-787.245422,
		360.400970,40.928818,-774.906860,378.640625,41.929001,-774.986572,396.297089,44.625290,-774.933838,412.970093,49.576569,-774.815918,428.259369,57.341698,-774.700134,360.392731,42.473137,-762.518433,378.537994,43.470108,-762.546021,395.946838,46.662590,-762.446045,412.208679,52.353909,-762.299561,426.912842,60.847393,-762.187622,
		360.282104,44.710220,-750.202271,378.316895,45.643627,-750.164795,395.501373,49.136631,-750.032166,411.419495,55.325706,-749.878906,425.655396,64.347343,-749.779785
	],

	"normals" : [
		0.031280,-0.999451,-0.010953,0.047528,-0.998732,0.016584,0.117435,-0.990599,0.070162,0.241697,-0.959206,0.146648,0.408698,-0.880091,0.241672,0.031680,-0.998612,0.042082,0.074285,-0.995689,0.055544,0.163715,-0.980525,0.108485,0.299728,-0.935976,0.184695,0.469470,-0.841641,0.266905,
		0.019186,-0.995169,0.096288,0.096499,-0.990369,0.099279,0.208579,-0.967164,0.145218,0.353893,-0.910834,0.212464,0.520381,-0.807038,0.279094,0.000991,-0.988518,0.151099,0.112150,-0.982658,0.147668,0.245940,-0.952329,0.180507,0.399596,-0.887160,0.230804,0.562648,-0.778032,0.279453,
		-0.015675,-0.978410,0.206079,0.119377,-0.972402,0.200459,0.270086,-0.938583,0.214744,0.432729,-0.868783,0.240752,0.596909,-0.755993,0.268654
	],

	"faces": [
		32 ,0,1,5 ,0,1,5,
		32 ,5,1,6 ,5,1,6,
		32 ,5,6,10 ,5,6,10,
		32 ,10,6,11 ,10,6,11,
		32 ,10,11,15 ,10,11,15,
		32 ,15,11,16 ,15,11,16,
		32 ,15,16,20 ,15,16,20,
		32 ,20,16,21 ,20,16,21,
		32 ,1,2,6 ,1,2,6,
		32 ,6,2,7 ,6,2,7,
		32 ,6,7,11 ,6,7,11,
		32 ,11,7,12 ,11,7,12,
		32 ,11,12,16 ,11,12,16,
		32 ,16,12,17 ,16,12,17,
		32 ,16,17,21 ,16,17,21,
		32 ,21,17,22 ,21,17,22,
		32 ,2,3,7 ,2,3,7,
		32 ,7,3,8 ,7,3,8,
		32 ,7,8,12 ,7,8,12,
		32 ,12,8,13 ,12,8,13,
		32 ,12,13,17 ,12,13,17,
		32 ,17,13,18 ,17,13,18,
		32 ,17,18,22 ,17,18,22,
		32 ,22,18,23 ,22,18,23,
		32 ,3,4,8 ,3,4,8,
		32 ,8,4,9 ,8,4,9,
		32 ,8,9,13 ,8,9,13,
		32 ,13,9,14 ,13,9,14,
		32 ,13,14,18 ,13,14,18,
		32 ,18,14,19 ,18,14,19,
		32 ,18,19,23 ,18,19,23,
		32 ,23,19,24 ,23,19,24
	]

}
