{
	"metadata" : {
		"formatVersion" : 3,
		"description" : "Exported from LibZinc."
	},

	"vertices" : [
		427.615906,231.225006,-800.000000,417.441223,239.116852,-800.066956,407.923065,245.880798,-800.078796,398.581696,252.367783,-800.051208,388.937500,259.428802,-800.000000,426.147125,230.441635,-787.477478,417.125366,238.949738,-787.511475,408.843262,246.574860,-787.547852,400.714050,254.095932,-787.591370,392.151001,262.291931,-787.646851,
		425.547546,230.244705,-775.005005,417.561981,239.364273,-775.018799,410.391113,247.772964,-775.040955,403.306641,256.145599,-775.082642,395.580200,265.156952,-775.154968,425.408020,230.298813,-762.530090,418.383453,239.961044,-762.530334,412.176086,249.016586,-762.522278,405.941040,258.054169,-762.529907,398.833496,267.662598,-762.577332,
		425.319397,230.268600,-750.000000,419.222260,240.340637,-749.987671,413.807617,249.847168,-749.955872,408.198883,259.359131,-749.937988,401.519409,269.447510,-749.967224
	],

	"normals" : [
		0.623342,0.762502,0.173305,0.590757,0.803277,0.075839,0.569346,0.821099,-0.040508,0.566886,0.805653,-0.171939,0.577488,0.755671,-0.308982,0.690470,0.719099,0.078411,0.680090,0.732913,-0.017754,0.670931,0.730156,-0.129323,0.664379,0.707529,-0.240839,0.659918,0.671187,-0.337664,
		0.746746,0.664841,0.018882,0.755595,0.651110,-0.071644,0.752482,0.636248,-0.170173,0.736888,0.623950,-0.260161,0.714811,0.617001,-0.329172,0.796474,0.604673,-0.000359,0.816640,0.571069,-0.083542,0.815798,0.554407,-0.164641,0.793801,0.561352,-0.234017,0.758416,0.586062,-0.285195,
		0.842735,0.537909,0.021250,0.864138,0.500215,-0.055236,0.862776,0.492115,-0.115936,0.839223,0.518665,-0.163372,0.798902,0.566343,-0.202513
	],

	"faces": [
		32 ,0,1,5 ,0,1,5,
		32 ,5,1,6 ,5,1,6,
		32 ,5,6,10 ,5,6,10,
		32 ,10,6,11 ,10,6,11,
		32 ,10,11,15 ,10,11,15,
		32 ,15,11,16 ,15,11,16,
		32 ,15,16,20 ,15,16,20,
		32 ,20,16,21 ,20,16,21,
		32 ,1,2,6 ,1,2,6,
		32 ,6,2,7 ,6,2,7,
		32 ,6,7,11 ,6,7,11,
		32 ,11,7,12 ,11,7,12,
		32 ,11,12,16 ,11,12,16,
		32 ,16,12,17 ,16,12,17,
		32 ,16,17,21 ,16,17,21,
		32 ,21,17,22 ,21,17,22,
		32 ,2,3,7 ,2,3,7,
		32 ,7,3,8 ,7,3,8,
		32 ,7,8,12 ,7,8,12,
		32 ,12,8,13 ,12,8,13,
		32 ,12,13,17 ,12,13,17,
		32 ,17,13,18 ,17,13,18,
		32 ,17,18,22 ,17,18,22,
		32 ,22,18,23 ,22,18,23,
		32 ,3,4,8 ,3,4,8,
		32 ,8,4,9 ,8,4,9,
		32 ,8,9,13 ,8,9,13,
		32 ,13,9,14 ,13,9,14,
		32 ,13,14,18 ,13,14,18,
		32 ,18,14,19 ,18,14,19,
		32 ,18,19,23 ,18,19,23,
		32 ,23,19,24 ,23,19,24
	]

}
