{
	"metadata" : {
		"formatVersion" : 3,
		"description" : "Exported from LibZinc."
	},

	"vertices" : [
		160.448502,274.246887,-750.000000,151.834213,263.820221,-750.032471,144.012360,254.106476,-750.019836,136.501404,244.101074,-749.997314,128.819794,232.799393,-750.000000,158.537155,275.478577,-737.513367,150.167465,264.800903,-737.473206,142.670578,254.900375,-737.425842,135.704300,244.702118,-737.410522,128.926453,233.131302,-737.466187,
		157.178696,276.264771,-725.023743,148.852753,265.578278,-724.952820,141.499512,255.643707,-724.877930,134.891006,245.356476,-724.855408,128.799255,233.611969,-724.941589,156.206100,276.746063,-712.522278,147.774323,266.192200,-712.447571,140.407135,256.325958,-712.363281,133.946457,246.045319,-712.339478,128.234207,234.248215,-712.446167,
		155.452393,277.063110,-700.000000,146.816406,266.682617,-699.933594,139.301361,256.936615,-699.869202,132.755569,246.749786,-699.870178,127.027298,235.046799,-700.000000
	],

	"normals" : [
		-0.753556,0.622855,-0.210251,-0.761541,0.625881,-0.168309,-0.780968,0.610958,-0.129691,-0.810273,0.580651,-0.079387,-0.840238,0.542218,-0.000808,-0.779626,0.608418,-0.148360,-0.782055,0.608600,-0.134149,-0.803715,0.583768,-0.115141,-0.840860,0.535391,-0.079435,-0.880202,0.474402,-0.013670,
		-0.785578,0.610406,-0.101351,-0.787996,0.606213,-0.107554,-0.815209,0.569548,-0.105119,-0.860720,0.501757,-0.086031,-0.907460,0.418109,-0.041257,-0.778895,0.623154,-0.070722,-0.783743,0.614615,-0.089412,-0.816782,0.568169,-0.100259,-0.868650,0.485214,-0.100078,-0.919131,0.384702,-0.084867,
		-0.765938,0.640368,-0.057158,-0.773183,0.629119,-0.079984,-0.809255,0.578786,-0.100559,-0.862913,0.490500,-0.121617,-0.911795,0.384377,-0.144513
	],

	"faces": [
		32 ,0,1,5 ,0,1,5,
		32 ,5,1,6 ,5,1,6,
		32 ,5,6,10 ,5,6,10,
		32 ,10,6,11 ,10,6,11,
		32 ,10,11,15 ,10,11,15,
		32 ,15,11,16 ,15,11,16,
		32 ,15,16,20 ,15,16,20,
		32 ,20,16,21 ,20,16,21,
		32 ,1,2,6 ,1,2,6,
		32 ,6,2,7 ,6,2,7,
		32 ,6,7,11 ,6,7,11,
		32 ,11,7,12 ,11,7,12,
		32 ,11,12,16 ,11,12,16,
		32 ,16,12,17 ,16,12,17,
		32 ,16,17,21 ,16,17,21,
		32 ,21,17,22 ,21,17,22,
		32 ,2,3,7 ,2,3,7,
		32 ,7,3,8 ,7,3,8,
		32 ,7,8,12 ,7,8,12,
		32 ,12,8,13 ,12,8,13,
		32 ,12,13,17 ,12,13,17,
		32 ,17,13,18 ,17,13,18,
		32 ,17,18,22 ,17,18,22,
		32 ,22,18,23 ,22,18,23,
		32 ,3,4,8 ,3,4,8,
		32 ,8,4,9 ,8,4,9,
		32 ,8,9,13 ,8,9,13,
		32 ,13,9,14 ,13,9,14,
		32 ,13,14,18 ,13,14,18,
		32 ,18,14,19 ,18,14,19,
		32 ,18,19,23 ,18,19,23,
		32 ,23,19,24 ,23,19,24
	]

}
