{
	"metadata" : {
		"formatVersion" : 3,
		"description" : "Exported from LibZinc."
	},

	"vertices" : [
		457.041290,120.340103,-749.933777,458.966797,136.550995,-750.005005,458.782959,152.908066,-750.036743,456.540222,168.739822,-750.033203,452.288910,183.374802,-749.998718,455.503906,123.406624,-737.497864,457.406738,139.136566,-737.518188,457.131348,154.875748,-737.507568,454.762573,170.048782,-737.480469,450.385254,184.080276,-737.451233,
		455.235168,126.003700,-725.090942,456.858307,141.410400,-725.072388,456.084442,156.625793,-725.029663,453.226410,171.217743,-724.987000,448.597168,184.754135,-724.968689,455.454193,128.351044,-712.638367,456.600891,143.507874,-712.606689,455.177887,158.260971,-712.551270,451.819122,172.350861,-712.505188,447.158478,185.518021,-712.501526,
		455.380005,130.668396,-700.065186,455.913879,145.564438,-700.060242,453.947418,159.884140,-700.020874,450.427979,173.552277,-699.987305,446.303009,186.493607,-700.000000
	],

	"normals" : [
		0.955550,-0.178587,0.234587,0.980119,-0.050962,0.191754,0.985452,0.074412,0.152800,0.970461,0.205717,0.126044,0.928660,0.351803,0.117581,0.976395,-0.189572,0.103518,0.995169,-0.050252,0.084343,0.992433,0.085148,0.088471,0.969113,0.223113,0.105070,0.920870,0.371295,0.118908,
		0.981937,-0.187068,0.028366,0.999343,-0.024259,0.026926,0.990835,0.123427,0.054878,0.962048,0.258108,0.088560,0.917170,0.385759,0.099947,0.985237,-0.170506,0.015348,0.999544,0.016164,0.025508,0.983911,0.169600,0.056161,0.954611,0.287173,0.079056,0.925279,0.374104,0.062491,
		0.988573,-0.136830,0.063250,0.995000,0.059335,0.080337,0.974988,0.201639,0.093492,0.955141,0.285359,0.079221,0.950264,0.311317,0.008973
	],

	"faces": [
		32 ,0,1,5 ,0,1,5,
		32 ,5,1,6 ,5,1,6,
		32 ,5,6,10 ,5,6,10,
		32 ,10,6,11 ,10,6,11,
		32 ,10,11,15 ,10,11,15,
		32 ,15,11,16 ,15,11,16,
		32 ,15,16,20 ,15,16,20,
		32 ,20,16,21 ,20,16,21,
		32 ,1,2,6 ,1,2,6,
		32 ,6,2,7 ,6,2,7,
		32 ,6,7,11 ,6,7,11,
		32 ,11,7,12 ,11,7,12,
		32 ,11,12,16 ,11,12,16,
		32 ,16,12,17 ,16,12,17,
		32 ,16,17,21 ,16,17,21,
		32 ,21,17,22 ,21,17,22,
		32 ,2,3,7 ,2,3,7,
		32 ,7,3,8 ,7,3,8,
		32 ,7,8,12 ,7,8,12,
		32 ,12,8,13 ,12,8,13,
		32 ,12,13,17 ,12,13,17,
		32 ,17,13,18 ,17,13,18,
		32 ,17,18,22 ,17,18,22,
		32 ,22,18,23 ,22,18,23,
		32 ,3,4,8 ,3,4,8,
		32 ,8,4,9 ,8,4,9,
		32 ,8,9,13 ,8,9,13,
		32 ,13,9,14 ,13,9,14,
		32 ,13,14,18 ,13,14,18,
		32 ,18,14,19 ,18,14,19,
		32 ,18,19,23 ,18,19,23,
		32 ,23,19,24 ,23,19,24
	]

}
