{
	"metadata" : {
		"formatVersion" : 3,
		"description" : "Exported from LibZinc."
	},

	"vertices" : [
		127.027298,235.046799,-700.000000,122.523392,221.696228,-700.202576,119.116287,207.414413,-700.329529,115.852722,192.397675,-700.305908,111.779404,176.842300,-700.056702,125.496994,235.791504,-687.553528,121.024658,222.612869,-687.735291,118.291603,208.390518,-687.820374,116.221886,193.343887,-687.782959,113.739525,177.692444,-687.597229,
		124.174316,236.281189,-675.057556,119.448448,223.303055,-675.213257,116.800529,209.214523,-675.261902,115.331932,194.231232,-675.207947,114.144051,178.568863,-675.055847,123.174103,236.545258,-662.532776,118.093559,223.712814,-662.657104,115.141914,209.761398,-662.682434,113.756638,194.884201,-662.623840,113.375183,179.274445,-662.496216,
		122.611198,236.613098,-650.000000,117.258766,223.788223,-650.087585,113.814636,209.906128,-650.110291,112.069763,195.127258,-650.073364,111.815102,179.612106,-649.981873
	],

	"normals" : [
		-0.911795,0.384377,-0.144513,-0.956304,0.263781,-0.126106,-0.976462,0.211444,-0.042581,-0.971775,0.223252,0.076237,-0.936300,0.289812,0.198370,-0.902937,0.411246,-0.124822,-0.960759,0.240808,-0.137670,-0.982885,0.149074,-0.108232,-0.990153,0.134669,-0.038222,-0.979158,0.189141,0.074000,
		-0.892718,0.439985,-0.097300,-0.959581,0.251086,-0.127123,-0.982222,0.128611,-0.136742,-0.991143,0.075311,-0.109377,-0.996159,0.083923,-0.025003,-0.885581,0.460261,-0.062496,-0.955603,0.279713,-0.092644,-0.981839,0.140836,-0.127110,-0.989191,0.050270,-0.137743,-0.995225,0.003230,-0.097557,
		-0.886641,0.461986,-0.020897,-0.950159,0.309992,-0.033211,-0.981604,0.174962,-0.076428,-0.990484,0.062461,-0.122640,-0.989080,-0.027361,-0.144817
	],

	"faces": [
		32 ,0,1,5 ,0,1,5,
		32 ,5,1,6 ,5,1,6,
		32 ,5,6,10 ,5,6,10,
		32 ,10,6,11 ,10,6,11,
		32 ,10,11,15 ,10,11,15,
		32 ,15,11,16 ,15,11,16,
		32 ,15,16,20 ,15,16,20,
		32 ,20,16,21 ,20,16,21,
		32 ,1,2,6 ,1,2,6,
		32 ,6,2,7 ,6,2,7,
		32 ,6,7,11 ,6,7,11,
		32 ,11,7,12 ,11,7,12,
		32 ,11,12,16 ,11,12,16,
		32 ,16,12,17 ,16,12,17,
		32 ,16,17,21 ,16,17,21,
		32 ,21,17,22 ,21,17,22,
		32 ,2,3,7 ,2,3,7,
		32 ,7,3,8 ,7,3,8,
		32 ,7,8,12 ,7,8,12,
		32 ,12,8,13 ,12,8,13,
		32 ,12,13,17 ,12,13,17,
		32 ,17,13,18 ,17,13,18,
		32 ,17,18,22 ,17,18,22,
		32 ,22,18,23 ,22,18,23,
		32 ,3,4,8 ,3,4,8,
		32 ,8,4,9 ,8,4,9,
		32 ,8,9,13 ,8,9,13,
		32 ,13,9,14 ,13,9,14,
		32 ,13,14,18 ,13,14,18,
		32 ,18,14,19 ,18,14,19,
		32 ,18,19,23 ,18,19,23,
		32 ,23,19,24 ,23,19,24
	]

}
