{
	"metadata" : {
		"formatVersion" : 3,
		"description" : "Exported from LibZinc."
	},

	"vertices" : [
		426.877411,245.160904,-1865.161987,429.432892,244.094635,-1865.815796,435.054962,241.748856,-1867.254028,440.677002,239.403061,-1868.692261,443.232513,238.336807,-1869.345947,423.358490,236.064667,-1864.410522,426.521698,234.701172,-1864.989014,432.421021,232.207047,-1866.471558,438.372467,229.734634,-1867.947388,441.691956,228.436234,-1868.505249,
		419.738495,225.901764,-1863.193848,423.980347,224.023926,-1863.906494,429.885742,221.608688,-1864.920044,435.860931,219.186783,-1865.923218,440.312164,217.288956,-1866.604370,416.972321,215.034515,-1860.170776,422.151947,212.657532,-1861.072144,428.014679,210.326797,-1861.599365,433.949707,207.955811,-1862.116455,439.346283,205.458038,-1862.987793,
		416.014801,203.825195,-1854.000000,421.379639,201.196640,-1854.989868,427.373505,198.734451,-1855.509155,433.446198,196.237961,-1856.023682,439.047485,193.506500,-1857.000000
	],

	"normals" : [
		0.000000,-0.000000,0.000000,-0.264322,-0.042758,-0.963486,-0.251381,-0.009070,-0.967846,-0.239341,0.021533,-0.970697,-0.986049,0.165880,-0.013823,0.134157,-0.128739,-0.982562,-0.232597,-0.003801,-0.972566,-0.258473,-0.026991,-0.965641,-0.247621,-0.061922,-0.966876,0.140684,-0.136421,-0.980611,
		-0.208557,-0.108182,-0.972009,-0.211192,-0.106739,-0.971599,-0.225588,-0.151405,-0.962386,-0.235794,-0.196109,-0.951810,-0.216637,-0.196039,-0.956367,-0.376934,-0.279348,-0.883111,-0.235676,-0.309056,-0.921380,-0.202593,-0.338850,-0.918769,-0.247153,-0.352792,-0.902471,-0.374877,-0.319651,-0.870224,
		-0.494175,-0.519035,-0.697419,-0.330015,-0.551825,-0.765885,-0.272450,-0.539162,-0.796916,-0.312527,-0.510779,-0.800894,-0.463234,-0.473132,-0.749373
	],

	"faces": [
		32 ,0,1,5 ,0,1,5,
		32 ,5,1,6 ,5,1,6,
		32 ,5,6,10 ,5,6,10,
		32 ,10,6,11 ,10,6,11,
		32 ,10,11,15 ,10,11,15,
		32 ,15,11,16 ,15,11,16,
		32 ,15,16,20 ,15,16,20,
		32 ,20,16,21 ,20,16,21,
		32 ,1,2,6 ,1,2,6,
		32 ,6,2,7 ,6,2,7,
		32 ,6,7,11 ,6,7,11,
		32 ,11,7,12 ,11,7,12,
		32 ,11,12,16 ,11,12,16,
		32 ,16,12,17 ,16,12,17,
		32 ,16,17,21 ,16,17,21,
		32 ,21,17,22 ,21,17,22,
		32 ,2,3,7 ,2,3,7,
		32 ,7,3,8 ,7,3,8,
		32 ,7,8,12 ,7,8,12,
		32 ,12,8,13 ,12,8,13,
		32 ,12,13,17 ,12,13,17,
		32 ,17,13,18 ,17,13,18,
		32 ,17,18,22 ,17,18,22,
		32 ,22,18,23 ,22,18,23,
		32 ,3,4,8 ,3,4,8,
		32 ,8,4,9 ,8,4,9,
		32 ,8,9,13 ,8,9,13,
		32 ,13,9,14 ,13,9,14,
		32 ,13,14,18 ,13,14,18,
		32 ,18,14,19 ,18,14,19,
		32 ,18,19,23 ,18,19,23,
		32 ,23,19,24 ,23,19,24
	]

}
