{
	"metadata" : {
		"formatVersion" : 3,
		"description" : "Exported from LibZinc."
	},

	"vertices" : [
		360.408508,48.417240,-700.041809,378.744171,50.635735,-699.948853,396.109436,55.720482,-699.924561,411.972229,63.508995,-699.928101,425.800507,73.838783,-699.918579,360.765808,48.334332,-687.495605,379.131989,51.153286,-687.356140,396.519928,56.814049,-687.305725,412.344025,65.136543,-687.299500,426.018768,75.940704,-687.292358,
		361.089996,48.097462,-674.969543,379.338531,51.773346,-674.803467,396.525146,58.293144,-674.742554,412.023926,67.385628,-674.741943,425.208954,78.779549,-674.756714,361.370880,47.764332,-662.458191,379.380829,52.428852,-662.297852,396.169891,59.973969,-662.260315,411.124603,69.972610,-662.293701,423.631439,81.997719,-662.346008,
		361.598297,47.392639,-649.956116,379.275940,53.052750,-649.846497,395.498962,61.672718,-649.884583,409.758698,72.613884,-649.993103,421.546509,85.237587,-650.094482
	],

	"normals" : [
		0.039191,-0.999232,-0.000098,0.200739,-0.979279,0.026768,0.360547,-0.931704,0.043974,0.519095,-0.853168,0.051435,0.673704,-0.737279,0.050422,0.071677,-0.997308,-0.015444,0.230757,-0.972212,0.039442,0.385857,-0.918171,0.089865,0.538045,-0.832687,0.130924,0.685594,-0.709918,0.161172,
		0.116003,-0.992904,-0.026188,0.276701,-0.959805,0.047025,0.427476,-0.895838,0.121405,0.570070,-0.800186,0.186340,0.705030,-0.668957,0.235435,0.165372,-0.985715,-0.031918,0.332121,-0.941909,0.050034,0.479603,-0.866254,0.139946,0.610403,-0.760835,0.220316,0.729212,-0.625477,0.277539,
		0.212831,-0.976552,-0.032403,0.390920,-0.919132,0.048777,0.536822,-0.830867,0.146569,0.654131,-0.718907,0.235130,0.753823,-0.588994,0.291267
	],

	"faces": [
		32 ,0,1,5 ,0,1,5,
		32 ,5,1,6 ,5,1,6,
		32 ,5,6,10 ,5,6,10,
		32 ,10,6,11 ,10,6,11,
		32 ,10,11,15 ,10,11,15,
		32 ,15,11,16 ,15,11,16,
		32 ,15,16,20 ,15,16,20,
		32 ,20,16,21 ,20,16,21,
		32 ,1,2,6 ,1,2,6,
		32 ,6,2,7 ,6,2,7,
		32 ,6,7,11 ,6,7,11,
		32 ,11,7,12 ,11,7,12,
		32 ,11,12,16 ,11,12,16,
		32 ,16,12,17 ,16,12,17,
		32 ,16,17,21 ,16,17,21,
		32 ,21,17,22 ,21,17,22,
		32 ,2,3,7 ,2,3,7,
		32 ,7,3,8 ,7,3,8,
		32 ,7,8,12 ,7,8,12,
		32 ,12,8,13 ,12,8,13,
		32 ,12,13,17 ,12,13,17,
		32 ,17,13,18 ,17,13,18,
		32 ,17,18,22 ,17,18,22,
		32 ,22,18,23 ,22,18,23,
		32 ,3,4,8 ,3,4,8,
		32 ,8,4,9 ,8,4,9,
		32 ,8,9,13 ,8,9,13,
		32 ,13,9,14 ,13,9,14,
		32 ,13,14,18 ,13,14,18,
		32 ,18,14,19 ,18,14,19,
		32 ,18,19,23 ,18,19,23,
		32 ,23,19,24 ,23,19,24
	]

}
