{
	"metadata" : {
		"formatVersion" : 3,
		"description" : "Exported from LibZinc."
	},

	"vertices" : [
		431.087006,232.598206,-700.000000,426.307404,242.812958,-699.988770,421.052094,252.265274,-699.996277,414.913239,261.650543,-700.005615,407.483093,271.664093,-700.000000,433.002197,233.331665,-687.587891,427.925079,243.320496,-687.559753,422.331177,252.579727,-687.550415,415.837433,261.790192,-687.546204,408.060791,271.632660,-687.533325,
		434.270630,233.716202,-675.089172,428.981323,243.527649,-675.076233,423.133362,252.661865,-675.092957,416.382507,261.771240,-675.113831,408.384552,271.508209,-675.113281,434.969879,233.797638,-662.545837,429.551392,243.487732,-662.559631,423.553802,252.565384,-662.615173,416.660522,261.647064,-662.672546,408.554840,271.349182,-662.691956,
		435.177490,233.621796,-650.000000,429.710510,243.254028,-650.031616,423.687714,252.343994,-650.108337,416.783478,261.470947,-650.186218,408.672211,271.214111,-650.221313
	],

	"normals" : [
		0.900365,0.389435,-0.194121,0.879474,0.447927,-0.160896,0.849005,0.513576,-0.124222,0.815890,0.571767,-0.086062,0.788436,0.613223,-0.048234,0.897727,0.420211,-0.132326,0.869627,0.482214,-0.105923,0.833800,0.546679,-0.076944,0.798573,0.599946,-0.048442,0.771967,0.635266,-0.022460,
		0.893677,0.442018,-0.077211,0.860375,0.506338,-0.058116,0.821533,0.568859,-0.038505,0.786223,0.617592,-0.020851,0.761617,0.647998,-0.006221,0.889314,0.456362,-0.029218,0.853856,0.520199,-0.017948,0.814562,0.580003,-0.009246,0.780242,0.625469,-0.003403,0.757084,0.653317,0.000501,
		0.885450,0.464589,0.011592,0.851962,0.523402,0.014515,0.814826,0.579604,0.010852,0.781556,0.623823,0.004014,0.757700,0.652599,-0.002127
	],

	"faces": [
		32 ,0,1,5 ,0,1,5,
		32 ,5,1,6 ,5,1,6,
		32 ,5,6,10 ,5,6,10,
		32 ,10,6,11 ,10,6,11,
		32 ,10,11,15 ,10,11,15,
		32 ,15,11,16 ,15,11,16,
		32 ,15,16,20 ,15,16,20,
		32 ,20,16,21 ,20,16,21,
		32 ,1,2,6 ,1,2,6,
		32 ,6,2,7 ,6,2,7,
		32 ,6,7,11 ,6,7,11,
		32 ,11,7,12 ,11,7,12,
		32 ,11,12,16 ,11,12,16,
		32 ,16,12,17 ,16,12,17,
		32 ,16,17,21 ,16,17,21,
		32 ,21,17,22 ,21,17,22,
		32 ,2,3,7 ,2,3,7,
		32 ,7,3,8 ,7,3,8,
		32 ,7,8,12 ,7,8,12,
		32 ,12,8,13 ,12,8,13,
		32 ,12,13,17 ,12,13,17,
		32 ,17,13,18 ,17,13,18,
		32 ,17,18,22 ,17,18,22,
		32 ,22,18,23 ,22,18,23,
		32 ,3,4,8 ,3,4,8,
		32 ,8,4,9 ,8,4,9,
		32 ,8,9,13 ,8,9,13,
		32 ,13,9,14 ,13,9,14,
		32 ,13,14,18 ,13,14,18,
		32 ,18,14,19 ,18,14,19,
		32 ,18,19,23 ,18,19,23,
		32 ,23,19,24 ,23,19,24
	]

}
