{
	"metadata" : {
		"formatVersion" : 3,
		"description" : "Exported from LibZinc."
	},

	"vertices" : [
		443.232513,238.336807,-1869.345947,445.683502,236.845001,-1869.768066,451.075714,233.563049,-1870.696533,456.467896,230.281097,-1871.625000,458.918915,228.789307,-1872.046997,441.691956,228.436234,-1868.505249,444.784271,226.748199,-1868.969971,450.226776,223.439484,-1870.226440,455.594360,220.161255,-1871.454834,458.461823,218.564682,-1871.834839,
		440.312164,217.288956,-1866.604370,444.378021,215.032440,-1867.465576,449.472839,211.841415,-1868.838013,454.416626,208.707031,-1870.154297,458.029327,206.620438,-1870.846802,439.346283,205.458038,-1862.987793,444.223877,202.608002,-1864.291382,448.961151,199.473221,-1865.728638,453.486023,196.406693,-1867.097656,457.726410,193.761429,-1868.197021,
		439.047485,193.506500,-1857.000000,444.081116,190.385178,-1858.484253,448.839081,187.039276,-1860.095459,453.353912,183.748505,-1861.658936,457.657990,180.792496,-1863.000000
	],

	"normals" : [
		0.000000,-0.000000,0.000000,-0.202294,-0.055763,-0.977736,-0.177642,-0.013488,-0.984003,-0.152661,0.028648,-0.987863,0.996959,-0.046792,0.062310,0.140684,-0.136421,-0.980611,-0.249314,-0.072705,-0.965690,-0.259845,-0.050323,-0.964338,-0.222908,-0.033644,-0.974259,0.353171,-0.052229,-0.934100,
		-0.216637,-0.196039,-0.956367,-0.332064,-0.159214,-0.929723,-0.347044,-0.143161,-0.926858,-0.313435,-0.133048,-0.940243,-0.134856,-0.126873,-0.982709,-0.374877,-0.319651,-0.870224,-0.433339,-0.292155,-0.852562,-0.450165,-0.275267,-0.849459,-0.425132,-0.264454,-0.865637,-0.344519,-0.255998,-0.903201,
		-0.463234,-0.473132,-0.749373,-0.530872,-0.444673,-0.721416,-0.557167,-0.423730,-0.714156,-0.543389,-0.413512,-0.730573,-0.480103,-0.413513,-0.773633
	],

	"faces": [
		32 ,0,1,5 ,0,1,5,
		32 ,5,1,6 ,5,1,6,
		32 ,5,6,10 ,5,6,10,
		32 ,10,6,11 ,10,6,11,
		32 ,10,11,15 ,10,11,15,
		32 ,15,11,16 ,15,11,16,
		32 ,15,16,20 ,15,16,20,
		32 ,20,16,21 ,20,16,21,
		32 ,1,2,6 ,1,2,6,
		32 ,6,2,7 ,6,2,7,
		32 ,6,7,11 ,6,7,11,
		32 ,11,7,12 ,11,7,12,
		32 ,11,12,16 ,11,12,16,
		32 ,16,12,17 ,16,12,17,
		32 ,16,17,21 ,16,17,21,
		32 ,21,17,22 ,21,17,22,
		32 ,2,3,7 ,2,3,7,
		32 ,7,3,8 ,7,3,8,
		32 ,7,8,12 ,7,8,12,
		32 ,12,8,13 ,12,8,13,
		32 ,12,13,17 ,12,13,17,
		32 ,17,13,18 ,17,13,18,
		32 ,17,18,22 ,17,18,22,
		32 ,22,18,23 ,22,18,23,
		32 ,3,4,8 ,3,4,8,
		32 ,8,4,9 ,8,4,9,
		32 ,8,9,13 ,8,9,13,
		32 ,13,9,14 ,13,9,14,
		32 ,13,14,18 ,13,14,18,
		32 ,18,14,19 ,18,14,19,
		32 ,18,19,23 ,18,19,23,
		32 ,23,19,24 ,23,19,24
	]

}
