{
	"metadata" : {
		"formatVersion" : 3,
		"description" : "Exported from LibZinc."
	},

	"vertices" : [
		363.020508,312.914886,-650.000000,346.247803,322.352600,-649.973877,326.949158,330.243195,-649.970703,306.195343,335.757538,-649.982178,285.057098,338.066498,-650.000000,363.456787,313.312653,-637.514221,346.608551,322.637085,-637.460510,327.183563,330.271973,-637.423340,306.277649,335.526581,-637.411682,284.986694,337.710236,-637.434570,
		363.746277,313.405151,-625.020569,346.768829,322.443909,-624.945251,327.229492,329.696747,-624.886841,306.233063,334.608398,-624.865967,284.884399,336.623688,-624.903259,363.914978,313.238495,-612.516663,346.764160,321.803345,-612.431274,327.124115,328.522858,-612.372070,306.096588,332.983826,-612.362854,284.783417,334.773010,-612.427368,
		363.988892,312.858612,-600.000000,346.630096,320.745636,-599.921448,326.904572,326.755768,-599.889771,305.903198,330.633759,-599.920227,284.716888,332.124298,-600.028015
	],

	"normals" : [
		0.547185,0.834819,-0.060554,0.434437,0.899037,-0.054745,0.320511,0.946642,-0.033796,0.188281,0.982057,-0.010657,0.020493,0.999790,0.000263,0.547047,0.836505,-0.031610,0.424690,0.905265,-0.011577,0.306805,0.951611,0.017519,0.177133,0.983179,0.044539,0.019637,0.998177,0.057064,
		0.536539,0.843849,-0.006628,0.407785,0.912636,0.028424,0.288499,0.955093,0.067571,0.163389,0.981418,0.100609,0.017529,0.993058,0.116310,0.515576,0.856722,0.014419,0.382748,0.921548,0.065214,0.264289,0.957411,0.116260,0.145912,0.976707,0.157331,0.013803,0.984008,0.177587,
		0.483691,0.874670,0.031545,0.348345,0.932141,0.098834,0.232713,0.958695,0.163552,0.123508,0.968894,0.214452,0.008086,0.970648,0.240368
	],

	"faces": [
		32 ,0,1,5 ,0,1,5,
		32 ,5,1,6 ,5,1,6,
		32 ,5,6,10 ,5,6,10,
		32 ,10,6,11 ,10,6,11,
		32 ,10,11,15 ,10,11,15,
		32 ,15,11,16 ,15,11,16,
		32 ,15,16,20 ,15,16,20,
		32 ,20,16,21 ,20,16,21,
		32 ,1,2,6 ,1,2,6,
		32 ,6,2,7 ,6,2,7,
		32 ,6,7,11 ,6,7,11,
		32 ,11,7,12 ,11,7,12,
		32 ,11,12,16 ,11,12,16,
		32 ,16,12,17 ,16,12,17,
		32 ,16,17,21 ,16,17,21,
		32 ,21,17,22 ,21,17,22,
		32 ,2,3,7 ,2,3,7,
		32 ,7,3,8 ,7,3,8,
		32 ,7,8,12 ,7,8,12,
		32 ,12,8,13 ,12,8,13,
		32 ,12,13,17 ,12,13,17,
		32 ,17,13,18 ,17,13,18,
		32 ,17,18,22 ,17,18,22,
		32 ,22,18,23 ,22,18,23,
		32 ,3,4,8 ,3,4,8,
		32 ,8,4,9 ,8,4,9,
		32 ,8,9,13 ,8,9,13,
		32 ,13,9,14 ,13,9,14,
		32 ,13,14,18 ,13,14,18,
		32 ,18,14,19 ,18,14,19,
		32 ,18,19,23 ,18,19,23,
		32 ,23,19,24 ,23,19,24
	]

}
