{
	"metadata" : {
		"formatVersion" : 3,
		"description" : "Exported from LibZinc."
	},

	"vertices" : [
		109.769699,179.126801,-599.721680,110.451416,163.716553,-599.849365,113.058517,148.164932,-600.055298,117.359230,132.991623,-600.268982,123.121803,118.716301,-600.420227,110.053581,179.331589,-587.223206,110.605850,164.416901,-587.341980,112.739578,149.492004,-587.525269,116.265175,134.882828,-587.699707,120.993034,120.915276,-587.791931,
		110.165077,179.662872,-574.763428,110.569252,165.314774,-574.860901,112.123734,151.112640,-574.998657,114.741798,137.144760,-575.115234,118.336693,123.499496,-575.149170,110.146393,180.028152,-562.312134,110.394424,166.296265,-562.387207,111.389046,152.841553,-562.479065,113.131386,139.524872,-562.543152,115.622604,126.207039,-562.535034,
		110.039703,180.334900,-549.839294,110.134186,167.247421,-549.902161,110.713547,154.493530,-549.970032,111.776207,141.770584,-550.010864,113.320602,128.776001,-549.992676
	],

	"normals" : [
		-0.999261,0.023472,0.030432,-0.993837,-0.107744,0.026074,-0.975293,-0.220641,0.011046,-0.946043,-0.323654,-0.015866,-0.903683,-0.424274,-0.057876,-0.999684,0.020312,0.014818,-0.995753,-0.091517,0.009989,-0.981781,-0.189324,-0.016213,-0.959021,-0.277464,-0.057382,-0.926227,-0.360046,-0.111667,
		-0.999900,0.013878,0.002757,-0.997586,-0.069343,-0.003829,-0.988505,-0.146931,-0.035631,-0.972078,-0.218980,-0.084331,-0.947083,-0.285699,-0.146323,-0.999942,0.008994,-0.005850,-0.998853,-0.045623,-0.014517,-0.993846,-0.101484,-0.044392,-0.983476,-0.156339,-0.091283,-0.965933,-0.207824,-0.154216,
		-0.999875,0.011158,-0.011155,-0.999441,-0.026069,-0.020947,-0.997172,-0.064363,-0.038793,-0.992325,-0.100918,-0.071466,-0.982940,-0.133146,-0.126887
	],

	"faces": [
		32 ,0,1,5 ,0,1,5,
		32 ,5,1,6 ,5,1,6,
		32 ,5,6,10 ,5,6,10,
		32 ,10,6,11 ,10,6,11,
		32 ,10,11,15 ,10,11,15,
		32 ,15,11,16 ,15,11,16,
		32 ,15,16,20 ,15,16,20,
		32 ,20,16,21 ,20,16,21,
		32 ,1,2,6 ,1,2,6,
		32 ,6,2,7 ,6,2,7,
		32 ,6,7,11 ,6,7,11,
		32 ,11,7,12 ,11,7,12,
		32 ,11,12,16 ,11,12,16,
		32 ,16,12,17 ,16,12,17,
		32 ,16,17,21 ,16,17,21,
		32 ,21,17,22 ,21,17,22,
		32 ,2,3,7 ,2,3,7,
		32 ,7,3,8 ,7,3,8,
		32 ,7,8,12 ,7,8,12,
		32 ,12,8,13 ,12,8,13,
		32 ,12,13,17 ,12,13,17,
		32 ,17,13,18 ,17,13,18,
		32 ,17,18,22 ,17,18,22,
		32 ,22,18,23 ,22,18,23,
		32 ,3,4,8 ,3,4,8,
		32 ,8,4,9 ,8,4,9,
		32 ,8,9,13 ,8,9,13,
		32 ,13,9,14 ,13,9,14,
		32 ,13,14,18 ,13,14,18,
		32 ,18,14,19 ,18,14,19,
		32 ,18,19,23 ,18,19,23,
		32 ,23,19,24 ,23,19,24
	]

}
