{
	"metadata" : {
		"formatVersion" : 3,
		"description" : "Exported from LibZinc."
	},

	"vertices" : [
		473.721985,221.056000,-1873.552979,475.620575,221.001602,-1873.612915,480.102600,220.887695,-1873.583252,485.347687,220.788269,-1873.150269,489.535309,220.777298,-1872.000000,473.585297,211.363556,-1873.549072,475.880249,211.228760,-1873.333252,480.341125,210.964157,-1873.089722,485.392700,210.759949,-1872.454224,489.459717,210.806290,-1871.062256,
		473.457367,199.577805,-1873.003052,476.557648,198.923904,-1872.758667,480.725189,198.326828,-1872.227051,485.127960,197.977295,-1871.172363,488.933960,198.066071,-1869.358643,473.361328,186.576614,-1870.843750,477.165283,185.374634,-1870.608887,480.995972,184.457581,-1869.769165,484.731018,184.005325,-1868.249634,488.248199,184.197723,-1865.975708,
		473.320312,173.237793,-1866.000000,477.215729,171.868484,-1865.603271,480.894684,170.838348,-1864.489624,484.379578,170.409042,-1862.631226,487.692688,170.842300,-1860.000000
	],

	"normals" : [
		0.000000,-0.000000,0.000000,-0.021156,-0.068750,-0.997410,0.032456,-0.088203,-0.995574,0.144014,-0.086942,-0.985749,0.467068,-0.079825,-0.880611,0.425940,-0.013345,-0.904653,0.045286,-0.016751,-0.998834,0.073159,-0.038704,-0.996569,0.191854,-0.070522,-0.978887,0.530028,-0.100509,-0.842002,
		0.052541,-0.093578,-0.994225,0.077437,-0.082583,-0.993571,0.155832,-0.101682,-0.982536,0.304318,-0.141112,-0.942061,0.579931,-0.168304,-0.797091,-0.093432,-0.240580,-0.966122,0.065771,-0.235424,-0.969665,0.242391,-0.243729,-0.939065,0.433671,-0.263672,-0.861630,0.626974,-0.268621,-0.731263,
		-0.148263,-0.438754,-0.886292,0.022500,-0.465584,-0.884718,0.249136,-0.469663,-0.846964,0.491380,-0.437827,-0.752896,0.687592,-0.390911,-0.611887
	],

	"faces": [
		32 ,0,1,5 ,0,1,5,
		32 ,5,1,6 ,5,1,6,
		32 ,5,6,10 ,5,6,10,
		32 ,10,6,11 ,10,6,11,
		32 ,10,11,15 ,10,11,15,
		32 ,15,11,16 ,15,11,16,
		32 ,15,16,20 ,15,16,20,
		32 ,20,16,21 ,20,16,21,
		32 ,1,2,6 ,1,2,6,
		32 ,6,2,7 ,6,2,7,
		32 ,6,7,11 ,6,7,11,
		32 ,11,7,12 ,11,7,12,
		32 ,11,12,16 ,11,12,16,
		32 ,16,12,17 ,16,12,17,
		32 ,16,17,21 ,16,17,21,
		32 ,21,17,22 ,21,17,22,
		32 ,2,3,7 ,2,3,7,
		32 ,7,3,8 ,7,3,8,
		32 ,7,8,12 ,7,8,12,
		32 ,12,8,13 ,12,8,13,
		32 ,12,13,17 ,12,13,17,
		32 ,17,13,18 ,17,13,18,
		32 ,17,18,22 ,17,18,22,
		32 ,22,18,23 ,22,18,23,
		32 ,3,4,8 ,3,4,8,
		32 ,8,4,9 ,8,4,9,
		32 ,8,9,13 ,8,9,13,
		32 ,13,9,14 ,13,9,14,
		32 ,13,14,18 ,13,14,18,
		32 ,18,14,19 ,18,14,19,
		32 ,18,19,23 ,18,19,23,
		32 ,23,19,24 ,23,19,24
	]

}
