{
	"metadata" : {
		"formatVersion" : 3,
		"description" : "Exported from LibZinc."
	},

	"vertices" : [
		208.606201,41.673241,-600.155273,226.373627,39.970558,-600.066101,245.374161,40.277447,-599.969360,265.042633,41.149830,-599.926697,284.813812,41.143631,-600.000000,205.181198,41.568523,-587.662842,223.743546,39.456249,-587.574036,243.618484,39.067078,-587.494751,264.153290,39.320614,-587.457764,284.695221,39.136467,-587.495850,
		201.040955,41.554501,-575.227234,220.511200,39.110851,-575.120544,241.461792,38.208141,-575.015076,263.091431,38.050274,-574.936829,284.598816,37.841156,-574.912109,196.418732,41.613510,-562.804565,216.908539,38.921581,-562.668335,239.058929,37.673248,-562.520813,261.921722,37.269199,-562.390625,284.548798,37.110146,-562.306641,
		191.547806,41.727901,-550.351074,213.167465,38.875656,-550.180115,236.564667,37.434998,-550.002563,260.708801,36.907784,-549.845825,284.569305,36.795879,-549.737183
	],

	"normals" : [
		-0.184258,-0.981273,-0.056152,-0.024409,-0.998325,-0.052458,0.042893,-0.993447,-0.105937,0.033466,-0.985414,-0.166849,-0.047760,-0.980520,-0.190525,-0.184599,-0.980914,-0.061075,-0.055031,-0.997362,-0.047329,0.005762,-0.996667,-0.081378,0.010353,-0.992559,-0.121328,-0.037749,-0.990960,-0.128740,
		-0.184493,-0.980771,-0.063641,-0.075212,-0.996278,-0.042113,-0.018260,-0.998107,-0.058720,-0.002126,-0.996727,-0.080809,-0.023574,-0.996650,-0.078313,-0.182879,-0.981094,-0.063327,-0.086459,-0.995642,-0.034962,-0.031775,-0.998817,-0.036800,-0.007703,-0.998944,-0.045284,-0.010548,-0.999163,-0.039519,
		-0.178921,-0.982046,-0.059767,-0.090379,-0.995588,-0.025242,-0.037487,-0.999179,-0.015340,-0.009699,-0.999842,-0.014880,-0.002967,-0.999919,-0.012358
	],

	"faces": [
		32 ,0,1,5 ,0,1,5,
		32 ,5,1,6 ,5,1,6,
		32 ,5,6,10 ,5,6,10,
		32 ,10,6,11 ,10,6,11,
		32 ,10,11,15 ,10,11,15,
		32 ,15,11,16 ,15,11,16,
		32 ,15,16,20 ,15,16,20,
		32 ,20,16,21 ,20,16,21,
		32 ,1,2,6 ,1,2,6,
		32 ,6,2,7 ,6,2,7,
		32 ,6,7,11 ,6,7,11,
		32 ,11,7,12 ,11,7,12,
		32 ,11,12,16 ,11,12,16,
		32 ,16,12,17 ,16,12,17,
		32 ,16,17,21 ,16,17,21,
		32 ,21,17,22 ,21,17,22,
		32 ,2,3,7 ,2,3,7,
		32 ,7,3,8 ,7,3,8,
		32 ,7,8,12 ,7,8,12,
		32 ,12,8,13 ,12,8,13,
		32 ,12,13,17 ,12,13,17,
		32 ,17,13,18 ,17,13,18,
		32 ,17,18,22 ,17,18,22,
		32 ,22,18,23 ,22,18,23,
		32 ,3,4,8 ,3,4,8,
		32 ,8,4,9 ,8,4,9,
		32 ,8,9,13 ,8,9,13,
		32 ,13,9,14 ,13,9,14,
		32 ,13,14,18 ,13,14,18,
		32 ,18,14,19 ,18,14,19,
		32 ,18,19,23 ,18,19,23,
		32 ,23,19,24 ,23,19,24
	]

}
