{
	"metadata" : {
		"formatVersion" : 3,
		"description" : "Exported from LibZinc."
	},

	"vertices" : [
		436.075287,233.090805,-600.000000,431.133331,243.164398,-599.995361,425.475006,252.777740,-599.995300,418.791626,262.386749,-599.997620,410.774597,272.447388,-600.000000,436.875305,233.117142,-587.516235,431.996063,243.391342,-587.511475,426.339996,253.185440,-587.511292,419.625793,262.936890,-587.512939,411.572235,273.083160,-587.513733,
		437.503326,232.905457,-575.025940,432.575775,243.341446,-575.019470,426.882507,253.325287,-575.019897,420.142700,263.247345,-575.023865,412.075592,273.498047,-575.027893,437.903198,232.436462,-562.522644,432.831512,242.974731,-562.510010,427.049957,253.127686,-562.508484,420.272980,263.229523,-562.515381,412.215057,273.614441,-562.528076,
		438.018799,231.690903,-550.000000,432.722229,242.251221,-549.973816,426.789795,252.523056,-549.964111,419.947449,262.794800,-549.972412,411.921112,273.354797,-550.000000
	],

	"normals" : [
		0.910404,0.408128,-0.067799,0.877830,0.471733,-0.082964,0.838180,0.537906,-0.090059,0.797380,0.596345,-0.092506,0.761718,0.641174,-0.093175,0.917468,0.394614,-0.050326,0.884372,0.463520,-0.055099,0.843480,0.533762,-0.060334,0.801014,0.595074,-0.065298,0.763712,0.641946,-0.068183,
		0.918377,0.394728,-0.027810,0.887404,0.460432,-0.022714,0.848150,0.529214,-0.023950,0.805772,0.591505,-0.029235,0.766448,0.641367,-0.034738,0.914026,0.405656,0.000073,0.886132,0.463214,0.014254,0.850231,0.526069,0.018910,0.810119,0.586062,0.015467,0.770731,0.637122,0.007033,
		0.904763,0.424602,0.033424,0.879632,0.472366,0.055843,0.847829,0.525898,0.067957,0.812405,0.579082,0.068281,0.777070,0.626853,0.056721
	],

	"faces": [
		32 ,0,1,5 ,0,1,5,
		32 ,5,1,6 ,5,1,6,
		32 ,5,6,10 ,5,6,10,
		32 ,10,6,11 ,10,6,11,
		32 ,10,11,15 ,10,11,15,
		32 ,15,11,16 ,15,11,16,
		32 ,15,16,20 ,15,16,20,
		32 ,20,16,21 ,20,16,21,
		32 ,1,2,6 ,1,2,6,
		32 ,6,2,7 ,6,2,7,
		32 ,6,7,11 ,6,7,11,
		32 ,11,7,12 ,11,7,12,
		32 ,11,12,16 ,11,12,16,
		32 ,16,12,17 ,16,12,17,
		32 ,16,17,21 ,16,17,21,
		32 ,21,17,22 ,21,17,22,
		32 ,2,3,7 ,2,3,7,
		32 ,7,3,8 ,7,3,8,
		32 ,7,8,12 ,7,8,12,
		32 ,12,8,13 ,12,8,13,
		32 ,12,13,17 ,12,13,17,
		32 ,17,13,18 ,17,13,18,
		32 ,17,18,22 ,17,18,22,
		32 ,22,18,23 ,22,18,23,
		32 ,3,4,8 ,3,4,8,
		32 ,8,4,9 ,8,4,9,
		32 ,8,9,13 ,8,9,13,
		32 ,13,9,14 ,13,9,14,
		32 ,13,14,18 ,13,14,18,
		32 ,18,14,19 ,18,14,19,
		32 ,18,19,23 ,18,19,23,
		32 ,23,19,24 ,23,19,24
	]

}
