{
	"metadata" : {
		"formatVersion" : 3,
		"description" : "Exported from LibZinc."
	},

	"vertices" : [
		489.535309,220.777298,-1872.000000,492.076324,220.914474,-1870.081177,493.474243,221.300171,-1867.746826,493.547638,222.069366,-1865.289062,492.114990,223.356995,-1863.000000,489.459717,210.806290,-1871.062256,492.017853,211.152496,-1868.860718,493.463959,211.807312,-1866.220093,493.604675,212.900101,-1863.410889,492.246521,214.560242,-1860.703735,
		488.933960,198.066071,-1869.358643,491.704071,198.656784,-1866.765015,493.387695,199.739655,-1863.699707,493.735626,201.395309,-1860.421021,492.498627,203.704376,-1857.187134,488.248199,184.197723,-1865.975708,491.214600,185.108475,-1862.985474,493.174988,186.704041,-1859.519653,493.823608,189.003372,-1855.807251,492.854706,192.025421,-1852.076904,
		487.692688,170.842300,-1860.000000,490.629028,172.188675,-1856.713989,492.755341,174.307281,-1853.014282,493.751709,177.172684,-1849.057373,493.298187,180.759399,-1845.000000
	],

	"normals" : [
		0.467068,-0.079825,-0.880611,0.738190,-0.080931,-0.669721,0.956213,-0.047241,-0.288834,0.969449,0.045428,0.241049,0.735218,0.168184,0.656634,0.530028,-0.100509,-0.842002,0.776930,-0.096649,-0.622124,0.961234,-0.049696,-0.271218,0.982772,0.050045,0.177920,0.813756,0.173084,0.554835,
		0.579931,-0.168304,-0.797091,0.796354,-0.148387,-0.586346,0.956454,-0.080777,-0.280482,0.994426,0.040233,0.097457,0.880167,0.185442,0.436941,0.626974,-0.268621,-0.731263,0.811763,-0.227699,-0.537767,0.949725,-0.135914,-0.282045,0.999716,0.011649,0.020795,0.933690,0.189196,0.304020,
		0.687592,-0.390911,-0.611887,0.831039,-0.330906,-0.447073,0.942423,-0.218000,-0.253606,0.997973,-0.047655,-0.042186,0.975080,0.161240,0.152381
	],

	"faces": [
		32 ,0,1,5 ,0,1,5,
		32 ,5,1,6 ,5,1,6,
		32 ,5,6,10 ,5,6,10,
		32 ,10,6,11 ,10,6,11,
		32 ,10,11,15 ,10,11,15,
		32 ,15,11,16 ,15,11,16,
		32 ,15,16,20 ,15,16,20,
		32 ,20,16,21 ,20,16,21,
		32 ,1,2,6 ,1,2,6,
		32 ,6,2,7 ,6,2,7,
		32 ,6,7,11 ,6,7,11,
		32 ,11,7,12 ,11,7,12,
		32 ,11,12,16 ,11,12,16,
		32 ,16,12,17 ,16,12,17,
		32 ,16,17,21 ,16,17,21,
		32 ,21,17,22 ,21,17,22,
		32 ,2,3,7 ,2,3,7,
		32 ,7,3,8 ,7,3,8,
		32 ,7,8,12 ,7,8,12,
		32 ,12,8,13 ,12,8,13,
		32 ,12,13,17 ,12,13,17,
		32 ,17,13,18 ,17,13,18,
		32 ,17,18,22 ,17,18,22,
		32 ,22,18,23 ,22,18,23,
		32 ,3,4,8 ,3,4,8,
		32 ,8,4,9 ,8,4,9,
		32 ,8,9,13 ,8,9,13,
		32 ,13,9,14 ,13,9,14,
		32 ,13,14,18 ,13,14,18,
		32 ,18,14,19 ,18,14,19,
		32 ,18,19,23 ,18,19,23,
		32 ,23,19,24 ,23,19,24
	]

}
