{
	"metadata" : {
		"formatVersion" : 3,
		"description" : "Exported from LibZinc."
	},

	"vertices" : [
		363.988892,312.858612,-600.000000,346.630096,320.745636,-599.921448,326.904572,326.755768,-599.889771,305.903198,330.633759,-599.920227,284.716888,332.124298,-600.028015,363.870483,312.166534,-587.477173,346.330780,319.288879,-587.414368,326.594635,324.581024,-587.409912,305.708771,327.908752,-587.472656,284.719971,329.137878,-587.611572,
		363.490723,311.125610,-574.962830,345.848267,317.520294,-574.913879,326.206757,322.217743,-574.910828,305.530334,325.149872,-574.968689,284.783112,326.248596,-575.102539,362.918488,309.875214,-562.467102,345.245056,315.573792,-562.430786,325.761108,319.721680,-562.415955,305.344330,322.323669,-562.447266,284.872528,323.384521,-562.549255,
		362.222687,308.554810,-550.000000,344.583618,313.583191,-549.975891,325.277771,317.148499,-549.948730,305.127380,319.396729,-549.947205,284.954498,320.473785,-550.000000
	],

	"normals" : [
		0.483691,0.874670,0.031545,0.348345,0.932141,0.098834,0.232713,0.958695,0.163552,0.123508,0.968894,0.214452,0.008086,0.970648,0.240368,0.443971,0.893087,0.072706,0.311787,0.940797,0.133005,0.203247,0.962215,0.181200,0.104823,0.971101,0.214418,0.004368,0.973557,0.228401,
		0.402863,0.909701,0.100725,0.280237,0.947342,0.154952,0.181293,0.964067,0.194184,0.093367,0.971559,0.217613,0.005665,0.974875,0.222681,0.363575,0.924352,0.115703,0.250994,0.953787,0.165201,0.162096,0.965702,0.202843,0.085631,0.970815,0.224022,0.012472,0.974723,0.223068,
		0.329263,0.936845,0.117931,0.220991,0.961384,0.164026,0.140672,0.968107,0.207315,0.077984,0.969188,0.233653,0.025364,0.972969,0.229539
	],

	"faces": [
		32 ,0,1,5 ,0,1,5,
		32 ,5,1,6 ,5,1,6,
		32 ,5,6,10 ,5,6,10,
		32 ,10,6,11 ,10,6,11,
		32 ,10,11,15 ,10,11,15,
		32 ,15,11,16 ,15,11,16,
		32 ,15,16,20 ,15,16,20,
		32 ,20,16,21 ,20,16,21,
		32 ,1,2,6 ,1,2,6,
		32 ,6,2,7 ,6,2,7,
		32 ,6,7,11 ,6,7,11,
		32 ,11,7,12 ,11,7,12,
		32 ,11,12,16 ,11,12,16,
		32 ,16,12,17 ,16,12,17,
		32 ,16,17,21 ,16,17,21,
		32 ,21,17,22 ,21,17,22,
		32 ,2,3,7 ,2,3,7,
		32 ,7,3,8 ,7,3,8,
		32 ,7,8,12 ,7,8,12,
		32 ,12,8,13 ,12,8,13,
		32 ,12,13,17 ,12,13,17,
		32 ,17,13,18 ,17,13,18,
		32 ,17,18,22 ,17,18,22,
		32 ,22,18,23 ,22,18,23,
		32 ,3,4,8 ,3,4,8,
		32 ,8,4,9 ,8,4,9,
		32 ,8,9,13 ,8,9,13,
		32 ,13,9,14 ,13,9,14,
		32 ,13,14,18 ,13,14,18,
		32 ,18,14,19 ,18,14,19,
		32 ,18,19,23 ,18,19,23,
		32 ,23,19,24 ,23,19,24
	]

}
