{
	"metadata" : {
		"formatVersion" : 3,
		"description" : "Exported from LibZinc."
	},

	"vertices" : [
		284.954498,320.473785,-550.000000,264.505951,320.812347,-550.058655,243.627335,320.423370,-550.066833,223.289108,318.820251,-550.041565,204.461700,315.516510,-550.000000,285.015076,317.265137,-537.529968,264.852966,317.832306,-537.573792,244.268600,317.874908,-537.587097,224.160187,316.823151,-537.572510,205.425888,314.107269,-537.532898,
		285.063446,313.804352,-525.111023,265.101990,314.499542,-525.158020,244.754974,315.148041,-525.144897,224.844452,314.888794,-525.096069,206.192505,312.860748,-525.036011,285.100586,310.464966,-512.636536,265.292206,311.213562,-512.703796,245.147552,312.481476,-512.672852,225.401703,313.050873,-512.594910,206.789703,311.703888,-512.521057,
		285.127411,307.620605,-500.000000,265.462738,308.373840,-500.103729,245.507507,310.113953,-500.103668,225.891785,311.343140,-500.051788,207.245605,310.563599,-500.000000
	],

	"normals" : [
		0.025364,0.972969,0.229539,0.002319,0.978131,0.207976,-0.043113,0.981031,0.188995,-0.117303,0.978853,0.167591,-0.233743,0.962559,0.137278,0.030572,0.964191,0.263439,0.018515,0.967941,0.250496,-0.019520,0.977282,0.211043,-0.089613,0.982894,0.160902,-0.204362,0.971935,0.116523,
		0.020148,0.963143,0.268235,0.038587,0.964420,0.261544,0.016665,0.976655,0.214164,-0.050382,0.987092,0.152020,-0.176145,0.978998,0.102641,0.002471,0.969781,0.243963,0.058258,0.968646,0.241517,0.055316,0.978560,0.198392,-0.008914,0.989970,0.140998,-0.149597,0.984118,0.095561,
		-0.013877,0.981623,0.190323,0.073144,0.978996,0.190305,0.085972,0.982743,0.163782,0.024857,0.991496,0.127742,-0.125416,0.987530,0.095159
	],

	"faces": [
		32 ,0,1,5 ,0,1,5,
		32 ,5,1,6 ,5,1,6,
		32 ,5,6,10 ,5,6,10,
		32 ,10,6,11 ,10,6,11,
		32 ,10,11,15 ,10,11,15,
		32 ,15,11,16 ,15,11,16,
		32 ,15,16,20 ,15,16,20,
		32 ,20,16,21 ,20,16,21,
		32 ,1,2,6 ,1,2,6,
		32 ,6,2,7 ,6,2,7,
		32 ,6,7,11 ,6,7,11,
		32 ,11,7,12 ,11,7,12,
		32 ,11,12,16 ,11,12,16,
		32 ,16,12,17 ,16,12,17,
		32 ,16,17,21 ,16,17,21,
		32 ,21,17,22 ,21,17,22,
		32 ,2,3,7 ,2,3,7,
		32 ,7,3,8 ,7,3,8,
		32 ,7,8,12 ,7,8,12,
		32 ,12,8,13 ,12,8,13,
		32 ,12,13,17 ,12,13,17,
		32 ,17,13,18 ,17,13,18,
		32 ,17,18,22 ,17,18,22,
		32 ,22,18,23 ,22,18,23,
		32 ,3,4,8 ,3,4,8,
		32 ,8,4,9 ,8,4,9,
		32 ,8,9,13 ,8,9,13,
		32 ,13,9,14 ,13,9,14,
		32 ,13,14,18 ,13,14,18,
		32 ,18,14,19 ,18,14,19,
		32 ,18,19,23 ,18,19,23,
		32 ,23,19,24 ,23,19,24
	]

}
