{
	"metadata" : {
		"formatVersion" : 3,
		"description" : "Exported from LibZinc."
	},

	"vertices" : [
		284.569305,36.795879,-549.737183,308.373413,36.862617,-549.666992,332.450195,37.562012,-549.641235,355.921509,39.431961,-549.711060,377.909393,43.010349,-549.927673,284.654602,36.593136,-537.253174,309.741669,36.736984,-537.192566,334.961914,37.514816,-537.180054,359.484039,39.432266,-537.242798,382.476715,42.994953,-537.408081,
		284.759430,36.398315,-524.833801,311.233551,36.532799,-524.799805,337.737671,37.300022,-524.824646,363.424927,39.271210,-524.862671,387.448425,43.017590,-524.868347,284.848755,36.366310,-512.431824,312.737762,36.376541,-512.423401,340.707855,36.992619,-512.481567,367.629272,38.931049,-512.495117,392.372345,42.908348,-512.352783,
		284.887604,36.652012,-500.000000,314.143066,36.394684,-499.998077,343.802795,36.667591,-500.057495,371.982086,38.394032,-500.064636,396.796204,42.497311,-499.905914
	],

	"normals" : [
		-0.002967,-0.999919,-0.012358,0.012192,-0.999914,-0.004760,0.049893,-0.998745,-0.004468,0.114233,-0.993153,-0.024440,0.213181,-0.973814,-0.079000,-0.000131,-0.999837,-0.018045,0.014912,-0.999749,-0.016707,0.050420,-0.998478,-0.022364,0.110193,-0.993118,-0.039673,0.201808,-0.976511,-0.075500,
		0.000359,-0.999937,-0.011228,0.013350,-0.999751,-0.017901,0.048424,-0.998266,-0.033470,0.109650,-0.992381,-0.056178,0.205437,-0.975103,-0.083491,-0.001984,-0.999965,0.008153,0.006877,-0.999944,-0.008092,0.041761,-0.998449,-0.036815,0.108283,-0.991477,-0.072441,0.219375,-0.970353,-0.101438,
		-0.007645,-0.999179,0.039783,-0.004887,-0.999912,0.012343,0.028848,-0.999074,-0.031929,0.102233,-0.990964,-0.086829,0.241011,-0.962280,-0.126220
	],

	"faces": [
		32 ,0,1,5 ,0,1,5,
		32 ,5,1,6 ,5,1,6,
		32 ,5,6,10 ,5,6,10,
		32 ,10,6,11 ,10,6,11,
		32 ,10,11,15 ,10,11,15,
		32 ,15,11,16 ,15,11,16,
		32 ,15,16,20 ,15,16,20,
		32 ,20,16,21 ,20,16,21,
		32 ,1,2,6 ,1,2,6,
		32 ,6,2,7 ,6,2,7,
		32 ,6,7,11 ,6,7,11,
		32 ,11,7,12 ,11,7,12,
		32 ,11,12,16 ,11,12,16,
		32 ,16,12,17 ,16,12,17,
		32 ,16,17,21 ,16,17,21,
		32 ,21,17,22 ,21,17,22,
		32 ,2,3,7 ,2,3,7,
		32 ,7,3,8 ,7,3,8,
		32 ,7,8,12 ,7,8,12,
		32 ,12,8,13 ,12,8,13,
		32 ,12,13,17 ,12,13,17,
		32 ,17,13,18 ,17,13,18,
		32 ,17,18,22 ,17,18,22,
		32 ,22,18,23 ,22,18,23,
		32 ,3,4,8 ,3,4,8,
		32 ,8,4,9 ,8,4,9,
		32 ,8,9,13 ,8,9,13,
		32 ,13,9,14 ,13,9,14,
		32 ,13,14,18 ,13,14,18,
		32 ,18,14,19 ,18,14,19,
		32 ,18,19,23 ,18,19,23,
		32 ,23,19,24 ,23,19,24
	]

}
