{
	"metadata" : {
		"formatVersion" : 3,
		"description" : "Exported from LibZinc."
	},

	"vertices" : [
		493.298187,180.759399,-1845.000000,491.460419,185.126465,-1841.039673,488.770599,190.031830,-1837.244507,485.608673,194.998459,-1833.577148,482.354614,199.549301,-1830.000000,493.364288,170.065247,-1835.121216,492.293976,174.658585,-1831.025391,490.353607,179.789383,-1827.070190,487.932922,185.058395,-1823.199341,485.421570,190.066330,-1819.356567,
		492.717499,159.499481,-1823.091187,492.600433,163.962921,-1819.081421,491.907013,168.779755,-1815.186035,490.673126,173.878098,-1811.306152,488.934631,179.186050,-1807.343018,491.535126,149.394424,-1810.765625,492.368988,153.632202,-1806.921021,492.981110,157.993271,-1803.161621,492.991547,162.771484,-1799.364746,492.020477,168.260681,-1795.407959,
		489.994507,140.082397,-1800.000000,491.588806,144.259140,-1796.258057,493.126129,148.420288,-1792.566772,494.050415,153.052475,-1788.842163,493.805695,158.642395,-1785.000000
	],

	"normals" : [
		0.975080,0.161240,0.152381,0.934290,0.282322,0.217707,0.901864,0.358957,0.240400,0.877426,0.419914,0.231939,0.853841,0.482797,0.194582,0.996211,0.047183,0.073054,0.970672,0.197118,0.137623,0.944362,0.295314,0.144809,0.925193,0.359054,0.122876,0.913582,0.397415,0.086190,
		0.997699,-0.064100,0.022096,0.997729,0.052602,0.042065,0.985793,0.163965,0.036428,0.966268,0.256096,0.027213,0.945252,0.325007,0.029497,0.985551,-0.167866,-0.022613,0.989958,-0.125841,-0.064397,0.996907,-0.019268,-0.076198,0.991808,0.118154,-0.048543,0.967988,0.250723,0.011691,
		0.963820,-0.257006,-0.070705,0.954925,-0.263352,-0.136980,0.973551,-0.190145,-0.126660,0.997465,-0.043634,-0.056211,0.989763,0.137853,0.036951
	],

	"faces": [
		32 ,0,1,5 ,0,1,5,
		32 ,5,1,6 ,5,1,6,
		32 ,5,6,10 ,5,6,10,
		32 ,10,6,11 ,10,6,11,
		32 ,10,11,15 ,10,11,15,
		32 ,15,11,16 ,15,11,16,
		32 ,15,16,20 ,15,16,20,
		32 ,20,16,21 ,20,16,21,
		32 ,1,2,6 ,1,2,6,
		32 ,6,2,7 ,6,2,7,
		32 ,6,7,11 ,6,7,11,
		32 ,11,7,12 ,11,7,12,
		32 ,11,12,16 ,11,12,16,
		32 ,16,12,17 ,16,12,17,
		32 ,16,17,21 ,16,17,21,
		32 ,21,17,22 ,21,17,22,
		32 ,2,3,7 ,2,3,7,
		32 ,7,3,8 ,7,3,8,
		32 ,7,8,12 ,7,8,12,
		32 ,12,8,13 ,12,8,13,
		32 ,12,13,17 ,12,13,17,
		32 ,17,13,18 ,17,13,18,
		32 ,17,18,22 ,17,18,22,
		32 ,22,18,23 ,22,18,23,
		32 ,3,4,8 ,3,4,8,
		32 ,8,4,9 ,8,4,9,
		32 ,8,9,13 ,8,9,13,
		32 ,13,9,14 ,13,9,14,
		32 ,13,14,18 ,13,14,18,
		32 ,18,14,19 ,18,14,19,
		32 ,18,19,23 ,18,19,23,
		32 ,23,19,24 ,23,19,24
	]

}
