{
	"metadata" : {
		"formatVersion" : 3,
		"description" : "Exported from LibZinc."
	},

	"vertices" : [
		455.443909,139.720306,-550.009827,455.024292,152.494705,-550.030212,454.121063,164.472015,-550.037292,452.760712,176.027176,-550.028198,450.969696,187.535095,-550.000000,457.952026,139.364471,-537.669617,457.086212,152.242203,-537.661743,456.090179,164.278900,-537.631531,454.736908,175.849350,-537.577759,452.799530,187.328308,-537.499451,
		459.587006,139.026749,-525.203552,458.386078,152.061157,-525.206116,457.564331,164.195892,-525.162231,456.566284,175.834335,-525.085144,454.836334,187.379868,-524.988159,460.728271,138.696136,-512.669434,459.273804,151.899750,-512.699158,458.678772,164.167160,-512.656311,458.147858,175.932465,-512.573303,456.885773,187.629761,-512.482727,
		461.755310,138.361603,-500.124908,460.099426,151.706161,-500.176971,459.568634,164.136871,-500.140656,459.380707,176.094040,-500.065247,458.753510,188.018005,-500.000000
	],

	"normals" : [
		0.970034,0.011852,-0.242680,0.977970,0.052649,-0.201999,0.979583,0.095105,-0.177119,0.978511,0.135057,-0.155810,0.977686,0.168642,-0.125259,0.985400,0.064296,-0.157645,0.989189,0.071470,-0.128051,0.986362,0.095980,-0.133706,0.979035,0.138163,-0.149669,0.969175,0.194481,-0.151251,
		0.988255,0.114118,-0.101633,0.993991,0.073105,-0.081471,0.992501,0.069166,-0.100784,0.984615,0.109677,-0.136034,0.967913,0.191223,-0.163027,0.985313,0.152851,-0.076131,0.995571,0.070204,-0.062534,0.996296,0.036350,-0.077925,0.991348,0.065855,-0.113540,0.974591,0.157349,-0.159414,
		0.981434,0.173783,-0.081155,0.994668,0.074750,-0.071050,0.997666,0.019195,-0.065522,0.996345,0.023816,-0.082037,0.986143,0.091115,-0.138636
	],

	"faces": [
		32 ,0,1,5 ,0,1,5,
		32 ,5,1,6 ,5,1,6,
		32 ,5,6,10 ,5,6,10,
		32 ,10,6,11 ,10,6,11,
		32 ,10,11,15 ,10,11,15,
		32 ,15,11,16 ,15,11,16,
		32 ,15,16,20 ,15,16,20,
		32 ,20,16,21 ,20,16,21,
		32 ,1,2,6 ,1,2,6,
		32 ,6,2,7 ,6,2,7,
		32 ,6,7,11 ,6,7,11,
		32 ,11,7,12 ,11,7,12,
		32 ,11,12,16 ,11,12,16,
		32 ,16,12,17 ,16,12,17,
		32 ,16,17,21 ,16,17,21,
		32 ,21,17,22 ,21,17,22,
		32 ,2,3,7 ,2,3,7,
		32 ,7,3,8 ,7,3,8,
		32 ,7,8,12 ,7,8,12,
		32 ,12,8,13 ,12,8,13,
		32 ,12,13,17 ,12,13,17,
		32 ,17,13,18 ,17,13,18,
		32 ,17,18,22 ,17,18,22,
		32 ,22,18,23 ,22,18,23,
		32 ,3,4,8 ,3,4,8,
		32 ,8,4,9 ,8,4,9,
		32 ,8,9,13 ,8,9,13,
		32 ,13,9,14 ,13,9,14,
		32 ,13,14,18 ,13,14,18,
		32 ,18,14,19 ,18,14,19,
		32 ,18,19,23 ,18,19,23,
		32 ,23,19,24 ,23,19,24
	]

}
