{
	"metadata" : {
		"formatVersion" : 3,
		"description" : "Exported from LibZinc."
	},

	"vertices" : [
		150.064407,279.431610,-500.000000,141.289093,267.535950,-500.026611,133.824127,255.700073,-500.048248,127.380257,243.821991,-500.045746,121.668198,231.799698,-500.000000,147.819839,280.017639,-487.553650,138.688400,268.742249,-487.545197,131.556122,257.301300,-487.535858,125.818558,245.648163,-487.510162,120.871185,233.736176,-487.452728,
		145.277557,280.630676,-475.110840,135.958939,269.992340,-475.068207,129.137527,259.206451,-475.059906,123.959625,248.112137,-475.044464,119.571564,236.548569,-474.980469,143.252533,281.111908,-462.612579,133.725067,271.061493,-462.551910,127.011597,260.986298,-462.559082,122.099312,250.517563,-462.569336,117.975380,239.286362,-462.517975,
		142.559799,281.302490,-450.000000,132.611084,271.724854,-449.952667,125.621635,262.211700,-449.972137,120.533493,252.168076,-450.005554,116.288696,240.998993,-450.000000
	],

	"normals" : [
		-0.774443,0.617180,-0.139021,-0.809568,0.551975,-0.199809,-0.848024,0.494854,-0.189669,-0.884154,0.446516,-0.137459,-0.910102,0.407962,-0.072678,-0.723250,0.666535,-0.180666,-0.793866,0.561579,-0.233251,-0.852525,0.467668,-0.233425,-0.895671,0.398064,-0.198289,-0.919696,0.361618,-0.152945,
		-0.690194,0.704225,-0.166432,-0.783963,0.581266,-0.218020,-0.857174,0.459956,-0.231719,-0.903773,0.370470,-0.214352,-0.924321,0.331997,-0.188174,-0.666717,0.738468,-0.100765,-0.773551,0.614775,-0.153854,-0.859865,0.475663,-0.185412,-0.910420,0.366856,-0.191189,-0.928893,0.320302,-0.185915,
		-0.639711,0.768509,0.012820,-0.750890,0.659177,-0.040608,-0.851592,0.516122,-0.091697,-0.911961,0.389993,-0.127406,-0.933829,0.326334,-0.146522
	],

	"faces": [
		32 ,0,1,5 ,0,1,5,
		32 ,5,1,6 ,5,1,6,
		32 ,5,6,10 ,5,6,10,
		32 ,10,6,11 ,10,6,11,
		32 ,10,11,15 ,10,11,15,
		32 ,15,11,16 ,15,11,16,
		32 ,15,16,20 ,15,16,20,
		32 ,20,16,21 ,20,16,21,
		32 ,1,2,6 ,1,2,6,
		32 ,6,2,7 ,6,2,7,
		32 ,6,7,11 ,6,7,11,
		32 ,11,7,12 ,11,7,12,
		32 ,11,12,16 ,11,12,16,
		32 ,16,12,17 ,16,12,17,
		32 ,16,17,21 ,16,17,21,
		32 ,21,17,22 ,21,17,22,
		32 ,2,3,7 ,2,3,7,
		32 ,7,3,8 ,7,3,8,
		32 ,7,8,12 ,7,8,12,
		32 ,12,8,13 ,12,8,13,
		32 ,12,13,17 ,12,13,17,
		32 ,17,13,18 ,17,13,18,
		32 ,17,18,22 ,17,18,22,
		32 ,22,18,23 ,22,18,23,
		32 ,3,4,8 ,3,4,8,
		32 ,8,4,9 ,8,4,9,
		32 ,8,9,13 ,8,9,13,
		32 ,13,9,14 ,13,9,14,
		32 ,13,14,18 ,13,14,18,
		32 ,18,14,19 ,18,14,19,
		32 ,18,19,23 ,18,19,23,
		32 ,23,19,24 ,23,19,24
	]

}
