{
	"metadata" : {
		"formatVersion" : 3,
		"description" : "Exported from LibZinc."
	},

	"vertices" : [
		482.354614,199.549301,-1830.000000,479.202972,203.490173,-1826.121826,476.039734,207.010025,-1821.952759,472.781860,210.206467,-1818.057251,469.346313,213.177094,-1815.000000,485.421570,190.066330,-1819.356567,482.594727,194.829208,-1815.209229,479.201416,199.451553,-1810.828613,475.592163,203.666870,-1806.764038,472.117340,207.208649,-1803.565063,
		488.934631,179.186050,-1807.343018,486.355896,184.904129,-1803.086670,482.895386,190.846283,-1798.702026,479.030121,196.360794,-1794.651978,475.237183,200.795959,-1791.399780,492.020477,168.260681,-1795.407959,489.731873,174.814392,-1791.187500,486.357269,181.944717,-1786.928955,482.368103,188.683319,-1783.004028,478.235748,194.061844,-1779.784546,
		493.805695,158.642395,-1785.000000,491.968018,165.659439,-1780.944946,488.822815,173.497375,-1776.865479,484.878357,181.029541,-1773.103271,480.642914,187.129196,-1770.000000
	],

	"normals" : [
		0.853841,0.482797,0.194582,0.834035,0.527802,0.160660,0.807527,0.565521,0.167587,0.766676,0.613773,0.188388,0.699293,0.684346,0.206543,0.913582,0.397415,0.086190,0.870523,0.479188,0.112111,0.831245,0.541522,0.125640,0.790521,0.597362,0.135040,0.740003,0.655103,0.152433,
		0.945252,0.325007,0.029497,0.905597,0.417585,0.074276,0.867679,0.488507,0.092165,0.824732,0.555187,0.107633,0.759211,0.633695,0.148421,0.967988,0.250723,0.011691,0.934538,0.350490,0.061615,0.900395,0.426312,0.086873,0.856810,0.502406,0.116035,0.776072,0.603955,0.181522,
		0.989763,0.137853,0.036951,0.957693,0.269950,0.099756,0.924260,0.354438,0.141838,0.882012,0.432343,0.187440,0.802579,0.537330,0.259120
	],

	"faces": [
		32 ,0,1,5 ,0,1,5,
		32 ,5,1,6 ,5,1,6,
		32 ,5,6,10 ,5,6,10,
		32 ,10,6,11 ,10,6,11,
		32 ,10,11,15 ,10,11,15,
		32 ,15,11,16 ,15,11,16,
		32 ,15,16,20 ,15,16,20,
		32 ,20,16,21 ,20,16,21,
		32 ,1,2,6 ,1,2,6,
		32 ,6,2,7 ,6,2,7,
		32 ,6,7,11 ,6,7,11,
		32 ,11,7,12 ,11,7,12,
		32 ,11,12,16 ,11,12,16,
		32 ,16,12,17 ,16,12,17,
		32 ,16,17,21 ,16,17,21,
		32 ,21,17,22 ,21,17,22,
		32 ,2,3,7 ,2,3,7,
		32 ,7,3,8 ,7,3,8,
		32 ,7,8,12 ,7,8,12,
		32 ,12,8,13 ,12,8,13,
		32 ,12,13,17 ,12,13,17,
		32 ,17,13,18 ,17,13,18,
		32 ,17,18,22 ,17,18,22,
		32 ,22,18,23 ,22,18,23,
		32 ,3,4,8 ,3,4,8,
		32 ,8,4,9 ,8,4,9,
		32 ,8,9,13 ,8,9,13,
		32 ,13,9,14 ,13,9,14,
		32 ,13,14,18 ,13,14,18,
		32 ,18,14,19 ,18,14,19,
		32 ,18,19,23 ,18,19,23,
		32 ,23,19,24 ,23,19,24
	]

}
