{
	"metadata" : {
		"formatVersion" : 3,
		"description" : "Exported from LibZinc."
	},

	"vertices" : [
		121.668198,231.799698,-500.000000,116.771606,219.678467,-499.925262,112.994507,207.534729,-499.863861,110.378250,195.313232,-499.838867,108.964203,182.958694,-499.873291,120.871185,233.736176,-487.452728,116.404335,221.667343,-487.375458,112.692017,209.536758,-487.317596,110.005264,197.287292,-487.304626,108.615105,184.861862,-487.362061,
		119.571564,236.548569,-474.980469,115.446503,224.530365,-474.873474,111.888962,212.224335,-474.783997,109.292267,199.697937,-474.753052,108.049736,187.018600,-474.821655,117.975380,239.286362,-462.517975,114.076561,227.222549,-462.391876,110.786461,214.648407,-462.266205,108.512543,201.783707,-462.208557,107.662239,188.848251,-462.286560,
		116.288696,240.998993,-450.000000,112.472939,228.698929,-449.903290,109.585625,215.859863,-449.767334,107.939369,202.783157,-449.695526,107.846802,189.770203,-449.791199
	],

	"normals" : [
		-0.910102,0.407962,-0.072678,-0.940942,0.336941,-0.033162,-0.966770,0.254316,-0.026066,-0.986315,0.162426,-0.028306,-0.997794,0.064201,-0.016895,-0.919696,0.361618,-0.152945,-0.939740,0.320680,-0.118548,-0.961912,0.255927,-0.096052,-0.983081,0.166269,-0.076848,-0.997357,0.052256,-0.050487,
		-0.924321,0.331997,-0.188174,-0.940168,0.300344,-0.160865,-0.961639,0.242489,-0.128257,-0.983696,0.154898,-0.091371,-0.998206,0.034556,-0.048900,-0.928893,0.320302,-0.185915,-0.946065,0.278591,-0.165370,-0.968405,0.215343,-0.125771,-0.989465,0.124666,-0.073608,-0.999910,0.000382,-0.013394,
		-0.933829,0.326334,-0.146522,-0.956658,0.256559,-0.137781,-0.980007,0.173799,-0.096851,-0.997043,0.070150,-0.031378,-0.996857,-0.061844,0.049507
	],

	"faces": [
		32 ,0,1,5 ,0,1,5,
		32 ,5,1,6 ,5,1,6,
		32 ,5,6,10 ,5,6,10,
		32 ,10,6,11 ,10,6,11,
		32 ,10,11,15 ,10,11,15,
		32 ,15,11,16 ,15,11,16,
		32 ,15,16,20 ,15,16,20,
		32 ,20,16,21 ,20,16,21,
		32 ,1,2,6 ,1,2,6,
		32 ,6,2,7 ,6,2,7,
		32 ,6,7,11 ,6,7,11,
		32 ,11,7,12 ,11,7,12,
		32 ,11,12,16 ,11,12,16,
		32 ,16,12,17 ,16,12,17,
		32 ,16,17,21 ,16,17,21,
		32 ,21,17,22 ,21,17,22,
		32 ,2,3,7 ,2,3,7,
		32 ,7,3,8 ,7,3,8,
		32 ,7,8,12 ,7,8,12,
		32 ,12,8,13 ,12,8,13,
		32 ,12,13,17 ,12,13,17,
		32 ,17,13,18 ,17,13,18,
		32 ,17,18,22 ,17,18,22,
		32 ,22,18,23 ,22,18,23,
		32 ,3,4,8 ,3,4,8,
		32 ,8,4,9 ,8,4,9,
		32 ,8,9,13 ,8,9,13,
		32 ,13,9,14 ,13,9,14,
		32 ,13,14,18 ,13,14,18,
		32 ,18,14,19 ,18,14,19,
		32 ,18,19,23 ,18,19,23,
		32 ,23,19,24 ,23,19,24
	]

}
