{
	"metadata" : {
		"formatVersion" : 3,
		"description" : "Exported from LibZinc."
	},

	"vertices" : [
		108.964203,182.958694,-499.873291,108.901291,170.925858,-499.936493,109.777489,159.236542,-499.965973,110.792694,147.186218,-499.937012,111.146797,134.070297,-499.824890,108.615105,184.861862,-487.362061,108.658638,172.669266,-487.441376,109.557945,160.715149,-487.458038,110.511574,148.337662,-487.383667,110.718071,134.874969,-487.189789,
		108.049736,187.018600,-474.821655,108.266258,174.600143,-474.947418,109.212234,162.388107,-475.004425,110.029266,149.747467,-474.908325,109.858940,136.043167,-474.574799,107.662239,188.848251,-462.286560,108.218369,176.276840,-462.464233,109.276520,163.939484,-462.570343,109.913330,151.208801,-462.469330,109.205460,137.457397,-462.025665,
		107.846802,189.770203,-449.791199,109.009186,177.257706,-450.001465,110.286919,165.053345,-450.121094,110.731323,152.514893,-450.024994,109.393700,139.000107,-449.588104
	],

	"normals" : [
		-0.997794,0.064201,-0.016895,-0.998930,-0.045955,0.005283,-0.995750,-0.091430,0.011065,-0.997840,-0.065449,0.005635,-0.999846,0.017500,-0.000928,-0.997357,0.052256,-0.050487,-0.998435,-0.050386,-0.024246,-0.995987,-0.087614,-0.018262,-0.997918,-0.055919,-0.032123,-0.997673,0.029314,-0.061561,
		-0.998206,0.034556,-0.048900,-0.998136,-0.059082,-0.015294,-0.996533,-0.082875,-0.007340,-0.998975,-0.036079,-0.027331,-0.995215,0.062965,-0.074722,-0.999910,0.000382,-0.013394,-0.996447,-0.077965,0.031857,-0.995762,-0.080314,0.044817,-0.999730,-0.008597,0.021597,-0.992660,0.113942,-0.040544,
		-0.996857,-0.061844,0.049507,-0.987128,-0.112763,0.113418,-0.987163,-0.082398,0.136819,-0.993042,0.024365,0.115210,-0.983116,0.177929,0.042720
	],

	"faces": [
		32 ,0,1,5 ,0,1,5,
		32 ,5,1,6 ,5,1,6,
		32 ,5,6,10 ,5,6,10,
		32 ,10,6,11 ,10,6,11,
		32 ,10,11,15 ,10,11,15,
		32 ,15,11,16 ,15,11,16,
		32 ,15,16,20 ,15,16,20,
		32 ,20,16,21 ,20,16,21,
		32 ,1,2,6 ,1,2,6,
		32 ,6,2,7 ,6,2,7,
		32 ,6,7,11 ,6,7,11,
		32 ,11,7,12 ,11,7,12,
		32 ,11,12,16 ,11,12,16,
		32 ,16,12,17 ,16,12,17,
		32 ,16,17,21 ,16,17,21,
		32 ,21,17,22 ,21,17,22,
		32 ,2,3,7 ,2,3,7,
		32 ,7,3,8 ,7,3,8,
		32 ,7,8,12 ,7,8,12,
		32 ,12,8,13 ,12,8,13,
		32 ,12,13,17 ,12,13,17,
		32 ,17,13,18 ,17,13,18,
		32 ,17,18,22 ,17,18,22,
		32 ,22,18,23 ,22,18,23,
		32 ,3,4,8 ,3,4,8,
		32 ,8,4,9 ,8,4,9,
		32 ,8,9,13 ,8,9,13,
		32 ,13,9,14 ,13,9,14,
		32 ,13,14,18 ,13,14,18,
		32 ,18,14,19 ,18,14,19,
		32 ,18,19,23 ,18,19,23,
		32 ,23,19,24 ,23,19,24
	]

}
