{
	"metadata" : {
		"formatVersion" : 3,
		"description" : "Exported from LibZinc."
	},

	"vertices" : [
		469.346313,213.177094,-1815.000000,466.123138,215.913391,-1812.963623,463.184784,218.375122,-1811.602783,459.971863,220.612396,-1810.690552,455.924896,222.675293,-1810.000000,472.117340,207.208649,-1803.565063,468.839355,210.108292,-1801.394165,465.475830,212.594589,-1799.929688,461.860077,214.697220,-1798.994873,457.825500,216.445801,-1798.412964,
		475.237183,200.795959,-1791.399780,471.655853,203.960526,-1789.137695,467.992493,206.278946,-1787.638428,464.074738,208.022995,-1786.735596,459.730194,209.464508,-1786.262817,478.235748,194.061844,-1779.784546,474.299194,197.594238,-1777.488892,470.382935,199.808289,-1775.984375,466.186737,201.256363,-1775.116699,461.410248,202.490875,-1774.731201,
		480.642914,187.129196,-1770.000000,476.495911,191.133636,-1767.742432,472.295319,193.562775,-1766.223022,467.767059,195.063934,-1765.342163,462.636993,196.284393,-1765.000000
	],

	"normals" : [
		0.699293,0.684346,0.206543,0.701187,0.687494,0.188913,0.652091,0.721660,0.232344,0.540680,0.785424,0.301288,0.409766,0.837532,0.361431,0.740003,0.655103,0.152433,0.680987,0.706787,0.191595,0.592425,0.761762,0.262204,0.475554,0.809992,0.343162,0.353437,0.839944,0.411796,
		0.759211,0.633695,0.148421,0.655905,0.721301,0.222516,0.518039,0.795356,0.314714,0.379121,0.834512,0.399821,0.283444,0.844141,0.455066,0.776072,0.603955,0.181522,0.644692,0.713309,0.274889,0.458703,0.803382,0.379695,0.297928,0.839135,0.455072,0.231987,0.840603,0.489457,
		0.802579,0.537330,0.259120,0.659928,0.658949,0.360945,0.454186,0.762294,0.461110,0.276768,0.814733,0.509519,0.204144,0.827111,0.523654
	],

	"faces": [
		32 ,0,1,5 ,0,1,5,
		32 ,5,1,6 ,5,1,6,
		32 ,5,6,10 ,5,6,10,
		32 ,10,6,11 ,10,6,11,
		32 ,10,11,15 ,10,11,15,
		32 ,15,11,16 ,15,11,16,
		32 ,15,16,20 ,15,16,20,
		32 ,20,16,21 ,20,16,21,
		32 ,1,2,6 ,1,2,6,
		32 ,6,2,7 ,6,2,7,
		32 ,6,7,11 ,6,7,11,
		32 ,11,7,12 ,11,7,12,
		32 ,11,12,16 ,11,12,16,
		32 ,16,12,17 ,16,12,17,
		32 ,16,17,21 ,16,17,21,
		32 ,21,17,22 ,21,17,22,
		32 ,2,3,7 ,2,3,7,
		32 ,7,3,8 ,7,3,8,
		32 ,7,8,12 ,7,8,12,
		32 ,12,8,13 ,12,8,13,
		32 ,12,13,17 ,12,13,17,
		32 ,17,13,18 ,17,13,18,
		32 ,17,18,22 ,17,18,22,
		32 ,22,18,23 ,22,18,23,
		32 ,3,4,8 ,3,4,8,
		32 ,8,4,9 ,8,4,9,
		32 ,8,9,13 ,8,9,13,
		32 ,13,9,14 ,13,9,14,
		32 ,13,14,18 ,13,14,18,
		32 ,18,14,19 ,18,14,19,
		32 ,18,19,23 ,18,19,23,
		32 ,23,19,24 ,23,19,24
	]

}
