{
	"metadata" : {
		"formatVersion" : 3,
		"description" : "Exported from LibZinc."
	},

	"vertices" : [
		443.161285,232.031998,-500.000000,437.275696,242.924896,-499.934265,431.047455,253.851990,-499.888550,423.970428,264.823273,-499.898560,415.538605,275.848694,-500.000000,445.824463,233.894989,-487.594391,440.218018,244.934998,-487.553986,434.246704,255.928238,-487.569824,427.243347,266.867401,-487.639404,418.540955,277.745270,-487.760345,
		448.393555,236.146820,-475.132019,443.021545,247.147308,-475.082520,437.188080,257.843414,-475.100616,430.160461,268.388306,-475.177887,421.205933,278.935089,-475.305908,451.038483,238.253418,-462.603638,445.731659,249.191132,-462.530823,439.790375,259.449097,-462.520050,432.484558,269.413086,-462.574768,423.084045,279.468750,-462.698486,
		453.929199,239.680695,-450.000000,448.393738,250.695801,-449.909821,441.972321,260.596893,-449.867157,433.978516,269.968903,-449.890900,423.725891,279.396790,-450.000000
	],

	"normals" : [
		0.851980,0.462158,-0.246048,0.842920,0.463068,-0.273958,0.816390,0.490479,-0.304858,0.777938,0.541158,-0.319313,0.733463,0.611237,-0.297357,0.860517,0.440871,-0.255231,0.854740,0.440759,-0.274137,0.829252,0.480985,-0.284594,0.784435,0.554204,-0.278422,0.720904,0.646387,-0.249961,
		0.870480,0.420398,-0.255987,0.860040,0.435871,-0.265231,0.831312,0.493795,-0.255122,0.781382,0.582235,-0.224599,0.711386,0.679535,-0.179337,0.878832,0.405460,-0.251509,0.858224,0.449305,-0.248147,0.820076,0.530266,-0.215157,0.761580,0.628932,-0.156334,0.689498,0.719245,-0.085317,
		0.882952,0.401511,-0.243278,0.848278,0.481598,-0.220201,0.791776,0.588975,-0.161863,0.716614,0.693486,-0.074436,0.638736,0.768918,0.027963
	],

	"faces": [
		32 ,0,1,5 ,0,1,5,
		32 ,5,1,6 ,5,1,6,
		32 ,5,6,10 ,5,6,10,
		32 ,10,6,11 ,10,6,11,
		32 ,10,11,15 ,10,11,15,
		32 ,15,11,16 ,15,11,16,
		32 ,15,16,20 ,15,16,20,
		32 ,20,16,21 ,20,16,21,
		32 ,1,2,6 ,1,2,6,
		32 ,6,2,7 ,6,2,7,
		32 ,6,7,11 ,6,7,11,
		32 ,11,7,12 ,11,7,12,
		32 ,11,12,16 ,11,12,16,
		32 ,16,12,17 ,16,12,17,
		32 ,16,17,21 ,16,17,21,
		32 ,21,17,22 ,21,17,22,
		32 ,2,3,7 ,2,3,7,
		32 ,7,3,8 ,7,3,8,
		32 ,7,8,12 ,7,8,12,
		32 ,12,8,13 ,12,8,13,
		32 ,12,13,17 ,12,13,17,
		32 ,17,13,18 ,17,13,18,
		32 ,17,18,22 ,17,18,22,
		32 ,22,18,23 ,22,18,23,
		32 ,3,4,8 ,3,4,8,
		32 ,8,4,9 ,8,4,9,
		32 ,8,9,13 ,8,9,13,
		32 ,13,9,14 ,13,9,14,
		32 ,13,14,18 ,13,14,18,
		32 ,18,14,19 ,18,14,19,
		32 ,18,19,23 ,18,19,23,
		32 ,23,19,24 ,23,19,24
	]

}
