{
	"metadata" : {
		"formatVersion" : 3,
		"description" : "Exported from LibZinc."
	},

	"vertices" : [
		361.389404,306.839508,-500.000000,343.445740,308.958893,-499.877960,324.336884,309.085266,-499.833893,304.688782,308.284058,-499.872864,285.127411,307.620605,-500.000000,361.724274,307.356140,-487.566406,343.493469,308.570129,-487.376068,324.319244,307.582062,-487.263824,304.703461,305.780060,-487.257965,285.147980,304.552277,-487.386749,
		361.835449,307.954041,-475.211853,343.390991,308.176666,-474.963776,324.255402,305.730194,-474.815125,304.740295,302.568695,-474.799652,285.157349,300.646301,-474.951111,361.343658,307.855591,-462.751373,342.820251,307.140137,-462.469971,323.863617,303.331268,-462.330536,304.596832,298.929199,-462.348663,285.142975,296.434082,-462.539917,
		359.869690,306.283203,-450.000000,341.463135,304.822296,-449.723572,322.862122,300.186981,-449.652832,304.070557,295.140778,-449.755707,285.092285,292.447113,-450.000000
	],

	"normals" : [
		0.198097,0.979935,-0.022011,0.050831,0.997584,0.047357,-0.026246,0.993683,0.109111,-0.046193,0.986201,0.158980,-0.013877,0.981623,0.190323,0.154988,0.986190,-0.058379,-0.006110,0.999719,0.022915,-0.082074,0.988084,0.130207,-0.086798,0.970335,0.225647,-0.026650,0.961079,0.274984,
		0.121307,0.992187,-0.029164,-0.075486,0.996035,0.047066,-0.156637,0.974347,0.161596,-0.140366,0.953654,0.266161,-0.035643,0.947735,0.317060,0.091760,0.993818,0.062492,-0.139205,0.983834,0.112663,-0.224925,0.954351,0.196527,-0.189246,0.941531,0.278756,-0.039007,0.947116,0.318513,
		0.060242,0.977235,0.203427,-0.180305,0.960972,0.209815,-0.265565,0.935667,0.232385,-0.217894,0.939291,0.265056,-0.034466,0.959359,0.280077
	],

	"faces": [
		32 ,0,1,5 ,0,1,5,
		32 ,5,1,6 ,5,1,6,
		32 ,5,6,10 ,5,6,10,
		32 ,10,6,11 ,10,6,11,
		32 ,10,11,15 ,10,11,15,
		32 ,15,11,16 ,15,11,16,
		32 ,15,16,20 ,15,16,20,
		32 ,20,16,21 ,20,16,21,
		32 ,1,2,6 ,1,2,6,
		32 ,6,2,7 ,6,2,7,
		32 ,6,7,11 ,6,7,11,
		32 ,11,7,12 ,11,7,12,
		32 ,11,12,16 ,11,12,16,
		32 ,16,12,17 ,16,12,17,
		32 ,16,17,21 ,16,17,21,
		32 ,21,17,22 ,21,17,22,
		32 ,2,3,7 ,2,3,7,
		32 ,7,3,8 ,7,3,8,
		32 ,7,8,12 ,7,8,12,
		32 ,12,8,13 ,12,8,13,
		32 ,12,13,17 ,12,13,17,
		32 ,17,13,18 ,17,13,18,
		32 ,17,18,22 ,17,18,22,
		32 ,22,18,23 ,22,18,23,
		32 ,3,4,8 ,3,4,8,
		32 ,8,4,9 ,8,4,9,
		32 ,8,9,13 ,8,9,13,
		32 ,13,9,14 ,13,9,14,
		32 ,13,14,18 ,13,14,18,
		32 ,18,14,19 ,18,14,19,
		32 ,18,19,23 ,18,19,23,
		32 ,23,19,24 ,23,19,24
	]

}
