{
	"metadata" : {
		"formatVersion" : 3,
		"description" : "Exported from LibZinc."
	},

	"vertices" : [
		285.092285,292.447113,-450.000000,266.232635,294.500824,-450.136993,247.658234,299.721161,-450.061035,229.165176,304.907928,-449.954559,210.549500,306.860992,-450.000000,285.066437,288.488251,-437.387909,266.901917,290.717194,-437.530609,248.983719,296.074921,-437.467682,231.011902,301.532379,-437.372986,212.686584,304.060638,-437.420380,
		285.111877,284.081543,-424.856476,267.727478,286.444275,-425.018799,250.659698,291.812805,-425.016174,233.454498,297.404877,-424.976166,215.657867,300.438263,-425.026428,285.194214,279.340118,-412.396790,268.771118,281.753326,-412.563873,252.706070,287.002777,-412.596710,236.402573,292.591644,-412.585205,219.264130,296.023224,-412.619263,
		285.278992,274.377014,-400.000000,270.094604,276.715515,-400.128143,255.142654,281.712738,-400.099487,239.765701,287.159088,-400.021118,223.306198,290.844910,-400.000000
	],

	"normals" : [
		-0.034466,0.959359,0.280077,0.210827,0.944498,0.251945,0.290445,0.931996,0.216852,0.212633,0.956786,0.198362,-0.040072,0.981256,0.188496,-0.023026,0.948162,0.316952,0.222434,0.931798,0.286839,0.304763,0.917778,0.254563,0.234581,0.941096,0.243537,0.000439,0.968254,0.249969,
		-0.009187,0.938535,0.345063,0.231330,0.920656,0.314451,0.316070,0.905169,0.284198,0.254035,0.925816,0.279878,0.040936,0.953325,0.299158,0.003286,0.931030,0.364928,0.238086,0.911668,0.334928,0.324779,0.895018,0.305714,0.270470,0.912336,0.307391,0.078719,0.938323,0.336680,
		0.010384,0.926134,0.377050,0.243486,0.905154,0.348441,0.331185,0.887855,0.319420,0.282845,0.901699,0.327014,0.110161,0.924466,0.365003
	],

	"faces": [
		32 ,0,1,5 ,0,1,5,
		32 ,5,1,6 ,5,1,6,
		32 ,5,6,10 ,5,6,10,
		32 ,10,6,11 ,10,6,11,
		32 ,10,11,15 ,10,11,15,
		32 ,15,11,16 ,15,11,16,
		32 ,15,16,20 ,15,16,20,
		32 ,20,16,21 ,20,16,21,
		32 ,1,2,6 ,1,2,6,
		32 ,6,2,7 ,6,2,7,
		32 ,6,7,11 ,6,7,11,
		32 ,11,7,12 ,11,7,12,
		32 ,11,12,16 ,11,12,16,
		32 ,16,12,17 ,16,12,17,
		32 ,16,17,21 ,16,17,21,
		32 ,21,17,22 ,21,17,22,
		32 ,2,3,7 ,2,3,7,
		32 ,7,3,8 ,7,3,8,
		32 ,7,8,12 ,7,8,12,
		32 ,12,8,13 ,12,8,13,
		32 ,12,13,17 ,12,13,17,
		32 ,17,13,18 ,17,13,18,
		32 ,17,18,22 ,17,18,22,
		32 ,22,18,23 ,22,18,23,
		32 ,3,4,8 ,3,4,8,
		32 ,8,4,9 ,8,4,9,
		32 ,8,9,13 ,8,9,13,
		32 ,13,9,14 ,13,9,14,
		32 ,13,14,18 ,13,14,18,
		32 ,18,14,19 ,18,14,19,
		32 ,18,19,23 ,18,19,23,
		32 ,23,19,24 ,23,19,24
	]

}
