{
	"metadata" : {
		"formatVersion" : 3,
		"description" : "Exported from LibZinc."
	},

	"vertices" : [
		210.549500,306.860992,-450.000000,191.590988,304.295624,-450.120941,173.072662,298.620605,-450.140320,156.295319,290.676178,-450.089508,142.559799,281.302490,-450.000000,212.686584,304.060638,-437.420380,193.754959,302.279541,-437.538422,175.034988,297.351471,-437.562927,157.832977,290.061188,-437.528595,143.455246,281.193512,-437.470062,
		215.657867,300.438263,-425.026428,196.931290,299.485107,-425.126038,178.107971,295.434845,-425.161041,160.491318,288.981323,-425.149506,145.384781,280.818451,-425.109558,219.264130,296.023224,-412.619263,200.805420,295.887756,-412.687378,181.852692,292.812897,-412.720306,163.776749,287.357971,-412.721466,147.948380,280.082306,-412.694275,
		223.306198,290.844910,-400.000000,205.062744,291.462982,-400.026123,185.830231,289.427856,-400.026459,167.195663,285.112549,-400.013580,150.746002,278.890015,-400.000000
	],

	"normals" : [
		-0.040072,0.981256,0.188496,-0.217280,0.964461,0.150346,-0.360410,0.926767,0.105867,-0.493237,0.867867,0.059363,-0.639711,0.768509,0.012820,0.000439,0.968254,0.249969,-0.176234,0.958715,0.223177,-0.318990,0.929618,0.184541,-0.451604,0.881425,0.138358,-0.597417,0.797333,0.085753,
		0.040936,0.953325,0.299158,-0.131890,0.950077,0.282771,-0.271039,0.930608,0.245980,-0.400492,0.895132,0.195817,-0.542273,0.828827,0.137788,0.078719,0.938323,0.336680,-0.085225,0.940444,0.329091,-0.216939,0.931884,0.290739,-0.342003,0.910270,0.233328,-0.482009,0.859338,0.170898,
		0.110161,0.924466,0.365003,-0.037954,0.930565,0.364154,-0.157274,0.933485,0.322290,-0.277033,0.926064,0.256238,-0.421504,0.886581,0.190551
	],

	"faces": [
		32 ,0,1,5 ,0,1,5,
		32 ,5,1,6 ,5,1,6,
		32 ,5,6,10 ,5,6,10,
		32 ,10,6,11 ,10,6,11,
		32 ,10,11,15 ,10,11,15,
		32 ,15,11,16 ,15,11,16,
		32 ,15,16,20 ,15,16,20,
		32 ,20,16,21 ,20,16,21,
		32 ,1,2,6 ,1,2,6,
		32 ,6,2,7 ,6,2,7,
		32 ,6,7,11 ,6,7,11,
		32 ,11,7,12 ,11,7,12,
		32 ,11,12,16 ,11,12,16,
		32 ,16,12,17 ,16,12,17,
		32 ,16,17,21 ,16,17,21,
		32 ,21,17,22 ,21,17,22,
		32 ,2,3,7 ,2,3,7,
		32 ,7,3,8 ,7,3,8,
		32 ,7,8,12 ,7,8,12,
		32 ,12,8,13 ,12,8,13,
		32 ,12,13,17 ,12,13,17,
		32 ,17,13,18 ,17,13,18,
		32 ,17,18,22 ,17,18,22,
		32 ,22,18,23 ,22,18,23,
		32 ,3,4,8 ,3,4,8,
		32 ,8,4,9 ,8,4,9,
		32 ,8,9,13 ,8,9,13,
		32 ,13,9,14 ,13,9,14,
		32 ,13,14,18 ,13,14,18,
		32 ,18,14,19 ,18,14,19,
		32 ,18,19,23 ,18,19,23,
		32 ,23,19,24 ,23,19,24
	]

}
