{
	"metadata" : {
		"formatVersion" : 3,
		"description" : "Exported from LibZinc."
	},

	"vertices" : [
		453.929199,239.680695,-450.000000,448.393738,250.695801,-449.909821,441.972321,260.596893,-449.867157,433.978516,269.968903,-449.890900,423.725891,279.396790,-450.000000,457.826599,240.783020,-437.466400,451.759308,252.137955,-437.386261,444.228729,261.766235,-437.348480,434.835449,270.503815,-437.373657,423.180054,279.186676,-437.482483,
		462.505035,242.136047,-425.054779,455.861267,253.944458,-424.994904,446.651276,263.235657,-424.987976,435.183960,271.195831,-425.044952,421.768372,279.011292,-425.176697,466.654633,243.537567,-412.615784,459.667236,255.669968,-412.548828,448.553925,264.555359,-412.551086,434.690125,271.667236,-412.627380,419.451202,278.479156,-412.782593,
		468.965515,244.785400,-400.000000,462.144745,256.869171,-399.861145,449.250702,265.275543,-399.803101,433.019897,271.540222,-399.843536,416.188904,277.198914,-400.000000
	],

	"normals" : [
		0.882952,0.401511,-0.243278,0.848278,0.481598,-0.220201,0.791776,0.588975,-0.161863,0.716614,0.693486,-0.074436,0.638736,0.768918,0.027963,0.857625,0.377941,-0.348770,0.793315,0.517844,-0.320139,0.715424,0.664375,-0.216272,0.632335,0.770980,-0.075774,0.567532,0.821637,0.053108,
		0.867271,0.340935,-0.362773,0.746008,0.576087,-0.334060,0.616985,0.760066,-0.204033,0.523937,0.850632,-0.043763,0.491890,0.865503,0.094600,0.914471,0.288644,-0.283598,0.714185,0.646598,-0.268051,0.516263,0.846203,-0.131960,0.413528,0.910337,0.016757,0.413274,0.897839,0.151953,
		0.976586,0.195388,-0.090022,0.689868,0.713512,-0.122406,0.426337,0.904449,-0.014418,0.316404,0.943621,0.097308,0.329242,0.918330,0.219705
	],

	"faces": [
		32 ,0,1,5 ,0,1,5,
		32 ,5,1,6 ,5,1,6,
		32 ,5,6,10 ,5,6,10,
		32 ,10,6,11 ,10,6,11,
		32 ,10,11,15 ,10,11,15,
		32 ,15,11,16 ,15,11,16,
		32 ,15,16,20 ,15,16,20,
		32 ,20,16,21 ,20,16,21,
		32 ,1,2,6 ,1,2,6,
		32 ,6,2,7 ,6,2,7,
		32 ,6,7,11 ,6,7,11,
		32 ,11,7,12 ,11,7,12,
		32 ,11,12,16 ,11,12,16,
		32 ,16,12,17 ,16,12,17,
		32 ,16,17,21 ,16,17,21,
		32 ,21,17,22 ,21,17,22,
		32 ,2,3,7 ,2,3,7,
		32 ,7,3,8 ,7,3,8,
		32 ,7,8,12 ,7,8,12,
		32 ,12,8,13 ,12,8,13,
		32 ,12,13,17 ,12,13,17,
		32 ,17,13,18 ,17,13,18,
		32 ,17,18,22 ,17,18,22,
		32 ,22,18,23 ,22,18,23,
		32 ,3,4,8 ,3,4,8,
		32 ,8,4,9 ,8,4,9,
		32 ,8,9,13 ,8,9,13,
		32 ,13,9,14 ,13,9,14,
		32 ,13,14,18 ,13,14,18,
		32 ,18,14,19 ,18,14,19,
		32 ,18,19,23 ,18,19,23,
		32 ,23,19,24 ,23,19,24
	]

}
