{
	"metadata" : {
		"formatVersion" : 3,
		"description" : "Exported from LibZinc."
	},

	"vertices" : [
		455.924896,222.675293,-1810.000000,451.050629,224.614380,-1809.363037,445.701721,226.301163,-1808.956665,439.837799,227.517136,-1809.072144,433.418396,228.043793,-1810.000000,457.825500,216.445801,-1798.412964,452.971558,218.041519,-1797.997070,447.245544,219.434647,-1797.888428,441.002441,220.278610,-1798.401367,434.597137,220.226761,-1799.850586,
		459.730194,209.464508,-1786.262817,454.666992,210.793442,-1786.098145,448.900482,211.802078,-1786.379517,442.718994,212.165619,-1787.329956,436.410858,211.559250,-1789.172241,461.410248,202.490875,-1774.731201,456.053558,203.630905,-1774.798096,450.368103,204.262970,-1775.453369,444.430786,204.140594,-1776.791626,438.318512,203.017319,-1778.907715,
		462.636993,196.284393,-1765.000000,457.047821,197.314651,-1765.228760,451.350006,197.676880,-1766.132690,445.581207,197.166016,-1767.720337,439.779114,195.576996,-1770.000000
	],

	"normals" : [
		0.409766,0.837532,0.361431,0.351060,0.844117,0.405244,0.241927,0.849417,0.469001,0.083678,0.842734,0.531788,-0.114029,0.795338,0.595344,0.353437,0.839944,0.411796,0.272219,0.844676,0.460889,0.150685,0.840445,0.520525,-0.026798,0.813075,0.581541,-0.268994,0.733819,0.623821,
		0.283444,0.844141,0.455066,0.187217,0.845017,0.500896,0.048522,0.829627,0.556206,-0.139915,0.780604,0.609164,-0.368082,0.682965,0.630932,0.231987,0.840603,0.489457,0.107682,0.840486,0.531025,-0.055828,0.814690,0.577204,-0.246348,0.749681,0.614241,-0.435486,0.649739,0.623050,
		0.204144,0.827111,0.523654,0.051511,0.829075,0.556760,-0.131758,0.802554,0.581847,-0.326537,0.737609,0.591022,-0.505308,0.629884,0.589839
	],

	"faces": [
		32 ,0,1,5 ,0,1,5,
		32 ,5,1,6 ,5,1,6,
		32 ,5,6,10 ,5,6,10,
		32 ,10,6,11 ,10,6,11,
		32 ,10,11,15 ,10,11,15,
		32 ,15,11,16 ,15,11,16,
		32 ,15,16,20 ,15,16,20,
		32 ,20,16,21 ,20,16,21,
		32 ,1,2,6 ,1,2,6,
		32 ,6,2,7 ,6,2,7,
		32 ,6,7,11 ,6,7,11,
		32 ,11,7,12 ,11,7,12,
		32 ,11,12,16 ,11,12,16,
		32 ,16,12,17 ,16,12,17,
		32 ,16,17,21 ,16,17,21,
		32 ,21,17,22 ,21,17,22,
		32 ,2,3,7 ,2,3,7,
		32 ,7,3,8 ,7,3,8,
		32 ,7,8,12 ,7,8,12,
		32 ,12,8,13 ,12,8,13,
		32 ,12,13,17 ,12,13,17,
		32 ,17,13,18 ,17,13,18,
		32 ,17,18,22 ,17,18,22,
		32 ,22,18,23 ,22,18,23,
		32 ,3,4,8 ,3,4,8,
		32 ,8,4,9 ,8,4,9,
		32 ,8,9,13 ,8,9,13,
		32 ,13,9,14 ,13,9,14,
		32 ,13,14,18 ,13,14,18,
		32 ,18,14,19 ,18,14,19,
		32 ,18,19,23 ,18,19,23,
		32 ,23,19,24 ,23,19,24
	]

}
