{
	"metadata" : {
		"formatVersion" : 3,
		"description" : "Exported from LibZinc."
	},

	"vertices" : [
		244.604095,260.609406,-350.000000,228.071106,263.564728,-350.340851,208.636307,266.921265,-350.635254,188.503067,269.361420,-350.612030,169.874802,269.567505,-350.000000,249.660202,253.322601,-338.037415,235.521286,255.702759,-338.386902,218.737061,258.628357,-338.616119,201.118454,261.028870,-338.417084,184.476395,261.833862,-337.481903,
		253.997726,246.918365,-325.624939,242.957932,248.364655,-325.984619,230.253113,249.875443,-326.203796,216.551605,251.077301,-326.006073,202.521713,251.596741,-325.115082,257.746643,241.749054,-312.899994,249.734848,242.164032,-313.272247,241.217392,241.953720,-313.457733,231.602692,241.485458,-313.312012,220.299225,241.126511,-312.690735,
		261.036896,238.167099,-300.000000,255.205856,237.714539,-300.388153,249.662811,236.154343,-300.437378,243.071945,234.232132,-300.267883,234.097397,232.693497,-300.000000
	],

	"normals" : [
		0.128893,0.857534,0.498019,0.148291,0.858877,0.490246,0.131015,0.873891,0.468134,0.075901,0.893396,0.442812,-0.044547,0.894290,0.445266,0.115121,0.882933,0.455167,0.147187,0.874973,0.461258,0.137902,0.860911,0.489710,0.101743,0.842620,0.528811,0.033355,0.819132,0.572635,
		0.104871,0.914395,0.391003,0.103230,0.896638,0.430562,0.089501,0.860158,0.502113,0.074379,0.820265,0.567127,0.060300,0.796715,0.601340,0.085379,0.948684,0.304483,-0.009985,0.919094,0.393912,-0.040979,0.862131,0.505025,-0.017513,0.817692,0.575390,0.031577,0.805885,0.591229,
		0.035366,0.980395,0.193844,-0.203298,0.927344,0.314169,-0.270900,0.866706,0.418847,-0.195053,0.856567,0.477753,-0.075736,0.859316,0.505807
	],

	"faces": [
		32 ,0,1,5 ,0,1,5,
		32 ,5,1,6 ,5,1,6,
		32 ,5,6,10 ,5,6,10,
		32 ,10,6,11 ,10,6,11,
		32 ,10,11,15 ,10,11,15,
		32 ,15,11,16 ,15,11,16,
		32 ,15,16,20 ,15,16,20,
		32 ,20,16,21 ,20,16,21,
		32 ,1,2,6 ,1,2,6,
		32 ,6,2,7 ,6,2,7,
		32 ,6,7,11 ,6,7,11,
		32 ,11,7,12 ,11,7,12,
		32 ,11,12,16 ,11,12,16,
		32 ,16,12,17 ,16,12,17,
		32 ,16,17,21 ,16,17,21,
		32 ,21,17,22 ,21,17,22,
		32 ,2,3,7 ,2,3,7,
		32 ,7,3,8 ,7,3,8,
		32 ,7,8,12 ,7,8,12,
		32 ,12,8,13 ,12,8,13,
		32 ,12,13,17 ,12,13,17,
		32 ,17,13,18 ,17,13,18,
		32 ,17,18,22 ,17,18,22,
		32 ,22,18,23 ,22,18,23,
		32 ,3,4,8 ,3,4,8,
		32 ,8,4,9 ,8,4,9,
		32 ,8,9,13 ,8,9,13,
		32 ,13,9,14 ,13,9,14,
		32 ,13,14,18 ,13,14,18,
		32 ,18,14,19 ,18,14,19,
		32 ,18,19,23 ,18,19,23,
		32 ,23,19,24 ,23,19,24
	]

}
