{
	"metadata" : {
		"formatVersion" : 3,
		"description" : "Exported from LibZinc."
	},

	"vertices" : [
		169.874802,269.567505,-350.000000,154.229279,265.879791,-349.462311,140.718201,258.768341,-349.580078,128.055878,250.109970,-349.958984,114.956596,241.781601,-350.204803,184.476395,261.833862,-337.481903,169.635361,259.927063,-336.395477,155.732880,255.528534,-335.879364,142.049484,249.572159,-335.830475,127.865646,242.991806,-336.145752,
		202.521713,251.596741,-325.115082,188.492096,250.845795,-323.881714,174.164856,248.628830,-322.980377,159.268417,245.161026,-322.619934,143.531189,240.657562,-323.009277,220.299225,241.126511,-312.690735,207.288101,240.817413,-311.707642,192.946152,240.061707,-310.828796,177.275345,238.571274,-310.438049,160.277603,236.057999,-310.919342,
		234.097397,232.693497,-300.000000,222.511932,232.023346,-299.660004,209.008774,231.819641,-299.370300,193.632904,231.497559,-299.395477,176.429306,230.472305,-300.000000
	],

	"normals" : [
		-0.044547,0.894290,0.445266,-0.313282,0.800653,0.510695,-0.484679,0.743406,0.460906,-0.545524,0.770507,0.329731,-0.475309,0.865815,0.156350,0.033355,0.819132,0.572635,-0.137316,0.745989,0.651648,-0.268279,0.719675,0.640387,-0.353333,0.746585,0.563707,-0.377289,0.809614,0.449643,
		0.060300,0.796715,0.601340,-0.030033,0.754628,0.655465,-0.116921,0.743911,0.657970,-0.198126,0.755543,0.624420,-0.265658,0.775620,0.572572,0.031577,0.805885,0.591229,0.016743,0.788941,0.614241,-0.027168,0.783098,0.621304,-0.092693,0.780852,0.617802,-0.172929,0.775036,0.607795,
		-0.075736,0.859316,0.505807,-0.007716,0.847127,0.531335,-0.002716,0.830664,0.556767,-0.038402,0.813449,0.580367,-0.101560,0.800571,0.590568
	],

	"faces": [
		32 ,0,1,5 ,0,1,5,
		32 ,5,1,6 ,5,1,6,
		32 ,5,6,10 ,5,6,10,
		32 ,10,6,11 ,10,6,11,
		32 ,10,11,15 ,10,11,15,
		32 ,15,11,16 ,15,11,16,
		32 ,15,16,20 ,15,16,20,
		32 ,20,16,21 ,20,16,21,
		32 ,1,2,6 ,1,2,6,
		32 ,6,2,7 ,6,2,7,
		32 ,6,7,11 ,6,7,11,
		32 ,11,7,12 ,11,7,12,
		32 ,11,12,16 ,11,12,16,
		32 ,16,12,17 ,16,12,17,
		32 ,16,17,21 ,16,17,21,
		32 ,21,17,22 ,21,17,22,
		32 ,2,3,7 ,2,3,7,
		32 ,7,3,8 ,7,3,8,
		32 ,7,8,12 ,7,8,12,
		32 ,12,8,13 ,12,8,13,
		32 ,12,13,17 ,12,13,17,
		32 ,17,13,18 ,17,13,18,
		32 ,17,18,22 ,17,18,22,
		32 ,22,18,23 ,22,18,23,
		32 ,3,4,8 ,3,4,8,
		32 ,8,4,9 ,8,4,9,
		32 ,8,9,13 ,8,9,13,
		32 ,13,9,14 ,13,9,14,
		32 ,13,14,18 ,13,14,18,
		32 ,18,14,19 ,18,14,19,
		32 ,18,19,23 ,18,19,23,
		32 ,23,19,24 ,23,19,24
	]

}
