{
	"metadata" : {
		"formatVersion" : 3,
		"description" : "Exported from LibZinc."
	},

	"vertices" : [
		24.339861,154.401199,-350.203186,23.792313,136.078995,-350.631744,27.605310,117.528946,-351.350555,35.715813,100.382973,-352.035095,48.060780,86.273018,-352.360687,27.160381,155.027435,-338.486908,26.383896,136.635696,-338.743683,29.805080,118.715714,-339.120636,37.667706,102.240997,-339.415436,50.215542,88.185066,-339.425781,
		30.757158,155.899460,-327.955414,29.646189,137.583237,-327.914459,32.898682,120.209412,-327.643097,40.917850,104.039162,-327.267670,54.106899,89.333626,-326.914581,36.298721,157.256500,-315.996979,34.691380,139.190582,-315.770355,37.653141,122.273376,-315.025299,45.704086,106.232895,-314.164429,59.364296,90.797180,-313.590363,
		44.953590,159.337799,-300.000000,42.631664,141.726730,-299.937622,44.835480,125.170898,-299.374542,52.264252,109.277634,-298.678314,65.617188,93.654221,-298.216400
	],

	"normals" : [
		-0.968293,0.148690,0.200750,-0.975992,-0.092346,0.197259,-0.934070,-0.314888,0.168400,-0.826133,-0.537867,0.167940,-0.627221,-0.752447,0.201038,-0.954901,0.143937,0.259705,-0.966475,-0.072339,0.246358,-0.923414,-0.302967,0.235623,-0.807685,-0.535140,0.247530,-0.625516,-0.744152,0.234452,
		-0.921217,0.153359,0.357548,-0.938652,-0.049278,0.341326,-0.897074,-0.290249,0.333188,-0.783357,-0.524879,0.332947,-0.631687,-0.717333,0.293947,-0.886101,0.172080,0.430365,-0.905980,-0.017260,0.422969,-0.870492,-0.265129,0.414669,-0.765496,-0.505399,0.398232,-0.634064,-0.686015,0.356855,
		-0.865764,0.198412,0.459440,-0.885327,0.019344,0.464567,-0.857346,-0.229656,0.460669,-0.761186,-0.480589,0.435466,-0.631039,-0.662825,0.403055
	],

	"faces": [
		32 ,0,1,5 ,0,1,5,
		32 ,5,1,6 ,5,1,6,
		32 ,5,6,10 ,5,6,10,
		32 ,10,6,11 ,10,6,11,
		32 ,10,11,15 ,10,11,15,
		32 ,15,11,16 ,15,11,16,
		32 ,15,16,20 ,15,16,20,
		32 ,20,16,21 ,20,16,21,
		32 ,1,2,6 ,1,2,6,
		32 ,6,2,7 ,6,2,7,
		32 ,6,7,11 ,6,7,11,
		32 ,11,7,12 ,11,7,12,
		32 ,11,12,16 ,11,12,16,
		32 ,16,12,17 ,16,12,17,
		32 ,16,17,21 ,16,17,21,
		32 ,21,17,22 ,21,17,22,
		32 ,2,3,7 ,2,3,7,
		32 ,7,3,8 ,7,3,8,
		32 ,7,8,12 ,7,8,12,
		32 ,12,8,13 ,12,8,13,
		32 ,12,13,17 ,12,13,17,
		32 ,17,13,18 ,17,13,18,
		32 ,17,18,22 ,17,18,22,
		32 ,22,18,23 ,22,18,23,
		32 ,3,4,8 ,3,4,8,
		32 ,8,4,9 ,8,4,9,
		32 ,8,9,13 ,8,9,13,
		32 ,13,9,14 ,13,9,14,
		32 ,13,14,18 ,13,14,18,
		32 ,18,14,19 ,18,14,19,
		32 ,18,19,23 ,18,19,23,
		32 ,23,19,24 ,23,19,24
	]

}
