{
	"metadata" : {
		"formatVersion" : 3,
		"description" : "Exported from LibZinc."
	},

	"vertices" : [
		161.086502,40.316559,-350.562592,191.652267,37.761330,-350.439789,222.217758,37.122910,-350.222473,253.051208,37.445415,-350.034576,284.420807,37.772961,-350.000000,159.857254,41.645958,-337.954987,190.101379,38.039127,-337.881683,221.288910,37.486801,-337.733093,252.958420,38.442085,-337.584412,284.648529,39.358089,-337.510895,
		159.876907,43.848465,-325.322968,189.733612,39.859791,-325.342163,221.273544,39.631714,-325.339844,253.399658,41.237114,-325.317291,285.014862,42.748856,-325.275909,161.529282,47.147545,-312.563965,190.990891,43.249989,-312.629211,222.360916,43.290390,-312.765900,254.274155,45.229816,-312.886383,285.365356,47.029335,-312.902985,
		165.198196,51.766651,-299.575500,194.315170,48.236389,-299.550781,224.740219,48.195557,-299.734436,255.481110,49.819511,-299.944763,285.545593,51.283600,-300.000000
	],

	"normals" : [
		-0.123895,-0.990543,0.058938,-0.046713,-0.997864,-0.045672,0.000399,-0.998816,-0.048651,0.015625,-0.999849,-0.007630,0.000438,-0.999563,0.029559,-0.185971,-0.974721,0.123833,-0.059191,-0.995180,0.078183,0.013961,-0.994398,0.104775,0.036454,-0.986523,0.159510,0.011727,-0.977707,0.209646,
		-0.216130,-0.951965,0.216909,-0.056513,-0.977437,0.203528,0.030596,-0.972891,0.229230,0.056097,-0.961182,0.270153,0.024729,-0.950726,0.309043,-0.214956,-0.921168,0.324412,-0.047927,-0.947414,0.316402,0.040970,-0.947871,0.316011,0.066585,-0.944145,0.322733,0.032055,-0.943146,0.330830,
		-0.187694,-0.883702,0.428767,-0.043563,-0.910735,0.410688,0.035815,-0.928379,0.369904,0.058780,-0.943433,0.326311,0.024505,-0.958621,0.283630
	],

	"faces": [
		32 ,0,1,5 ,0,1,5,
		32 ,5,1,6 ,5,1,6,
		32 ,5,6,10 ,5,6,10,
		32 ,10,6,11 ,10,6,11,
		32 ,10,11,15 ,10,11,15,
		32 ,15,11,16 ,15,11,16,
		32 ,15,16,20 ,15,16,20,
		32 ,20,16,21 ,20,16,21,
		32 ,1,2,6 ,1,2,6,
		32 ,6,2,7 ,6,2,7,
		32 ,6,7,11 ,6,7,11,
		32 ,11,7,12 ,11,7,12,
		32 ,11,12,16 ,11,12,16,
		32 ,16,12,17 ,16,12,17,
		32 ,16,17,21 ,16,17,21,
		32 ,21,17,22 ,21,17,22,
		32 ,2,3,7 ,2,3,7,
		32 ,7,3,8 ,7,3,8,
		32 ,7,8,12 ,7,8,12,
		32 ,12,8,13 ,12,8,13,
		32 ,12,13,17 ,12,13,17,
		32 ,17,13,18 ,17,13,18,
		32 ,17,18,22 ,17,18,22,
		32 ,22,18,23 ,22,18,23,
		32 ,3,4,8 ,3,4,8,
		32 ,8,4,9 ,8,4,9,
		32 ,8,9,13 ,8,9,13,
		32 ,13,9,14 ,13,9,14,
		32 ,13,14,18 ,13,14,18,
		32 ,18,14,19 ,18,14,19,
		32 ,18,19,23 ,18,19,23,
		32 ,23,19,24 ,23,19,24
	]

}
