{
	"metadata" : {
		"formatVersion" : 3,
		"description" : "Exported from LibZinc."
	},

	"vertices" : [
		433.418396,228.043793,-1810.000000,426.345734,227.683365,-1812.268799,419.031647,226.594940,-1815.869019,412.200287,225.095291,-1820.284668,406.575714,223.501205,-1825.000000,434.597137,220.226761,-1799.850586,427.714600,219.077805,-1802.589722,420.428986,217.151657,-1806.481079,413.679016,214.883560,-1811.102173,408.403351,212.708771,-1816.030518,
		436.410858,211.559250,-1789.172241,429.755493,209.671234,-1792.108643,422.896942,206.843964,-1795.976685,416.670502,203.733841,-1800.451660,411.911530,200.997253,-1805.208862,438.318512,203.017319,-1778.907715,431.976837,200.481567,-1781.905396,425.716980,196.849503,-1785.646362,420.164429,192.966156,-1789.861816,415.944641,189.676559,-1794.282837,
		439.779114,195.576996,-1770.000000,433.887115,192.526672,-1773.059570,428.170715,188.345901,-1776.780396,423.150543,183.900558,-1780.861084,419.347198,180.056595,-1785.000000
	],

	"normals" : [
		-0.114029,0.795338,0.595344,-0.337902,0.689286,0.640864,-0.478856,0.594744,0.645737,-0.588134,0.510767,0.627069,-0.704422,0.399450,0.586710,-0.268994,0.733819,0.623821,-0.439453,0.630184,0.640117,-0.548975,0.535553,0.641724,-0.650471,0.436534,0.621552,-0.781493,0.293888,0.550362,
		-0.368082,0.682965,0.630932,-0.521483,0.576849,0.628729,-0.616111,0.478404,0.625729,-0.703005,0.373968,0.604924,-0.817643,0.227187,0.529004,-0.435486,0.649739,0.623050,-0.590998,0.529944,0.608178,-0.677537,0.425521,0.599896,-0.748087,0.323127,0.579617,-0.836424,0.192938,0.513000,
		-0.505308,0.629884,0.589839,-0.651540,0.494084,0.575652,-0.727488,0.389886,0.564580,-0.785255,0.296293,0.543677,-0.853772,0.183736,0.487149
	],

	"faces": [
		32 ,0,1,5 ,0,1,5,
		32 ,5,1,6 ,5,1,6,
		32 ,5,6,10 ,5,6,10,
		32 ,10,6,11 ,10,6,11,
		32 ,10,11,15 ,10,11,15,
		32 ,15,11,16 ,15,11,16,
		32 ,15,16,20 ,15,16,20,
		32 ,20,16,21 ,20,16,21,
		32 ,1,2,6 ,1,2,6,
		32 ,6,2,7 ,6,2,7,
		32 ,6,7,11 ,6,7,11,
		32 ,11,7,12 ,11,7,12,
		32 ,11,12,16 ,11,12,16,
		32 ,16,12,17 ,16,12,17,
		32 ,16,17,21 ,16,17,21,
		32 ,21,17,22 ,21,17,22,
		32 ,2,3,7 ,2,3,7,
		32 ,7,3,8 ,7,3,8,
		32 ,7,8,12 ,7,8,12,
		32 ,12,8,13 ,12,8,13,
		32 ,12,13,17 ,12,13,17,
		32 ,17,13,18 ,17,13,18,
		32 ,17,18,22 ,17,18,22,
		32 ,22,18,23 ,22,18,23,
		32 ,3,4,8 ,3,4,8,
		32 ,8,4,9 ,8,4,9,
		32 ,8,9,13 ,8,9,13,
		32 ,13,9,14 ,13,9,14,
		32 ,13,14,18 ,13,14,18,
		32 ,18,14,19 ,18,14,19,
		32 ,18,19,23 ,18,19,23,
		32 ,23,19,24 ,23,19,24
	]

}
