{
	"metadata" : {
		"formatVersion" : 3,
		"description" : "Exported from LibZinc."
	},

	"vertices" : [
		468.278107,245.551300,-350.000000,449.842651,252.094910,-349.823608,429.513855,258.042267,-349.529602,408.915222,262.373901,-349.470795,389.670288,264.070312,-350.000000,451.005615,245.450851,-335.271423,432.107391,249.900452,-335.365936,412.371643,253.203735,-336.106873,393.250061,255.276520,-337.193207,376.194397,256.034637,-338.324036,
		429.094574,240.567688,-321.973572,410.131622,243.012314,-322.162354,392.066376,244.649887,-323.376038,375.448425,245.646378,-324.955536,360.827454,246.167740,-326.241699,406.297638,233.173752,-310.188934,387.854675,234.096649,-310.219513,372.060059,235.009308,-311.220612,358.385010,235.926575,-312.543243,346.300629,236.863327,-313.538513,
		386.367401,225.541000,-300.000000,369.215912,225.819626,-299.544037,355.814789,226.910553,-299.523987,344.934418,228.560242,-299.741943,335.345093,230.515106,-300.000000
	],

	"normals" : [
		0.355029,0.925406,0.132578,0.305365,0.925101,0.225702,0.233495,0.895008,0.380053,0.131264,0.859807,0.493458,-0.022243,0.886134,0.462896,0.238354,0.825022,0.512374,0.153437,0.834951,0.528502,0.084230,0.816775,0.570775,0.023842,0.796003,0.604823,-0.036253,0.806007,0.590795,
		0.132662,0.759368,0.636994,0.057368,0.780768,0.622182,0.005267,0.789007,0.614361,-0.023488,0.789417,0.613408,-0.021909,0.790807,0.611673,0.057284,0.753428,0.655030,0.017507,0.764807,0.644021,-0.003817,0.790735,0.612146,0.001267,0.813873,0.581042,0.038685,0.827952,0.559463,
		0.014848,0.787749,0.615817,0.046173,0.781813,0.621800,0.090864,0.820493,0.564389,0.146553,0.866904,0.476445,0.187905,0.908088,0.374256
	],

	"faces": [
		32 ,0,1,5 ,0,1,5,
		32 ,5,1,6 ,5,1,6,
		32 ,5,6,10 ,5,6,10,
		32 ,10,6,11 ,10,6,11,
		32 ,10,11,15 ,10,11,15,
		32 ,15,11,16 ,15,11,16,
		32 ,15,16,20 ,15,16,20,
		32 ,20,16,21 ,20,16,21,
		32 ,1,2,6 ,1,2,6,
		32 ,6,2,7 ,6,2,7,
		32 ,6,7,11 ,6,7,11,
		32 ,11,7,12 ,11,7,12,
		32 ,11,12,16 ,11,12,16,
		32 ,16,12,17 ,16,12,17,
		32 ,16,17,21 ,16,17,21,
		32 ,21,17,22 ,21,17,22,
		32 ,2,3,7 ,2,3,7,
		32 ,7,3,8 ,7,3,8,
		32 ,7,8,12 ,7,8,12,
		32 ,12,8,13 ,12,8,13,
		32 ,12,13,17 ,12,13,17,
		32 ,17,13,18 ,17,13,18,
		32 ,17,18,22 ,17,18,22,
		32 ,22,18,23 ,22,18,23,
		32 ,3,4,8 ,3,4,8,
		32 ,8,4,9 ,8,4,9,
		32 ,8,9,13 ,8,9,13,
		32 ,13,9,14 ,13,9,14,
		32 ,13,14,18 ,13,14,18,
		32 ,18,14,19 ,18,14,19,
		32 ,18,19,23 ,18,19,23,
		32 ,23,19,24 ,23,19,24
	]

}
