{
	"metadata" : {
		"formatVersion" : 3,
		"description" : "Exported from LibZinc."
	},

	"vertices" : [
		285.000000,238.130600,-300.000000,278.948730,237.569656,-299.717896,273.107849,237.528564,-299.550018,267.222290,237.797623,-299.607086,261.036896,238.167099,-300.000000,285.238617,236.630157,-286.271759,279.525055,235.860428,-286.023193,274.018677,235.731750,-286.013428,268.606018,235.841476,-286.225342,263.173492,235.786987,-286.641815,
		285.197449,234.352783,-272.165192,279.655853,233.932556,-272.173004,274.267517,234.091385,-272.520874,269.047211,234.257050,-272.934387,264.009735,233.857330,-273.139069,285.120087,232.131470,-259.476044,279.744507,232.175064,-259.695831,274.444519,232.602432,-260.232452,269.326752,232.806854,-260.652924,264.497864,232.181656,-260.524292,
		285.250000,230.799194,-250.000000,280.194397,230.977005,-250.120056,275.139862,231.259842,-250.308105,270.225464,231.253448,-250.299591,265.590302,230.563507,-249.830002
	],

	"normals" : [
		-0.137697,0.988096,0.068596,-0.040028,0.992652,0.114193,0.027085,0.990047,0.138104,0.052817,0.985962,0.158393,0.035366,0.980395,0.193844,-0.194182,0.971026,0.139292,-0.064552,0.988865,0.134090,0.008140,0.992242,0.124053,0.009955,0.991893,0.126683,-0.063645,0.985080,0.159895,
		-0.148681,0.974371,0.168803,-0.012155,0.989968,0.140769,0.038664,0.992230,0.118256,-0.012053,0.993445,0.113670,-0.172607,0.975410,0.137051,-0.061599,0.984271,0.165580,0.050895,0.989618,0.134411,0.066156,0.990319,0.122028,-0.027277,0.991466,0.127480,-0.239627,0.960150,0.143844,
		-0.001189,0.996493,0.083665,0.054128,0.993765,0.097479,0.036379,0.988705,0.145393,-0.050008,0.980530,0.189897,-0.212932,0.954865,0.207108
	],

	"faces": [
		32 ,0,1,5 ,0,1,5,
		32 ,5,1,6 ,5,1,6,
		32 ,5,6,10 ,5,6,10,
		32 ,10,6,11 ,10,6,11,
		32 ,10,11,15 ,10,11,15,
		32 ,15,11,16 ,15,11,16,
		32 ,15,16,20 ,15,16,20,
		32 ,20,16,21 ,20,16,21,
		32 ,1,2,6 ,1,2,6,
		32 ,6,2,7 ,6,2,7,
		32 ,6,7,11 ,6,7,11,
		32 ,11,7,12 ,11,7,12,
		32 ,11,12,16 ,11,12,16,
		32 ,16,12,17 ,16,12,17,
		32 ,16,17,21 ,16,17,21,
		32 ,21,17,22 ,21,17,22,
		32 ,2,3,7 ,2,3,7,
		32 ,7,3,8 ,7,3,8,
		32 ,7,8,12 ,7,8,12,
		32 ,12,8,13 ,12,8,13,
		32 ,12,13,17 ,12,13,17,
		32 ,17,13,18 ,17,13,18,
		32 ,17,18,22 ,17,18,22,
		32 ,22,18,23 ,22,18,23,
		32 ,3,4,8 ,3,4,8,
		32 ,8,4,9 ,8,4,9,
		32 ,8,9,13 ,8,9,13,
		32 ,13,9,14 ,13,9,14,
		32 ,13,14,18 ,13,14,18,
		32 ,18,14,19 ,18,14,19,
		32 ,18,19,23 ,18,19,23,
		32 ,23,19,24 ,23,19,24
	]

}
