{
	"metadata" : {
		"formatVersion" : 3,
		"description" : "Exported from LibZinc."
	},

	"vertices" : [
		176.429306,230.472305,-300.000000,156.272339,229.301361,-300.778259,133.562454,227.960602,-301.092957,110.633698,224.992752,-300.861176,89.820107,218.940598,-300.000000,191.567551,225.276474,-288.228882,173.892578,224.362869,-288.345703,154.234070,223.149628,-287.540009,133.958801,220.674332,-286.062958,114.433495,215.974609,-284.165802,
		205.592438,220.774139,-274.705353,193.082306,218.590302,-274.751007,179.998199,215.447754,-274.346252,165.892105,211.478348,-273.454742,150.316055,206.813934,-272.040100,217.306503,216.635910,-261.235809,209.965576,212.887207,-261.324280,203.270172,207.604279,-261.589355,195.452682,201.912949,-261.717255,184.745499,196.938995,-261.394379,
		225.512299,212.532394,-249.626694,220.666428,208.157104,-249.395767,216.465363,202.368469,-249.346924,211.659561,196.486237,-249.531281,204.999496,191.830200,-250.000000
	],

	"normals" : [
		-0.101560,0.800571,0.590568,-0.052789,0.911029,0.408949,-0.079821,0.961585,0.262646,-0.180337,0.964710,0.191865,-0.372802,0.905684,0.201879,-0.077589,0.902867,0.422860,-0.034506,0.904154,0.425811,-0.041949,0.860213,0.508207,-0.080933,0.785115,0.614040,-0.149423,0.689370,0.708831,
		-0.130005,0.905843,0.403172,-0.162633,0.807226,0.567394,-0.145573,0.679189,0.719382,-0.110752,0.588613,0.800792,-0.085492,0.562687,0.822237,-0.259991,0.842173,0.472387,-0.421122,0.567538,0.707500,-0.375887,0.425044,0.823436,-0.263668,0.435380,0.860769,-0.140757,0.549758,0.823379,
		-0.396882,0.738035,0.545701,-0.631484,0.529810,0.566153,-0.722827,0.508131,0.468321,-0.659230,0.640699,0.393599,-0.407134,0.843222,0.351025
	],

	"faces": [
		32 ,0,1,5 ,0,1,5,
		32 ,5,1,6 ,5,1,6,
		32 ,5,6,10 ,5,6,10,
		32 ,10,6,11 ,10,6,11,
		32 ,10,11,15 ,10,11,15,
		32 ,15,11,16 ,15,11,16,
		32 ,15,16,20 ,15,16,20,
		32 ,20,16,21 ,20,16,21,
		32 ,1,2,6 ,1,2,6,
		32 ,6,2,7 ,6,2,7,
		32 ,6,7,11 ,6,7,11,
		32 ,11,7,12 ,11,7,12,
		32 ,11,12,16 ,11,12,16,
		32 ,16,12,17 ,16,12,17,
		32 ,16,17,21 ,16,17,21,
		32 ,21,17,22 ,21,17,22,
		32 ,2,3,7 ,2,3,7,
		32 ,7,3,8 ,7,3,8,
		32 ,7,8,12 ,7,8,12,
		32 ,12,8,13 ,12,8,13,
		32 ,12,13,17 ,12,13,17,
		32 ,17,13,18 ,17,13,18,
		32 ,17,18,22 ,17,18,22,
		32 ,22,18,23 ,22,18,23,
		32 ,3,4,8 ,3,4,8,
		32 ,8,4,9 ,8,4,9,
		32 ,8,9,13 ,8,9,13,
		32 ,13,9,14 ,13,9,14,
		32 ,13,14,18 ,13,14,18,
		32 ,18,14,19 ,18,14,19,
		32 ,18,19,23 ,18,19,23,
		32 ,23,19,24 ,23,19,24
	]

}
