{
	"metadata" : {
		"formatVersion" : 3,
		"description" : "Exported from LibZinc."
	},

	"vertices" : [
		491.422699,83.570137,-300.045593,508.129272,98.854538,-299.228821,520.516968,117.214775,-298.461823,528.024231,137.438538,-297.959381,530.089478,158.313507,-297.936310,480.560150,90.587051,-283.905090,494.658447,105.954681,-282.836395,504.525116,123.989006,-281.467926,509.503174,143.173401,-280.365051,508.935760,161.991226,-280.093201,
		464.574341,101.057236,-268.956238,474.347504,116.424118,-268.290253,479.927979,133.185852,-267.241028,480.670410,149.880310,-266.389313,475.929504,165.045334,-266.315948,445.572174,112.341537,-257.040680,450.956360,127.225075,-256.920532,452.001617,142.109573,-256.469452,448.477905,155.821381,-256.135010,440.155304,167.186890,-256.364807,
		425.660492,121.800797,-250.000000,428.245056,135.319794,-250.057327,426.022064,148.064407,-249.841507,419.877563,159.258759,-249.704926,410.697601,168.126999,-250.000000
	],

	"normals" : [
		0.509244,-0.738436,0.442022,0.648919,-0.581895,0.490207,0.753720,-0.406004,0.516785,0.828856,-0.202416,0.521560,0.856070,0.041837,0.515164,0.439231,-0.557343,0.704588,0.482065,-0.404024,0.777417,0.506705,-0.260282,0.821890,0.516160,-0.096602,0.851027,0.490124,0.112061,0.864419,
		0.416077,-0.358463,0.835694,0.398674,-0.242070,0.884569,0.380157,-0.129734,0.915778,0.359479,0.009776,0.933102,0.319752,0.210735,0.923769,0.358804,-0.172813,0.917276,0.330886,-0.093811,0.938996,0.300404,-0.005865,0.953794,0.271401,0.115899,0.955463,0.233340,0.319048,0.918565,
		0.180756,-0.047566,0.982377,0.190763,-0.010690,0.981578,0.190022,0.048988,0.980557,0.187442,0.146037,0.971359,0.187743,0.340023,0.921486
	],

	"faces": [
		32 ,0,1,5 ,0,1,5,
		32 ,5,1,6 ,5,1,6,
		32 ,5,6,10 ,5,6,10,
		32 ,10,6,11 ,10,6,11,
		32 ,10,11,15 ,10,11,15,
		32 ,15,11,16 ,15,11,16,
		32 ,15,16,20 ,15,16,20,
		32 ,20,16,21 ,20,16,21,
		32 ,1,2,6 ,1,2,6,
		32 ,6,2,7 ,6,2,7,
		32 ,6,7,11 ,6,7,11,
		32 ,11,7,12 ,11,7,12,
		32 ,11,12,16 ,11,12,16,
		32 ,16,12,17 ,16,12,17,
		32 ,16,17,21 ,16,17,21,
		32 ,21,17,22 ,21,17,22,
		32 ,2,3,7 ,2,3,7,
		32 ,7,3,8 ,7,3,8,
		32 ,7,8,12 ,7,8,12,
		32 ,12,8,13 ,12,8,13,
		32 ,12,13,17 ,12,13,17,
		32 ,17,13,18 ,17,13,18,
		32 ,17,18,22 ,17,18,22,
		32 ,22,18,23 ,22,18,23,
		32 ,3,4,8 ,3,4,8,
		32 ,8,4,9 ,8,4,9,
		32 ,8,9,13 ,8,9,13,
		32 ,13,9,14 ,13,9,14,
		32 ,13,14,18 ,13,14,18,
		32 ,18,14,19 ,18,14,19,
		32 ,18,19,23 ,18,19,23,
		32 ,23,19,24 ,23,19,24
	]

}
