{
	"metadata" : {
		"formatVersion" : 3,
		"description" : "Exported from LibZinc."
	},

	"vertices" : [
		489.739288,220.458298,-300.000000,465.318420,226.166107,-300.476898,437.181946,227.438004,-300.670563,409.481201,226.490738,-300.528900,386.367401,225.541000,-300.000000,462.677032,215.724945,-284.202148,440.231293,220.403687,-285.465271,415.327698,221.476730,-287.146851,391.272766,220.794128,-288.465729,371.373047,220.205917,-288.640747,
		424.041565,204.627304,-272.158234,407.559784,210.003036,-272.682159,390.473724,213.486115,-273.737915,374.216675,215.679016,-274.682861,360.221832,217.184174,-274.874420,387.320251,193.875137,-261.535217,377.574158,199.999664,-261.030151,368.575592,206.005493,-260.953461,360.100159,211.218979,-261.053253,351.923462,214.966461,-261.077576,
		366.000488,190.178207,-250.000000,360.544739,195.429077,-249.411758,355.588745,201.574173,-249.303253,350.710419,207.487610,-249.449799,345.487701,212.043503,-249.626694
	],

	"normals" : [
		0.355300,0.888600,0.290089,0.109265,0.968885,0.222087,-0.007287,0.959027,0.283220,-0.039881,0.898230,0.437712,0.014848,0.787749,0.615817,0.166924,0.563468,0.809098,0.043367,0.790499,0.610926,-0.032315,0.900511,0.433631,-0.052018,0.946938,0.317180,0.016292,0.952279,0.304793,
		0.145486,0.356417,0.922931,0.103463,0.574999,0.811586,0.083450,0.770922,0.631439,0.085504,0.908926,0.408097,0.113749,0.964624,0.237826,0.240588,0.286580,0.927356,0.276859,0.382862,0.881343,0.339844,0.524006,0.780976,0.386858,0.711461,0.586655,0.310823,0.891106,0.330634,
		0.603753,0.733301,0.312652,0.694054,0.583309,0.421947,0.677536,0.532825,0.506993,0.593231,0.565891,0.572577,0.437446,0.709971,0.551890
	],

	"faces": [
		32 ,0,1,5 ,0,1,5,
		32 ,5,1,6 ,5,1,6,
		32 ,5,6,10 ,5,6,10,
		32 ,10,6,11 ,10,6,11,
		32 ,10,11,15 ,10,11,15,
		32 ,15,11,16 ,15,11,16,
		32 ,15,16,20 ,15,16,20,
		32 ,20,16,21 ,20,16,21,
		32 ,1,2,6 ,1,2,6,
		32 ,6,2,7 ,6,2,7,
		32 ,6,7,11 ,6,7,11,
		32 ,11,7,12 ,11,7,12,
		32 ,11,12,16 ,11,12,16,
		32 ,16,12,17 ,16,12,17,
		32 ,16,17,21 ,16,17,21,
		32 ,21,17,22 ,21,17,22,
		32 ,2,3,7 ,2,3,7,
		32 ,7,3,8 ,7,3,8,
		32 ,7,8,12 ,7,8,12,
		32 ,12,8,13 ,12,8,13,
		32 ,12,13,17 ,12,13,17,
		32 ,17,13,18 ,17,13,18,
		32 ,17,18,22 ,17,18,22,
		32 ,22,18,23 ,22,18,23,
		32 ,3,4,8 ,3,4,8,
		32 ,8,4,9 ,8,4,9,
		32 ,8,9,13 ,8,9,13,
		32 ,13,9,14 ,13,9,14,
		32 ,13,14,18 ,13,14,18,
		32 ,18,14,19 ,18,14,19,
		32 ,18,19,23 ,18,19,23,
		32 ,23,19,24 ,23,19,24
	]

}
