{
	"metadata" : {
		"formatVersion" : 3,
		"description" : "Exported from LibZinc."
	},

	"vertices" : [
		386.367401,225.541000,-300.000000,369.215912,225.819626,-299.544037,355.814789,226.910553,-299.523987,344.934418,228.560242,-299.741943,335.345093,230.515106,-300.000000,371.373047,220.205917,-288.640747,356.889282,220.845779,-287.850159,346.006012,222.418259,-286.960907,337.415314,224.629761,-286.224792,329.809357,227.186661,-285.893646,
		360.221832,217.184174,-274.874420,349.430969,218.728653,-274.247711,341.146484,220.585129,-273.381165,334.342407,222.674469,-272.597229,327.992798,224.917557,-272.218353,351.923462,214.966461,-261.077576,344.603699,217.467850,-260.836639,338.454468,219.521820,-260.430725,332.884613,221.322861,-260.043030,327.303009,223.065445,-259.856720,
		345.487701,212.043503,-249.626694,340.170105,215.063004,-249.716949,335.148071,217.339050,-249.755585,330.210785,219.203445,-249.745956,325.147491,220.988007,-249.691406
	],

	"normals" : [
		0.014848,0.787749,0.615817,0.046173,0.781813,0.621800,0.090864,0.820493,0.564389,0.146553,0.866904,0.476445,0.187905,0.908088,0.374256,0.016292,0.952279,0.304793,0.109578,0.943292,0.313358,0.216572,0.926042,0.309100,0.301725,0.909786,0.285047,0.320098,0.914014,0.249231,
		0.113749,0.964624,0.237826,0.191602,0.965877,0.174272,0.273531,0.950643,0.146488,0.331529,0.932280,0.144713,0.331647,0.929964,0.158675,0.310823,0.891106,0.330634,0.323192,0.920760,0.218513,0.319259,0.932673,0.167913,0.307200,0.937464,0.163673,0.289818,0.940336,0.178253,
		0.437446,0.709971,0.551890,0.382979,0.771070,0.508703,0.331240,0.816128,0.473513,0.305060,0.848152,0.433101,0.316633,0.871579,0.374290
	],

	"faces": [
		32 ,0,1,5 ,0,1,5,
		32 ,5,1,6 ,5,1,6,
		32 ,5,6,10 ,5,6,10,
		32 ,10,6,11 ,10,6,11,
		32 ,10,11,15 ,10,11,15,
		32 ,15,11,16 ,15,11,16,
		32 ,15,16,20 ,15,16,20,
		32 ,20,16,21 ,20,16,21,
		32 ,1,2,6 ,1,2,6,
		32 ,6,2,7 ,6,2,7,
		32 ,6,7,11 ,6,7,11,
		32 ,11,7,12 ,11,7,12,
		32 ,11,12,16 ,11,12,16,
		32 ,16,12,17 ,16,12,17,
		32 ,16,17,21 ,16,17,21,
		32 ,21,17,22 ,21,17,22,
		32 ,2,3,7 ,2,3,7,
		32 ,7,3,8 ,7,3,8,
		32 ,7,8,12 ,7,8,12,
		32 ,12,8,13 ,12,8,13,
		32 ,12,13,17 ,12,13,17,
		32 ,17,13,18 ,17,13,18,
		32 ,17,18,22 ,17,18,22,
		32 ,22,18,23 ,22,18,23,
		32 ,3,4,8 ,3,4,8,
		32 ,8,4,9 ,8,4,9,
		32 ,8,9,13 ,8,9,13,
		32 ,13,9,14 ,13,9,14,
		32 ,13,14,18 ,13,14,18,
		32 ,18,14,19 ,18,14,19,
		32 ,18,19,23 ,18,19,23,
		32 ,23,19,24 ,23,19,24
	]

}
