{
	"metadata" : {
		"formatVersion" : 3,
		"description" : "Exported from LibZinc."
	},

	"vertices" : [
		402.033112,215.241898,-1845.000000,404.493073,212.465256,-1848.589111,407.646393,209.577286,-1850.980103,411.488464,206.667435,-1852.631104,416.014801,203.825195,-1854.000000,404.577850,204.335938,-1835.329956,406.845490,201.547470,-1838.666870,409.907379,198.470413,-1841.028687,413.556793,195.337936,-1842.725830,417.587036,192.383286,-1844.069458,
		408.905243,193.390533,-1823.117920,410.931122,190.477905,-1826.274658,413.697113,187.183823,-1828.639526,417.004059,183.779053,-1830.475098,420.652679,180.534409,-1832.043579,413.461609,182.375641,-1810.596924,415.136536,179.175446,-1813.634521,417.452057,175.576767,-1816.038696,420.289581,171.837418,-1818.071533,423.530640,168.215164,-1819.995972,
		416.693298,171.261200,-1800.000000,417.848297,167.559021,-1802.968872,419.608521,163.508545,-1805.451538,421.872742,159.359634,-1807.708374,424.539703,155.362106,-1810.000000
	],

	"normals" : [
		-0.919451,-0.285649,-0.270211,-0.823202,-0.380126,-0.421714,-0.692550,-0.461493,-0.554435,-0.570431,-0.504268,-0.648323,-0.494175,-0.519035,-0.697419,-0.892494,-0.432971,-0.126450,-0.820964,-0.516446,-0.243520,-0.738521,-0.577175,-0.348505,-0.655290,-0.613982,-0.440025,-0.580935,-0.630629,-0.514608,
		-0.889709,-0.452375,-0.061429,-0.842909,-0.514535,-0.157348,-0.788723,-0.561166,-0.251015,-0.729839,-0.593257,-0.339679,-0.670964,-0.611230,-0.419768,-0.924282,-0.380455,-0.030944,-0.895977,-0.425474,-0.127269,-0.855570,-0.464466,-0.228627,-0.806512,-0.492920,-0.326448,-0.756164,-0.507324,-0.413325,
		-0.978577,-0.203661,-0.030172,-0.955011,-0.243608,-0.169144,-0.912177,-0.277589,-0.301459,-0.860811,-0.294173,-0.415292,-0.814712,-0.287233,-0.503728
	],

	"faces": [
		32 ,0,1,5 ,0,1,5,
		32 ,5,1,6 ,5,1,6,
		32 ,5,6,10 ,5,6,10,
		32 ,10,6,11 ,10,6,11,
		32 ,10,11,15 ,10,11,15,
		32 ,15,11,16 ,15,11,16,
		32 ,15,16,20 ,15,16,20,
		32 ,20,16,21 ,20,16,21,
		32 ,1,2,6 ,1,2,6,
		32 ,6,2,7 ,6,2,7,
		32 ,6,7,11 ,6,7,11,
		32 ,11,7,12 ,11,7,12,
		32 ,11,12,16 ,11,12,16,
		32 ,16,12,17 ,16,12,17,
		32 ,16,17,21 ,16,17,21,
		32 ,21,17,22 ,21,17,22,
		32 ,2,3,7 ,2,3,7,
		32 ,7,3,8 ,7,3,8,
		32 ,7,8,12 ,7,8,12,
		32 ,12,8,13 ,12,8,13,
		32 ,12,13,17 ,12,13,17,
		32 ,17,13,18 ,17,13,18,
		32 ,17,18,22 ,17,18,22,
		32 ,22,18,23 ,22,18,23,
		32 ,3,4,8 ,3,4,8,
		32 ,8,4,9 ,8,4,9,
		32 ,8,9,13 ,8,9,13,
		32 ,13,9,14 ,13,9,14,
		32 ,13,14,18 ,13,14,18,
		32 ,18,14,19 ,18,14,19,
		32 ,18,19,23 ,18,19,23,
		32 ,23,19,24 ,23,19,24
	]

}
