{
	"metadata" : {
		"formatVersion" : 3,
		"description" : "Exported from LibZinc."
	},

	"vertices" : [
		223.306198,290.844910,-400.000000,205.062744,291.462982,-400.026123,185.830231,289.427856,-400.026459,167.195663,285.112549,-400.013580,150.746002,278.890015,-400.000000,227.969376,284.425598,-387.184418,209.743546,285.862518,-387.232117,189.975967,285.212769,-387.270477,170.491852,282.485565,-387.294891,153.116379,277.690033,-387.300842,
		233.322586,276.757355,-374.450104,215.118164,279.050201,-374.606323,194.838379,280.097931,-374.786346,174.439987,279.377350,-374.905060,155.879776,276.365265,-374.877441,238.992081,268.574005,-361.990753,221.217178,271.469696,-362.269104,200.898224,274.021393,-362.574463,180.092804,275.198944,-362.719086,160.858490,273.972260,-362.515289,
		244.604095,260.609406,-350.000000,228.071106,263.564728,-350.340851,208.636307,266.921265,-350.635254,188.503067,269.361420,-350.612030,169.874802,269.567505,-350.000000
	],

	"normals" : [
		0.110161,0.924466,0.365003,-0.037954,0.930565,0.364154,-0.157274,0.933485,0.322290,-0.277033,0.926064,0.256238,-0.421504,0.886581,0.190551,0.129302,0.886289,0.444717,0.017277,0.899354,0.436881,-0.079114,0.925956,0.369251,-0.190292,0.946280,0.261424,-0.344023,0.927850,0.144023,
		0.139619,0.861832,0.487598,0.074288,0.876484,0.475665,0.007833,0.912375,0.409279,-0.086083,0.947995,0.306422,-0.240661,0.949726,0.200259,0.140292,0.851979,0.504430,0.120673,0.862899,0.490758,0.081667,0.893877,0.440811,0.006675,0.928186,0.372057,-0.138364,0.937373,0.319666,
		0.128893,0.857534,0.498019,0.148291,0.858877,0.490246,0.131015,0.873891,0.468134,0.075901,0.893396,0.442812,-0.044547,0.894290,0.445266
	],

	"faces": [
		32 ,0,1,5 ,0,1,5,
		32 ,5,1,6 ,5,1,6,
		32 ,5,6,10 ,5,6,10,
		32 ,10,6,11 ,10,6,11,
		32 ,10,11,15 ,10,11,15,
		32 ,15,11,16 ,15,11,16,
		32 ,15,16,20 ,15,16,20,
		32 ,20,16,21 ,20,16,21,
		32 ,1,2,6 ,1,2,6,
		32 ,6,2,7 ,6,2,7,
		32 ,6,7,11 ,6,7,11,
		32 ,11,7,12 ,11,7,12,
		32 ,11,12,16 ,11,12,16,
		32 ,16,12,17 ,16,12,17,
		32 ,16,17,21 ,16,17,21,
		32 ,21,17,22 ,21,17,22,
		32 ,2,3,7 ,2,3,7,
		32 ,7,3,8 ,7,3,8,
		32 ,7,8,12 ,7,8,12,
		32 ,12,8,13 ,12,8,13,
		32 ,12,13,17 ,12,13,17,
		32 ,17,13,18 ,17,13,18,
		32 ,17,18,22 ,17,18,22,
		32 ,22,18,23 ,22,18,23,
		32 ,3,4,8 ,3,4,8,
		32 ,8,4,9 ,8,4,9,
		32 ,8,9,13 ,8,9,13,
		32 ,13,9,14 ,13,9,14,
		32 ,13,14,18 ,13,14,18,
		32 ,18,14,19 ,18,14,19,
		32 ,18,19,23 ,18,19,23,
		32 ,23,19,24 ,23,19,24
	]

}
