{
	"metadata" : {
		"formatVersion" : 3,
		"description" : "Exported from LibZinc."
	},

	"vertices" : [
		285.000000,35.470089,-450.000000,316.809937,35.170704,-449.918427,348.997070,35.358875,-449.780090,379.546753,36.983376,-449.752258,406.444305,40.992989,-450.002197,284.944794,36.000683,-437.500610,317.140198,35.561012,-437.464417,350.067688,35.577309,-437.336914,381.411804,37.075840,-437.328522,408.857117,41.082882,-437.649597,
		284.827454,36.533600,-425.000916,317.375763,36.058224,-424.962952,350.892273,36.102097,-424.792999,382.834686,37.568249,-424.796539,410.660736,41.359734,-425.279175,284.750946,36.871952,-412.500763,317.416840,36.530437,-412.415497,351.024445,36.851925,-412.145630,383.161072,38.419922,-412.152832,411.414093,41.817921,-412.898743,
		284.818115,36.818829,-400.000000,317.163666,36.845734,-399.823517,350.017792,37.745495,-399.392212,381.736572,39.590176,-399.393829,410.676086,42.451832,-400.516113
	],

	"normals" : [
		-0.007323,-0.999285,0.037085,-0.006709,-0.999696,0.023742,0.023589,-0.999721,0.001089,0.091027,-0.995571,-0.023488,0.219559,-0.974506,-0.046161,-0.010356,-0.998932,0.045034,-0.011741,-0.999225,0.037578,0.017926,-0.999409,0.029345,0.086410,-0.996190,0.011749,0.220445,-0.975095,-0.024366,
		-0.013736,-0.999209,0.037321,-0.011126,-0.999115,0.040558,0.018002,-0.998546,0.050810,0.081706,-0.995533,0.047303,0.206543,-0.978415,0.006565,-0.015169,-0.999787,0.014005,-0.003447,-0.999448,0.033031,0.024991,-0.997486,0.066317,0.078275,-0.993527,0.082325,0.175905,-0.983498,0.042290,
		-0.012359,-0.999612,-0.024976,0.013525,-0.999784,0.015752,0.040817,-0.996080,0.078475,0.077453,-0.990122,0.116870,0.129567,-0.988764,0.074556
	],

	"faces": [
		32 ,0,1,5 ,0,1,5,
		32 ,5,1,6 ,5,1,6,
		32 ,5,6,10 ,5,6,10,
		32 ,10,6,11 ,10,6,11,
		32 ,10,11,15 ,10,11,15,
		32 ,15,11,16 ,15,11,16,
		32 ,15,16,20 ,15,16,20,
		32 ,20,16,21 ,20,16,21,
		32 ,1,2,6 ,1,2,6,
		32 ,6,2,7 ,6,2,7,
		32 ,6,7,11 ,6,7,11,
		32 ,11,7,12 ,11,7,12,
		32 ,11,12,16 ,11,12,16,
		32 ,16,12,17 ,16,12,17,
		32 ,16,17,21 ,16,17,21,
		32 ,21,17,22 ,21,17,22,
		32 ,2,3,7 ,2,3,7,
		32 ,7,3,8 ,7,3,8,
		32 ,7,8,12 ,7,8,12,
		32 ,12,8,13 ,12,8,13,
		32 ,12,13,17 ,12,13,17,
		32 ,17,13,18 ,17,13,18,
		32 ,17,18,22 ,17,18,22,
		32 ,22,18,23 ,22,18,23,
		32 ,3,4,8 ,3,4,8,
		32 ,8,4,9 ,8,4,9,
		32 ,8,9,13 ,8,9,13,
		32 ,13,9,14 ,13,9,14,
		32 ,13,14,18 ,13,14,18,
		32 ,18,14,19 ,18,14,19,
		32 ,18,19,23 ,18,19,23,
		32 ,23,19,24 ,23,19,24
	]

}
