{
	"metadata" : {
		"formatVersion" : 3,
		"description" : "Exported from LibZinc."
	},

	"vertices" : [
		284.818115,36.818829,-400.000000,317.163666,36.845734,-399.823517,350.017792,37.745495,-399.392212,381.736572,39.590176,-399.393829,410.676086,42.451832,-400.516113,284.833466,36.720325,-387.545685,316.869934,37.014332,-387.380859,349.104919,38.233433,-386.964386,380.628998,40.093689,-387.009033,410.532806,42.311165,-388.227600,
		284.652649,36.950150,-375.122894,316.824677,37.181412,-375.119110,349.407135,38.141022,-374.979462,381.513184,39.590034,-375.127869,412.255951,41.289501,-375.988251,284.455231,37.352848,-362.638672,316.981079,37.417492,-362.796295,350.311218,37.948925,-362.963196,383.145264,39.005863,-363.206604,414.183014,40.647015,-363.593903,
		284.420807,37.772961,-350.000000,317.292389,37.793098,-350.170471,351.203827,38.137810,-350.441223,384.281433,39.267822,-350.701477,414.651489,41.643879,-350.840393
	],

	"normals" : [
		-0.012359,-0.999612,-0.024976,0.013525,-0.999784,0.015752,0.040817,-0.996080,0.078475,0.077453,-0.990122,0.116870,0.129567,-0.988764,0.074556,-0.008273,-0.999939,0.007296,0.024723,-0.999610,0.012997,0.049382,-0.998725,0.010516,0.067209,-0.997650,-0.013334,0.074486,-0.994702,-0.070849,
		-0.006531,-0.999604,0.027384,0.019458,-0.999692,0.015388,0.038297,-0.999048,-0.020900,0.050055,-0.996620,-0.065141,0.054014,-0.994145,-0.093590,-0.004512,-0.999385,0.034783,0.008801,-0.999686,0.023474,0.023499,-0.999687,-0.008630,0.041300,-0.998653,-0.031417,0.065427,-0.997804,-0.010308,
		0.000438,-0.999563,0.029559,0.003390,-0.999334,0.036343,0.019861,-0.998977,0.040632,0.052612,-0.995844,0.074344,0.108909,-0.978498,0.175159
	],

	"faces": [
		32 ,0,1,5 ,0,1,5,
		32 ,5,1,6 ,5,1,6,
		32 ,5,6,10 ,5,6,10,
		32 ,10,6,11 ,10,6,11,
		32 ,10,11,15 ,10,11,15,
		32 ,15,11,16 ,15,11,16,
		32 ,15,16,20 ,15,16,20,
		32 ,20,16,21 ,20,16,21,
		32 ,1,2,6 ,1,2,6,
		32 ,6,2,7 ,6,2,7,
		32 ,6,7,11 ,6,7,11,
		32 ,11,7,12 ,11,7,12,
		32 ,11,12,16 ,11,12,16,
		32 ,16,12,17 ,16,12,17,
		32 ,16,17,21 ,16,17,21,
		32 ,21,17,22 ,21,17,22,
		32 ,2,3,7 ,2,3,7,
		32 ,7,3,8 ,7,3,8,
		32 ,7,8,12 ,7,8,12,
		32 ,12,8,13 ,12,8,13,
		32 ,12,13,17 ,12,13,17,
		32 ,17,13,18 ,17,13,18,
		32 ,17,18,22 ,17,18,22,
		32 ,22,18,23 ,22,18,23,
		32 ,3,4,8 ,3,4,8,
		32 ,8,4,9 ,8,4,9,
		32 ,8,9,13 ,8,9,13,
		32 ,13,9,14 ,13,9,14,
		32 ,13,14,18 ,13,14,18,
		32 ,18,14,19 ,18,14,19,
		32 ,18,19,23 ,18,19,23,
		32 ,23,19,24 ,23,19,24
	]

}
