{
	"metadata" : {
		"formatVersion" : 3,
		"description" : "Exported from LibZinc."
	},

	"vertices" : [
		343.881805,285.388489,-400.000000,328.308533,282.878357,-399.818451,314.050049,279.090027,-399.757904,300.056732,275.698029,-399.818390,285.278992,274.377014,-400.000000,339.766541,278.615417,-387.516937,324.919434,276.423981,-387.266541,311.585876,273.372437,-387.185394,298.721466,270.726929,-387.245636,285.281769,269.753723,-387.419434,
		335.726410,271.606689,-374.808105,321.550995,269.906555,-374.460663,309.134460,267.792328,-374.378967,297.379486,266.053589,-374.473175,285.188568,265.479950,-374.653412,331.495819,264.577545,-362.195221,318.194061,263.377899,-361.790253,306.757935,262.083954,-361.735168,296.084503,261.102661,-361.876465,285.070831,260.840942,-362.060699,
		326.809204,257.743286,-350.000000,314.839478,256.889801,-349.644714,304.518311,255.981537,-349.650452,294.890289,255.298843,-349.830963,285.000000,255.121994,-350.000000
	],

	"normals" : [
		-0.063694,0.888283,0.454858,-0.203697,0.890230,0.407428,-0.247604,0.892763,0.376385,-0.172220,0.911404,0.373742,0.010384,0.926134,0.377050,-0.064195,0.883779,0.463480,-0.177445,0.895061,0.409119,-0.214960,0.908760,0.357699,-0.148215,0.932177,0.330271,0.014108,0.946656,0.321938,
		-0.054635,0.880463,0.470957,-0.132964,0.896562,0.422488,-0.158895,0.915130,0.370525,-0.106574,0.936086,0.335239,0.015285,0.946484,0.322389,-0.040545,0.878101,0.476754,-0.088858,0.892412,0.442386,-0.103150,0.906954,0.408404,-0.066324,0.920218,0.385747,0.013668,0.925612,0.378228,
		-0.027079,0.876610,0.480439,-0.068447,0.882707,0.464912,-0.081461,0.880561,0.466880,-0.053762,0.876585,0.478235,0.009563,0.873761,0.486262
	],

	"faces": [
		32 ,0,1,5 ,0,1,5,
		32 ,5,1,6 ,5,1,6,
		32 ,5,6,10 ,5,6,10,
		32 ,10,6,11 ,10,6,11,
		32 ,10,11,15 ,10,11,15,
		32 ,15,11,16 ,15,11,16,
		32 ,15,16,20 ,15,16,20,
		32 ,20,16,21 ,20,16,21,
		32 ,1,2,6 ,1,2,6,
		32 ,6,2,7 ,6,2,7,
		32 ,6,7,11 ,6,7,11,
		32 ,11,7,12 ,11,7,12,
		32 ,11,12,16 ,11,12,16,
		32 ,16,12,17 ,16,12,17,
		32 ,16,17,21 ,16,17,21,
		32 ,21,17,22 ,21,17,22,
		32 ,2,3,7 ,2,3,7,
		32 ,7,3,8 ,7,3,8,
		32 ,7,8,12 ,7,8,12,
		32 ,12,8,13 ,12,8,13,
		32 ,12,13,17 ,12,13,17,
		32 ,17,13,18 ,17,13,18,
		32 ,17,18,22 ,17,18,22,
		32 ,22,18,23 ,22,18,23,
		32 ,3,4,8 ,3,4,8,
		32 ,8,4,9 ,8,4,9,
		32 ,8,9,13 ,8,9,13,
		32 ,13,9,14 ,13,9,14,
		32 ,13,14,18 ,13,14,18,
		32 ,18,14,19 ,18,14,19,
		32 ,18,19,23 ,18,19,23,
		32 ,23,19,24 ,23,19,24
	]

}
