{
	"metadata" : {
		"formatVersion" : 3,
		"description" : "Exported from LibZinc."
	},

	"vertices" : [
		439.047485,193.506500,-1857.000000,444.081116,190.385178,-1858.484253,448.839081,187.039276,-1860.095459,453.353912,183.748505,-1861.658936,457.657990,180.792496,-1863.000000,439.356110,181.319778,-1848.397461,444.116577,178.131134,-1849.882446,449.009247,174.478653,-1851.633423,453.670593,170.857742,-1853.344849,457.737000,167.763824,-1854.710938,
		439.678009,168.466782,-1838.368408,444.256409,165.123062,-1839.920532,449.005981,161.340622,-1841.604492,453.569214,157.582397,-1843.202148,457.588776,154.311234,-1844.494995,439.464630,155.035736,-1828.405029,443.898651,151.536224,-1830.029053,448.424042,147.744949,-1831.556274,452.825348,143.994644,-1832.914551,456.887024,140.618042,-1834.031616,
		438.167511,141.114899,-1820.000000,442.441254,137.545898,-1821.638672,446.858337,133.811340,-1823.036377,451.214508,130.166733,-1824.165771,455.305511,126.867599,-1825.000000
	],

	"normals" : [
		-0.463234,-0.473132,-0.749373,-0.530872,-0.444673,-0.721416,-0.557167,-0.423730,-0.714156,-0.543389,-0.413512,-0.730573,-0.480103,-0.413513,-0.773633,-0.509692,-0.532301,-0.675921,-0.577186,-0.496253,-0.648529,-0.603005,-0.478453,-0.638332,-0.600183,-0.474324,-0.644047,-0.556400,-0.485287,-0.674475,
		-0.558997,-0.513275,-0.651208,-0.597803,-0.485933,-0.637574,-0.612483,-0.475441,-0.631523,-0.609426,-0.476984,-0.633314,-0.580201,-0.491306,-0.649604,-0.588908,-0.438991,-0.678583,-0.591541,-0.428881,-0.682745,-0.587867,-0.430979,-0.684594,-0.576503,-0.442631,-0.686821,-0.550162,-0.463147,-0.694850,
		-0.571837,-0.302705,-0.762477,-0.536658,-0.313245,-0.783502,-0.507375,-0.330587,-0.795790,-0.478939,-0.354870,-0.802923,-0.443855,-0.387816,-0.807831
	],

	"faces": [
		32 ,0,1,5 ,0,1,5,
		32 ,5,1,6 ,5,1,6,
		32 ,5,6,10 ,5,6,10,
		32 ,10,6,11 ,10,6,11,
		32 ,10,11,15 ,10,11,15,
		32 ,15,11,16 ,15,11,16,
		32 ,15,16,20 ,15,16,20,
		32 ,20,16,21 ,20,16,21,
		32 ,1,2,6 ,1,2,6,
		32 ,6,2,7 ,6,2,7,
		32 ,6,7,11 ,6,7,11,
		32 ,11,7,12 ,11,7,12,
		32 ,11,12,16 ,11,12,16,
		32 ,16,12,17 ,16,12,17,
		32 ,16,17,21 ,16,17,21,
		32 ,21,17,22 ,21,17,22,
		32 ,2,3,7 ,2,3,7,
		32 ,7,3,8 ,7,3,8,
		32 ,7,8,12 ,7,8,12,
		32 ,12,8,13 ,12,8,13,
		32 ,12,13,17 ,12,13,17,
		32 ,17,13,18 ,17,13,18,
		32 ,17,18,22 ,17,18,22,
		32 ,22,18,23 ,22,18,23,
		32 ,3,4,8 ,3,4,8,
		32 ,8,4,9 ,8,4,9,
		32 ,8,9,13 ,8,9,13,
		32 ,13,9,14 ,13,9,14,
		32 ,13,14,18 ,13,14,18,
		32 ,18,14,19 ,18,14,19,
		32 ,18,19,23 ,18,19,23,
		32 ,23,19,24 ,23,19,24
	]

}
