{
	"metadata" : {
		"formatVersion" : 3,
		"description" : "Exported from LibZinc."
	},

	"vertices" : [
		480.642914,187.129196,-1770.000000,476.495911,191.133636,-1767.742432,472.295319,193.562775,-1766.223022,467.767059,195.063934,-1765.342163,462.636993,196.284393,-1765.000000,482.444672,179.933640,-1762.909790,478.202362,184.600647,-1760.687988,473.631714,187.799988,-1759.055908,468.641144,189.964035,-1758.038452,463.139130,191.525131,-1757.660034,
		483.798096,172.880341,-1757.451782,479.457153,178.314926,-1755.244873,474.509827,182.623993,-1753.454102,469.015381,185.847488,-1752.244385,463.033142,188.025345,-1751.780640,484.489685,166.796539,-1752.017944,480.110382,172.847153,-1749.901978,474.901428,178.184647,-1748.076660,469.032166,182.439636,-1746.782715,462.672058,185.242828,-1746.260864,
		484.306000,162.509399,-1745.000000,480.012146,168.768005,-1743.148315,474.778229,174.631760,-1741.582764,468.833893,179.465836,-1740.475830,462.408905,182.635406,-1740.000000
	],

	"normals" : [
		0.802579,0.537330,0.259120,0.659928,0.658949,0.360945,0.454186,0.762294,0.461110,0.276768,0.814733,0.509519,0.204144,0.827111,0.523654,0.823307,0.459009,0.333880,0.694034,0.568231,0.442074,0.517692,0.682824,0.515506,0.337610,0.779367,0.527832,0.205929,0.830504,0.517549,
		0.833744,0.413796,0.365574,0.730789,0.510203,0.453477,0.596623,0.626072,0.502071,0.427871,0.752191,0.501134,0.230283,0.846338,0.480293,0.848949,0.413913,0.328574,0.768815,0.508858,0.387281,0.662088,0.620300,0.420556,0.504720,0.751147,0.425483,0.263414,0.871019,0.414656,
		0.863670,0.444598,0.237500,0.795079,0.543008,0.270169,0.700409,0.647372,0.300561,0.550220,0.768242,0.327204,0.292785,0.890702,0.347745
	],

	"faces": [
		32 ,0,1,5 ,0,1,5,
		32 ,5,1,6 ,5,1,6,
		32 ,5,6,10 ,5,6,10,
		32 ,10,6,11 ,10,6,11,
		32 ,10,11,15 ,10,11,15,
		32 ,15,11,16 ,15,11,16,
		32 ,15,16,20 ,15,16,20,
		32 ,20,16,21 ,20,16,21,
		32 ,1,2,6 ,1,2,6,
		32 ,6,2,7 ,6,2,7,
		32 ,6,7,11 ,6,7,11,
		32 ,11,7,12 ,11,7,12,
		32 ,11,12,16 ,11,12,16,
		32 ,16,12,17 ,16,12,17,
		32 ,16,17,21 ,16,17,21,
		32 ,21,17,22 ,21,17,22,
		32 ,2,3,7 ,2,3,7,
		32 ,7,3,8 ,7,3,8,
		32 ,7,8,12 ,7,8,12,
		32 ,12,8,13 ,12,8,13,
		32 ,12,13,17 ,12,13,17,
		32 ,17,13,18 ,17,13,18,
		32 ,17,18,22 ,17,18,22,
		32 ,22,18,23 ,22,18,23,
		32 ,3,4,8 ,3,4,8,
		32 ,8,4,9 ,8,4,9,
		32 ,8,9,13 ,8,9,13,
		32 ,13,9,14 ,13,9,14,
		32 ,13,14,18 ,13,14,18,
		32 ,18,14,19 ,18,14,19,
		32 ,18,19,23 ,18,19,23,
		32 ,23,19,24 ,23,19,24
	]

}
