{
	"metadata" : {
		"formatVersion" : 3,
		"description" : "Exported from LibZinc."
	},

	"vertices" : [
		33.482159,122.826202,-912.640503,35.467968,123.481316,-911.928223,40.039341,125.369743,-910.343384,45.117210,128.376129,-908.714111,48.622509,132.385101,-907.868530,35.635357,119.047729,-904.796021,37.561085,120.068199,-904.407959,41.476498,123.004265,-903.262695,45.721916,127.226974,-902.028748,48.637650,132.107361,-901.374512,
		37.024269,114.662224,-896.701599,39.584469,116.940918,-896.423767,43.018269,120.944069,-895.733032,46.322899,126.075439,-895.038025,48.495594,131.738785,-894.747437,36.747562,111.358162,-888.316101,39.992611,114.937859,-888.091797,43.115158,119.771500,-887.848816,45.657883,125.446236,-887.716492,47.163452,131.549240,-887.824158,
		33.903912,110.823997,-879.598389,37.240005,114.897430,-879.528137,40.217678,120.068916,-879.704651,42.464573,125.864090,-880.038757,43.608330,131.808594,-880.441406
	],

	"normals" : [
		0.000000,0.000000,-0.000000,0.436974,-0.779178,-0.449372,0.495452,-0.801088,-0.335835,0.624531,-0.769723,-0.132244,0.910176,-0.413399,0.026105,-0.495829,-0.806411,-0.322265,0.569210,-0.676940,-0.466639,0.662317,-0.654511,-0.364625,0.776301,-0.597586,-0.200620,0.946649,-0.320487,-0.033807,
		0.499592,-0.756518,-0.422005,0.702134,-0.628616,-0.334438,0.792709,-0.562327,-0.235374,0.884435,-0.458894,-0.084798,0.973873,-0.215652,0.071178,0.666170,-0.741388,-0.081005,0.795125,-0.606439,0.002704,0.872266,-0.480286,0.092079,0.923057,-0.326578,0.203254,0.946532,-0.114617,0.301562,
		0.626538,-0.658804,0.416447,0.728019,-0.491536,0.477893,0.780808,-0.350277,0.517344,0.817938,-0.207052,0.536756,0.835746,-0.028650,0.548368
	],

	"faces": [
		32 ,0,1,5 ,0,1,5,
		32 ,5,1,6 ,5,1,6,
		32 ,5,6,10 ,5,6,10,
		32 ,10,6,11 ,10,6,11,
		32 ,10,11,15 ,10,11,15,
		32 ,15,11,16 ,15,11,16,
		32 ,15,16,20 ,15,16,20,
		32 ,20,16,21 ,20,16,21,
		32 ,1,2,6 ,1,2,6,
		32 ,6,2,7 ,6,2,7,
		32 ,6,7,11 ,6,7,11,
		32 ,11,7,12 ,11,7,12,
		32 ,11,12,16 ,11,12,16,
		32 ,16,12,17 ,16,12,17,
		32 ,16,17,21 ,16,17,21,
		32 ,21,17,22 ,21,17,22,
		32 ,2,3,7 ,2,3,7,
		32 ,7,3,8 ,7,3,8,
		32 ,7,8,12 ,7,8,12,
		32 ,12,8,13 ,12,8,13,
		32 ,12,13,17 ,12,13,17,
		32 ,17,13,18 ,17,13,18,
		32 ,17,18,22 ,17,18,22,
		32 ,22,18,23 ,22,18,23,
		32 ,3,4,8 ,3,4,8,
		32 ,8,4,9 ,8,4,9,
		32 ,8,9,13 ,8,9,13,
		32 ,13,9,14 ,13,9,14,
		32 ,13,14,18 ,13,14,18,
		32 ,18,14,19 ,18,14,19,
		32 ,18,19,23 ,18,19,23,
		32 ,23,19,24 ,23,19,24
	]

}
