{
	"metadata" : {
		"formatVersion" : 3,
		"description" : "Exported from LibZinc."
	},

	"vertices" : [
		24.289850,151.589798,-917.077271,21.359255,152.277328,-918.418701,14.243996,153.385880,-921.448242,5.458857,153.484329,-924.674072,-2.481374,151.141602,-926.604187,23.287241,155.180557,-909.633179,20.316740,155.542404,-910.365173,13.581080,156.220688,-912.524353,5.347904,156.144897,-914.927856,-2.115148,154.244522,-916.393005,
		21.218630,158.001038,-901.634094,17.541628,158.337753,-901.979919,11.837317,158.508270,-902.961182,5.135708,157.946686,-904.086670,-1.533183,156.087158,-904.865356,18.448339,159.531372,-893.250793,14.110471,159.968979,-893.329102,9.528495,159.758743,-893.224060,4.475494,158.779709,-893.134521,-1.275453,156.910919,-893.259521,
		15.340690,159.251694,-884.654114,11.099813,159.741653,-884.479126,7.170406,159.482269,-883.778259,3.020485,158.533981,-883.055176,-1.881930,156.957199,-882.813477
	],

	"normals" : [
		0.000000,-0.000000,0.000000,0.344615,0.864017,-0.367036,0.222503,0.920202,-0.322058,0.009554,0.945571,-0.325275,-0.457415,0.822074,-0.339066,-0.713036,0.580355,-0.393406,0.218122,0.928775,-0.299667,0.138010,0.957716,-0.252454,-0.041589,0.976707,-0.210508,-0.428207,0.886968,-0.172994,
		0.082260,0.966961,-0.241287,0.103767,0.968901,-0.224640,0.017036,0.982910,-0.183297,-0.141284,0.982241,-0.123453,-0.386706,0.918359,-0.084111,0.166951,0.985683,-0.023594,0.029295,0.996234,-0.081607,-0.121245,0.988671,-0.088484,-0.252965,0.966082,-0.051903,-0.354456,0.934398,-0.035504,
		0.173926,0.961134,0.214411,0.047629,0.984947,0.166168,-0.133607,0.986230,0.097461,-0.272347,0.961811,0.027310,-0.323902,0.945963,-0.015537
	],

	"faces": [
		32 ,0,1,5 ,0,1,5,
		32 ,5,1,6 ,5,1,6,
		32 ,5,6,10 ,5,6,10,
		32 ,10,6,11 ,10,6,11,
		32 ,10,11,15 ,10,11,15,
		32 ,15,11,16 ,15,11,16,
		32 ,15,16,20 ,15,16,20,
		32 ,20,16,21 ,20,16,21,
		32 ,1,2,6 ,1,2,6,
		32 ,6,2,7 ,6,2,7,
		32 ,6,7,11 ,6,7,11,
		32 ,11,7,12 ,11,7,12,
		32 ,11,12,16 ,11,12,16,
		32 ,16,12,17 ,16,12,17,
		32 ,16,17,21 ,16,17,21,
		32 ,21,17,22 ,21,17,22,
		32 ,2,3,7 ,2,3,7,
		32 ,7,3,8 ,7,3,8,
		32 ,7,8,12 ,7,8,12,
		32 ,12,8,13 ,12,8,13,
		32 ,12,13,17 ,12,13,17,
		32 ,17,13,18 ,17,13,18,
		32 ,17,18,22 ,17,18,22,
		32 ,22,18,23 ,22,18,23,
		32 ,3,4,8 ,3,4,8,
		32 ,8,4,9 ,8,4,9,
		32 ,8,9,13 ,8,9,13,
		32 ,13,9,14 ,13,9,14,
		32 ,13,14,18 ,13,14,18,
		32 ,18,14,19 ,18,14,19,
		32 ,18,19,23 ,18,19,23,
		32 ,23,19,24 ,23,19,24
	]

}
