{
	"metadata" : {
		"formatVersion" : 3,
		"description" : "Exported from LibZinc."
	},

	"vertices" : [
		-25.707460,127.302299,-923.909119,-29.347311,120.961937,-923.424377,-32.036446,114.647346,-923.041382,-33.986988,108.347511,-922.410034,-35.411072,102.051399,-921.180420,-26.348398,131.498062,-914.468018,-30.150812,125.155701,-914.107300,-33.317493,118.203804,-913.779297,-35.678371,111.158157,-913.223816,-37.063374,104.534554,-912.180542,
		-26.145601,135.529922,-904.274780,-30.350931,128.953201,-904.004639,-33.970989,121.521088,-903.680542,-36.702492,113.911674,-903.128113,-38.242146,106.803032,-902.173096,-25.597672,139.001297,-894.140381,-30.214552,132.206970,-893.979370,-34.211559,124.488640,-893.655457,-37.258236,116.527367,-893.100403,-39.024113,109.004227,-892.246033,
		-25.203211,141.515594,-884.875916,-30.008560,134.769547,-884.894409,-34.253830,126.995880,-884.614380,-37.544491,118.924545,-884.118042,-39.486012,111.285500,-883.487427
	],

	"normals" : [
		-0.800158,0.491641,-0.343563,-0.856127,0.404406,-0.321719,-0.901882,0.304981,-0.305933,-0.932133,0.203035,-0.299841,-0.957311,0.118293,-0.263748,-0.807107,0.540327,-0.237960,-0.868647,0.443316,-0.221184,-0.913763,0.348366,-0.208996,-0.950696,0.239686,-0.196794,-0.981564,0.095763,-0.165416,
		-0.794212,0.580430,-0.179803,-0.864440,0.475168,-0.164193,-0.913101,0.377675,-0.153647,-0.953819,0.265423,-0.140637,-0.987681,0.104093,-0.116838,-0.777836,0.611210,-0.146269,-0.854769,0.501754,-0.132713,-0.907440,0.401430,-0.124126,-0.950930,0.287954,-0.113202,-0.987384,0.128168,-0.092981,
		-0.762200,0.634631,-0.127650,-0.844007,0.522584,-0.120656,-0.898832,0.422554,-0.116402,-0.944379,0.309450,-0.111308,-0.985263,0.147775,-0.086139
	],

	"faces": [
		32 ,0,1,5 ,0,1,5,
		32 ,5,1,6 ,5,1,6,
		32 ,5,6,10 ,5,6,10,
		32 ,10,6,11 ,10,6,11,
		32 ,10,11,15 ,10,11,15,
		32 ,15,11,16 ,15,11,16,
		32 ,15,16,20 ,15,16,20,
		32 ,20,16,21 ,20,16,21,
		32 ,1,2,6 ,1,2,6,
		32 ,6,2,7 ,6,2,7,
		32 ,6,7,11 ,6,7,11,
		32 ,11,7,12 ,11,7,12,
		32 ,11,12,16 ,11,12,16,
		32 ,16,12,17 ,16,12,17,
		32 ,16,17,21 ,16,17,21,
		32 ,21,17,22 ,21,17,22,
		32 ,2,3,7 ,2,3,7,
		32 ,7,3,8 ,7,3,8,
		32 ,7,8,12 ,7,8,12,
		32 ,12,8,13 ,12,8,13,
		32 ,12,13,17 ,12,13,17,
		32 ,17,13,18 ,17,13,18,
		32 ,17,18,22 ,17,18,22,
		32 ,22,18,23 ,22,18,23,
		32 ,3,4,8 ,3,4,8,
		32 ,8,4,9 ,8,4,9,
		32 ,8,9,13 ,8,9,13,
		32 ,13,9,14 ,13,9,14,
		32 ,13,14,18 ,13,14,18,
		32 ,18,14,19 ,18,14,19,
		32 ,18,19,23 ,18,19,23,
		32 ,23,19,24 ,23,19,24
	]

}
