{
	"metadata" : {
		"formatVersion" : 3,
		"description" : "Exported from LibZinc."
	},

	"vertices" : [
		-3.115961,86.303871,-909.085022,-1.139818,91.908485,-911.315308,1.092100,97.631508,-913.925720,3.578150,103.052925,-916.367981,6.316688,107.752701,-918.093811,-1.471337,85.556290,-900.614197,0.495077,90.758240,-902.546814,2.781563,96.396996,-904.886536,5.284577,101.651299,-907.094482,7.900579,105.699883,-908.631592,
		0.464448,84.335968,-891.895203,2.474799,89.052696,-893.469971,4.640426,94.048553,-895.305176,6.973022,98.676979,-897.051453,9.484286,102.291382,-898.359436,1.910505,83.605385,-883.239441,4.040858,87.789948,-884.442749,6.082863,91.971870,-885.718811,8.207043,95.851181,-886.941895,10.583920,99.127892,-887.986084,
		2.085942,84.327026,-874.958313,4.434763,87.968117,-875.823181,6.523050,91.552628,-876.664795,8.550195,94.895111,-877.468628,10.715590,97.810112,-878.220093
	],

	"normals" : [
		0.919513,-0.364694,-0.146607,0.903828,-0.399195,-0.154071,0.883430,-0.441808,-0.156068,0.851600,-0.500165,-0.156883,0.787312,-0.588728,-0.183136,0.876573,-0.411745,-0.249169,0.860191,-0.437070,-0.262757,0.837435,-0.475692,-0.269108,0.792512,-0.541471,-0.280596,0.678350,-0.664892,-0.312666,
		0.858778,-0.453753,-0.237926,0.853873,-0.451065,-0.259694,0.832440,-0.482568,-0.272345,0.779381,-0.554980,-0.290798,0.646574,-0.690997,-0.323211,0.860426,-0.498711,-0.104667,0.871975,-0.467308,-0.145885,0.857620,-0.485048,-0.170926,0.808322,-0.556364,-0.192548,0.694041,-0.686633,-0.216430,
		0.823100,-0.534292,0.192455,0.863571,-0.489973,0.119041,0.870424,-0.486534,0.075152,0.842317,-0.536004,0.056593,0.759752,-0.648127,0.052034
	],

	"faces": [
		32 ,0,1,5 ,0,1,5,
		32 ,5,1,6 ,5,1,6,
		32 ,5,6,10 ,5,6,10,
		32 ,10,6,11 ,10,6,11,
		32 ,10,11,15 ,10,11,15,
		32 ,15,11,16 ,15,11,16,
		32 ,15,16,20 ,15,16,20,
		32 ,20,16,21 ,20,16,21,
		32 ,1,2,6 ,1,2,6,
		32 ,6,2,7 ,6,2,7,
		32 ,6,7,11 ,6,7,11,
		32 ,11,7,12 ,11,7,12,
		32 ,11,12,16 ,11,12,16,
		32 ,16,12,17 ,16,12,17,
		32 ,16,17,21 ,16,17,21,
		32 ,21,17,22 ,21,17,22,
		32 ,2,3,7 ,2,3,7,
		32 ,7,3,8 ,7,3,8,
		32 ,7,8,12 ,7,8,12,
		32 ,12,8,13 ,12,8,13,
		32 ,12,13,17 ,12,13,17,
		32 ,17,13,18 ,17,13,18,
		32 ,17,18,22 ,17,18,22,
		32 ,22,18,23 ,22,18,23,
		32 ,3,4,8 ,3,4,8,
		32 ,8,4,9 ,8,4,9,
		32 ,8,9,13 ,8,9,13,
		32 ,13,9,14 ,13,9,14,
		32 ,13,14,18 ,13,14,18,
		32 ,18,14,19 ,18,14,19,
		32 ,18,19,23 ,18,19,23,
		32 ,23,19,24 ,23,19,24
	]

}
