{
	"metadata" : {
		"formatVersion" : 3,
		"description" : "Exported from LibZinc."
	},

	"vertices" : [
		33.123161,151.793106,-883.306274,28.877512,154.678940,-883.959045,24.452450,156.756760,-884.287964,19.917124,158.217392,-884.463013,15.340690,159.251694,-884.654114,28.289066,150.067123,-875.485046,24.653795,152.702576,-875.999573,20.587332,154.695053,-876.256104,16.405828,156.143158,-876.358948,12.425431,157.145493,-876.412476,
		23.209389,147.655228,-867.263916,20.304333,150.039719,-867.700378,17.000412,151.872421,-867.992249,13.497773,153.247299,-868.166199,9.996555,154.258286,-868.249023,18.811861,145.048447,-857.757202,16.575665,147.276840,-858.157898,14.036611,149.085968,-858.557190,11.198403,150.530075,-858.883789,8.064745,151.663406,-859.066467,
		16.024210,142.737793,-846.079285,14.214333,145.000412,-846.468506,12.040847,147.132797,-847.011658,9.513162,148.991745,-847.510681,6.640685,150.434097,-847.767578
	],

	"normals" : [
		0.522645,0.749626,0.406083,0.429976,0.829958,0.355373,0.329640,0.892023,0.309244,0.240381,0.935915,0.257450,0.173926,0.961134,0.214411,0.511484,0.684771,0.519108,0.415622,0.780874,0.466362,0.327359,0.843090,0.426655,0.252488,0.883292,0.395024,0.189783,0.910621,0.367085,
		0.563364,0.650333,0.509596,0.455452,0.761966,0.460404,0.357761,0.834465,0.419136,0.278717,0.877945,0.389267,0.221382,0.903269,0.367552,0.670318,0.629140,0.393519,0.564600,0.744118,0.357093,0.456916,0.832334,0.313765,0.358393,0.893076,0.271974,0.276262,0.930729,0.239632,
		0.789600,0.583311,0.190473,0.713294,0.679042,0.173534,0.625093,0.767317,0.143122,0.513705,0.852513,0.096590,0.362021,0.930984,0.047007
	],

	"faces": [
		32 ,0,1,5 ,0,1,5,
		32 ,5,1,6 ,5,1,6,
		32 ,5,6,10 ,5,6,10,
		32 ,10,6,11 ,10,6,11,
		32 ,10,11,15 ,10,11,15,
		32 ,15,11,16 ,15,11,16,
		32 ,15,16,20 ,15,16,20,
		32 ,20,16,21 ,20,16,21,
		32 ,1,2,6 ,1,2,6,
		32 ,6,2,7 ,6,2,7,
		32 ,6,7,11 ,6,7,11,
		32 ,11,7,12 ,11,7,12,
		32 ,11,12,16 ,11,12,16,
		32 ,16,12,17 ,16,12,17,
		32 ,16,17,21 ,16,17,21,
		32 ,21,17,22 ,21,17,22,
		32 ,2,3,7 ,2,3,7,
		32 ,7,3,8 ,7,3,8,
		32 ,7,8,12 ,7,8,12,
		32 ,12,8,13 ,12,8,13,
		32 ,12,13,17 ,12,13,17,
		32 ,17,13,18 ,17,13,18,
		32 ,17,18,22 ,17,18,22,
		32 ,22,18,23 ,22,18,23,
		32 ,3,4,8 ,3,4,8,
		32 ,8,4,9 ,8,4,9,
		32 ,8,9,13 ,8,9,13,
		32 ,13,9,14 ,13,9,14,
		32 ,13,14,18 ,13,14,18,
		32 ,18,14,19 ,18,14,19,
		32 ,18,19,23 ,18,19,23,
		32 ,23,19,24 ,23,19,24
	]

}
