{
	"metadata" : {
		"formatVersion" : 3,
		"description" : "Exported from LibZinc."
	},

	"vertices" : [
		15.340690,159.251694,-884.654114,11.099813,159.741653,-884.479126,7.170406,159.482269,-883.778259,3.020485,158.533981,-883.055176,-1.881930,156.957199,-882.813477,12.425431,157.145493,-876.412476,8.712601,157.723480,-876.163574,4.983824,157.816269,-875.561646,1.030296,157.399002,-875.014343,-3.356788,156.446838,-874.929688,
		9.996555,154.258286,-868.249023,6.567295,155.070297,-868.194092,3.042519,155.676437,-868.089294,-0.734648,155.913010,-868.162842,-4.921081,155.616287,-868.642883,8.064745,151.663406,-859.066467,4.863725,152.719940,-859.253540,1.641770,153.740402,-859.692871,-1.869907,154.489120,-860.462341,-5.940098,154.730408,-861.639954,
		6.640685,150.434097,-847.767578,3.801718,151.610229,-848.024841,1.076857,152.685776,-848.703735,-1.971043,153.540497,-849.874573,-5.779128,154.054092,-851.607727
	],

	"normals" : [
		0.173926,0.961134,0.214411,0.047629,0.984947,0.166168,-0.133607,0.986230,0.097461,-0.272347,0.961811,0.027310,-0.323902,0.945963,-0.015537,0.189783,0.910621,0.367085,0.130468,0.934309,0.331731,0.003492,0.966045,0.258351,-0.147025,0.977763,0.149541,-0.256215,0.965756,0.040851,
		0.221382,0.903269,0.367552,0.207142,0.915556,0.344744,0.121698,0.948120,0.293697,-0.013469,0.977234,0.211736,-0.154874,0.982122,0.107007,0.276262,0.930729,0.239632,0.295523,0.929617,0.220176,0.231857,0.954323,0.188439,0.102294,0.983654,0.148191,-0.051286,0.993914,0.097489,
		0.362021,0.930984,0.047007,0.384636,0.922479,0.032982,0.321702,0.946372,0.029814,0.190456,0.981036,0.035995,0.053317,0.997965,0.034985
	],

	"faces": [
		32 ,0,1,5 ,0,1,5,
		32 ,5,1,6 ,5,1,6,
		32 ,5,6,10 ,5,6,10,
		32 ,10,6,11 ,10,6,11,
		32 ,10,11,15 ,10,11,15,
		32 ,15,11,16 ,15,11,16,
		32 ,15,16,20 ,15,16,20,
		32 ,20,16,21 ,20,16,21,
		32 ,1,2,6 ,1,2,6,
		32 ,6,2,7 ,6,2,7,
		32 ,6,7,11 ,6,7,11,
		32 ,11,7,12 ,11,7,12,
		32 ,11,12,16 ,11,12,16,
		32 ,16,12,17 ,16,12,17,
		32 ,16,17,21 ,16,17,21,
		32 ,21,17,22 ,21,17,22,
		32 ,2,3,7 ,2,3,7,
		32 ,7,3,8 ,7,3,8,
		32 ,7,8,12 ,7,8,12,
		32 ,12,8,13 ,12,8,13,
		32 ,12,13,17 ,12,13,17,
		32 ,17,13,18 ,17,13,18,
		32 ,17,18,22 ,17,18,22,
		32 ,22,18,23 ,22,18,23,
		32 ,3,4,8 ,3,4,8,
		32 ,8,4,9 ,8,4,9,
		32 ,8,9,13 ,8,9,13,
		32 ,13,9,14 ,13,9,14,
		32 ,13,14,18 ,13,14,18,
		32 ,18,14,19 ,18,14,19,
		32 ,18,19,23 ,18,19,23,
		32 ,23,19,24 ,23,19,24
	]

}
