{
	"metadata" : {
		"formatVersion" : 3,
		"description" : "Exported from LibZinc."
	},

	"vertices" : [
		-25.203211,141.515594,-884.875916,-30.008560,134.769547,-884.894409,-34.253830,126.995880,-884.614380,-37.544491,118.924545,-884.118042,-39.486012,111.285500,-883.487427,-25.222975,142.907181,-877.969238,-30.038984,136.394485,-878.241699,-34.365692,128.758804,-878.144958,-37.732471,120.807205,-877.820007,-39.668690,113.346786,-877.407898,
		-25.524950,143.466980,-872.661377,-30.338629,137.135696,-873.211792,-34.608288,129.689880,-873.440369,-37.856030,121.964424,-873.352295,-39.603951,114.794243,-872.952576,-26.018581,143.483368,-866.393005,-30.764547,137.296234,-867.215454,-34.886127,129.973236,-867.819824,-37.908020,122.443100,-867.952698,-39.354931,115.634583,-867.360718,
		-26.613310,143.244705,-856.604797,-31.173796,137.179184,-857.663635,-35.103718,129.792999,-858.602295,-37.881298,122.290115,-858.859009,-38.984772,115.874496,-857.871887
	],

	"normals" : [
		-0.762200,0.634631,-0.127650,-0.844007,0.522584,-0.120656,-0.898832,0.422554,-0.116402,-0.944379,0.309450,-0.111308,-0.985263,0.147775,-0.086139,-0.744908,0.654392,-0.129932,-0.831312,0.537481,-0.141545,-0.888415,0.435565,-0.144923,-0.938557,0.320373,-0.128341,-0.987014,0.147456,-0.063725,
		-0.736198,0.671184,-0.086743,-0.828085,0.550420,-0.106366,-0.890084,0.443227,-0.106306,-0.944828,0.318515,-0.076475,-0.991995,0.126190,0.004789,-0.731179,0.681040,-0.039531,-0.833873,0.549868,-0.047975,-0.899659,0.435162,-0.035320,-0.953583,0.301002,-0.008819,-0.995407,0.087731,0.038326,
		-0.726634,0.686701,-0.021086,-0.846432,0.532200,-0.017766,-0.911910,0.410390,0.000166,-0.961885,0.272986,0.015981,-0.999060,0.027810,0.033252
	],

	"faces": [
		32 ,0,1,5 ,0,1,5,
		32 ,5,1,6 ,5,1,6,
		32 ,5,6,10 ,5,6,10,
		32 ,10,6,11 ,10,6,11,
		32 ,10,11,15 ,10,11,15,
		32 ,15,11,16 ,15,11,16,
		32 ,15,16,20 ,15,16,20,
		32 ,20,16,21 ,20,16,21,
		32 ,1,2,6 ,1,2,6,
		32 ,6,2,7 ,6,2,7,
		32 ,6,7,11 ,6,7,11,
		32 ,11,7,12 ,11,7,12,
		32 ,11,12,16 ,11,12,16,
		32 ,16,12,17 ,16,12,17,
		32 ,16,17,21 ,16,17,21,
		32 ,21,17,22 ,21,17,22,
		32 ,2,3,7 ,2,3,7,
		32 ,7,3,8 ,7,3,8,
		32 ,7,8,12 ,7,8,12,
		32 ,12,8,13 ,12,8,13,
		32 ,12,13,17 ,12,13,17,
		32 ,17,13,18 ,17,13,18,
		32 ,17,18,22 ,17,18,22,
		32 ,22,18,23 ,22,18,23,
		32 ,3,4,8 ,3,4,8,
		32 ,8,4,9 ,8,4,9,
		32 ,8,9,13 ,8,9,13,
		32 ,13,9,14 ,13,9,14,
		32 ,13,14,18 ,13,14,18,
		32 ,18,14,19 ,18,14,19,
		32 ,18,19,23 ,18,19,23,
		32 ,23,19,24 ,23,19,24
	]

}
