{
	"metadata" : {
		"formatVersion" : 3,
		"description" : "Exported from LibZinc."
	},

	"vertices" : [
		-14.609940,80.510597,-784.060730,-7.659478,77.298149,-783.201416,-1.225057,76.219612,-781.938416,4.971558,77.099434,-780.694336,11.208600,79.762077,-779.891907,-12.191537,76.120224,-763.286865,-4.492419,72.587303,-762.593811,2.716412,71.283188,-761.501709,9.606473,72.106148,-760.421509,16.349277,74.954468,-759.764099,
		-10.018648,72.778870,-740.346863,-1.533562,68.645943,-739.895630,6.626509,66.869911,-739.173401,14.557692,67.371780,-738.527405,22.356108,70.072571,-738.304871,-7.275417,71.547844,-715.919067,1.775932,66.787872,-715.623596,10.721341,64.433990,-715.282776,19.652496,64.416351,-715.163208,28.661081,66.665092,-715.531555,
		-3.145989,73.488457,-690.681702,5.994904,68.326904,-690.294189,15.217015,65.429642,-690.158936,24.718170,64.759857,-690.480042,34.696190,66.280724,-691.461426
	],

	"normals" : [
		-0.499819,-0.856548,-0.128478,-0.270721,-0.945882,-0.178935,0.040717,-0.968898,-0.244088,0.314844,-0.904767,-0.286827,0.476696,-0.829154,-0.292001,-0.498318,-0.860079,-0.109280,-0.285182,-0.945249,-0.158668,0.005897,-0.974437,-0.224583,0.288920,-0.913203,-0.287377,0.478223,-0.813862,-0.330048,
		-0.522859,-0.851610,-0.037125,-0.326967,-0.941439,-0.082377,-0.063276,-0.987338,-0.145463,0.209749,-0.952879,-0.219151,0.415340,-0.862520,-0.289053,-0.547532,-0.833106,0.078381,-0.368213,-0.928873,0.040189,-0.129948,-0.991387,-0.016315,0.123589,-0.988214,-0.090330,0.329909,-0.927921,-0.173559,
		-0.558798,-0.795755,0.233494,-0.399638,-0.893797,0.203513,-0.183947,-0.970597,0.155255,0.049868,-0.994829,0.088474,0.246429,-0.969132,0.007501
	],

	"faces": [
		32 ,0,1,5 ,0,1,5,
		32 ,5,1,6 ,5,1,6,
		32 ,5,6,10 ,5,6,10,
		32 ,10,6,11 ,10,6,11,
		32 ,10,11,15 ,10,11,15,
		32 ,15,11,16 ,15,11,16,
		32 ,15,16,20 ,15,16,20,
		32 ,20,16,21 ,20,16,21,
		32 ,1,2,6 ,1,2,6,
		32 ,6,2,7 ,6,2,7,
		32 ,6,7,11 ,6,7,11,
		32 ,11,7,12 ,11,7,12,
		32 ,11,12,16 ,11,12,16,
		32 ,16,12,17 ,16,12,17,
		32 ,16,17,21 ,16,17,21,
		32 ,21,17,22 ,21,17,22,
		32 ,2,3,7 ,2,3,7,
		32 ,7,3,8 ,7,3,8,
		32 ,7,8,12 ,7,8,12,
		32 ,12,8,13 ,12,8,13,
		32 ,12,13,17 ,12,13,17,
		32 ,17,13,18 ,17,13,18,
		32 ,17,18,22 ,17,18,22,
		32 ,22,18,23 ,22,18,23,
		32 ,3,4,8 ,3,4,8,
		32 ,8,4,9 ,8,4,9,
		32 ,8,9,13 ,8,9,13,
		32 ,13,9,14 ,13,9,14,
		32 ,13,14,18 ,13,14,18,
		32 ,18,14,19 ,18,14,19,
		32 ,18,19,23 ,18,19,23,
		32 ,23,19,24 ,23,19,24
	]

}
