{
	"metadata" : {
		"formatVersion" : 3,
		"description" : "Exported from LibZinc."
	},

	"vertices" : [
		419.347198,180.056595,-1785.000000,417.079529,177.497482,-1789.013306,416.100250,175.753967,-1792.884399,416.080994,173.962921,-1796.563354,416.693298,171.261200,-1800.000000,421.761414,172.749588,-1778.304565,419.479523,169.207352,-1782.098877,418.181519,166.215042,-1785.769531,417.639801,163.209290,-1789.265991,417.626770,159.626694,-1792.538086,
		423.636719,167.156509,-1772.940674,421.105865,162.287659,-1776.671265,419.166565,157.402802,-1780.280151,417.825714,152.548630,-1783.711426,417.090271,147.771805,-1786.908691,425.028534,162.770416,-1767.356445,422.250336,156.576920,-1771.146729,419.714935,149.752884,-1774.776245,417.637421,142.931702,-1778.250488,416.232910,136.746735,-1781.575073,
		425.992188,159.084396,-1760.000000,423.204681,151.913651,-1763.942139,420.486176,143.700928,-1767.617676,418.073608,135.309265,-1771.234375,416.203796,127.601700,-1775.000000
	],

	"normals" : [
		-0.853772,0.183736,0.487149,-0.933543,0.025929,0.357526,-0.975696,-0.135029,0.172579,-0.976195,-0.214748,0.030457,-0.978577,-0.203661,-0.030172,-0.862213,0.149515,0.483976,-0.922256,0.058753,0.382089,-0.971878,0.003924,0.235452,-0.996194,-0.016243,0.085632,-0.999305,-0.017852,-0.032725,
		-0.882201,0.173352,0.437801,-0.913334,0.126631,0.387021,-0.950258,0.108492,0.291959,-0.981597,0.098974,0.163313,-0.996527,0.082206,0.013298,-0.916375,0.236616,0.322907,-0.926646,0.198056,0.319532,-0.943082,0.173396,0.283778,-0.965389,0.149750,0.213541,-0.988138,0.116623,0.099916,
		-0.940459,0.279037,0.194104,-0.947651,0.232108,0.219279,-0.952131,0.191931,0.237924,-0.959832,0.149499,0.237428,-0.974999,0.099594,0.198639
	],

	"faces": [
		32 ,0,1,5 ,0,1,5,
		32 ,5,1,6 ,5,1,6,
		32 ,5,6,10 ,5,6,10,
		32 ,10,6,11 ,10,6,11,
		32 ,10,11,15 ,10,11,15,
		32 ,15,11,16 ,15,11,16,
		32 ,15,16,20 ,15,16,20,
		32 ,20,16,21 ,20,16,21,
		32 ,1,2,6 ,1,2,6,
		32 ,6,2,7 ,6,2,7,
		32 ,6,7,11 ,6,7,11,
		32 ,11,7,12 ,11,7,12,
		32 ,11,12,16 ,11,12,16,
		32 ,16,12,17 ,16,12,17,
		32 ,16,17,21 ,16,17,21,
		32 ,21,17,22 ,21,17,22,
		32 ,2,3,7 ,2,3,7,
		32 ,7,3,8 ,7,3,8,
		32 ,7,8,12 ,7,8,12,
		32 ,12,8,13 ,12,8,13,
		32 ,12,13,17 ,12,13,17,
		32 ,17,13,18 ,17,13,18,
		32 ,17,18,22 ,17,18,22,
		32 ,22,18,23 ,22,18,23,
		32 ,3,4,8 ,3,4,8,
		32 ,8,4,9 ,8,4,9,
		32 ,8,9,13 ,8,9,13,
		32 ,13,9,14 ,13,9,14,
		32 ,13,14,18 ,13,14,18,
		32 ,18,14,19 ,18,14,19,
		32 ,18,19,23 ,18,19,23,
		32 ,23,19,24 ,23,19,24
	]

}
