{
	"metadata" : {
		"formatVersion" : 3,
		"description" : "Exported from LibZinc."
	},

	"vertices" : [
		26.082680,139.225494,-783.262878,21.752901,143.705276,-783.538147,16.083380,147.830048,-784.049133,9.402416,150.845291,-784.591858,2.038310,151.996506,-784.962097,29.408157,140.908676,-767.775146,24.406485,145.488663,-768.218445,17.964323,149.624542,-768.826843,10.573710,152.447205,-769.277161,2.726676,153.087570,-769.246216,
		31.101515,145.184280,-752.497986,25.908056,149.399887,-753.096008,19.885025,152.875977,-753.869263,13.100125,155.031189,-754.334717,5.621063,155.284195,-754.009216,32.732296,150.287949,-735.555542,27.585979,153.892090,-736.235168,22.421446,156.501450,-737.162231,16.698032,157.946838,-737.685303,9.875073,158.059097,-737.152832,
		35.870041,154.455307,-715.071899,30.768620,157.418411,-715.700256,26.149559,159.418060,-716.691589,21.083805,160.543762,-717.249817,14.642310,160.884995,-716.578918
	],

	"normals" : [
		0.763050,0.610619,-0.211894,0.658103,0.735777,-0.159789,0.514337,0.851338,-0.103345,0.301196,0.951675,-0.059969,-0.003628,0.999753,-0.021914,0.722508,0.645368,-0.247956,0.610459,0.756761,-0.233779,0.463192,0.859975,-0.214235,0.238747,0.955561,-0.172927,-0.097512,0.990107,-0.100891,
		0.662573,0.695440,-0.278138,0.577433,0.770591,-0.269742,0.422531,0.868000,-0.260852,0.179397,0.960272,-0.213762,-0.127186,0.983177,-0.131097,0.593615,0.757588,-0.271442,0.541688,0.802111,-0.251381,0.379949,0.895312,-0.232498,0.130265,0.974567,-0.182348,-0.101635,0.986373,-0.129382,
		0.516681,0.829396,-0.212467,0.485138,0.854405,-0.186102,0.336654,0.928812,-0.154832,0.127984,0.984367,-0.121003,-0.025690,0.993636,-0.109666
	],

	"faces": [
		32 ,0,1,5 ,0,1,5,
		32 ,5,1,6 ,5,1,6,
		32 ,5,6,10 ,5,6,10,
		32 ,10,6,11 ,10,6,11,
		32 ,10,11,15 ,10,11,15,
		32 ,15,11,16 ,15,11,16,
		32 ,15,16,20 ,15,16,20,
		32 ,20,16,21 ,20,16,21,
		32 ,1,2,6 ,1,2,6,
		32 ,6,2,7 ,6,2,7,
		32 ,6,7,11 ,6,7,11,
		32 ,11,7,12 ,11,7,12,
		32 ,11,12,16 ,11,12,16,
		32 ,16,12,17 ,16,12,17,
		32 ,16,17,21 ,16,17,21,
		32 ,21,17,22 ,21,17,22,
		32 ,2,3,7 ,2,3,7,
		32 ,7,3,8 ,7,3,8,
		32 ,7,8,12 ,7,8,12,
		32 ,12,8,13 ,12,8,13,
		32 ,12,13,17 ,12,13,17,
		32 ,17,13,18 ,17,13,18,
		32 ,17,18,22 ,17,18,22,
		32 ,22,18,23 ,22,18,23,
		32 ,3,4,8 ,3,4,8,
		32 ,8,4,9 ,8,4,9,
		32 ,8,9,13 ,8,9,13,
		32 ,13,9,14 ,13,9,14,
		32 ,13,14,18 ,13,14,18,
		32 ,18,14,19 ,18,14,19,
		32 ,18,19,23 ,18,19,23,
		32 ,23,19,24 ,23,19,24
	]

}
