{
	"metadata" : {
		"formatVersion" : 3,
		"description" : "Exported from LibZinc."
	},

	"vertices" : [
		14.642310,160.884995,-716.578918,6.744693,159.801300,-713.900085,-1.511922,156.804642,-709.693359,-9.290332,152.213257,-705.050293,-15.753330,146.345306,-701.062622,20.025997,164.325623,-690.792786,11.887477,164.098618,-688.284241,3.095138,162.098099,-684.598755,-5.212764,158.247421,-680.344727,-11.897970,152.469894,-676.130432,
		26.361261,168.423676,-661.257690,18.063305,168.916504,-659.128967,8.812914,167.802551,-656.404724,0.061326,164.636108,-653.171021,-6.740221,158.971497,-649.513916,33.149563,171.870300,-630.311829,24.873014,172.892273,-628.568237,15.465189,172.545425,-626.801880,6.491538,170.052673,-624.785461,-0.482489,164.636917,-622.291687,
		39.892361,173.356705,-600.293396,31.917446,174.663208,-598.736084,22.875748,174.954132,-597.480835,14.037470,173.170425,-596.444092,6.672821,168.253006,-595.542603
	],

	"normals" : [
		-0.025690,0.993636,-0.109666,-0.283988,0.954342,-0.092639,-0.468276,0.878393,-0.095622,-0.621595,0.778227,-0.089339,-0.767982,0.638716,-0.047376,0.049400,0.987326,-0.150818,-0.173141,0.975932,-0.132589,-0.365853,0.922156,-0.125619,-0.566973,0.817690,-0.099619,-0.781801,0.623217,-0.019682,
		0.115913,0.981404,-0.153002,-0.063147,0.988477,-0.137569,-0.254781,0.958897,-0.124914,-0.501998,0.860851,-0.083264,-0.790503,0.611925,0.025546,0.166319,0.978497,-0.121988,0.030642,0.993694,-0.107856,-0.151985,0.984293,-0.089823,-0.429077,0.902521,-0.036729,-0.776322,0.625087,0.081182,
		0.192644,0.980178,-0.046261,0.105835,0.993827,-0.033274,-0.063406,0.997936,-0.010214,-0.351149,0.934947,0.050683,-0.722378,0.674641,0.151755
	],

	"faces": [
		32 ,0,1,5 ,0,1,5,
		32 ,5,1,6 ,5,1,6,
		32 ,5,6,10 ,5,6,10,
		32 ,10,6,11 ,10,6,11,
		32 ,10,11,15 ,10,11,15,
		32 ,15,11,16 ,15,11,16,
		32 ,15,16,20 ,15,16,20,
		32 ,20,16,21 ,20,16,21,
		32 ,1,2,6 ,1,2,6,
		32 ,6,2,7 ,6,2,7,
		32 ,6,7,11 ,6,7,11,
		32 ,11,7,12 ,11,7,12,
		32 ,11,12,16 ,11,12,16,
		32 ,16,12,17 ,16,12,17,
		32 ,16,17,21 ,16,17,21,
		32 ,21,17,22 ,21,17,22,
		32 ,2,3,7 ,2,3,7,
		32 ,7,3,8 ,7,3,8,
		32 ,7,8,12 ,7,8,12,
		32 ,12,8,13 ,12,8,13,
		32 ,12,13,17 ,12,13,17,
		32 ,17,13,18 ,17,13,18,
		32 ,17,18,22 ,17,18,22,
		32 ,22,18,23 ,22,18,23,
		32 ,3,4,8 ,3,4,8,
		32 ,8,4,9 ,8,4,9,
		32 ,8,9,13 ,8,9,13,
		32 ,13,9,14 ,13,9,14,
		32 ,13,14,18 ,13,14,18,
		32 ,18,14,19 ,18,14,19,
		32 ,18,19,23 ,18,19,23,
		32 ,23,19,24 ,23,19,24
	]

}
