{
	"metadata" : {
		"formatVersion" : 3,
		"description" : "Exported from LibZinc."
	},

	"vertices" : [
		-15.753330,146.345306,-701.062622,-20.671726,139.839569,-698.355164,-24.214176,132.814117,-696.539734,-26.140247,124.806046,-695.188599,-26.209511,115.352501,-693.874084,-11.897970,152.469894,-676.130432,-16.761164,145.354828,-673.278198,-20.247522,137.472580,-671.912415,-22.185528,128.718033,-670.845093,-22.403660,118.986107,-668.888000,
		-6.740221,158.971497,-649.513916,-11.427629,151.391144,-647.126343,-14.721849,142.881454,-646.462280,-16.499226,133.602570,-645.748718,-16.636093,123.714645,-643.212708,-0.482489,164.636917,-622.291687,-5.196136,156.898300,-620.720459,-8.410018,148.127686,-620.493164,-10.090731,138.584030,-619.914734,-10.204872,128.526337,-617.290222,
		6.672821,168.253006,-595.542603,1.408295,160.826065,-594.881165,-2.084888,152.298157,-594.308899,-3.969436,142.786789,-593.358459,-4.408057,132.409393,-591.562622
	],

	"normals" : [
		-0.767982,0.638716,-0.047376,-0.843364,0.537331,-0.003504,-0.931954,0.358525,0.054061,-0.986548,0.132304,0.096019,-0.991569,-0.075488,0.105317,-0.781801,0.623217,-0.019682,-0.866219,0.497778,0.043389,-0.938928,0.324177,0.115432,-0.975122,0.141299,0.170798,-0.980624,-0.013516,0.195435,
		-0.790503,0.611925,0.025546,-0.885688,0.454565,0.094482,-0.946528,0.278425,0.162983,-0.969091,0.127786,0.211032,-0.972225,0.023273,0.232887,-0.776322,0.625087,0.081182,-0.889261,0.435728,0.139122,-0.948669,0.255362,0.186592,-0.969102,0.117926,0.216646,-0.972169,0.030984,0.232222,
		-0.722378,0.674641,0.151755,-0.860325,0.479771,0.172224,-0.939634,0.290378,0.181021,-0.973166,0.135023,0.186322,-0.981212,0.021307,0.191754
	],

	"faces": [
		32 ,0,1,5 ,0,1,5,
		32 ,5,1,6 ,5,1,6,
		32 ,5,6,10 ,5,6,10,
		32 ,10,6,11 ,10,6,11,
		32 ,10,11,15 ,10,11,15,
		32 ,15,11,16 ,15,11,16,
		32 ,15,16,20 ,15,16,20,
		32 ,20,16,21 ,20,16,21,
		32 ,1,2,6 ,1,2,6,
		32 ,6,2,7 ,6,2,7,
		32 ,6,7,11 ,6,7,11,
		32 ,11,7,12 ,11,7,12,
		32 ,11,12,16 ,11,12,16,
		32 ,16,12,17 ,16,12,17,
		32 ,16,17,21 ,16,17,21,
		32 ,21,17,22 ,21,17,22,
		32 ,2,3,7 ,2,3,7,
		32 ,7,3,8 ,7,3,8,
		32 ,7,8,12 ,7,8,12,
		32 ,12,8,13 ,12,8,13,
		32 ,12,13,17 ,12,13,17,
		32 ,17,13,18 ,17,13,18,
		32 ,17,18,22 ,17,18,22,
		32 ,22,18,23 ,22,18,23,
		32 ,3,4,8 ,3,4,8,
		32 ,8,4,9 ,8,4,9,
		32 ,8,9,13 ,8,9,13,
		32 ,13,9,14 ,13,9,14,
		32 ,13,14,18 ,13,14,18,
		32 ,18,14,19 ,18,14,19,
		32 ,18,19,23 ,18,19,23,
		32 ,23,19,24 ,23,19,24
	]

}
