{
	"metadata" : {
		"formatVersion" : 3,
		"description" : "Exported from LibZinc."
	},

	"vertices" : [
		-26.209511,115.352501,-693.874084,-23.796154,104.182663,-692.649536,-18.791218,92.408180,-691.781311,-11.729549,81.639847,-691.161377,-3.145989,73.488457,-690.681702,-22.403660,118.986107,-668.888000,-20.360844,107.815903,-666.670532,-15.760303,95.979904,-665.300415,-8.796972,85.223099,-664.307312,0.334221,77.290474,-663.220825,
		-16.636093,123.714645,-643.212708,-15.637552,112.346657,-639.845764,-13.185889,99.968369,-637.454590,-7.923228,88.751144,-635.488831,1.508307,80.866333,-633.398315,-10.204872,128.526337,-617.290222,-10.236253,116.977600,-613.318909,-9.971769,104.256851,-609.789001,-6.832647,92.567108,-606.638733,1.759886,84.111389,-603.806274,
		-4.408057,132.409393,-591.562622,-4.766916,120.911407,-588.233459,-5.021736,108.728615,-583.848816,-3.249559,97.014107,-579.689575,2.472574,86.920967,-577.036926
	],

	"normals" : [
		-0.991569,-0.075488,0.105317,-0.946505,-0.294694,0.131467,-0.872964,-0.451539,0.184518,-0.760844,-0.606097,0.231867,-0.558798,-0.795755,0.233494,-0.980624,-0.013516,0.195435,-0.951539,-0.243248,0.188159,-0.889806,-0.432698,0.144974,-0.766588,-0.630852,0.119865,-0.513333,-0.845877,0.144851,
		-0.972225,0.023273,0.232887,-0.976852,-0.073934,0.200731,-0.955833,-0.262837,0.131533,-0.817081,-0.569837,0.087544,-0.432211,-0.895194,0.108730,-0.972169,0.030984,0.232222,-0.977486,0.082582,0.194167,-0.986604,-0.059599,0.151858,-0.894181,-0.430155,0.124124,-0.463151,-0.880866,0.097807,
		-0.981212,0.021307,0.191754,-0.972942,0.117937,0.198684,-0.970660,0.051725,0.234828,-0.945327,-0.210752,0.248880,-0.734284,-0.669540,0.111997
	],

	"faces": [
		32 ,0,1,5 ,0,1,5,
		32 ,5,1,6 ,5,1,6,
		32 ,5,6,10 ,5,6,10,
		32 ,10,6,11 ,10,6,11,
		32 ,10,11,15 ,10,11,15,
		32 ,15,11,16 ,15,11,16,
		32 ,15,16,20 ,15,16,20,
		32 ,20,16,21 ,20,16,21,
		32 ,1,2,6 ,1,2,6,
		32 ,6,2,7 ,6,2,7,
		32 ,6,7,11 ,6,7,11,
		32 ,11,7,12 ,11,7,12,
		32 ,11,12,16 ,11,12,16,
		32 ,16,12,17 ,16,12,17,
		32 ,16,17,21 ,16,17,21,
		32 ,21,17,22 ,21,17,22,
		32 ,2,3,7 ,2,3,7,
		32 ,7,3,8 ,7,3,8,
		32 ,7,8,12 ,7,8,12,
		32 ,12,8,13 ,12,8,13,
		32 ,12,13,17 ,12,13,17,
		32 ,17,13,18 ,17,13,18,
		32 ,17,18,22 ,17,18,22,
		32 ,22,18,23 ,22,18,23,
		32 ,3,4,8 ,3,4,8,
		32 ,8,4,9 ,8,4,9,
		32 ,8,9,13 ,8,9,13,
		32 ,13,9,14 ,13,9,14,
		32 ,13,14,18 ,13,14,18,
		32 ,18,14,19 ,18,14,19,
		32 ,18,19,23 ,18,19,23,
		32 ,23,19,24 ,23,19,24
	]

}
