{
	"metadata" : {
		"formatVersion" : 3,
		"description" : "Exported from LibZinc."
	},

	"vertices" : [
		-3.145989,73.488457,-690.681702,5.994904,68.326904,-690.294189,15.217015,65.429642,-690.158936,24.718170,64.759857,-690.480042,34.696190,66.280724,-691.461426,0.334221,77.290474,-663.220825,10.084406,72.254951,-662.318787,19.437572,69.095863,-662.266052,28.998087,67.917809,-663.172913,39.370312,68.825401,-665.149597,
		1.508307,80.866333,-633.398315,12.532413,76.093910,-631.901428,22.355106,72.921844,-632.036377,32.007732,71.583527,-633.732605,42.521648,72.312347,-636.919678,1.759886,84.111389,-603.806274,13.188156,78.952522,-602.247742,23.657803,75.737099,-602.751404,33.982567,74.543747,-605.003845,44.976196,75.451111,-608.691650,
		2.472574,86.920967,-577.036926,11.900858,79.939552,-576.563538,23.033850,76.371140,-577.692749,35.158043,75.585205,-579.831177,47.559940,76.951248,-582.385620
	],

	"normals" : [
		-0.558798,-0.795755,0.233494,-0.399638,-0.893797,0.203513,-0.183947,-0.970597,0.155255,0.049868,-0.994829,0.088474,0.246429,-0.969132,0.007501,-0.513333,-0.845877,0.144851,-0.400941,-0.900830,0.166590,-0.218346,-0.963491,0.154954,0.002535,-0.992280,0.123996,0.196862,-0.976526,0.087416,
		-0.432211,-0.895194,0.108730,-0.368577,-0.921235,0.124407,-0.219556,-0.967184,0.127871,-0.005093,-0.992940,0.118505,0.194488,-0.975546,0.102396,-0.463151,-0.880866,0.097807,-0.363785,-0.929247,0.064499,-0.201297,-0.976989,0.070506,0.008081,-0.996793,0.079620,0.194411,-0.978194,0.073088,
		-0.734284,-0.669540,0.111997,-0.446287,-0.893184,-0.055238,-0.180910,-0.982121,-0.052058,0.028844,-0.999464,-0.015451,0.176290,-0.984278,-0.010875
	],

	"faces": [
		32 ,0,1,5 ,0,1,5,
		32 ,5,1,6 ,5,1,6,
		32 ,5,6,10 ,5,6,10,
		32 ,10,6,11 ,10,6,11,
		32 ,10,11,15 ,10,11,15,
		32 ,15,11,16 ,15,11,16,
		32 ,15,16,20 ,15,16,20,
		32 ,20,16,21 ,20,16,21,
		32 ,1,2,6 ,1,2,6,
		32 ,6,2,7 ,6,2,7,
		32 ,6,7,11 ,6,7,11,
		32 ,11,7,12 ,11,7,12,
		32 ,11,12,16 ,11,12,16,
		32 ,16,12,17 ,16,12,17,
		32 ,16,17,21 ,16,17,21,
		32 ,21,17,22 ,21,17,22,
		32 ,2,3,7 ,2,3,7,
		32 ,7,3,8 ,7,3,8,
		32 ,7,8,12 ,7,8,12,
		32 ,12,8,13 ,12,8,13,
		32 ,12,13,17 ,12,13,17,
		32 ,17,13,18 ,17,13,18,
		32 ,17,18,22 ,17,18,22,
		32 ,22,18,23 ,22,18,23,
		32 ,3,4,8 ,3,4,8,
		32 ,8,4,9 ,8,4,9,
		32 ,8,9,13 ,8,9,13,
		32 ,13,9,14 ,13,9,14,
		32 ,13,14,18 ,13,14,18,
		32 ,18,14,19 ,18,14,19,
		32 ,18,19,23 ,18,19,23,
		32 ,23,19,24 ,23,19,24
	]

}
