{
	"metadata" : {
		"formatVersion" : 3,
		"description" : "Exported from LibZinc."
	},

	"vertices" : [
		34.696190,66.280724,-691.461426,44.646660,70.849243,-693.118896,53.325783,78.484932,-695.302856,59.822323,87.894714,-697.969177,63.225040,97.785507,-701.073730,39.370312,68.825401,-665.149597,50.479439,72.903908,-667.584534,60.809067,80.331207,-670.075684,68.801147,89.850830,-673.047546,72.897644,100.206322,-676.924622,
		42.521648,72.312347,-636.919678,54.496098,76.234528,-640.192383,66.358109,83.528458,-642.853455,75.880714,93.005798,-645.894043,80.836952,103.478195,-650.305359,44.976196,75.451111,-608.691650,57.489750,79.211739,-612.307800,70.226616,85.972153,-615.195801,80.779007,94.901970,-618.318359,86.739151,105.170792,-622.638123,
		47.559940,76.951248,-582.385620,60.253517,80.206184,-585.296143,72.668274,85.557762,-588.662354,83.213989,93.081718,-592.130127,90.300423,102.853798,-595.345093
	],

	"normals" : [
		0.246429,-0.969132,0.007501,0.533136,-0.836838,-0.124375,0.693804,-0.680297,-0.236289,0.797279,-0.507900,-0.326165,0.877312,-0.274628,-0.393578,0.196862,-0.976526,0.087416,0.479124,-0.877673,0.011441,0.662968,-0.744216,-0.081338,0.806493,-0.561872,-0.184036,0.920634,-0.267618,-0.284278,
		0.194488,-0.975546,0.102396,0.437141,-0.897558,0.057421,0.611078,-0.791474,-0.012334,0.778527,-0.618902,-0.104190,0.937337,-0.278568,-0.209284,0.194411,-0.978194,0.073088,0.389972,-0.920109,0.036349,0.548913,-0.835622,-0.020752,0.728173,-0.679684,-0.088287,0.931012,-0.328273,-0.159539,
		0.176290,-0.984278,-0.010875,0.304877,-0.950879,-0.053663,0.448741,-0.885500,-0.120505,0.647018,-0.744759,-0.163408,0.886043,-0.435111,-0.160017
	],

	"faces": [
		32 ,0,1,5 ,0,1,5,
		32 ,5,1,6 ,5,1,6,
		32 ,5,6,10 ,5,6,10,
		32 ,10,6,11 ,10,6,11,
		32 ,10,11,15 ,10,11,15,
		32 ,15,11,16 ,15,11,16,
		32 ,15,16,20 ,15,16,20,
		32 ,20,16,21 ,20,16,21,
		32 ,1,2,6 ,1,2,6,
		32 ,6,2,7 ,6,2,7,
		32 ,6,7,11 ,6,7,11,
		32 ,11,7,12 ,11,7,12,
		32 ,11,12,16 ,11,12,16,
		32 ,16,12,17 ,16,12,17,
		32 ,16,17,21 ,16,17,21,
		32 ,21,17,22 ,21,17,22,
		32 ,2,3,7 ,2,3,7,
		32 ,7,3,8 ,7,3,8,
		32 ,7,8,12 ,7,8,12,
		32 ,12,8,13 ,12,8,13,
		32 ,12,13,17 ,12,13,17,
		32 ,17,13,18 ,17,13,18,
		32 ,17,18,22 ,17,18,22,
		32 ,22,18,23 ,22,18,23,
		32 ,3,4,8 ,3,4,8,
		32 ,8,4,9 ,8,4,9,
		32 ,8,9,13 ,8,9,13,
		32 ,13,9,14 ,13,9,14,
		32 ,13,14,18 ,13,14,18,
		32 ,18,14,19 ,18,14,19,
		32 ,18,19,23 ,18,19,23,
		32 ,23,19,24 ,23,19,24
	]

}
