{
	"metadata" : {
		"formatVersion" : 3,
		"description" : "Exported from LibZinc."
	},

	"vertices" : [
		6.672821,168.253006,-595.542603,1.408295,160.826065,-594.881165,-2.084888,152.298157,-594.308899,-3.969436,142.786789,-593.358459,-4.408057,132.409393,-591.562622,13.369482,170.866196,-568.893188,7.462214,163.910980,-568.846252,3.458223,155.833710,-567.746582,1.066187,146.525589,-566.456299,-0.005217,135.877838,-565.837646,
		18.561029,174.124771,-541.835266,12.375047,167.347031,-541.998657,7.907766,159.518753,-540.951965,4.932130,150.390228,-539.883606,3.221083,139.711792,-539.982056,22.509699,177.718231,-515.245300,16.121096,170.770081,-515.376892,11.216529,162.955673,-514.691772,7.690696,153.917664,-514.103638,5.438293,143.298721,-514.526062,
		25.477730,181.336105,-490.000000,18.674662,173.816025,-490.019470,13.337302,165.746887,-489.732910,9.404188,156.644867,-489.579865,6.813861,146.026093,-490.000000
	],

	"normals" : [
		-0.722378,0.674641,0.151755,-0.860325,0.479771,0.172224,-0.939634,0.290378,0.181021,-0.973166,0.135023,0.186322,-0.981212,0.021307,0.191754,-0.681285,0.728831,0.068237,-0.827896,0.551551,0.101878,-0.926388,0.355506,0.124179,-0.974382,0.179593,0.135375,-0.989394,0.044230,0.138357,
		-0.666053,0.745741,0.015622,-0.804961,0.590957,0.052992,-0.909478,0.408554,0.077029,-0.968559,0.232551,0.088392,-0.991764,0.090802,0.090330,-0.678394,0.734561,-0.014201,-0.792117,0.610084,0.018655,-0.891685,0.451008,0.038597,-0.957959,0.282761,0.048594,-0.989326,0.136097,0.052076,
		-0.699045,0.714451,-0.029918,-0.786436,0.617639,-0.006452,-0.878345,0.477947,0.008765,-0.948783,0.315321,0.019568,-0.986126,0.163728,0.027373
	],

	"faces": [
		32 ,0,1,5 ,0,1,5,
		32 ,5,1,6 ,5,1,6,
		32 ,5,6,10 ,5,6,10,
		32 ,10,6,11 ,10,6,11,
		32 ,10,11,15 ,10,11,15,
		32 ,15,11,16 ,15,11,16,
		32 ,15,16,20 ,15,16,20,
		32 ,20,16,21 ,20,16,21,
		32 ,1,2,6 ,1,2,6,
		32 ,6,2,7 ,6,2,7,
		32 ,6,7,11 ,6,7,11,
		32 ,11,7,12 ,11,7,12,
		32 ,11,12,16 ,11,12,16,
		32 ,16,12,17 ,16,12,17,
		32 ,16,17,21 ,16,17,21,
		32 ,21,17,22 ,21,17,22,
		32 ,2,3,7 ,2,3,7,
		32 ,7,3,8 ,7,3,8,
		32 ,7,8,12 ,7,8,12,
		32 ,12,8,13 ,12,8,13,
		32 ,12,13,17 ,12,13,17,
		32 ,17,13,18 ,17,13,18,
		32 ,17,18,22 ,17,18,22,
		32 ,22,18,23 ,22,18,23,
		32 ,3,4,8 ,3,4,8,
		32 ,8,4,9 ,8,4,9,
		32 ,8,9,13 ,8,9,13,
		32 ,13,9,14 ,13,9,14,
		32 ,13,14,18 ,13,14,18,
		32 ,18,14,19 ,18,14,19,
		32 ,18,19,23 ,18,19,23,
		32 ,23,19,24 ,23,19,24
	]

}
