{
	"metadata" : {
		"formatVersion" : 3,
		"description" : "Exported from LibZinc."
	},

	"vertices" : [
		-4.408057,132.409393,-591.562622,-4.766916,120.911407,-588.233459,-5.021736,108.728615,-583.848816,-3.249559,97.014107,-579.689575,2.472574,86.920967,-577.036926,-0.005217,135.877838,-565.837646,-0.372941,124.425217,-564.032043,-0.121380,112.815643,-560.078857,1.256977,101.110077,-556.187256,4.269645,89.369469,-554.566284,
		3.221083,139.711792,-539.982056,2.454721,128.036987,-539.583679,2.590725,116.095963,-537.407654,3.818414,103.903976,-535.216492,6.327106,91.476250,-534.772827,5.438293,143.298721,-514.526062,4.084772,131.310608,-515.171875,3.681310,118.671883,-515.105591,4.761187,105.785431,-515.018616,7.857681,93.054123,-515.602234,
		6.813861,146.026093,-490.000000,4.885912,133.809998,-491.079956,3.717105,120.645714,-492.443298,4.411733,107.144073,-493.834991,8.074089,93.915894,-495.000000
	],

	"normals" : [
		-0.981212,0.021307,0.191754,-0.972942,0.117937,0.198684,-0.970660,0.051725,0.234828,-0.945327,-0.210752,0.248880,-0.734284,-0.669540,0.111997,-0.989394,0.044230,0.138357,-0.989341,0.050646,0.136525,-0.987247,-0.003271,0.159160,-0.976127,-0.129101,0.174670,-0.937864,-0.322272,0.128653,
		-0.991764,0.090802,0.090330,-0.995786,0.040264,0.082392,-0.995711,-0.036171,0.085152,-0.986123,-0.134334,0.097552,-0.959133,-0.255545,0.121493,-0.989326,0.136097,0.052076,-0.996286,0.077312,0.037906,-0.999556,-0.019083,0.022880,-0.987850,-0.153629,0.023445,-0.941919,-0.328581,0.069454,
		-0.986126,0.163728,0.027373,-0.991036,0.133209,0.010194,-0.999336,0.032969,-0.015541,-0.989162,-0.143407,-0.031495,-0.919748,-0.391917,-0.021530
	],

	"faces": [
		32 ,0,1,5 ,0,1,5,
		32 ,5,1,6 ,5,1,6,
		32 ,5,6,10 ,5,6,10,
		32 ,10,6,11 ,10,6,11,
		32 ,10,11,15 ,10,11,15,
		32 ,15,11,16 ,15,11,16,
		32 ,15,16,20 ,15,16,20,
		32 ,20,16,21 ,20,16,21,
		32 ,1,2,6 ,1,2,6,
		32 ,6,2,7 ,6,2,7,
		32 ,6,7,11 ,6,7,11,
		32 ,11,7,12 ,11,7,12,
		32 ,11,12,16 ,11,12,16,
		32 ,16,12,17 ,16,12,17,
		32 ,16,17,21 ,16,17,21,
		32 ,21,17,22 ,21,17,22,
		32 ,2,3,7 ,2,3,7,
		32 ,7,3,8 ,7,3,8,
		32 ,7,8,12 ,7,8,12,
		32 ,12,8,13 ,12,8,13,
		32 ,12,13,17 ,12,13,17,
		32 ,17,13,18 ,17,13,18,
		32 ,17,18,22 ,17,18,22,
		32 ,22,18,23 ,22,18,23,
		32 ,3,4,8 ,3,4,8,
		32 ,8,4,9 ,8,4,9,
		32 ,8,9,13 ,8,9,13,
		32 ,13,9,14 ,13,9,14,
		32 ,13,14,18 ,13,14,18,
		32 ,18,14,19 ,18,14,19,
		32 ,18,19,23 ,18,19,23,
		32 ,23,19,24 ,23,19,24
	]

}
