{
	"metadata" : {
		"formatVersion" : 3,
		"description" : "Exported from LibZinc."
	},

	"vertices" : [
		61.228062,163.994400,-601.106873,55.742477,167.093338,-600.893005,50.986801,169.642746,-601.201721,46.017830,171.708557,-601.259644,39.892361,173.356705,-600.293396,70.449120,167.335632,-572.333008,64.213867,170.575424,-572.087402,58.672443,173.010452,-572.274231,53.042355,174.795502,-572.276123,46.541122,176.085358,-571.475525,
		81.844337,173.985031,-543.915955,74.680298,177.739517,-543.708984,67.767067,180.326340,-543.688416,60.723160,181.915817,-543.560059,53.167114,182.678284,-543.029907,92.720757,181.487823,-516.317627,85.070999,186.267715,-516.218079,76.918518,189.302521,-516.079041,68.349831,190.797012,-515.890564,59.451488,190.955978,-515.642700,
		100.385399,187.389206,-490.000000,93.315216,193.842056,-490.074982,84.774651,197.651077,-490.081177,75.211952,199.166580,-490.046753,65.075394,198.738907,-490.000000
	],

	"normals" : [
		0.464393,0.873998,-0.143060,0.491929,0.859068,-0.141451,0.441895,0.889096,-0.119320,0.318521,0.944403,-0.081534,0.192644,0.980178,-0.046261,0.425820,0.846586,-0.319326,0.419912,0.851746,-0.313373,0.351299,0.892817,-0.281899,0.228590,0.944099,-0.237536,0.109789,0.974466,-0.195863,
		0.451532,0.798090,-0.398962,0.374983,0.840434,-0.391227,0.265281,0.895027,-0.358544,0.136712,0.939076,-0.315350,0.020711,0.961951,-0.272437,0.561008,0.728419,-0.393290,0.397680,0.824921,-0.401691,0.231601,0.896966,-0.376580,0.076767,0.938921,-0.335462,-0.055585,0.955796,-0.288728,
		0.763078,0.594296,-0.254017,0.512141,0.793270,-0.329293,0.257999,0.906673,-0.333737,0.045328,0.954124,-0.295962,-0.121209,0.962800,-0.241506
	],

	"faces": [
		32 ,0,1,5 ,0,1,5,
		32 ,5,1,6 ,5,1,6,
		32 ,5,6,10 ,5,6,10,
		32 ,10,6,11 ,10,6,11,
		32 ,10,11,15 ,10,11,15,
		32 ,15,11,16 ,15,11,16,
		32 ,15,16,20 ,15,16,20,
		32 ,20,16,21 ,20,16,21,
		32 ,1,2,6 ,1,2,6,
		32 ,6,2,7 ,6,2,7,
		32 ,6,7,11 ,6,7,11,
		32 ,11,7,12 ,11,7,12,
		32 ,11,12,16 ,11,12,16,
		32 ,16,12,17 ,16,12,17,
		32 ,16,17,21 ,16,17,21,
		32 ,21,17,22 ,21,17,22,
		32 ,2,3,7 ,2,3,7,
		32 ,7,3,8 ,7,3,8,
		32 ,7,8,12 ,7,8,12,
		32 ,12,8,13 ,12,8,13,
		32 ,12,13,17 ,12,13,17,
		32 ,17,13,18 ,17,13,18,
		32 ,17,18,22 ,17,18,22,
		32 ,22,18,23 ,22,18,23,
		32 ,3,4,8 ,3,4,8,
		32 ,8,4,9 ,8,4,9,
		32 ,8,9,13 ,8,9,13,
		32 ,13,9,14 ,13,9,14,
		32 ,13,14,18 ,13,14,18,
		32 ,18,14,19 ,18,14,19,
		32 ,18,19,23 ,18,19,23,
		32 ,23,19,24 ,23,19,24
	]

}
