{
	"metadata" : {
		"formatVersion" : 3,
		"description" : "Exported from LibZinc."
	},

	"vertices" : [
		424.539703,155.362106,-1810.000000,427.488373,151.614487,-1812.581909,430.703888,148.019745,-1815.322754,434.244263,144.534378,-1817.902222,438.167511,141.114899,-1820.000000,422.545105,141.862518,-1803.257202,425.025970,137.739227,-1806.167114,428.059509,133.737610,-1809.163208,431.553375,129.900009,-1811.900024,435.415344,126.268692,-1814.032471,
		418.639740,128.116592,-1798.631470,420.836700,123.503532,-1801.744385,423.926758,118.992371,-1804.791504,427.641998,114.712112,-1807.487915,431.714630,110.791794,-1809.548340,414.483856,114.830185,-1794.690063,416.433167,109.637543,-1797.908447,419.595215,104.637695,-1800.876831,423.538971,99.993507,-1803.401978,427.833374,95.867836,-1805.290161,
		411.737793,102.709198,-1790.000000,413.327972,96.871384,-1793.253784,416.354492,91.527290,-1796.088013,420.273132,86.766968,-1798.378174,424.539703,82.680443,-1800.000000
	],

	"normals" : [
		-0.814712,-0.287233,-0.503728,-0.793976,-0.257867,-0.550551,-0.753082,-0.250827,-0.608238,-0.683088,-0.265671,-0.680301,-0.571837,-0.302705,-0.762477,-0.812478,-0.039712,-0.581638,-0.763261,-0.043120,-0.644650,-0.708022,-0.067825,-0.702926,-0.629932,-0.109680,-0.768866,-0.506499,-0.165735,-0.846162,
		-0.813902,0.086698,-0.574497,-0.725023,0.043782,-0.687332,-0.650539,-0.005788,-0.759451,-0.569373,-0.061580,-0.819770,-0.457000,-0.121817,-0.881085,-0.871574,0.100841,-0.479780,-0.745821,0.023652,-0.665726,-0.642886,-0.042258,-0.764795,-0.551511,-0.103868,-0.827676,-0.449886,-0.163883,-0.877921,
		-0.973822,0.017039,-0.226671,-0.859139,-0.092510,-0.503312,-0.727591,-0.173305,-0.663760,-0.611673,-0.240913,-0.753536,-0.503579,-0.305929,-0.807970
	],

	"faces": [
		32 ,0,1,5 ,0,1,5,
		32 ,5,1,6 ,5,1,6,
		32 ,5,6,10 ,5,6,10,
		32 ,10,6,11 ,10,6,11,
		32 ,10,11,15 ,10,11,15,
		32 ,15,11,16 ,15,11,16,
		32 ,15,16,20 ,15,16,20,
		32 ,20,16,21 ,20,16,21,
		32 ,1,2,6 ,1,2,6,
		32 ,6,2,7 ,6,2,7,
		32 ,6,7,11 ,6,7,11,
		32 ,11,7,12 ,11,7,12,
		32 ,11,12,16 ,11,12,16,
		32 ,16,12,17 ,16,12,17,
		32 ,16,17,21 ,16,17,21,
		32 ,21,17,22 ,21,17,22,
		32 ,2,3,7 ,2,3,7,
		32 ,7,3,8 ,7,3,8,
		32 ,7,8,12 ,7,8,12,
		32 ,12,8,13 ,12,8,13,
		32 ,12,13,17 ,12,13,17,
		32 ,17,13,18 ,17,13,18,
		32 ,17,18,22 ,17,18,22,
		32 ,22,18,23 ,22,18,23,
		32 ,3,4,8 ,3,4,8,
		32 ,8,4,9 ,8,4,9,
		32 ,8,9,13 ,8,9,13,
		32 ,13,9,14 ,13,9,14,
		32 ,13,14,18 ,13,14,18,
		32 ,18,14,19 ,18,14,19,
		32 ,18,19,23 ,18,19,23,
		32 ,23,19,24 ,23,19,24
	]

}
