{
	"metadata" : {
		"formatVersion" : 3,
		"description" : "Exported from LibZinc."
	},

	"vertices" : [
		438.167511,141.114899,-1820.000000,442.441254,137.545898,-1821.638672,446.858337,133.811340,-1823.036377,451.214508,130.166733,-1824.165771,455.305511,126.867599,-1825.000000,435.415344,126.268692,-1814.032471,439.622742,122.702675,-1815.581421,444.049896,119.144691,-1816.786743,448.450012,115.762703,-1817.631104,452.576233,112.724640,-1818.097656,
		431.714630,110.791794,-1809.548340,435.994507,107.249718,-1810.914062,440.407898,104.009285,-1811.769287,444.801514,101.057175,-1812.193481,449.022003,98.380020,-1812.266479,427.833374,95.867836,-1805.290161,432.173828,92.401253,-1806.404297,436.529266,89.513962,-1806.861328,440.879089,87.038200,-1806.848145,445.202545,84.806236,-1806.552002,
		424.539703,82.680443,-1800.000000,428.778046,79.371521,-1800.819946,433.011017,76.767540,-1800.940308,437.292816,74.693848,-1800.590454,441.677704,72.975777,-1800.000000
	],

	"normals" : [
		-0.571837,-0.302705,-0.762477,-0.536658,-0.313245,-0.783502,-0.507375,-0.330587,-0.795790,-0.478939,-0.354870,-0.802923,-0.443855,-0.387816,-0.807831,-0.506499,-0.165735,-0.846162,-0.440739,-0.198581,-0.875394,-0.390177,-0.235380,-0.890145,-0.345405,-0.276840,-0.896691,-0.294069,-0.321781,-0.899989,
		-0.457000,-0.121817,-0.881085,-0.362558,-0.171160,-0.916109,-0.287306,-0.222665,-0.931599,-0.228964,-0.274578,-0.933907,-0.182488,-0.320644,-0.929455,-0.449886,-0.163883,-0.877921,-0.324780,-0.228955,-0.917659,-0.218816,-0.292302,-0.930956,-0.147035,-0.348326,-0.925770,-0.116678,-0.390025,-0.913382,
		-0.503579,-0.305929,-0.807970,-0.353912,-0.385257,-0.852246,-0.215097,-0.452930,-0.865210,-0.117622,-0.505277,-0.854903,-0.077879,-0.547630,-0.833088
	],

	"faces": [
		32 ,0,1,5 ,0,1,5,
		32 ,5,1,6 ,5,1,6,
		32 ,5,6,10 ,5,6,10,
		32 ,10,6,11 ,10,6,11,
		32 ,10,11,15 ,10,11,15,
		32 ,15,11,16 ,15,11,16,
		32 ,15,16,20 ,15,16,20,
		32 ,20,16,21 ,20,16,21,
		32 ,1,2,6 ,1,2,6,
		32 ,6,2,7 ,6,2,7,
		32 ,6,7,11 ,6,7,11,
		32 ,11,7,12 ,11,7,12,
		32 ,11,12,16 ,11,12,16,
		32 ,16,12,17 ,16,12,17,
		32 ,16,17,21 ,16,17,21,
		32 ,21,17,22 ,21,17,22,
		32 ,2,3,7 ,2,3,7,
		32 ,7,3,8 ,7,3,8,
		32 ,7,8,12 ,7,8,12,
		32 ,12,8,13 ,12,8,13,
		32 ,12,13,17 ,12,13,17,
		32 ,17,13,18 ,17,13,18,
		32 ,17,18,22 ,17,18,22,
		32 ,22,18,23 ,22,18,23,
		32 ,3,4,8 ,3,4,8,
		32 ,8,4,9 ,8,4,9,
		32 ,8,9,13 ,8,9,13,
		32 ,13,9,14 ,13,9,14,
		32 ,13,14,18 ,13,14,18,
		32 ,18,14,19 ,18,14,19,
		32 ,18,19,23 ,18,19,23,
		32 ,23,19,24 ,23,19,24
	]

}
