{
	"metadata" : {
		"formatVersion" : 3,
		"description" : "Exported from LibZinc."
	},

	"vertices" : [
		483.593506,123.770401,-1815.000000,485.753937,127.283134,-1811.466187,487.346191,131.334351,-1807.707275,488.662354,135.681595,-1803.844727,489.994507,140.082397,-1800.000000,480.526520,113.312363,-1806.665405,482.608521,117.428993,-1803.145386,484.333405,122.047653,-1799.363037,485.963867,126.864937,-1795.478394,487.762604,131.577408,-1791.651611,
		476.782837,103.302750,-1799.802368,478.873566,107.956673,-1796.314453,480.815674,113.207184,-1792.458252,482.793091,118.627754,-1788.474731,484.989655,123.791840,-1784.604492,473.054626,94.317947,-1793.038208,475.346802,99.433411,-1789.596069,477.631622,105.245064,-1785.713257,480.008698,111.240105,-1781.672119,482.577667,116.905708,-1777.755127,
		470.033997,86.934334,-1785.000000,472.826019,92.426437,-1781.612793,475.619873,98.593437,-1777.848145,478.469482,104.972046,-1773.909302,481.428711,111.098999,-1770.000000
	],

	"normals" : [
		0.867187,-0.431803,-0.248058,0.932539,-0.345599,-0.104554,0.957268,-0.287281,-0.033280,0.965824,-0.258095,-0.023887,0.963820,-0.257006,-0.070705,0.894639,-0.417823,-0.158253,0.930488,-0.364912,-0.032120,0.941443,-0.336719,0.017474,0.943020,-0.332667,0.006780,0.932797,-0.355748,-0.057740,
		0.905131,-0.417701,-0.079150,0.926884,-0.375162,0.011846,0.933151,-0.357872,0.034023,0.931691,-0.363163,0.008048,0.915900,-0.396791,-0.060694,0.904176,-0.424242,-0.049839,0.926500,-0.376268,-0.004581,0.934713,-0.355294,-0.008846,0.932815,-0.357718,-0.043515,0.914715,-0.390984,-0.102121,
		0.889273,-0.450651,-0.078146,0.919556,-0.384841,-0.079459,0.931798,-0.346416,-0.108390,0.931149,-0.332931,-0.148720,0.916856,-0.351104,-0.190003
	],

	"faces": [
		32 ,0,1,5 ,0,1,5,
		32 ,5,1,6 ,5,1,6,
		32 ,5,6,10 ,5,6,10,
		32 ,10,6,11 ,10,6,11,
		32 ,10,11,15 ,10,11,15,
		32 ,15,11,16 ,15,11,16,
		32 ,15,16,20 ,15,16,20,
		32 ,20,16,21 ,20,16,21,
		32 ,1,2,6 ,1,2,6,
		32 ,6,2,7 ,6,2,7,
		32 ,6,7,11 ,6,7,11,
		32 ,11,7,12 ,11,7,12,
		32 ,11,12,16 ,11,12,16,
		32 ,16,12,17 ,16,12,17,
		32 ,16,17,21 ,16,17,21,
		32 ,21,17,22 ,21,17,22,
		32 ,2,3,7 ,2,3,7,
		32 ,7,3,8 ,7,3,8,
		32 ,7,8,12 ,7,8,12,
		32 ,12,8,13 ,12,8,13,
		32 ,12,13,17 ,12,13,17,
		32 ,17,13,18 ,17,13,18,
		32 ,17,18,22 ,17,18,22,
		32 ,22,18,23 ,22,18,23,
		32 ,3,4,8 ,3,4,8,
		32 ,8,4,9 ,8,4,9,
		32 ,8,9,13 ,8,9,13,
		32 ,13,9,14 ,13,9,14,
		32 ,13,14,18 ,13,14,18,
		32 ,18,14,19 ,18,14,19,
		32 ,18,19,23 ,18,19,23,
		32 ,23,19,24 ,23,19,24
	]

}
