{
	"metadata" : {
		"formatVersion" : 3,
		"description" : "Exported from LibZinc."
	},

	"vertices" : [
		481.428711,111.098999,-1770.000000,484.424591,116.989449,-1766.131348,487.086914,123.015663,-1762.260620,489.023712,129.250015,-1758.509399,489.842987,135.764893,-1755.000000,482.758270,106.971458,-1761.729614,485.671936,113.421638,-1757.803955,487.862305,120.132103,-1753.885254,489.202820,127.014091,-1750.083130,489.566956,133.978851,-1746.507202,
		485.685669,104.578751,-1753.605103,488.185852,111.423744,-1749.647095,489.490936,118.778252,-1745.640991,489.898346,126.344162,-1741.737671,489.705505,133.823349,-1738.087769,487.968719,103.284767,-1744.927979,490.032471,110.221260,-1741.029053,490.577240,117.921692,-1736.980713,490.253204,125.926933,-1733.017578,489.710388,133.777832,-1729.374512,
		487.365204,102.453400,-1735.000000,489.277863,109.039680,-1731.318115,489.725647,116.530014,-1727.357300,489.410248,124.449112,-1723.467896,489.033295,132.321701,-1720.000000
	],

	"normals" : [
		0.916856,-0.351104,-0.190003,0.925504,-0.335344,-0.176032,0.949065,-0.290611,-0.121739,0.979054,-0.199883,-0.038727,0.997044,-0.049033,0.059147,0.899360,-0.233524,-0.369619,0.933529,-0.178440,-0.310938,0.969414,-0.139145,-0.202175,0.993337,-0.081522,-0.081456,0.999709,0.024132,-0.000634,
		0.901715,-0.222229,-0.370842,0.950462,-0.077650,-0.300987,0.982248,-0.006150,-0.187485,0.996499,0.031322,-0.077514,0.997798,0.063154,-0.020270,0.924613,-0.346491,-0.158223,0.989037,-0.102011,-0.106767,0.999156,0.018463,-0.036691,0.998077,0.059889,0.015967,0.998600,0.043821,0.029633,
		0.841951,-0.508710,0.179812,0.944190,-0.254828,0.208728,0.975531,-0.095088,0.198238,0.986314,-0.019445,0.163730,0.993098,-0.024401,0.114724
	],

	"faces": [
		32 ,0,1,5 ,0,1,5,
		32 ,5,1,6 ,5,1,6,
		32 ,5,6,10 ,5,6,10,
		32 ,10,6,11 ,10,6,11,
		32 ,10,11,15 ,10,11,15,
		32 ,15,11,16 ,15,11,16,
		32 ,15,16,20 ,15,16,20,
		32 ,20,16,21 ,20,16,21,
		32 ,1,2,6 ,1,2,6,
		32 ,6,2,7 ,6,2,7,
		32 ,6,7,11 ,6,7,11,
		32 ,11,7,12 ,11,7,12,
		32 ,11,12,16 ,11,12,16,
		32 ,16,12,17 ,16,12,17,
		32 ,16,17,21 ,16,17,21,
		32 ,21,17,22 ,21,17,22,
		32 ,2,3,7 ,2,3,7,
		32 ,7,3,8 ,7,3,8,
		32 ,7,8,12 ,7,8,12,
		32 ,12,8,13 ,12,8,13,
		32 ,12,13,17 ,12,13,17,
		32 ,17,13,18 ,17,13,18,
		32 ,17,18,22 ,17,18,22,
		32 ,22,18,23 ,22,18,23,
		32 ,3,4,8 ,3,4,8,
		32 ,8,4,9 ,8,4,9,
		32 ,8,9,13 ,8,9,13,
		32 ,13,9,14 ,13,9,14,
		32 ,13,14,18 ,13,14,18,
		32 ,18,14,19 ,18,14,19,
		32 ,18,19,23 ,18,19,23,
		32 ,23,19,24 ,23,19,24
	]

}
