{
	"metadata" : {
		"formatVersion" : 3,
		"description" : "Exported from LibZinc."
	},

	"vertices" : [
		489.842987,135.764893,-1755.000000,489.753510,142.529984,-1751.917480,489.013062,149.354584,-1749.294678,487.303314,156.070450,-1747.024536,484.306000,162.509399,-1745.000000,489.566956,133.978851,-1746.507202,489.152344,140.958939,-1743.353394,488.095947,147.849823,-1740.700684,486.180145,154.507004,-1738.483032,483.187347,160.786026,-1736.634521,
		489.705505,133.823349,-1738.087769,488.877441,141.082230,-1734.854370,487.212341,148.102615,-1732.107666,484.757599,154.759521,-1729.859497,481.560547,160.927979,-1728.121338,489.710388,133.777832,-1729.374512,488.608704,141.331665,-1726.124023,486.393982,148.616211,-1723.271729,483.395294,155.428162,-1720.951660,479.941772,161.564163,-1719.297485,
		489.033295,132.321701,-1720.000000,488.026154,140.139038,-1716.865601,485.672546,147.893860,-1713.948608,482.452820,155.113052,-1711.557373,478.847290,161.323502,-1710.000000
	],

	"normals" : [
		0.997044,-0.049033,0.059147,0.994632,0.009968,0.102992,0.982547,0.118030,0.143773,0.944933,0.269001,0.186388,0.863670,0.444598,0.237500,0.999709,0.024132,-0.000634,0.995609,0.079464,0.049487,0.979291,0.169220,0.111145,0.940213,0.299918,0.161394,0.866021,0.465973,0.181320,
		0.997798,0.063154,-0.020270,0.986012,0.165857,0.016482,0.961985,0.262362,0.075831,0.921706,0.367502,0.124101,0.862830,0.486905,0.135825,0.998600,0.043821,0.029633,0.977513,0.205903,0.045525,0.942249,0.326275,0.075572,0.900554,0.422914,0.100725,0.854346,0.507384,0.112497,
		0.993098,-0.024401,0.114724,0.977288,0.168436,0.128602,0.941786,0.312427,0.124216,0.896951,0.427516,0.112730,0.840334,0.528508,0.120487
	],

	"faces": [
		32 ,0,1,5 ,0,1,5,
		32 ,5,1,6 ,5,1,6,
		32 ,5,6,10 ,5,6,10,
		32 ,10,6,11 ,10,6,11,
		32 ,10,11,15 ,10,11,15,
		32 ,15,11,16 ,15,11,16,
		32 ,15,16,20 ,15,16,20,
		32 ,20,16,21 ,20,16,21,
		32 ,1,2,6 ,1,2,6,
		32 ,6,2,7 ,6,2,7,
		32 ,6,7,11 ,6,7,11,
		32 ,11,7,12 ,11,7,12,
		32 ,11,12,16 ,11,12,16,
		32 ,16,12,17 ,16,12,17,
		32 ,16,17,21 ,16,17,21,
		32 ,21,17,22 ,21,17,22,
		32 ,2,3,7 ,2,3,7,
		32 ,7,3,8 ,7,3,8,
		32 ,7,8,12 ,7,8,12,
		32 ,12,8,13 ,12,8,13,
		32 ,12,13,17 ,12,13,17,
		32 ,17,13,18 ,17,13,18,
		32 ,17,18,22 ,17,18,22,
		32 ,22,18,23 ,22,18,23,
		32 ,3,4,8 ,3,4,8,
		32 ,8,4,9 ,8,4,9,
		32 ,8,9,13 ,8,9,13,
		32 ,13,9,14 ,13,9,14,
		32 ,13,14,18 ,13,14,18,
		32 ,18,14,19 ,18,14,19,
		32 ,18,19,23 ,18,19,23,
		32 ,23,19,24 ,23,19,24
	]

}
