{
	"metadata" : {
		"formatVersion" : 3,
		"description" : "Exported from LibZinc."
	},

	"vertices" : [
		484.306000,162.509399,-1745.000000,480.012146,168.768005,-1743.148315,474.778229,174.631760,-1741.582764,468.833893,179.465836,-1740.475830,462.408905,182.635406,-1740.000000,483.187347,160.786026,-1736.634521,479.115387,166.804428,-1735.149658,474.214111,172.400238,-1734.061157,468.643829,177.009705,-1733.360352,462.564880,180.069107,-1733.038574,
		481.560547,160.927979,-1728.121338,477.747650,166.506149,-1726.968750,473.393219,171.320755,-1726.344849,468.466187,175.139587,-1726.062500,462.935486,177.730453,-1725.934814,479.941772,161.564163,-1719.297485,476.320953,166.677963,-1718.439697,472.452698,170.636841,-1718.208862,468.114807,173.557831,-1718.288818,463.085052,175.557938,-1718.363525,
		478.847290,161.323502,-1710.000000,475.247253,166.124634,-1709.396606,471.529663,169.592056,-1709.428589,467.403564,171.966843,-1709.746216,462.578003,173.490097,-1710.000000
	],

	"normals" : [
		0.863670,0.444598,0.237500,0.795079,0.543008,0.270169,0.700409,0.647372,0.300561,0.550220,0.768242,0.327204,0.292785,0.890702,0.347745,0.866021,0.465973,0.181320,0.799620,0.571257,0.185129,0.705203,0.679160,0.203547,0.554916,0.794559,0.246463,0.307787,0.902570,0.301056,
		0.862830,0.486905,0.135825,0.792378,0.596071,0.129753,0.684389,0.714186,0.146797,0.521488,0.829031,0.201886,0.302515,0.914647,0.268152,0.854346,0.507384,0.112497,0.773897,0.622609,0.115936,0.637970,0.757461,0.138736,0.452082,0.870862,0.192926,0.270717,0.929253,0.251400,
		0.840334,0.528508,0.120487,0.745512,0.648992,0.151726,0.579654,0.794117,0.182700,0.373412,0.903777,0.209166,0.207048,0.948282,0.240608
	],

	"faces": [
		32 ,0,1,5 ,0,1,5,
		32 ,5,1,6 ,5,1,6,
		32 ,5,6,10 ,5,6,10,
		32 ,10,6,11 ,10,6,11,
		32 ,10,11,15 ,10,11,15,
		32 ,15,11,16 ,15,11,16,
		32 ,15,16,20 ,15,16,20,
		32 ,20,16,21 ,20,16,21,
		32 ,1,2,6 ,1,2,6,
		32 ,6,2,7 ,6,2,7,
		32 ,6,7,11 ,6,7,11,
		32 ,11,7,12 ,11,7,12,
		32 ,11,12,16 ,11,12,16,
		32 ,16,12,17 ,16,12,17,
		32 ,16,17,21 ,16,17,21,
		32 ,21,17,22 ,21,17,22,
		32 ,2,3,7 ,2,3,7,
		32 ,7,3,8 ,7,3,8,
		32 ,7,8,12 ,7,8,12,
		32 ,12,8,13 ,12,8,13,
		32 ,12,13,17 ,12,13,17,
		32 ,17,13,18 ,17,13,18,
		32 ,17,18,22 ,17,18,22,
		32 ,22,18,23 ,22,18,23,
		32 ,3,4,8 ,3,4,8,
		32 ,8,4,9 ,8,4,9,
		32 ,8,9,13 ,8,9,13,
		32 ,13,9,14 ,13,9,14,
		32 ,13,14,18 ,13,14,18,
		32 ,18,14,19 ,18,14,19,
		32 ,18,19,23 ,18,19,23,
		32 ,23,19,24 ,23,19,24
	]

}
