{
	"metadata" : {
		"formatVersion" : 3,
		"description" : "Exported from LibZinc."
	},

	"vertices" : [
		605.962524,86.938583,-946.139282,604.374451,90.218803,-947.156677,600.880737,97.435287,-949.394836,597.387024,104.651779,-951.633057,595.799011,107.931999,-952.650391,608.451172,90.956070,-940.962158,606.882874,94.651260,-941.765869,603.762573,101.831230,-943.488098,600.625488,109.097733,-945.265503,599.006775,113.052559,-946.234863,
		611.323669,95.071716,-935.237610,609.790955,99.763145,-936.247864,607.311401,106.324409,-937.474976,604.554993,113.009537,-938.644104,602.191650,118.072578,-939.480591,614.123169,98.903297,-928.722046,612.648621,104.637764,-929.999634,610.685547,110.675568,-930.834351,608.137329,116.817627,-931.463867,604.907349,122.864868,-932.125916,
		616.392883,102.068604,-921.171875,615.005920,108.358437,-922.418152,613.043274,114.645454,-923.045166,610.334106,120.952446,-923.419861,606.707581,127.302200,-923.909119
	],

	"normals" : [
		0.000000,0.000000,0.000000,0.832071,0.249127,-0.495574,0.833810,0.251205,-0.491587,0.823697,0.239346,-0.514039,-0.894708,-0.015590,0.446380,0.785468,0.228941,-0.575000,0.781772,0.200187,-0.590557,0.780302,0.194545,-0.594374,0.789033,0.193182,-0.583187,0.843825,0.127588,-0.521230,
		0.868036,0.104708,-0.485334,0.804051,0.176006,-0.567912,0.779352,0.200904,-0.593505,0.779282,0.239168,-0.579240,0.767860,0.319055,-0.555513,0.915080,0.097457,-0.391319,0.872856,0.172703,-0.456395,0.831639,0.247984,-0.496871,0.804464,0.328194,-0.495102,0.775993,0.410018,-0.479292,
		0.960958,0.108558,-0.254509,0.936018,0.205389,-0.285807,0.902198,0.309834,-0.300069,0.854512,0.405098,-0.325123,0.803494,0.485655,-0.344291
	],

	"faces": [
		32 ,0,1,5 ,0,1,5,
		32 ,5,1,6 ,5,1,6,
		32 ,5,6,10 ,5,6,10,
		32 ,10,6,11 ,10,6,11,
		32 ,10,11,15 ,10,11,15,
		32 ,15,11,16 ,15,11,16,
		32 ,15,16,20 ,15,16,20,
		32 ,20,16,21 ,20,16,21,
		32 ,1,2,6 ,1,2,6,
		32 ,6,2,7 ,6,2,7,
		32 ,6,7,11 ,6,7,11,
		32 ,11,7,12 ,11,7,12,
		32 ,11,12,16 ,11,12,16,
		32 ,16,12,17 ,16,12,17,
		32 ,16,17,21 ,16,17,21,
		32 ,21,17,22 ,21,17,22,
		32 ,2,3,7 ,2,3,7,
		32 ,7,3,8 ,7,3,8,
		32 ,7,8,12 ,7,8,12,
		32 ,12,8,13 ,12,8,13,
		32 ,12,13,17 ,12,13,17,
		32 ,17,13,18 ,17,13,18,
		32 ,17,18,22 ,17,18,22,
		32 ,22,18,23 ,22,18,23,
		32 ,3,4,8 ,3,4,8,
		32 ,8,4,9 ,8,4,9,
		32 ,8,9,13 ,8,9,13,
		32 ,13,9,14 ,13,9,14,
		32 ,13,14,18 ,13,14,18,
		32 ,18,14,19 ,18,14,19,
		32 ,18,19,23 ,18,19,23,
		32 ,23,19,24 ,23,19,24
	]

}
