{
	"metadata" : {
		"formatVersion" : 3,
		"description" : "Exported from LibZinc."
	},

	"vertices" : [
		578.804688,130.043701,-952.906982,577.024902,132.481461,-952.166748,572.625061,137.724915,-950.259216,567.014526,142.669357,-947.654358,561.602783,144.210098,-944.822083,580.994019,135.637329,-946.773560,578.054443,138.106598,-945.852112,572.567688,142.378769,-943.591858,566.243164,145.933502,-940.695557,560.790344,146.250504,-937.866028,
		582.494995,141.359665,-940.992188,577.361816,144.039429,-939.593689,570.468445,146.521683,-936.793396,563.712036,147.927567,-933.628235,558.989502,147.378159,-931.135071,583.324341,146.694366,-934.594543,576.126404,149.431580,-932.771851,567.965332,150.157059,-929.578613,560.963135,149.659286,-926.345642,557.242004,148.726776,-924.403687,
		583.498779,151.125107,-926.612305,575.527893,153.434723,-924.766846,566.696289,153.288239,-921.661987,559.538574,152.136429,-918.740784,556.589417,151.430099,-917.446411
	],

	"normals" : [
		0.000000,0.000000,0.000000,0.499028,0.586089,-0.638334,0.451686,0.667888,-0.591528,0.276991,0.808972,-0.518499,-0.405355,0.848637,-0.339856,0.382092,0.592801,-0.708938,0.327897,0.683105,-0.652573,0.367092,0.809455,-0.458286,0.228344,0.936224,-0.267101,-0.542808,0.791689,-0.280336,
		0.371370,0.636674,-0.675818,0.085716,0.747583,-0.658614,0.048182,0.879429,-0.473586,-0.027301,0.970189,-0.240808,-0.609097,0.737079,-0.292773,0.421368,0.726156,-0.543274,-0.022618,0.832054,-0.554233,-0.196129,0.871927,-0.448639,-0.293749,0.898230,-0.326946,-0.645776,0.694291,-0.317700,
		0.457300,0.823002,-0.336962,-0.010000,0.945686,-0.324926,-0.221230,0.921199,-0.320078,-0.341584,0.866244,-0.364611,-0.080216,-0.881054,0.466164
	],

	"faces": [
		32 ,0,1,5 ,0,1,5,
		32 ,5,1,6 ,5,1,6,
		32 ,5,6,10 ,5,6,10,
		32 ,10,6,11 ,10,6,11,
		32 ,10,11,15 ,10,11,15,
		32 ,15,11,16 ,15,11,16,
		32 ,15,16,20 ,15,16,20,
		32 ,20,16,21 ,20,16,21,
		32 ,1,2,6 ,1,2,6,
		32 ,6,2,7 ,6,2,7,
		32 ,6,7,11 ,6,7,11,
		32 ,11,7,12 ,11,7,12,
		32 ,11,12,16 ,11,12,16,
		32 ,16,12,17 ,16,12,17,
		32 ,16,17,21 ,16,17,21,
		32 ,21,17,22 ,21,17,22,
		32 ,2,3,7 ,2,3,7,
		32 ,7,3,8 ,7,3,8,
		32 ,7,8,12 ,7,8,12,
		32 ,12,8,13 ,12,8,13,
		32 ,12,13,17 ,12,13,17,
		32 ,17,13,18 ,17,13,18,
		32 ,17,18,22 ,17,18,22,
		32 ,22,18,23 ,22,18,23,
		32 ,3,4,8 ,3,4,8,
		32 ,8,4,9 ,8,4,9,
		32 ,8,9,13 ,8,9,13,
		32 ,13,9,14 ,13,9,14,
		32 ,13,14,18 ,13,14,18,
		32 ,18,14,19 ,18,14,19,
		32 ,18,19,23 ,18,19,23,
		32 ,23,19,24 ,23,19,24
	]

}
