{
	"metadata" : {
		"formatVersion" : 3,
		"description" : "Exported from LibZinc."
	},

	"vertices" : [
		556.942688,126.226601,-942.232117,559.647827,122.094574,-943.260010,563.468262,118.697235,-944.778381,566.878967,116.394730,-946.153809,568.354797,115.547203,-946.752991,555.779419,127.443901,-935.250488,558.248474,123.745819,-936.126648,562.059814,120.595352,-937.402283,565.762878,118.444939,-938.631348,567.907166,117.747032,-939.368103,
		553.248657,127.255104,-928.126404,555.255310,124.545074,-928.822876,559.007324,122.147308,-930.024048,563.123535,120.225166,-931.291321,566.222900,118.942032,-932.185974,550.148743,125.770897,-920.838257,551.752136,124.213585,-921.374023,555.463379,122.528122,-922.538330,559.951660,120.720329,-923.852173,563.886169,118.796028,-924.836487,
		547.278076,123.101997,-913.364319,548.822632,122.472595,-913.805542,552.580383,120.912811,-914.839661,557.237854,118.915329,-916.032410,561.481323,116.972801,-916.949524
	],

	"normals" : [
		-0.930940,-0.357893,0.072549,-0.692980,-0.699767,0.173506,-0.542580,-0.819636,0.183861,-0.444245,-0.871559,0.207441,0.423896,-0.863419,0.273533,-0.927614,-0.285856,-0.240456,-0.733587,-0.668233,-0.123753,-0.556960,-0.830108,0.026746,-0.381249,-0.911901,0.151936,0.291218,-0.917835,0.269760,
		-0.903698,-0.175111,-0.390724,-0.665949,-0.690166,-0.283166,-0.487108,-0.867582,-0.100136,-0.390779,-0.920485,0.000407,-0.401894,-0.914634,-0.043888,-0.915024,-0.048333,-0.400493,-0.542941,-0.765051,-0.346283,-0.427142,-0.869757,-0.247129,-0.431559,-0.871549,-0.232721,-0.544689,-0.792179,-0.275256,
		-0.954835,0.048849,-0.293093,-0.442050,-0.802935,-0.399859,-0.444817,-0.793494,-0.415338,-0.448226,-0.780239,-0.436258,-0.457476,-0.798396,-0.391509
	],

	"faces": [
		32 ,0,1,5 ,0,1,5,
		32 ,5,1,6 ,5,1,6,
		32 ,5,6,10 ,5,6,10,
		32 ,10,6,11 ,10,6,11,
		32 ,10,11,15 ,10,11,15,
		32 ,15,11,16 ,15,11,16,
		32 ,15,16,20 ,15,16,20,
		32 ,20,16,21 ,20,16,21,
		32 ,1,2,6 ,1,2,6,
		32 ,6,2,7 ,6,2,7,
		32 ,6,7,11 ,6,7,11,
		32 ,11,7,12 ,11,7,12,
		32 ,11,12,16 ,11,12,16,
		32 ,16,12,17 ,16,12,17,
		32 ,16,17,21 ,16,17,21,
		32 ,21,17,22 ,21,17,22,
		32 ,2,3,7 ,2,3,7,
		32 ,7,3,8 ,7,3,8,
		32 ,7,8,12 ,7,8,12,
		32 ,12,8,13 ,12,8,13,
		32 ,12,13,17 ,12,13,17,
		32 ,17,13,18 ,17,13,18,
		32 ,17,18,22 ,17,18,22,
		32 ,22,18,23 ,22,18,23,
		32 ,3,4,8 ,3,4,8,
		32 ,8,4,9 ,8,4,9,
		32 ,8,9,13 ,8,9,13,
		32 ,13,9,14 ,13,9,14,
		32 ,13,14,18 ,13,14,18,
		32 ,18,14,19 ,18,14,19,
		32 ,18,19,23 ,18,19,23,
		32 ,23,19,24 ,23,19,24
	]

}
