{
	"metadata" : {
		"formatVersion" : 3,
		"description" : "Exported from LibZinc."
	},

	"vertices" : [
		590.087524,79.299278,-939.839478,590.985413,76.958359,-938.894531,593.385681,71.576309,-936.723572,596.848389,65.614159,-934.322449,600.933472,61.532970,-932.687012,588.782715,81.804726,-933.033447,589.644958,78.758278,-931.786926,591.976501,73.273369,-929.761536,595.437744,67.469910,-927.703430,599.689209,63.467834,-926.358765,
		587.190125,84.110222,-925.442932,588.388306,79.791740,-923.856506,590.446106,74.261673,-922.022034,593.546204,68.937759,-920.402405,597.871155,65.237717,-919.460754,585.544556,85.769714,-917.358032,587.119568,80.353226,-915.549988,588.910461,74.823997,-913.921143,591.635315,70.003944,-912.717773,596.012268,66.714996,-912.186035,
		584.080811,86.337143,-909.068726,585.742981,80.737244,-907.314026,587.485413,75.243095,-905.875122,590.166748,70.654701,-904.947815,594.645508,67.772057,-904.727600
	],

	"normals" : [
		0.000000,-0.000000,0.000000,-0.916995,-0.394253,-0.060704,-0.891199,-0.452585,-0.030518,-0.824528,-0.563527,0.050895,-0.503270,-0.837941,0.211126,-0.980722,-0.102835,-0.166163,-0.926186,-0.366042,-0.090510,-0.879100,-0.467102,-0.094865,-0.792498,-0.607731,-0.051094,-0.479472,-0.868187,0.127900,
		-0.948328,-0.292421,-0.123138,-0.937515,-0.329225,-0.112587,-0.887479,-0.441481,-0.132194,-0.772855,-0.627100,-0.097160,-0.439802,-0.893826,0.087461,-0.925641,-0.356180,-0.127767,-0.943334,-0.304352,-0.132250,-0.903573,-0.403352,-0.144439,-0.758953,-0.643231,-0.101212,-0.382261,-0.921205,0.072505,
		-0.914996,-0.375117,-0.148561,-0.940196,-0.302821,-0.155984,-0.909439,-0.394492,-0.131514,-0.740686,-0.668501,-0.067011,-0.294508,-0.953412,0.065346
	],

	"faces": [
		32 ,0,1,5 ,0,1,5,
		32 ,5,1,6 ,5,1,6,
		32 ,5,6,10 ,5,6,10,
		32 ,10,6,11 ,10,6,11,
		32 ,10,11,15 ,10,11,15,
		32 ,15,11,16 ,15,11,16,
		32 ,15,16,20 ,15,16,20,
		32 ,20,16,21 ,20,16,21,
		32 ,1,2,6 ,1,2,6,
		32 ,6,2,7 ,6,2,7,
		32 ,6,7,11 ,6,7,11,
		32 ,11,7,12 ,11,7,12,
		32 ,11,12,16 ,11,12,16,
		32 ,16,12,17 ,16,12,17,
		32 ,16,17,21 ,16,17,21,
		32 ,21,17,22 ,21,17,22,
		32 ,2,3,7 ,2,3,7,
		32 ,7,3,8 ,7,3,8,
		32 ,7,8,12 ,7,8,12,
		32 ,12,8,13 ,12,8,13,
		32 ,12,13,17 ,12,13,17,
		32 ,17,13,18 ,17,13,18,
		32 ,17,18,22 ,17,18,22,
		32 ,22,18,23 ,22,18,23,
		32 ,3,4,8 ,3,4,8,
		32 ,8,4,9 ,8,4,9,
		32 ,8,9,13 ,8,9,13,
		32 ,13,9,14 ,13,9,14,
		32 ,13,14,18 ,13,14,18,
		32 ,18,14,19 ,18,14,19,
		32 ,18,19,23 ,18,19,23,
		32 ,23,19,24 ,23,19,24
	]

}
