{
	"metadata" : {
		"formatVersion" : 3,
		"description" : "Exported from LibZinc."
	},

	"vertices" : [
		439.867798,178.127197,-1745.000000,435.333282,174.481644,-1748.002930,431.740845,170.130829,-1751.704346,428.742981,165.017517,-1755.803589,425.992188,159.084396,-1760.000000,440.367493,175.924118,-1736.733521,435.713470,172.306458,-1739.280640,431.936096,167.938812,-1742.504150,428.838562,162.714020,-1746.281372,426.224030,156.524902,-1750.489502,
		441.139160,174.178619,-1727.974976,436.146484,170.514633,-1730.047974,431.773804,166.154526,-1732.701294,428.226044,160.963577,-1736.013916,425.708099,154.807083,-1740.065063,441.682892,172.222458,-1718.978882,436.339050,168.338745,-1720.589111,431.330719,163.761169,-1722.767334,427.310577,158.447861,-1725.708618,424.931305,152.356979,-1729.608154,
		441.498688,169.387405,-1710.000000,435.997864,165.011368,-1711.188110,430.683594,159.741943,-1713.173950,426.497345,153.848572,-1716.072876,424.380615,147.600693,-1720.000000
	],

	"normals" : [
		-0.613183,0.744428,0.264259,-0.773817,0.597315,0.210768,-0.875146,0.448948,0.180456,-0.924415,0.338683,0.175358,-0.940459,0.279037,0.194104,-0.587295,0.779173,0.219030,-0.738597,0.652011,0.171337,-0.843778,0.527216,0.100411,-0.907335,0.417897,0.045887,-0.946897,0.319244,0.038327,
		-0.577660,0.790835,0.202210,-0.683853,0.710326,0.166682,-0.789873,0.606339,0.091947,-0.883033,0.469049,0.015686,-0.957504,0.287962,-0.016250,-0.582351,0.783917,0.215269,-0.653751,0.729728,0.200268,-0.759200,0.632807,0.152218,-0.880706,0.467931,0.073464,-0.978730,0.205108,-0.004305,
		-0.594623,0.763294,0.252600,-0.676278,0.690031,0.257885,-0.780423,0.569935,0.257125,-0.903851,0.381618,0.193445,-0.994851,0.094204,0.037366
	],

	"faces": [
		32 ,0,1,5 ,0,1,5,
		32 ,5,1,6 ,5,1,6,
		32 ,5,6,10 ,5,6,10,
		32 ,10,6,11 ,10,6,11,
		32 ,10,11,15 ,10,11,15,
		32 ,15,11,16 ,15,11,16,
		32 ,15,16,20 ,15,16,20,
		32 ,20,16,21 ,20,16,21,
		32 ,1,2,6 ,1,2,6,
		32 ,6,2,7 ,6,2,7,
		32 ,6,7,11 ,6,7,11,
		32 ,11,7,12 ,11,7,12,
		32 ,11,12,16 ,11,12,16,
		32 ,16,12,17 ,16,12,17,
		32 ,16,17,21 ,16,17,21,
		32 ,21,17,22 ,21,17,22,
		32 ,2,3,7 ,2,3,7,
		32 ,7,3,8 ,7,3,8,
		32 ,7,8,12 ,7,8,12,
		32 ,12,8,13 ,12,8,13,
		32 ,12,13,17 ,12,13,17,
		32 ,17,13,18 ,17,13,18,
		32 ,17,18,22 ,17,18,22,
		32 ,22,18,23 ,22,18,23,
		32 ,3,4,8 ,3,4,8,
		32 ,8,4,9 ,8,4,9,
		32 ,8,9,13 ,8,9,13,
		32 ,13,9,14 ,13,9,14,
		32 ,13,14,18 ,13,14,18,
		32 ,18,14,19 ,18,14,19,
		32 ,18,19,23 ,18,19,23,
		32 ,23,19,24 ,23,19,24
	]

}
