{
	"metadata" : {
		"formatVersion" : 3,
		"description" : "Exported from LibZinc."
	},

	"vertices" : [
		532.383728,132.379196,-907.871399,535.841553,128.421753,-908.855530,540.835876,125.511368,-910.729736,545.327698,123.715599,-912.547974,547.278076,123.101997,-913.364319,532.376892,132.102951,-901.370972,535.158508,127.216980,-902.092896,539.146240,122.982834,-903.473450,542.904480,120.058372,-904.836975,544.997620,119.101463,-905.507874,
		532.498047,131.721313,-894.731567,534.536865,126.038139,-895.039429,537.640991,120.885399,-895.821167,540.966675,116.879356,-896.668579,543.670227,114.636276,-897.173462,533.814758,131.525238,-887.804932,535.232910,125.413155,-887.685974,537.713196,119.745079,-887.863159,540.815002,114.920296,-888.182800,544.097473,111.338058,-888.491211,
		537.394714,131.805695,-880.442871,538.502930,125.869926,-880.023315,540.755920,120.087906,-879.689697,543.749817,114.922958,-879.519775,547.080811,110.838402,-879.591187
	],

	"normals" : [
		-0.910573,-0.412107,0.032013,-0.627971,-0.763996,-0.148198,-0.508808,-0.773424,-0.378060,-0.457867,-0.735994,-0.498668,0.895179,0.219691,0.387802,-0.946379,-0.321049,-0.035974,-0.797339,-0.567760,-0.204691,-0.690906,-0.621659,-0.369039,-0.591975,-0.655043,-0.469557,0.220196,-0.874265,-0.432637,
		-0.975910,-0.207381,0.067769,-0.898125,-0.432236,-0.080885,-0.812383,-0.541367,-0.216691,-0.714547,-0.627079,-0.310152,-0.466926,-0.782052,-0.412765,-0.948202,-0.097658,0.302286,-0.924926,-0.316015,0.211297,-0.871968,-0.476020,0.114353,-0.792806,-0.608720,0.030320,-0.660659,-0.747747,-0.066370,
		-0.832305,-0.015705,0.554096,-0.812003,-0.203193,0.547141,-0.776307,-0.351362,0.523347,-0.726307,-0.492552,0.479448,-0.629395,-0.651948,0.422878
	],

	"faces": [
		32 ,0,1,5 ,0,1,5,
		32 ,5,1,6 ,5,1,6,
		32 ,5,6,10 ,5,6,10,
		32 ,10,6,11 ,10,6,11,
		32 ,10,11,15 ,10,11,15,
		32 ,15,11,16 ,15,11,16,
		32 ,15,16,20 ,15,16,20,
		32 ,20,16,21 ,20,16,21,
		32 ,1,2,6 ,1,2,6,
		32 ,6,2,7 ,6,2,7,
		32 ,6,7,11 ,6,7,11,
		32 ,11,7,12 ,11,7,12,
		32 ,11,12,16 ,11,12,16,
		32 ,16,12,17 ,16,12,17,
		32 ,16,17,21 ,16,17,21,
		32 ,21,17,22 ,21,17,22,
		32 ,2,3,7 ,2,3,7,
		32 ,7,3,8 ,7,3,8,
		32 ,7,8,12 ,7,8,12,
		32 ,12,8,13 ,12,8,13,
		32 ,12,13,17 ,12,13,17,
		32 ,17,13,18 ,17,13,18,
		32 ,17,18,22 ,17,18,22,
		32 ,22,18,23 ,22,18,23,
		32 ,3,4,8 ,3,4,8,
		32 ,8,4,9 ,8,4,9,
		32 ,8,9,13 ,8,9,13,
		32 ,13,9,14 ,13,9,14,
		32 ,13,14,18 ,13,14,18,
		32 ,18,14,19 ,18,14,19,
		32 ,18,19,23 ,18,19,23,
		32 ,23,19,24 ,23,19,24
	]

}
