{
	"metadata" : {
		"formatVersion" : 3,
		"description" : "Exported from LibZinc."
	},

	"vertices" : [
		574.665771,107.769302,-918.085693,577.411133,103.085800,-916.363708,579.869873,97.662163,-913.914673,582.080383,91.934059,-911.296936,584.080811,86.337143,-909.068726,573.022095,105.753075,-908.625000,575.632629,101.725060,-907.092651,578.147583,96.481049,-904.880127,580.444885,90.842102,-902.526062,582.402405,85.629257,-900.569214,
		571.441284,102.349373,-898.351562,573.947144,98.753044,-897.052490,576.289612,94.133308,-895.300659,578.464111,89.137253,-893.449951,580.466248,84.411949,-891.854431,570.371216,99.171753,-887.975830,572.747070,95.906219,-886.942627,574.865295,92.028938,-885.713135,576.902954,87.845833,-884.424805,579.037109,83.662827,-883.215210,
		570.259521,97.833748,-878.208496,572.424622,94.921028,-877.462585,574.444031,91.577927,-876.654602,576.526306,87.994179,-875.807007,578.879700,84.359512,-874.942383
	],

	"normals" : [
		-0.780493,-0.596187,-0.188128,-0.849878,-0.500473,-0.165025,-0.885035,-0.438057,-0.157544,-0.905582,-0.396991,-0.149401,-0.914996,-0.375117,-0.148561,-0.678176,-0.664944,-0.312932,-0.790444,-0.543744,-0.282028,-0.835885,-0.478221,-0.269446,-0.860121,-0.437768,-0.261823,-0.878291,-0.407948,-0.249365,
		-0.647335,-0.690742,-0.322231,-0.778459,-0.556721,-0.289936,-0.830945,-0.485029,-0.272539,-0.853025,-0.452141,-0.260608,-0.860767,-0.450092,-0.237690,-0.692451,-0.688397,-0.215922,-0.808843,-0.556074,-0.191194,-0.858112,-0.484291,-0.170609,-0.871750,-0.467469,-0.146711,-0.859335,-0.500690,-0.104173,
		-0.757995,-0.650272,0.050887,-0.842853,-0.535350,0.054758,-0.871392,-0.484834,0.074917,-0.863685,-0.489440,0.120406,-0.820917,-0.537548,0.192711
	],

	"faces": [
		32 ,0,1,5 ,0,1,5,
		32 ,5,1,6 ,5,1,6,
		32 ,5,6,10 ,5,6,10,
		32 ,10,6,11 ,10,6,11,
		32 ,10,11,15 ,10,11,15,
		32 ,15,11,16 ,15,11,16,
		32 ,15,16,20 ,15,16,20,
		32 ,20,16,21 ,20,16,21,
		32 ,1,2,6 ,1,2,6,
		32 ,6,2,7 ,6,2,7,
		32 ,6,7,11 ,6,7,11,
		32 ,11,7,12 ,11,7,12,
		32 ,11,12,16 ,11,12,16,
		32 ,16,12,17 ,16,12,17,
		32 ,16,17,21 ,16,17,21,
		32 ,21,17,22 ,21,17,22,
		32 ,2,3,7 ,2,3,7,
		32 ,7,3,8 ,7,3,8,
		32 ,7,8,12 ,7,8,12,
		32 ,12,8,13 ,12,8,13,
		32 ,12,13,17 ,12,13,17,
		32 ,17,13,18 ,17,13,18,
		32 ,17,18,22 ,17,18,22,
		32 ,22,18,23 ,22,18,23,
		32 ,3,4,8 ,3,4,8,
		32 ,8,4,9 ,8,4,9,
		32 ,8,9,13 ,8,9,13,
		32 ,13,9,14 ,13,9,14,
		32 ,13,14,18 ,13,14,18,
		32 ,18,14,19 ,18,14,19,
		32 ,18,19,23 ,18,19,23,
		32 ,23,19,24 ,23,19,24
	]

}
