{
	"metadata" : {
		"formatVersion" : 3,
		"description" : "Exported from LibZinc."
	},

	"vertices" : [
		584.080811,86.337143,-909.068726,585.742981,80.737244,-907.314026,587.485413,75.243095,-905.875122,590.166748,70.654701,-904.947815,594.645508,67.772057,-904.727600,582.402405,85.629257,-900.569214,584.097168,80.528076,-899.059814,586.124512,75.333237,-897.832581,589.139954,71.029518,-897.102539,593.799011,68.601677,-897.084656,
		580.466248,84.411949,-891.854431,582.483826,79.792015,-890.599426,585.005432,75.244003,-889.646362,588.478394,71.612915,-889.163208,593.349731,69.743744,-889.317932,579.037109,83.662827,-883.215210,581.501221,79.546555,-882.230713,584.580383,75.761124,-881.588989,588.529541,72.908669,-881.384827,593.603577,71.591316,-881.712769,
		578.879700,84.359512,-874.942383,581.747742,80.809174,-874.251465,585.301514,77.670326,-873.933167,589.641113,75.420555,-874.022461,594.866516,74.537453,-874.554504
	],

	"normals" : [
		-0.914996,-0.375117,-0.148561,-0.940196,-0.302821,-0.155984,-0.909439,-0.394492,-0.131514,-0.740686,-0.668501,-0.067011,-0.294508,-0.953412,0.065346,-0.878291,-0.407948,-0.249365,-0.909376,-0.356531,-0.214293,-0.875244,-0.460337,-0.148450,-0.684543,-0.727786,-0.041583,-0.191927,-0.976442,0.098617,
		-0.860767,-0.450092,-0.237690,-0.875024,-0.449544,-0.179565,-0.813656,-0.576012,-0.078571,-0.577320,-0.814189,0.061634,-0.104294,-0.978340,0.178812,-0.859335,-0.500690,-0.104173,-0.826856,-0.561907,-0.023868,-0.704557,-0.702185,0.102645,-0.424661,-0.873507,0.238010,-0.025188,-0.953134,0.301497,
		-0.820917,-0.537548,0.192711,-0.720665,-0.628710,0.292174,-0.537706,-0.744657,0.395422,-0.263465,-0.847988,0.459894,0.054861,-0.888297,0.455981
	],

	"faces": [
		32 ,0,1,5 ,0,1,5,
		32 ,5,1,6 ,5,1,6,
		32 ,5,6,10 ,5,6,10,
		32 ,10,6,11 ,10,6,11,
		32 ,10,11,15 ,10,11,15,
		32 ,15,11,16 ,15,11,16,
		32 ,15,16,20 ,15,16,20,
		32 ,20,16,21 ,20,16,21,
		32 ,1,2,6 ,1,2,6,
		32 ,6,2,7 ,6,2,7,
		32 ,6,7,11 ,6,7,11,
		32 ,11,7,12 ,11,7,12,
		32 ,11,12,16 ,11,12,16,
		32 ,16,12,17 ,16,12,17,
		32 ,16,17,21 ,16,17,21,
		32 ,21,17,22 ,21,17,22,
		32 ,2,3,7 ,2,3,7,
		32 ,7,3,8 ,7,3,8,
		32 ,7,8,12 ,7,8,12,
		32 ,12,8,13 ,12,8,13,
		32 ,12,13,17 ,12,13,17,
		32 ,17,13,18 ,17,13,18,
		32 ,17,18,22 ,17,18,22,
		32 ,22,18,23 ,22,18,23,
		32 ,3,4,8 ,3,4,8,
		32 ,8,4,9 ,8,4,9,
		32 ,8,9,13 ,8,9,13,
		32 ,13,9,14 ,13,9,14,
		32 ,13,14,18 ,13,14,18,
		32 ,18,14,19 ,18,14,19,
		32 ,18,19,23 ,18,19,23,
		32 ,23,19,24 ,23,19,24
	]

}
