{
	"metadata" : {
		"formatVersion" : 3,
		"description" : "Exported from LibZinc."
	},

	"vertices" : [
		425.992188,159.084396,-1760.000000,423.204681,151.913651,-1763.942139,420.486176,143.700928,-1767.617676,418.073608,135.309265,-1771.234375,416.203796,127.601700,-1775.000000,426.224030,156.524902,-1750.489502,423.861633,148.989899,-1754.731567,421.661926,140.313995,-1758.825195,419.640320,131.269867,-1762.969116,417.812225,122.630234,-1767.361938,
		425.708099,154.807083,-1740.065063,424.066132,147.441818,-1744.692017,422.818176,139.099487,-1749.570068,421.676971,130.357742,-1754.535034,420.355225,121.794273,-1759.423096,424.931305,152.356979,-1729.608154,424.038208,145.524048,-1734.494385,423.706177,138.153580,-1739.937378,423.432190,130.457230,-1745.444458,422.713257,122.646698,-1750.522827,
		424.380615,147.600693,-1720.000000,423.997925,141.491257,-1724.809692,424.077179,135.572433,-1730.012817,424.154694,129.452682,-1735.209473,423.766907,122.740402,-1740.000000
	],

	"normals" : [
		-0.940459,0.279037,0.194104,-0.947651,0.232108,0.219279,-0.952131,0.191931,0.237924,-0.959832,0.149499,0.237428,-0.974999,0.099594,0.198639,-0.946897,0.319244,0.038327,-0.970301,0.226645,0.084542,-0.974280,0.154477,0.164061,-0.964567,0.090183,0.247945,-0.955235,0.037119,0.293510,
		-0.957504,0.287962,-0.016250,-0.987199,0.157168,0.027135,-0.991060,0.064720,0.116668,-0.973941,0.003351,0.226778,-0.953126,-0.001651,0.302568,-0.978730,0.205108,-0.004305,-0.997756,0.066103,0.010627,-0.997666,-0.019215,0.065518,-0.989103,-0.044453,0.140352,-0.981255,0.024349,0.191169,
		-0.994851,0.094204,0.037366,-0.999954,0.006570,0.006970,-0.999760,-0.021205,-0.005575,-0.999911,0.013295,-0.001299,-0.994864,0.100502,0.012016
	],

	"faces": [
		32 ,0,1,5 ,0,1,5,
		32 ,5,1,6 ,5,1,6,
		32 ,5,6,10 ,5,6,10,
		32 ,10,6,11 ,10,6,11,
		32 ,10,11,15 ,10,11,15,
		32 ,15,11,16 ,15,11,16,
		32 ,15,16,20 ,15,16,20,
		32 ,20,16,21 ,20,16,21,
		32 ,1,2,6 ,1,2,6,
		32 ,6,2,7 ,6,2,7,
		32 ,6,7,11 ,6,7,11,
		32 ,11,7,12 ,11,7,12,
		32 ,11,12,16 ,11,12,16,
		32 ,16,12,17 ,16,12,17,
		32 ,16,17,21 ,16,17,21,
		32 ,21,17,22 ,21,17,22,
		32 ,2,3,7 ,2,3,7,
		32 ,7,3,8 ,7,3,8,
		32 ,7,8,12 ,7,8,12,
		32 ,12,8,13 ,12,8,13,
		32 ,12,13,17 ,12,13,17,
		32 ,17,13,18 ,17,13,18,
		32 ,17,18,22 ,17,18,22,
		32 ,22,18,23 ,22,18,23,
		32 ,3,4,8 ,3,4,8,
		32 ,8,4,9 ,8,4,9,
		32 ,8,9,13 ,8,9,13,
		32 ,13,9,14 ,13,9,14,
		32 ,13,14,18 ,13,14,18,
		32 ,18,14,19 ,18,14,19,
		32 ,18,19,23 ,18,19,23,
		32 ,23,19,24 ,23,19,24
	]

}
