{
	"metadata" : {
		"formatVersion" : 3,
		"description" : "Exported from LibZinc."
	},

	"vertices" : [
		606.210083,141.509003,-884.879211,600.806885,146.940018,-884.481934,594.807190,151.288452,-883.839050,588.680481,154.605835,-883.201538,582.896179,156.943604,-882.820129,606.222168,142.914780,-877.971252,600.927551,147.987061,-877.268677,595.185059,151.899323,-876.347839,589.501160,154.700470,-875.480225,584.382446,156.439438,-874.937195,
		606.496460,143.496811,-872.661743,601.358826,148.348770,-871.779907,595.984436,151.980804,-870.687134,590.727539,154.400162,-869.578552,585.942078,155.614090,-868.649475,606.979919,143.517441,-866.393066,601.943176,148.221359,-865.456482,596.745361,151.718719,-864.322693,591.657776,153.918365,-863.037048,586.951660,154.729095,-861.644897,
		607.619385,143.238998,-856.607605,602.523254,147.801041,-855.739319,597.007812,151.298843,-854.720459,591.590149,153.468475,-853.396179,586.787720,154.046005,-851.611572
	],

	"normals" : [
		0.762464,0.634054,-0.128938,0.633943,0.764267,-0.118370,0.519628,0.849962,-0.086900,0.418822,0.906586,-0.051857,0.322929,0.946275,-0.016756,0.744335,0.655137,-0.129461,0.609083,0.783984,-0.119950,0.485948,0.868585,-0.097030,0.375290,0.925723,-0.046846,0.255833,0.965893,0.039997,
		0.736139,0.671412,-0.085472,0.613603,0.786332,-0.071923,0.480891,0.875071,-0.054727,0.336499,0.941684,-0.000080,0.154643,0.982192,0.106699,0.731520,0.680679,-0.039429,0.621044,0.783566,-0.018130,0.484214,0.874933,0.005362,0.303851,0.951861,0.040446,0.050919,0.993899,0.097837,
		0.725990,0.687350,-0.022104,0.603544,0.797302,0.006735,0.465881,0.884056,0.037421,0.275841,0.960035,0.047382,-0.053587,0.997917,0.035929
	],

	"faces": [
		32 ,0,1,5 ,0,1,5,
		32 ,5,1,6 ,5,1,6,
		32 ,5,6,10 ,5,6,10,
		32 ,10,6,11 ,10,6,11,
		32 ,10,11,15 ,10,11,15,
		32 ,15,11,16 ,15,11,16,
		32 ,15,16,20 ,15,16,20,
		32 ,20,16,21 ,20,16,21,
		32 ,1,2,6 ,1,2,6,
		32 ,6,2,7 ,6,2,7,
		32 ,6,7,11 ,6,7,11,
		32 ,11,7,12 ,11,7,12,
		32 ,11,12,16 ,11,12,16,
		32 ,16,12,17 ,16,12,17,
		32 ,16,17,21 ,16,17,21,
		32 ,21,17,22 ,21,17,22,
		32 ,2,3,7 ,2,3,7,
		32 ,7,3,8 ,7,3,8,
		32 ,7,8,12 ,7,8,12,
		32 ,12,8,13 ,12,8,13,
		32 ,12,13,17 ,12,13,17,
		32 ,17,13,18 ,17,13,18,
		32 ,17,18,22 ,17,18,22,
		32 ,22,18,23 ,22,18,23,
		32 ,3,4,8 ,3,4,8,
		32 ,8,4,9 ,8,4,9,
		32 ,8,9,13 ,8,9,13,
		32 ,13,9,14 ,13,9,14,
		32 ,13,14,18 ,13,14,18,
		32 ,18,14,19 ,18,14,19,
		32 ,18,19,23 ,18,19,23,
		32 ,23,19,24 ,23,19,24
	]

}
