{
	"metadata" : {
		"formatVersion" : 3,
		"description" : "Exported from LibZinc."
	},

	"vertices" : [
		547.080811,110.838402,-879.591187,550.395630,108.102119,-879.636414,553.619690,106.349236,-879.468079,556.767517,105.093933,-879.284241,559.853271,103.850403,-879.282776,552.759338,114.005882,-871.561096,555.567139,111.356079,-871.509155,558.331421,109.206367,-871.293030,560.919800,107.406479,-871.117920,563.199890,105.806145,-871.189270,
		559.256897,118.813278,-864.201294,561.401489,116.246056,-864.077209,563.402527,113.766907,-863.939392,565.206848,111.430344,-863.938049,566.760925,109.290871,-864.223145,564.351929,122.548477,-855.711243,565.750122,120.053207,-855.518127,566.952209,117.451965,-855.520813,568.040466,114.851952,-855.787720,569.097473,112.360359,-856.387329,
		565.822876,122.499397,-844.290100,566.464722,120.058662,-844.009644,567.099365,117.682632,-844.150635,567.832703,115.357727,-844.710022,568.770630,113.070396,-845.684570
	],

	"normals" : [
		-0.629395,-0.651948,0.422878,-0.521090,-0.770835,0.366440,-0.407009,-0.869266,0.280570,-0.351182,-0.914385,0.201423,-0.402581,-0.899165,0.171557,-0.491055,-0.487824,0.721729,-0.485886,-0.525050,0.698739,-0.477319,-0.583086,0.657402,-0.465310,-0.651529,0.599163,-0.459871,-0.708267,0.535608,
		-0.543458,-0.442259,0.713485,-0.582622,-0.436745,0.685424,-0.609958,-0.457085,0.647321,-0.622150,-0.498756,0.603467,-0.611133,-0.558924,0.560465,-0.791328,-0.455607,0.407703,-0.843336,-0.408246,0.349455,-0.872211,-0.390748,0.294219,-0.879200,-0.404561,0.251670,-0.857754,-0.458231,0.232985,
		-0.947947,-0.287598,-0.136690,-0.951423,-0.250536,-0.178957,-0.950668,-0.240503,-0.195929,-0.942801,-0.269271,-0.196519,-0.922016,-0.340765,-0.183753
	],

	"faces": [
		32 ,0,1,5 ,0,1,5,
		32 ,5,1,6 ,5,1,6,
		32 ,5,6,10 ,5,6,10,
		32 ,10,6,11 ,10,6,11,
		32 ,10,11,15 ,10,11,15,
		32 ,15,11,16 ,15,11,16,
		32 ,15,16,20 ,15,16,20,
		32 ,20,16,21 ,20,16,21,
		32 ,1,2,6 ,1,2,6,
		32 ,6,2,7 ,6,2,7,
		32 ,6,7,11 ,6,7,11,
		32 ,11,7,12 ,11,7,12,
		32 ,11,12,16 ,11,12,16,
		32 ,16,12,17 ,16,12,17,
		32 ,16,17,21 ,16,17,21,
		32 ,21,17,22 ,21,17,22,
		32 ,2,3,7 ,2,3,7,
		32 ,7,3,8 ,7,3,8,
		32 ,7,8,12 ,7,8,12,
		32 ,12,8,13 ,12,8,13,
		32 ,12,13,17 ,12,13,17,
		32 ,17,13,18 ,17,13,18,
		32 ,17,18,22 ,17,18,22,
		32 ,22,18,23 ,22,18,23,
		32 ,3,4,8 ,3,4,8,
		32 ,8,4,9 ,8,4,9,
		32 ,8,9,13 ,8,9,13,
		32 ,13,9,14 ,13,9,14,
		32 ,13,14,18 ,13,14,18,
		32 ,18,14,19 ,18,14,19,
		32 ,18,19,23 ,18,19,23,
		32 ,23,19,24 ,23,19,24
	]

}
