{
	"metadata" : {
		"formatVersion" : 3,
		"description" : "Exported from LibZinc."
	},

	"vertices" : [
		559.853271,103.850403,-879.282776,562.767639,102.616959,-879.335205,565.432495,101.459419,-879.177185,567.909302,99.993210,-878.803406,570.259521,97.833748,-878.208496,563.199890,105.806145,-871.189270,565.234436,104.346046,-871.322815,567.209900,102.922104,-871.227600,569.179321,101.316948,-870.949097,571.195984,99.313187,-870.532654,
		566.760925,109.290871,-864.223145,568.070557,107.427437,-864.584656,569.325012,105.742088,-864.722839,570.746460,104.023994,-864.653320,572.556824,102.062325,-864.391846,569.097473,112.360359,-856.387329,570.015564,110.107361,-857.072632,570.862061,108.049515,-857.513489,571.981689,106.033600,-857.653748,573.719238,103.906395,-857.437134,
		568.770630,113.070396,-845.684570,569.808960,110.632034,-846.738586,570.904968,107.974518,-847.450317,572.256226,105.264984,-847.687988,574.060425,102.670601,-847.319580
	],

	"normals" : [
		-0.402581,-0.899165,0.171557,-0.376191,-0.918586,0.121158,-0.443177,-0.893138,0.076807,-0.594445,-0.802422,0.052484,-0.757995,-0.650272,0.050887,-0.459871,-0.708267,0.535608,-0.503187,-0.718455,0.480235,-0.570870,-0.702333,0.425248,-0.652425,-0.655876,0.379695,-0.727459,-0.583220,0.361465,
		-0.611133,-0.558924,0.560465,-0.663311,-0.547364,0.510305,-0.696993,-0.552766,0.456783,-0.702870,-0.576044,0.417309,-0.688622,-0.597520,0.410816,-0.857754,-0.458231,0.232985,-0.894138,-0.400239,0.200815,-0.884152,-0.433036,0.175372,-0.821968,-0.548694,0.152658,-0.724494,-0.676624,0.131485,
		-0.922016,-0.340765,-0.183753,-0.934309,-0.319893,-0.157273,-0.916139,-0.377718,-0.134231,-0.856187,-0.495895,-0.145021,-0.718403,-0.665475,-0.202584
	],

	"faces": [
		32 ,0,1,5 ,0,1,5,
		32 ,5,1,6 ,5,1,6,
		32 ,5,6,10 ,5,6,10,
		32 ,10,6,11 ,10,6,11,
		32 ,10,11,15 ,10,11,15,
		32 ,15,11,16 ,15,11,16,
		32 ,15,16,20 ,15,16,20,
		32 ,20,16,21 ,20,16,21,
		32 ,1,2,6 ,1,2,6,
		32 ,6,2,7 ,6,2,7,
		32 ,6,7,11 ,6,7,11,
		32 ,11,7,12 ,11,7,12,
		32 ,11,12,16 ,11,12,16,
		32 ,16,12,17 ,16,12,17,
		32 ,16,17,21 ,16,17,21,
		32 ,21,17,22 ,21,17,22,
		32 ,2,3,7 ,2,3,7,
		32 ,7,3,8 ,7,3,8,
		32 ,7,8,12 ,7,8,12,
		32 ,12,8,13 ,12,8,13,
		32 ,12,13,17 ,12,13,17,
		32 ,17,13,18 ,17,13,18,
		32 ,17,18,22 ,17,18,22,
		32 ,22,18,23 ,22,18,23,
		32 ,3,4,8 ,3,4,8,
		32 ,8,4,9 ,8,4,9,
		32 ,8,9,13 ,8,9,13,
		32 ,13,9,14 ,13,9,14,
		32 ,13,14,18 ,13,14,18,
		32 ,18,14,19 ,18,14,19,
		32 ,18,19,23 ,18,19,23,
		32 ,23,19,24 ,23,19,24
	]

}
