{
	"metadata" : {
		"formatVersion" : 3,
		"description" : "Exported from LibZinc."
	},

	"vertices" : [
		416.203796,127.601700,-1775.000000,414.521790,120.866203,-1778.901123,412.865753,114.643852,-1782.743652,411.762238,108.677307,-1786.464233,411.737793,102.709198,-1790.000000,417.812225,122.630234,-1767.361938,415.861084,114.730309,-1771.907471,413.837097,107.313118,-1776.285278,412.305847,100.263008,-1780.357056,411.832886,93.464317,-1783.984863,
		420.355225,121.794273,-1759.423096,418.531830,113.207283,-1764.224243,416.480347,104.391739,-1768.861328,414.805420,95.920403,-1773.069702,414.111725,88.366043,-1776.584961,422.713257,122.646698,-1750.522827,421.232147,114.034462,-1755.250488,419.405090,104.545570,-1759.815063,417.829193,95.310570,-1763.888550,417.101562,87.459991,-1767.142456,
		423.766907,122.740402,-1740.000000,422.660217,114.949165,-1744.385254,421.220947,106.440453,-1748.489990,419.945343,98.094559,-1752.099731,419.329590,90.791771,-1755.000000
	],

	"normals" : [
		-0.974999,0.099594,0.198639,-0.967383,0.134611,0.214593,-0.977265,0.134070,0.164248,-0.995079,0.096969,0.020351,-0.973822,0.017039,-0.226671,-0.955235,0.037119,0.293510,-0.944180,0.068087,0.322316,-0.945102,0.055626,0.322006,-0.964679,0.005454,0.263370,-0.989167,-0.092944,0.113619,
		-0.953126,-0.001651,0.302568,-0.942395,0.038430,0.332287,-0.935645,0.030548,0.351619,-0.939381,-0.016104,0.342496,-0.950582,-0.126314,0.283618,-0.981255,0.024349,0.191169,-0.973398,0.074516,0.216663,-0.967839,0.072143,0.241004,-0.965597,0.028293,0.258498,-0.959276,-0.092815,0.266785,
		-0.994864,0.100502,0.012016,-0.988674,0.147641,0.026956,-0.988045,0.150213,0.034677,-0.992924,0.105999,0.053538,-0.993976,-0.022463,0.107267
	],

	"faces": [
		32 ,0,1,5 ,0,1,5,
		32 ,5,1,6 ,5,1,6,
		32 ,5,6,10 ,5,6,10,
		32 ,10,6,11 ,10,6,11,
		32 ,10,11,15 ,10,11,15,
		32 ,15,11,16 ,15,11,16,
		32 ,15,16,20 ,15,16,20,
		32 ,20,16,21 ,20,16,21,
		32 ,1,2,6 ,1,2,6,
		32 ,6,2,7 ,6,2,7,
		32 ,6,7,11 ,6,7,11,
		32 ,11,7,12 ,11,7,12,
		32 ,11,12,16 ,11,12,16,
		32 ,16,12,17 ,16,12,17,
		32 ,16,17,21 ,16,17,21,
		32 ,21,17,22 ,21,17,22,
		32 ,2,3,7 ,2,3,7,
		32 ,7,3,8 ,7,3,8,
		32 ,7,8,12 ,7,8,12,
		32 ,12,8,13 ,12,8,13,
		32 ,12,13,17 ,12,13,17,
		32 ,17,13,18 ,17,13,18,
		32 ,17,18,22 ,17,18,22,
		32 ,22,18,23 ,22,18,23,
		32 ,3,4,8 ,3,4,8,
		32 ,8,4,9 ,8,4,9,
		32 ,8,9,13 ,8,9,13,
		32 ,13,9,14 ,13,9,14,
		32 ,13,14,18 ,13,14,18,
		32 ,18,14,19 ,18,14,19,
		32 ,18,19,23 ,18,19,23,
		32 ,23,19,24 ,23,19,24
	]

}
