{
	"metadata" : {
		"formatVersion" : 3,
		"description" : "Exported from LibZinc."
	},

	"vertices" : [
		411.737793,102.709198,-1790.000000,413.327972,96.871384,-1793.253784,416.354492,91.527290,-1796.088013,420.273132,86.766968,-1798.378174,424.539703,82.680443,-1800.000000,411.832886,93.464317,-1783.984863,412.947510,87.233849,-1787.097534,415.464386,81.896751,-1789.678467,418.877258,77.349930,-1791.671387,422.679871,73.490288,-1793.019897,
		414.111725,88.366043,-1776.584961,414.791260,82.161537,-1779.341919,416.608215,77.132393,-1781.497681,419.225555,72.940315,-1783.120483,422.306305,69.247009,-1784.278442,417.101562,87.459991,-1767.142456,417.481720,81.496307,-1769.459839,418.710938,76.813995,-1771.108643,420.609131,72.881607,-1772.338135,422.996155,69.167686,-1773.397705,
		419.329590,90.791771,-1755.000000,419.641235,85.080009,-1756.924438,420.697449,80.521347,-1758.074219,422.319000,76.517296,-1758.936890,424.326599,72.469368,-1760.000000
	],

	"normals" : [
		-0.973822,0.017039,-0.226671,-0.859139,-0.092510,-0.503312,-0.727591,-0.173305,-0.663760,-0.611673,-0.240913,-0.753536,-0.503579,-0.305929,-0.807970,-0.989167,-0.092944,0.113619,-0.959035,-0.250237,-0.132791,-0.862856,-0.377565,-0.336042,-0.748065,-0.472953,-0.465526,-0.643530,-0.540014,-0.542452,
		-0.950582,-0.126314,0.283618,-0.939487,-0.296132,0.172248,-0.885381,-0.462252,0.049227,-0.808001,-0.587292,-0.047147,-0.753598,-0.646824,-0.117079,-0.959276,-0.092815,0.266785,-0.935389,-0.244071,0.255884,-0.882498,-0.409821,0.230746,-0.820658,-0.535955,0.198174,-0.796105,-0.584817,0.155582,
		-0.993976,-0.022463,0.107267,-0.966686,-0.187432,0.174321,-0.907984,-0.348624,0.232435,-0.851479,-0.457536,0.256211,-0.834632,-0.494113,0.243394
	],

	"faces": [
		32 ,0,1,5 ,0,1,5,
		32 ,5,1,6 ,5,1,6,
		32 ,5,6,10 ,5,6,10,
		32 ,10,6,11 ,10,6,11,
		32 ,10,11,15 ,10,11,15,
		32 ,15,11,16 ,15,11,16,
		32 ,15,16,20 ,15,16,20,
		32 ,20,16,21 ,20,16,21,
		32 ,1,2,6 ,1,2,6,
		32 ,6,2,7 ,6,2,7,
		32 ,6,7,11 ,6,7,11,
		32 ,11,7,12 ,11,7,12,
		32 ,11,12,16 ,11,12,16,
		32 ,16,12,17 ,16,12,17,
		32 ,16,17,21 ,16,17,21,
		32 ,21,17,22 ,21,17,22,
		32 ,2,3,7 ,2,3,7,
		32 ,7,3,8 ,7,3,8,
		32 ,7,8,12 ,7,8,12,
		32 ,12,8,13 ,12,8,13,
		32 ,12,13,17 ,12,13,17,
		32 ,17,13,18 ,17,13,18,
		32 ,17,18,22 ,17,18,22,
		32 ,22,18,23 ,22,18,23,
		32 ,3,4,8 ,3,4,8,
		32 ,8,4,9 ,8,4,9,
		32 ,8,9,13 ,8,9,13,
		32 ,13,9,14 ,13,9,14,
		32 ,13,14,18 ,13,14,18,
		32 ,18,14,19 ,18,14,19,
		32 ,18,19,23 ,18,19,23,
		32 ,23,19,24 ,23,19,24
	]

}
