{
	"metadata" : {
		"formatVersion" : 3,
		"description" : "Exported from LibZinc."
	},

	"vertices" : [
		616.337280,114.193604,-785.354919,616.841614,120.830025,-785.500061,615.548462,127.283798,-785.695496,612.610840,133.439774,-785.851074,608.181824,139.182800,-785.876587,614.764343,113.693420,-764.090759,615.295776,120.492073,-764.187988,614.006287,126.978821,-764.709473,611.114319,133.078461,-765.405884,606.838257,138.715775,-766.027832,
		612.477234,113.194908,-741.579407,612.731689,120.880859,-741.984680,611.302979,127.653725,-742.882935,608.331360,133.759521,-744.108215,603.957092,139.444260,-745.494751,609.844360,113.479660,-718.088440,609.754456,122.236435,-718.978699,608.099182,129.529663,-720.181152,604.938416,135.885971,-721.802490,600.331970,141.831955,-723.949463,
		607.234070,115.329300,-693.885498,606.968994,124.798828,-695.258606,605.055481,132.827774,-696.569580,601.611816,139.860794,-698.333130,596.756226,146.342606,-701.063904
	],

	"normals" : [
		0.976123,-0.211516,0.049444,0.997008,0.064961,0.041893,0.945806,0.321550,0.045348,0.848103,0.527813,0.046207,0.731167,0.680832,0.043157,0.973136,-0.215065,0.082185,0.992882,0.067162,0.098355,0.940143,0.327029,0.095827,0.843451,0.529819,0.088783,0.733615,0.674842,0.079985,
		0.985045,-0.135536,0.106376,0.987944,0.095426,0.121907,0.933003,0.342855,0.109341,0.832946,0.546166,0.088906,0.730693,0.679112,0.069959,0.991432,-0.064042,0.113847,0.985470,0.124543,0.115489,0.931145,0.353065,0.091177,0.832488,0.551356,0.054496,0.739493,0.672798,0.022188,
		0.993561,-0.041446,0.105443,0.986877,0.138244,0.083440,0.936259,0.348064,0.047657,0.848781,0.528739,-0.002377,0.766567,0.640330,-0.048495
	],

	"faces": [
		32 ,0,1,5 ,0,1,5,
		32 ,5,1,6 ,5,1,6,
		32 ,5,6,10 ,5,6,10,
		32 ,10,6,11 ,10,6,11,
		32 ,10,11,15 ,10,11,15,
		32 ,15,11,16 ,15,11,16,
		32 ,15,16,20 ,15,16,20,
		32 ,20,16,21 ,20,16,21,
		32 ,1,2,6 ,1,2,6,
		32 ,6,2,7 ,6,2,7,
		32 ,6,7,11 ,6,7,11,
		32 ,11,7,12 ,11,7,12,
		32 ,11,12,16 ,11,12,16,
		32 ,16,12,17 ,16,12,17,
		32 ,16,17,21 ,16,17,21,
		32 ,21,17,22 ,21,17,22,
		32 ,2,3,7 ,2,3,7,
		32 ,7,3,8 ,7,3,8,
		32 ,7,8,12 ,7,8,12,
		32 ,12,8,13 ,12,8,13,
		32 ,12,13,17 ,12,13,17,
		32 ,17,13,18 ,17,13,18,
		32 ,17,18,22 ,17,18,22,
		32 ,22,18,23 ,22,18,23,
		32 ,3,4,8 ,3,4,8,
		32 ,8,4,9 ,8,4,9,
		32 ,8,9,13 ,8,9,13,
		32 ,13,9,14 ,13,9,14,
		32 ,13,14,18 ,13,14,18,
		32 ,18,14,19 ,18,14,19,
		32 ,18,19,23 ,18,19,23,
		32 ,23,19,24 ,23,19,24
	]

}
