{
	"metadata" : {
		"formatVersion" : 3,
		"description" : "Exported from LibZinc."
	},

	"vertices" : [
		554.918823,139.224106,-783.263611,552.390747,135.068542,-783.069458,551.413208,131.164062,-783.054749,551.219421,127.223129,-783.069702,551.042480,122.958199,-782.964417,551.682190,140.871902,-767.753723,548.549927,136.349579,-767.461060,547.043762,131.680908,-767.297302,546.370483,126.854355,-767.123535,545.736572,121.858391,-766.800964,
		549.979858,145.150543,-752.479309,546.035034,140.325684,-752.127319,543.495483,134.878052,-751.754089,541.793762,129.057632,-751.254761,540.362427,123.114449,-750.524536,548.300842,150.272751,-735.549622,543.501892,145.488602,-735.245850,539.663696,139.693085,-734.795410,536.597290,133.235962,-734.049438,534.113831,126.467033,-732.859009,
		545.134216,154.451202,-715.073914,539.606262,150.330078,-714.994019,534.443787,145.063614,-714.791382,529.889099,138.792343,-714.093628,526.184570,131.656799,-712.528320
	],

	"normals" : [
		-0.767269,0.608396,-0.202862,-0.896127,0.360521,-0.258807,-0.950208,0.114160,-0.289950,-0.952472,0.012004,-0.304389,-0.948702,0.074320,-0.307312,-0.715272,0.653877,-0.246639,-0.878832,0.407316,-0.248493,-0.948781,0.183535,-0.257158,-0.954800,0.088389,-0.283805,-0.941843,0.135956,-0.307323,
		-0.660058,0.696774,-0.280766,-0.830760,0.487053,-0.269475,-0.910606,0.304437,-0.279489,-0.929398,0.199645,-0.310422,-0.923433,0.181324,-0.338221,-0.600062,0.751864,-0.273180,-0.755471,0.586332,-0.292366,-0.839760,0.434272,-0.325901,-0.878994,0.310264,-0.362085,-0.898603,0.215537,-0.382174,
		-0.519933,0.827277,-0.212795,-0.635706,0.721156,-0.275340,-0.726969,0.591478,-0.348813,-0.804070,0.433811,-0.406546,-0.870223,0.250319,-0.424325
	],

	"faces": [
		32 ,0,1,5 ,0,1,5,
		32 ,5,1,6 ,5,1,6,
		32 ,5,6,10 ,5,6,10,
		32 ,10,6,11 ,10,6,11,
		32 ,10,11,15 ,10,11,15,
		32 ,15,11,16 ,15,11,16,
		32 ,15,16,20 ,15,16,20,
		32 ,20,16,21 ,20,16,21,
		32 ,1,2,6 ,1,2,6,
		32 ,6,2,7 ,6,2,7,
		32 ,6,7,11 ,6,7,11,
		32 ,11,7,12 ,11,7,12,
		32 ,11,12,16 ,11,12,16,
		32 ,16,12,17 ,16,12,17,
		32 ,16,17,21 ,16,17,21,
		32 ,21,17,22 ,21,17,22,
		32 ,2,3,7 ,2,3,7,
		32 ,7,3,8 ,7,3,8,
		32 ,7,8,12 ,7,8,12,
		32 ,12,8,13 ,12,8,13,
		32 ,12,13,17 ,12,13,17,
		32 ,17,13,18 ,17,13,18,
		32 ,17,18,22 ,17,18,22,
		32 ,22,18,23 ,22,18,23,
		32 ,3,4,8 ,3,4,8,
		32 ,8,4,9 ,8,4,9,
		32 ,8,9,13 ,8,9,13,
		32 ,13,9,14 ,13,9,14,
		32 ,13,14,18 ,13,14,18,
		32 ,18,14,19 ,18,14,19,
		32 ,18,19,23 ,18,19,23,
		32 ,23,19,24 ,23,19,24
	]

}
