{
	"metadata" : {
		"formatVersion" : 3,
		"description" : "Exported from LibZinc."
	},

	"vertices" : [
		424.539703,82.680443,-1800.000000,428.778046,79.371521,-1800.819946,433.011017,76.767540,-1800.940308,437.292816,74.693848,-1800.590454,441.677704,72.975777,-1800.000000,422.679871,73.490288,-1793.019897,426.589203,70.325790,-1793.645874,430.659790,67.886505,-1793.629761,434.891724,66.102455,-1793.154053,439.285065,64.903679,-1792.401367,
		422.306305,69.247009,-1784.278442,425.791565,66.072060,-1784.903564,429.742676,63.682796,-1784.948364,434.002777,62.112598,-1784.511719,438.415039,61.394836,-1783.692627,422.996155,69.167686,-1773.397705,426.105774,65.788582,-1774.165771,430.047089,63.308487,-1774.366333,434.453003,61.867718,-1774.017578,438.956482,61.606579,-1773.137573,
		424.326599,72.469368,-1760.000000,427.252411,68.653625,-1761.004761,431.360474,65.915649,-1761.353516,436.069489,64.511246,-1761.025513,440.798187,64.696228,-1760.000000
	],

	"normals" : [
		-0.503579,-0.305929,-0.807970,-0.353912,-0.385257,-0.852246,-0.215097,-0.452930,-0.865210,-0.117622,-0.505277,-0.854903,-0.077879,-0.547630,-0.833088,-0.643530,-0.540014,-0.542452,-0.482395,-0.629935,-0.608668,-0.314718,-0.705646,-0.634836,-0.168118,-0.762246,-0.625073,-0.060304,-0.810646,-0.582424,
		-0.753598,-0.646824,-0.117079,-0.596989,-0.780818,-0.184195,-0.414512,-0.885248,-0.210988,-0.221264,-0.953741,-0.203520,-0.027818,-0.987208,-0.156992,-0.796105,-0.584817,0.155582,-0.619185,-0.773811,0.133513,-0.422681,-0.897354,0.126869,-0.205641,-0.969868,0.130642,0.046143,-0.988177,0.146212,
		-0.834632,-0.494113,0.243394,-0.622263,-0.733478,0.273493,-0.407092,-0.869517,0.279672,-0.166597,-0.947241,0.273824,0.147463,-0.956381,0.252172
	],

	"faces": [
		32 ,0,1,5 ,0,1,5,
		32 ,5,1,6 ,5,1,6,
		32 ,5,6,10 ,5,6,10,
		32 ,10,6,11 ,10,6,11,
		32 ,10,11,15 ,10,11,15,
		32 ,15,11,16 ,15,11,16,
		32 ,15,16,20 ,15,16,20,
		32 ,20,16,21 ,20,16,21,
		32 ,1,2,6 ,1,2,6,
		32 ,6,2,7 ,6,2,7,
		32 ,6,7,11 ,6,7,11,
		32 ,11,7,12 ,11,7,12,
		32 ,11,12,16 ,11,12,16,
		32 ,16,12,17 ,16,12,17,
		32 ,16,17,21 ,16,17,21,
		32 ,21,17,22 ,21,17,22,
		32 ,2,3,7 ,2,3,7,
		32 ,7,3,8 ,7,3,8,
		32 ,7,8,12 ,7,8,12,
		32 ,12,8,13 ,12,8,13,
		32 ,12,13,17 ,12,13,17,
		32 ,17,13,18 ,17,13,18,
		32 ,17,18,22 ,17,18,22,
		32 ,22,18,23 ,22,18,23,
		32 ,3,4,8 ,3,4,8,
		32 ,8,4,9 ,8,4,9,
		32 ,8,9,13 ,8,9,13,
		32 ,13,9,14 ,13,9,14,
		32 ,13,14,18 ,13,14,18,
		32 ,18,14,19 ,18,14,19,
		32 ,18,19,23 ,18,19,23,
		32 ,23,19,24 ,23,19,24
	]

}
