{
	"metadata" : {
		"formatVersion" : 3,
		"description" : "Exported from LibZinc."
	},

	"vertices" : [
		552.637573,104.129097,-781.395996,555.449097,97.818550,-780.800964,559.109375,90.947090,-780.166199,563.816162,84.580635,-779.767517,569.767090,79.785057,-779.880676,546.472595,99.998749,-762.891846,549.300659,93.494820,-761.925537,553.264221,86.628998,-760.961121,558.371521,80.191528,-760.176880,564.630859,74.972672,-759.751038,
		538.028992,97.798264,-743.435791,540.854736,90.241234,-741.888550,545.370056,82.402939,-740.326233,551.364685,75.333221,-739.032227,558.628235,70.081932,-738.290100,528.169617,97.181526,-722.877197,531.130371,88.287949,-720.596741,536.473083,79.312706,-718.378540,543.702515,71.644508,-716.569641,552.323547,66.672058,-715.517029,
		517.757080,97.802391,-701.065430,521.146606,87.865135,-697.956604,527.619263,78.402107,-695.235107,536.291809,70.764183,-693.025085,546.281128,66.302254,-691.450928
	],

	"normals" : [
		-0.853017,-0.397518,-0.338144,-0.841723,-0.430161,-0.326289,-0.800990,-0.514495,-0.306120,-0.699977,-0.653192,-0.288743,-0.476738,-0.829172,-0.291880,-0.841186,-0.372840,-0.391659,-0.797632,-0.454994,-0.395933,-0.742931,-0.547841,-0.384609,-0.654598,-0.662797,-0.363596,-0.499364,-0.800012,-0.332589,
		-0.851960,-0.315790,-0.417661,-0.789253,-0.455336,-0.412005,-0.718650,-0.574181,-0.392248,-0.613063,-0.704865,-0.356818,-0.423705,-0.857881,-0.290712,-0.865037,-0.275247,-0.419465,-0.795092,-0.465236,-0.389082,-0.711191,-0.612922,-0.344286,-0.576874,-0.768172,-0.277720,-0.312556,-0.934669,-0.169418,
		-0.878497,-0.272048,-0.392726,-0.799234,-0.505221,-0.325539,-0.696126,-0.678693,-0.234063,-0.531669,-0.838797,-0.117251,-0.229323,-0.973268,0.012663
	],

	"faces": [
		32 ,0,1,5 ,0,1,5,
		32 ,5,1,6 ,5,1,6,
		32 ,5,6,10 ,5,6,10,
		32 ,10,6,11 ,10,6,11,
		32 ,10,11,15 ,10,11,15,
		32 ,15,11,16 ,15,11,16,
		32 ,15,16,20 ,15,16,20,
		32 ,20,16,21 ,20,16,21,
		32 ,1,2,6 ,1,2,6,
		32 ,6,2,7 ,6,2,7,
		32 ,6,7,11 ,6,7,11,
		32 ,11,7,12 ,11,7,12,
		32 ,11,12,16 ,11,12,16,
		32 ,16,12,17 ,16,12,17,
		32 ,16,17,21 ,16,17,21,
		32 ,21,17,22 ,21,17,22,
		32 ,2,3,7 ,2,3,7,
		32 ,7,3,8 ,7,3,8,
		32 ,7,8,12 ,7,8,12,
		32 ,12,8,13 ,12,8,13,
		32 ,12,13,17 ,12,13,17,
		32 ,17,13,18 ,17,13,18,
		32 ,17,18,22 ,17,18,22,
		32 ,22,18,23 ,22,18,23,
		32 ,3,4,8 ,3,4,8,
		32 ,8,4,9 ,8,4,9,
		32 ,8,9,13 ,8,9,13,
		32 ,13,9,14 ,13,9,14,
		32 ,13,14,18 ,13,14,18,
		32 ,18,14,19 ,18,14,19,
		32 ,18,19,23 ,18,19,23,
		32 ,23,19,24 ,23,19,24
	]

}
