{
	"metadata" : {
		"formatVersion" : 3,
		"description" : "Exported from LibZinc."
	},

	"vertices" : [
		584.158630,73.476540,-690.687622,592.802917,81.630562,-691.243347,599.975769,92.392044,-691.811157,605.008911,104.158966,-692.616638,607.234070,115.329300,-693.885498,580.740967,77.331726,-663.227539,589.872498,85.272125,-664.304749,596.787598,96.036682,-665.318176,601.340759,107.876213,-666.707031,603.386475,119.041527,-668.910767,
		579.567505,80.894493,-633.408264,588.976624,88.799911,-635.485779,594.194336,100.020470,-637.470154,596.614868,112.393982,-639.878845,597.632263,123.758255,-643.229492,579.289917,84.101761,-603.819763,587.866577,92.582153,-606.660095,591.017517,104.268669,-609.803162,591.288635,116.978142,-613.323853,591.225769,128.527390,-617.297058,
		578.559692,86.890457,-577.051880,584.293640,96.987083,-579.701477,586.078552,108.706543,-583.853333,585.819519,120.894554,-588.233704,585.421387,132.396805,-591.568787
	],

	"normals" : [
		0.562744,-0.792645,0.234592,0.756522,-0.611388,0.232119,0.867900,-0.456735,0.195302,0.945837,-0.288850,0.148180,0.993561,-0.041446,0.105443,0.511832,-0.846794,0.144800,0.768140,-0.628839,0.120508,0.891471,-0.428447,0.147354,0.951659,-0.240225,0.191407,0.980338,-0.018254,0.196478,
		0.433783,-0.894521,0.107999,0.818915,-0.567187,0.087618,0.956878,-0.259720,0.130114,0.977392,-0.073530,0.198236,0.972315,0.016958,0.233058,0.466983,-0.878932,0.096982,0.894177,-0.430239,0.123860,0.986689,-0.061262,0.150637,0.977952,0.082418,0.191876,0.972341,0.036413,0.230708,
		0.734164,-0.669657,0.112087,0.945337,-0.212659,0.247214,0.970426,0.051377,0.235867,0.971998,0.120401,0.201802,0.980919,0.027420,0.192472
	],

	"faces": [
		32 ,0,1,5 ,0,1,5,
		32 ,5,1,6 ,5,1,6,
		32 ,5,6,10 ,5,6,10,
		32 ,10,6,11 ,10,6,11,
		32 ,10,11,15 ,10,11,15,
		32 ,15,11,16 ,15,11,16,
		32 ,15,16,20 ,15,16,20,
		32 ,20,16,21 ,20,16,21,
		32 ,1,2,6 ,1,2,6,
		32 ,6,2,7 ,6,2,7,
		32 ,6,7,11 ,6,7,11,
		32 ,11,7,12 ,11,7,12,
		32 ,11,12,16 ,11,12,16,
		32 ,16,12,17 ,16,12,17,
		32 ,16,17,21 ,16,17,21,
		32 ,21,17,22 ,21,17,22,
		32 ,2,3,7 ,2,3,7,
		32 ,7,3,8 ,7,3,8,
		32 ,7,8,12 ,7,8,12,
		32 ,12,8,13 ,12,8,13,
		32 ,12,13,17 ,12,13,17,
		32 ,17,13,18 ,17,13,18,
		32 ,17,18,22 ,17,18,22,
		32 ,22,18,23 ,22,18,23,
		32 ,3,4,8 ,3,4,8,
		32 ,8,4,9 ,8,4,9,
		32 ,8,9,13 ,8,9,13,
		32 ,13,9,14 ,13,9,14,
		32 ,13,14,18 ,13,14,18,
		32 ,18,14,19 ,18,14,19,
		32 ,18,19,23 ,18,19,23,
		32 ,23,19,24 ,23,19,24
	]

}
