{
	"metadata" : {
		"formatVersion" : 3,
		"description" : "Exported from LibZinc."
	},

	"vertices" : [
		533.443115,76.948341,-582.387024,545.850403,75.575142,-579.835876,557.982788,76.351120,-577.701477,569.124451,79.911240,-576.576111,578.559692,86.890457,-577.051880,530.817810,76.397697,-558.996887,544.718872,74.963455,-558.256775,558.407898,75.899971,-556.853210,569.786438,80.321899,-555.421631,576.756042,89.343895,-554.597412,
		528.497314,74.509140,-537.434692,543.111633,73.844879,-537.751221,557.080383,75.871895,-537.131897,568.304871,81.455238,-536.012756,574.686401,91.460007,-534.829773,526.052429,71.671646,-516.501892,541.109802,72.171730,-517.256104,555.013184,75.665253,-517.257874,566.209351,82.505981,-516.671265,573.144958,93.047707,-515.660278,
		523.054016,68.274200,-495.000000,538.794495,69.896324,-495.708160,553.219421,74.678444,-495.951416,565.029602,82.668861,-495.718964,572.925903,93.915894,-495.000000
	],

	"normals" : [
		-0.176554,-0.984230,-0.010995,-0.029125,-0.999418,-0.017764,0.179999,-0.982273,-0.052337,0.445559,-0.893687,-0.052928,0.734164,-0.669657,0.112087,-0.165037,-0.983470,-0.074496,-0.027122,-0.998714,-0.042827,0.190119,-0.981761,-0.000943,0.560019,-0.826581,0.056061,0.935469,-0.328673,0.129891,
		-0.127260,-0.983649,-0.127437,0.037578,-0.997194,-0.064739,0.270347,-0.962440,0.024921,0.627701,-0.769673,0.116598,0.957718,-0.260229,0.122704,-0.069637,-0.984993,-0.157920,0.128067,-0.988541,-0.079908,0.370055,-0.928880,0.015494,0.672113,-0.734782,0.091432,0.941647,-0.329258,0.069930,
		-0.005717,-0.987301,-0.158761,0.200804,-0.975410,-0.090852,0.431184,-0.901463,-0.038000,0.690657,-0.723095,-0.011242,0.919994,-0.391339,-0.021548
	],

	"faces": [
		32 ,0,1,5 ,0,1,5,
		32 ,5,1,6 ,5,1,6,
		32 ,5,6,10 ,5,6,10,
		32 ,10,6,11 ,10,6,11,
		32 ,10,11,15 ,10,11,15,
		32 ,15,11,16 ,15,11,16,
		32 ,15,16,20 ,15,16,20,
		32 ,20,16,21 ,20,16,21,
		32 ,1,2,6 ,1,2,6,
		32 ,6,2,7 ,6,2,7,
		32 ,6,7,11 ,6,7,11,
		32 ,11,7,12 ,11,7,12,
		32 ,11,12,16 ,11,12,16,
		32 ,16,12,17 ,16,12,17,
		32 ,16,17,21 ,16,17,21,
		32 ,21,17,22 ,21,17,22,
		32 ,2,3,7 ,2,3,7,
		32 ,7,3,8 ,7,3,8,
		32 ,7,8,12 ,7,8,12,
		32 ,12,8,13 ,12,8,13,
		32 ,12,13,17 ,12,13,17,
		32 ,17,13,18 ,17,13,18,
		32 ,17,18,22 ,17,18,22,
		32 ,22,18,23 ,22,18,23,
		32 ,3,4,8 ,3,4,8,
		32 ,8,4,9 ,8,4,9,
		32 ,8,9,13 ,8,9,13,
		32 ,13,9,14 ,13,9,14,
		32 ,13,14,18 ,13,14,18,
		32 ,18,14,19 ,18,14,19,
		32 ,18,19,23 ,18,19,23,
		32 ,23,19,24 ,23,19,24
	]

}
