{
	"metadata" : {
		"formatVersion" : 3,
		"description" : "Exported from LibZinc."
	},

	"vertices" : [
		578.559692,86.890457,-577.051880,584.293640,96.987083,-579.701477,586.078552,108.706543,-583.853333,585.819519,120.894554,-588.233704,585.421387,132.396805,-591.568787,576.756042,89.343895,-554.597412,579.797363,101.066513,-556.187012,581.154053,112.788628,-560.082764,581.371765,124.422333,-564.048828,580.996216,135.879715,-565.849365,
		574.686401,91.460007,-534.829773,577.215210,103.873177,-535.241211,578.426392,116.079468,-537.426819,578.538391,128.040558,-539.604919,577.769836,139.718140,-539.994080,573.144958,93.047707,-515.660278,576.245300,105.776627,-515.058899,577.326294,118.669319,-515.131348,576.920471,131.315094,-515.186646,575.560425,143.303223,-514.533875,
		572.925903,93.915894,-495.000000,576.585815,107.146446,-493.834961,577.284485,120.648460,-492.442383,576.118896,133.811737,-491.078583,574.186218,146.026093,-490.000000
	],

	"normals" : [
		0.734164,-0.669657,0.112087,0.945337,-0.212659,0.247214,0.970426,0.051377,0.235867,0.971998,0.120401,0.201802,0.980919,0.027420,0.192472,0.935469,-0.328673,0.129891,0.976077,-0.128819,0.175156,0.987190,-0.000057,0.159551,0.989122,0.053164,0.137156,0.989389,0.042433,0.138954,
		0.957718,-0.260229,0.122704,0.986017,-0.133952,0.099136,0.995760,-0.033964,0.085487,0.995775,0.041647,0.081845,0.991911,0.089171,0.090336,0.941647,-0.329258,0.069930,0.987790,-0.153824,0.024675,0.999549,-0.019051,0.023208,0.996282,0.077607,0.037409,0.989231,0.136933,0.051694,
		0.919994,-0.391339,-0.021548,0.989139,-0.143512,-0.031748,0.999353,0.032581,-0.015253,0.991040,0.133120,0.010912,0.985962,0.164675,0.027582
	],

	"faces": [
		32 ,0,1,5 ,0,1,5,
		32 ,5,1,6 ,5,1,6,
		32 ,5,6,10 ,5,6,10,
		32 ,10,6,11 ,10,6,11,
		32 ,10,11,15 ,10,11,15,
		32 ,15,11,16 ,15,11,16,
		32 ,15,16,20 ,15,16,20,
		32 ,20,16,21 ,20,16,21,
		32 ,1,2,6 ,1,2,6,
		32 ,6,2,7 ,6,2,7,
		32 ,6,7,11 ,6,7,11,
		32 ,11,7,12 ,11,7,12,
		32 ,11,12,16 ,11,12,16,
		32 ,16,12,17 ,16,12,17,
		32 ,16,17,21 ,16,17,21,
		32 ,21,17,22 ,21,17,22,
		32 ,2,3,7 ,2,3,7,
		32 ,7,3,8 ,7,3,8,
		32 ,7,8,12 ,7,8,12,
		32 ,12,8,13 ,12,8,13,
		32 ,12,13,17 ,12,13,17,
		32 ,17,13,18 ,17,13,18,
		32 ,17,18,22 ,17,18,22,
		32 ,22,18,23 ,22,18,23,
		32 ,3,4,8 ,3,4,8,
		32 ,8,4,9 ,8,4,9,
		32 ,8,9,13 ,8,9,13,
		32 ,13,9,14 ,13,9,14,
		32 ,13,14,18 ,13,14,18,
		32 ,18,14,19 ,18,14,19,
		32 ,18,19,23 ,18,19,23,
		32 ,23,19,24 ,23,19,24
	]

}
