{
	"metadata" : {
		"formatVersion" : 3,
		"description" : "Exported from LibZinc."
	},

	"vertices" : [
		480.614594,187.389206,-490.000000,475.612579,178.681015,-489.918427,472.577911,168.780670,-489.898346,470.913330,158.348236,-489.929077,470.021606,148.043793,-490.000000,474.917999,187.858566,-464.855286,471.818848,179.115677,-465.099670,470.534271,169.591049,-465.663605,470.346649,159.487167,-466.234253,470.538330,149.006516,-466.498779,
		469.302277,184.764526,-441.276642,467.688843,178.344162,-441.982422,467.428894,170.350800,-443.195953,468.117706,160.837814,-444.327545,469.350586,149.858643,-444.787506,465.475433,184.214905,-420.383667,464.640808,180.161957,-421.173370,464.271851,172.716660,-422.411591,464.756378,162.611572,-423.523041,466.482269,150.579254,-423.932495,
		465.145386,192.317505,-403.295898,464.092957,188.364532,-403.279236,462.073181,178.345413,-403.226776,460.792511,165.019836,-403.134918,461.957306,151.147507,-403.000000
	],

	"normals" : [
		-0.763091,0.594281,-0.254011,-0.913399,0.379445,-0.147392,-0.975239,0.213575,-0.057401,-0.993661,0.111703,0.012692,-0.996186,0.069568,0.052669,-0.877203,0.449147,-0.169652,-0.961060,0.225212,-0.160137,-0.990591,0.069430,-0.117940,-0.997853,-0.008802,-0.064897,-0.999804,-0.013392,-0.014576,
		-0.904916,0.397650,-0.151666,-0.975408,0.142192,-0.168406,-0.988585,-0.010000,-0.150334,-0.987898,-0.087919,-0.127784,-0.989043,-0.116427,-0.090772,-0.888972,0.424969,-0.170674,-0.981598,0.136637,-0.133401,-0.989202,0.021469,-0.144980,-0.981994,-0.078150,-0.171991,-0.967598,-0.189611,-0.166739,
		-0.990690,0.136139,0.000000,-0.965200,0.235468,-0.113769,-0.978027,0.155135,-0.139270,-0.979683,0.022257,-0.199313,-0.948389,-0.214772,-0.233304
	],

	"faces": [
		32 ,0,1,5 ,0,1,5,
		32 ,5,1,6 ,5,1,6,
		32 ,5,6,10 ,5,6,10,
		32 ,10,6,11 ,10,6,11,
		32 ,10,11,15 ,10,11,15,
		32 ,15,11,16 ,15,11,16,
		32 ,15,16,20 ,15,16,20,
		32 ,20,16,21 ,20,16,21,
		32 ,1,2,6 ,1,2,6,
		32 ,6,2,7 ,6,2,7,
		32 ,6,7,11 ,6,7,11,
		32 ,11,7,12 ,11,7,12,
		32 ,11,12,16 ,11,12,16,
		32 ,16,12,17 ,16,12,17,
		32 ,16,17,21 ,16,17,21,
		32 ,21,17,22 ,21,17,22,
		32 ,2,3,7 ,2,3,7,
		32 ,7,3,8 ,7,3,8,
		32 ,7,8,12 ,7,8,12,
		32 ,12,8,13 ,12,8,13,
		32 ,12,13,17 ,12,13,17,
		32 ,17,13,18 ,17,13,18,
		32 ,17,18,22 ,17,18,22,
		32 ,22,18,23 ,22,18,23,
		32 ,3,4,8 ,3,4,8,
		32 ,8,4,9 ,8,4,9,
		32 ,8,9,13 ,8,9,13,
		32 ,13,9,14 ,13,9,14,
		32 ,13,14,18 ,13,14,18,
		32 ,18,14,19 ,18,14,19,
		32 ,18,19,23 ,18,19,23,
		32 ,23,19,24 ,23,19,24
	]

}
