{
	"metadata" : {
		"formatVersion" : 3,
		"description" : "Exported from LibZinc."
	},

	"vertices" : [
		470.033997,86.934334,-1785.000000,472.826019,92.426437,-1781.612793,475.619873,98.593437,-1777.848145,478.469482,104.972046,-1773.909302,481.428711,111.098999,-1770.000000,468.397461,82.829483,-1775.970093,471.946106,88.318253,-1772.714966,475.659943,94.329506,-1769.231812,479.332733,100.626244,-1765.557617,482.758270,106.971458,-1761.729614,
		468.087738,82.343895,-1766.719727,472.341125,87.332878,-1763.713379,477.157715,92.644180,-1760.606079,481.838806,98.364052,-1757.276978,485.685669,104.578751,-1753.605103,468.696503,84.048325,-1756.609497,473.307617,88.299858,-1753.921509,478.741394,92.640137,-1751.250488,483.970764,97.493622,-1748.338623,487.968719,103.284767,-1744.927979,
		469.815308,86.513542,-1745.000000,474.142090,90.048721,-1742.653076,479.039124,93.420044,-1740.444702,483.711731,97.323074,-1738.013916,487.365204,102.453400,-1735.000000
	],

	"normals" : [
		0.889273,-0.450651,-0.078146,0.919556,-0.384841,-0.079459,0.931798,-0.346416,-0.108390,0.931149,-0.332931,-0.148720,0.916856,-0.351104,-0.190003,0.844313,-0.534562,-0.037133,0.868367,-0.482157,-0.116032,0.886874,-0.397155,-0.236056,0.891283,-0.302736,-0.337587,0.899360,-0.233524,-0.369619,
		0.780507,-0.624021,0.037509,0.755257,-0.653376,-0.051847,0.789029,-0.579910,-0.202827,0.841636,-0.423108,-0.335600,0.901715,-0.222229,-0.370842,0.716843,-0.691745,0.087318,0.612213,-0.788580,0.057759,0.645100,-0.763317,-0.034543,0.770073,-0.624641,-0.129662,0.924613,-0.346491,-0.158223,
		0.689331,-0.721243,0.068054,0.542397,-0.834655,0.095684,0.548896,-0.830012,0.098962,0.671740,-0.730412,0.123549,0.841951,-0.508710,0.179812
	],

	"faces": [
		32 ,0,1,5 ,0,1,5,
		32 ,5,1,6 ,5,1,6,
		32 ,5,6,10 ,5,6,10,
		32 ,10,6,11 ,10,6,11,
		32 ,10,11,15 ,10,11,15,
		32 ,15,11,16 ,15,11,16,
		32 ,15,16,20 ,15,16,20,
		32 ,20,16,21 ,20,16,21,
		32 ,1,2,6 ,1,2,6,
		32 ,6,2,7 ,6,2,7,
		32 ,6,7,11 ,6,7,11,
		32 ,11,7,12 ,11,7,12,
		32 ,11,12,16 ,11,12,16,
		32 ,16,12,17 ,16,12,17,
		32 ,16,17,21 ,16,17,21,
		32 ,21,17,22 ,21,17,22,
		32 ,2,3,7 ,2,3,7,
		32 ,7,3,8 ,7,3,8,
		32 ,7,8,12 ,7,8,12,
		32 ,12,8,13 ,12,8,13,
		32 ,12,13,17 ,12,13,17,
		32 ,17,13,18 ,17,13,18,
		32 ,17,18,22 ,17,18,22,
		32 ,22,18,23 ,22,18,23,
		32 ,3,4,8 ,3,4,8,
		32 ,8,4,9 ,8,4,9,
		32 ,8,9,13 ,8,9,13,
		32 ,13,9,14 ,13,9,14,
		32 ,13,14,18 ,13,14,18,
		32 ,18,14,19 ,18,14,19,
		32 ,18,19,23 ,18,19,23,
		32 ,23,19,24 ,23,19,24
	]

}
