{
	"metadata" : {
		"formatVersion" : 3,
		"description" : "Exported from LibZinc."
	},

	"vertices" : [
		149.858795,173.973801,-250.000000,139.002457,165.035461,-248.567184,131.713211,153.253067,-248.470886,128.952301,139.496078,-249.139145,131.681000,124.633904,-250.000000,170.652847,172.607452,-245.775238,161.788132,164.995041,-244.929947,155.017029,155.246216,-245.002991,151.907089,143.853760,-245.583115,154.025833,131.310486,-246.259033,
		187.815002,171.974152,-241.929489,181.587341,165.419983,-241.586624,176.933701,157.515778,-241.838943,175.040054,148.415985,-242.358887,177.092392,138.275024,-242.818939,201.473831,172.115616,-236.969254,197.951645,166.342041,-236.989273,195.824570,159.937973,-237.314651,195.604095,152.764389,-237.699036,197.801743,144.682281,-237.896027,
		211.757904,173.073502,-229.401001,210.432541,167.793030,-229.589920,210.050980,162.388992,-229.766052,210.852158,156.480591,-229.836075,213.074997,149.686996,-229.706604
	],

	"normals" : [
		-0.144319,0.514150,0.845471,-0.169315,0.210150,0.962896,-0.178284,0.042557,0.983058,-0.182266,-0.056174,0.981643,-0.174561,-0.116419,0.977740,-0.154950,0.429096,0.889869,-0.148805,0.172486,0.973707,-0.134240,0.028810,0.990530,-0.121003,-0.049709,0.991407,-0.113138,-0.090715,0.989429,
		-0.235001,0.381899,0.893828,-0.203378,0.156818,0.966460,-0.172089,0.019151,0.984895,-0.150483,-0.053885,0.987143,-0.143577,-0.089632,0.985572,-0.433637,0.351364,0.829760,-0.374488,0.147392,0.915442,-0.324381,0.005007,0.945913,-0.292651,-0.076345,0.953167,-0.283669,-0.120579,0.951311,
		-0.733489,0.215884,0.644506,-0.673020,0.086324,0.734569,-0.641186,-0.038487,0.766420,-0.622354,-0.143986,0.769379,-0.609709,-0.222624,0.760719
	],

	"faces": [
		32 ,0,1,5 ,0,1,5,
		32 ,5,1,6 ,5,1,6,
		32 ,5,6,10 ,5,6,10,
		32 ,10,6,11 ,10,6,11,
		32 ,10,11,15 ,10,11,15,
		32 ,15,11,16 ,15,11,16,
		32 ,15,16,20 ,15,16,20,
		32 ,20,16,21 ,20,16,21,
		32 ,1,2,6 ,1,2,6,
		32 ,6,2,7 ,6,2,7,
		32 ,6,7,11 ,6,7,11,
		32 ,11,7,12 ,11,7,12,
		32 ,11,12,16 ,11,12,16,
		32 ,16,12,17 ,16,12,17,
		32 ,16,17,21 ,16,17,21,
		32 ,21,17,22 ,21,17,22,
		32 ,2,3,7 ,2,3,7,
		32 ,7,3,8 ,7,3,8,
		32 ,7,8,12 ,7,8,12,
		32 ,12,8,13 ,12,8,13,
		32 ,12,13,17 ,12,13,17,
		32 ,17,13,18 ,17,13,18,
		32 ,17,18,22 ,17,18,22,
		32 ,22,18,23 ,22,18,23,
		32 ,3,4,8 ,3,4,8,
		32 ,8,4,9 ,8,4,9,
		32 ,8,9,13 ,8,9,13,
		32 ,13,9,14 ,13,9,14,
		32 ,13,14,18 ,13,14,18,
		32 ,18,14,19 ,18,14,19,
		32 ,18,19,23 ,18,19,23,
		32 ,23,19,24 ,23,19,24
	]

}
