{
	"metadata" : {
		"formatVersion" : 3,
		"description" : "Exported from LibZinc."
	},

	"vertices" : [
		285.250000,82.073410,-250.000000,308.920776,81.687904,-250.224991,332.672546,80.724754,-250.125504,355.238281,81.106773,-249.963257,375.350891,84.756790,-250.000000,285.229401,87.287216,-240.363052,306.028046,87.223091,-240.786621,327.100586,87.678436,-241.519592,347.087219,89.650642,-242.366913,364.628113,94.137108,-243.133514,
		285.303162,91.711159,-232.118744,303.500824,92.271912,-232.626694,321.808014,94.422966,-233.879166,338.865234,98.277214,-235.535034,353.312927,103.947525,-237.253174,285.394379,95.612312,-224.658661,301.324829,96.759132,-225.105042,317.101532,100.276611,-226.444763,331.413757,105.687988,-228.471558,342.950836,112.516472,-230.979233,
		285.425995,99.257751,-217.374298,299.485809,100.609474,-217.581512,313.287781,104.557625,-218.456940,325.574188,110.584488,-220.180450,335.087311,118.172401,-222.931900
	],

	"normals" : [
		0.030341,-0.879099,0.475672,-0.036080,-0.876848,0.479411,-0.025619,-0.814216,0.579996,0.050899,-0.692090,0.720014,0.182493,-0.537647,0.823184,0.005169,-0.879854,0.475216,0.016321,-0.851228,0.524543,0.063816,-0.730556,0.679864,0.124646,-0.545665,0.828682,0.177974,-0.365258,0.913735,
		-0.009239,-0.883010,0.469262,0.087961,-0.835153,0.542939,0.173662,-0.683060,0.709416,0.233254,-0.473501,0.849346,0.259603,-0.268610,0.927607,-0.013305,-0.889676,0.456399,0.156126,-0.841741,0.516815,0.283732,-0.709011,0.645601,0.376269,-0.510712,0.773043,0.434359,-0.258441,0.862868,
		-0.009901,-0.898872,0.438100,0.185986,-0.879171,0.438711,0.356480,-0.818453,0.450618,0.524900,-0.683429,0.507351,0.688492,-0.402723,0.603152
	],

	"faces": [
		32 ,0,1,5 ,0,1,5,
		32 ,5,1,6 ,5,1,6,
		32 ,5,6,10 ,5,6,10,
		32 ,10,6,11 ,10,6,11,
		32 ,10,11,15 ,10,11,15,
		32 ,15,11,16 ,15,11,16,
		32 ,15,16,20 ,15,16,20,
		32 ,20,16,21 ,20,16,21,
		32 ,1,2,6 ,1,2,6,
		32 ,6,2,7 ,6,2,7,
		32 ,6,7,11 ,6,7,11,
		32 ,11,7,12 ,11,7,12,
		32 ,11,12,16 ,11,12,16,
		32 ,16,12,17 ,16,12,17,
		32 ,16,17,21 ,16,17,21,
		32 ,21,17,22 ,21,17,22,
		32 ,2,3,7 ,2,3,7,
		32 ,7,3,8 ,7,3,8,
		32 ,7,8,12 ,7,8,12,
		32 ,12,8,13 ,12,8,13,
		32 ,12,13,17 ,12,13,17,
		32 ,17,13,18 ,17,13,18,
		32 ,17,18,22 ,17,18,22,
		32 ,22,18,23 ,22,18,23,
		32 ,3,4,8 ,3,4,8,
		32 ,8,4,9 ,8,4,9,
		32 ,8,9,13 ,8,9,13,
		32 ,13,9,14 ,13,9,14,
		32 ,13,14,18 ,13,14,18,
		32 ,18,14,19 ,18,14,19,
		32 ,18,19,23 ,18,19,23,
		32 ,23,19,24 ,23,19,24
	]

}
