{
	"metadata" : {
		"formatVersion" : 3,
		"description" : "Exported from LibZinc."
	},

	"vertices" : [
		410.697601,168.126999,-250.000000,398.958527,174.930862,-250.522781,386.071045,180.661652,-250.765701,374.322540,185.637924,-250.625763,366.000488,190.178207,-250.000000,390.699707,168.591705,-245.788803,382.128784,175.309387,-245.251755,372.823151,181.742645,-243.548111,364.481415,187.301208,-241.607285,358.802155,191.394836,-240.358734,
		376.246063,169.502350,-241.666367,370.505859,175.737671,-240.748154,364.389343,181.857147,-238.668182,358.809662,187.303009,-236.437668,354.680054,191.517487,-235.067871,365.832886,170.862930,-236.444778,362.513275,176.494843,-235.603745,359.063385,181.901703,-234.054337,355.658569,186.937698,-232.406418,352.474152,191.457001,-231.269913,
		357.956512,172.677399,-228.936096,356.574677,177.860046,-228.410339,355.139191,182.772858,-227.635010,353.379333,187.499649,-226.803024,351.024292,192.124207,-226.107300
	],

	"normals" : [
		0.187743,0.340023,0.921486,0.253113,0.567497,0.783506,0.343191,0.827991,0.443452,0.408535,0.888038,0.210922,0.603753,0.733301,0.312652,0.228290,0.310973,0.922594,0.311489,0.255502,0.915256,0.446973,0.409978,0.795068,0.550892,0.615782,0.563322,0.617153,0.656284,0.434067,
		0.353256,0.303494,0.884930,0.434354,0.186861,0.881147,0.538615,0.229407,0.810720,0.636826,0.379205,0.671310,0.679054,0.526565,0.511484,0.579871,0.287423,0.762324,0.663370,0.242955,0.707753,0.740997,0.292317,0.604544,0.792476,0.407318,0.453954,0.796798,0.521305,0.305539,
		0.792899,0.177664,0.582878,0.850877,0.162734,0.499526,0.897329,0.223718,0.380462,0.907608,0.352981,0.227270,0.860382,0.502346,0.085978
	],

	"faces": [
		32 ,0,1,5 ,0,1,5,
		32 ,5,1,6 ,5,1,6,
		32 ,5,6,10 ,5,6,10,
		32 ,10,6,11 ,10,6,11,
		32 ,10,11,15 ,10,11,15,
		32 ,15,11,16 ,15,11,16,
		32 ,15,16,20 ,15,16,20,
		32 ,20,16,21 ,20,16,21,
		32 ,1,2,6 ,1,2,6,
		32 ,6,2,7 ,6,2,7,
		32 ,6,7,11 ,6,7,11,
		32 ,11,7,12 ,11,7,12,
		32 ,11,12,16 ,11,12,16,
		32 ,16,12,17 ,16,12,17,
		32 ,16,17,21 ,16,17,21,
		32 ,21,17,22 ,21,17,22,
		32 ,2,3,7 ,2,3,7,
		32 ,7,3,8 ,7,3,8,
		32 ,7,8,12 ,7,8,12,
		32 ,12,8,13 ,12,8,13,
		32 ,12,13,17 ,12,13,17,
		32 ,17,13,18 ,17,13,18,
		32 ,17,18,22 ,17,18,22,
		32 ,22,18,23 ,22,18,23,
		32 ,3,4,8 ,3,4,8,
		32 ,8,4,9 ,8,4,9,
		32 ,8,9,13 ,8,9,13,
		32 ,13,9,14 ,13,9,14,
		32 ,13,14,18 ,13,14,18,
		32 ,18,14,19 ,18,14,19,
		32 ,18,19,23 ,18,19,23,
		32 ,23,19,24 ,23,19,24
	]

}
