{
	"metadata" : {
		"formatVersion" : 3,
		"description" : "Exported from LibZinc."
	},

	"vertices" : [
		366.000488,190.178207,-250.000000,360.544739,195.429077,-249.411758,355.588745,201.574173,-249.303253,350.710419,207.487610,-249.449799,345.487701,212.043503,-249.626694,358.802155,191.394836,-240.358734,354.771240,195.309753,-240.209824,350.350403,200.162186,-240.670044,345.701996,205.106857,-241.321915,340.988281,209.298523,-241.747971,
		354.680054,191.517487,-235.067871,351.230927,195.389969,-234.862900,347.242706,199.825668,-235.207718,342.953613,204.290588,-235.734818,338.601807,208.250717,-236.076721,352.474152,191.457001,-231.269913,349.210602,195.799942,-230.857040,345.538605,200.233124,-230.832581,341.588867,204.500153,-230.985123,337.492096,208.344666,-231.103271,
		351.024292,192.124207,-226.107300,347.997040,196.669861,-225.678360,344.510986,201.053009,-225.460968,340.731293,205.196945,-225.369385,336.822998,209.024994,-225.317902
	],

	"normals" : [
		0.603753,0.733301,0.312652,0.694054,0.583309,0.421947,0.677536,0.532825,0.506993,0.593231,0.565891,0.572577,0.437446,0.709971,0.551890,0.617153,0.656284,0.434067,0.646425,0.629107,0.431693,0.630143,0.627227,0.457718,0.587399,0.649649,0.482616,0.522305,0.716379,0.462600,
		0.679054,0.526565,0.511484,0.681948,0.616224,0.393973,0.677628,0.659408,0.325578,0.655996,0.698027,0.287103,0.609526,0.752184,0.250395,0.796798,0.521305,0.305539,0.775239,0.602731,0.188996,0.747819,0.654917,0.108860,0.709083,0.702408,0.061843,0.651616,0.758157,0.024386,
		0.860382,0.502346,0.085978,0.806908,0.590110,0.025887,0.759864,0.649854,0.017212,0.718463,0.695349,0.017349,0.680986,0.732194,-0.012225
	],

	"faces": [
		32 ,0,1,5 ,0,1,5,
		32 ,5,1,6 ,5,1,6,
		32 ,5,6,10 ,5,6,10,
		32 ,10,6,11 ,10,6,11,
		32 ,10,11,15 ,10,11,15,
		32 ,15,11,16 ,15,11,16,
		32 ,15,16,20 ,15,16,20,
		32 ,20,16,21 ,20,16,21,
		32 ,1,2,6 ,1,2,6,
		32 ,6,2,7 ,6,2,7,
		32 ,6,7,11 ,6,7,11,
		32 ,11,7,12 ,11,7,12,
		32 ,11,12,16 ,11,12,16,
		32 ,16,12,17 ,16,12,17,
		32 ,16,17,21 ,16,17,21,
		32 ,21,17,22 ,21,17,22,
		32 ,2,3,7 ,2,3,7,
		32 ,7,3,8 ,7,3,8,
		32 ,7,8,12 ,7,8,12,
		32 ,12,8,13 ,12,8,13,
		32 ,12,13,17 ,12,13,17,
		32 ,17,13,18 ,17,13,18,
		32 ,17,18,22 ,17,18,22,
		32 ,22,18,23 ,22,18,23,
		32 ,3,4,8 ,3,4,8,
		32 ,8,4,9 ,8,4,9,
		32 ,8,9,13 ,8,9,13,
		32 ,13,9,14 ,13,9,14,
		32 ,13,14,18 ,13,14,18,
		32 ,18,14,19 ,18,14,19,
		32 ,18,19,23 ,18,19,23,
		32 ,23,19,24 ,23,19,24
	]

}
