{
	"metadata" : {
		"formatVersion" : 3,
		"description" : "Exported from LibZinc."
	},

	"vertices" : [
		345.487701,212.043503,-249.626694,340.170105,215.063004,-249.716949,335.148071,217.339050,-249.755585,330.210785,219.203445,-249.745956,325.147491,220.988007,-249.691406,340.988281,209.298523,-241.747971,336.320282,212.453506,-241.939423,331.677277,215.028091,-242.115906,327.024323,217.287003,-242.202621,322.326324,219.494949,-242.124741,
		338.601807,208.250717,-236.076721,334.278290,211.539291,-236.210724,329.907471,214.423065,-236.317963,325.477692,217.018219,-236.336761,320.977325,219.440979,-236.205429,337.492096,208.344666,-231.103271,333.358032,211.760818,-231.114731,329.179840,214.898834,-231.076859,324.913452,217.736389,-230.972763,320.514740,220.251144,-230.785583,
		336.822998,209.024994,-225.317902,332.873352,212.558517,-225.235336,328.835663,215.830292,-225.107681,324.674072,218.780792,-224.934998,320.352814,221.350494,-224.717300
	],

	"normals" : [
		0.437446,0.709971,0.551890,0.382979,0.771070,0.508703,0.331240,0.816128,0.473513,0.305060,0.848152,0.433101,0.316633,0.871579,0.374290,0.522305,0.716379,0.462600,0.462162,0.789912,0.403045,0.420086,0.842405,0.337463,0.407581,0.871444,0.272880,0.428952,0.875944,0.220729,
		0.609526,0.752184,0.250395,0.562575,0.805109,0.187907,0.521757,0.846521,0.105696,0.487158,0.872760,0.031108,0.463271,0.886178,-0.008318,0.651616,0.758157,0.024386,0.620116,0.784240,-0.020585,0.576268,0.813684,-0.076376,0.519607,0.845265,-0.124642,0.452637,0.879184,-0.148846,
		0.680986,0.732194,-0.012225,0.648439,0.759376,-0.053615,0.602600,0.794170,-0.078532,0.541531,0.834934,-0.098127,0.462780,0.878004,-0.122242
	],

	"faces": [
		32 ,0,1,5 ,0,1,5,
		32 ,5,1,6 ,5,1,6,
		32 ,5,6,10 ,5,6,10,
		32 ,10,6,11 ,10,6,11,
		32 ,10,11,15 ,10,11,15,
		32 ,15,11,16 ,15,11,16,
		32 ,15,16,20 ,15,16,20,
		32 ,20,16,21 ,20,16,21,
		32 ,1,2,6 ,1,2,6,
		32 ,6,2,7 ,6,2,7,
		32 ,6,7,11 ,6,7,11,
		32 ,11,7,12 ,11,7,12,
		32 ,11,12,16 ,11,12,16,
		32 ,16,12,17 ,16,12,17,
		32 ,16,17,21 ,16,17,21,
		32 ,21,17,22 ,21,17,22,
		32 ,2,3,7 ,2,3,7,
		32 ,7,3,8 ,7,3,8,
		32 ,7,8,12 ,7,8,12,
		32 ,12,8,13 ,12,8,13,
		32 ,12,13,17 ,12,13,17,
		32 ,17,13,18 ,17,13,18,
		32 ,17,18,22 ,17,18,22,
		32 ,22,18,23 ,22,18,23,
		32 ,3,4,8 ,3,4,8,
		32 ,8,4,9 ,8,4,9,
		32 ,8,9,13 ,8,9,13,
		32 ,13,9,14 ,13,9,14,
		32 ,13,14,18 ,13,14,18,
		32 ,18,14,19 ,18,14,19,
		32 ,18,19,23 ,18,19,23,
		32 ,23,19,24 ,23,19,24
	]

}
