{
	"metadata" : {
		"formatVersion" : 3,
		"description" : "Exported from LibZinc."
	},

	"vertices" : [
		325.147491,220.988007,-249.691406,319.824982,223.206757,-249.556778,314.505829,225.826752,-249.419861,309.573059,228.359268,-249.453354,305.409698,230.315598,-249.830002,322.326324,219.494949,-242.124741,317.498199,222.040085,-241.870056,312.661011,224.827469,-241.601974,308.088898,227.397278,-241.509018,304.056061,229.289642,-241.779739,
		320.977325,219.440979,-236.205429,316.446350,222.025864,-235.911102,311.977386,224.776123,-235.593643,307.637695,227.311111,-235.420486,303.494476,229.250153,-235.559036,320.514740,220.251144,-230.785583,316.150635,222.763046,-230.488281,311.929291,225.402512,-230.155869,307.718536,227.862946,-229.924606,303.386200,229.837723,-229.930740,
		320.352814,221.350494,-224.717300,316.092224,223.850571,-224.409958,311.990906,226.436432,-224.049622,307.830475,228.814957,-223.758224,303.392487,230.692993,-223.657700
	],

	"normals" : [
		0.316633,0.871579,0.374290,0.406871,0.854874,0.321940,0.441954,0.854779,0.272083,0.429968,0.870672,0.238869,0.338828,0.913082,0.226886,0.428952,0.875944,0.220729,0.490013,0.851665,0.185886,0.501090,0.852479,0.148958,0.463991,0.877297,0.122725,0.340982,0.933838,0.108066,
		0.463271,0.886178,-0.008318,0.517230,0.855770,-0.011427,0.521234,0.853044,-0.025135,0.475230,0.879194,-0.034260,0.354883,0.934167,-0.037271,0.452637,0.879184,-0.148846,0.510526,0.848179,-0.141261,0.514278,0.845832,-0.141729,0.463021,0.875520,-0.138119,0.346275,0.929530,-0.126758,
		0.462780,0.878004,-0.122242,0.517479,0.845494,-0.131741,0.512371,0.847676,-0.137552,0.445273,0.885214,-0.134643,0.311319,0.943342,-0.114832
	],

	"faces": [
		32 ,0,1,5 ,0,1,5,
		32 ,5,1,6 ,5,1,6,
		32 ,5,6,10 ,5,6,10,
		32 ,10,6,11 ,10,6,11,
		32 ,10,11,15 ,10,11,15,
		32 ,15,11,16 ,15,11,16,
		32 ,15,16,20 ,15,16,20,
		32 ,20,16,21 ,20,16,21,
		32 ,1,2,6 ,1,2,6,
		32 ,6,2,7 ,6,2,7,
		32 ,6,7,11 ,6,7,11,
		32 ,11,7,12 ,11,7,12,
		32 ,11,12,16 ,11,12,16,
		32 ,16,12,17 ,16,12,17,
		32 ,16,17,21 ,16,17,21,
		32 ,21,17,22 ,21,17,22,
		32 ,2,3,7 ,2,3,7,
		32 ,7,3,8 ,7,3,8,
		32 ,7,8,12 ,7,8,12,
		32 ,12,8,13 ,12,8,13,
		32 ,12,13,17 ,12,13,17,
		32 ,17,13,18 ,17,13,18,
		32 ,17,18,22 ,17,18,22,
		32 ,22,18,23 ,22,18,23,
		32 ,3,4,8 ,3,4,8,
		32 ,8,4,9 ,8,4,9,
		32 ,8,9,13 ,8,9,13,
		32 ,13,9,14 ,13,9,14,
		32 ,13,14,18 ,13,14,18,
		32 ,18,14,19 ,18,14,19,
		32 ,18,19,23 ,18,19,23,
		32 ,23,19,24 ,23,19,24
	]

}
