{
	"metadata" : {
		"formatVersion" : 3,
		"description" : "Exported from LibZinc."
	},

	"vertices" : [
		285.425995,99.257751,-217.374298,299.485809,100.609474,-217.581512,313.287781,104.557625,-218.456940,325.574188,110.584488,-220.180450,335.087311,118.172401,-222.931900,285.386505,102.318832,-210.258957,298.138733,103.599266,-210.267715,310.636169,107.330551,-210.627487,321.770966,113.189453,-211.757141,330.435364,120.852737,-214.075546,
		285.330414,104.327904,-203.469650,297.341705,105.581413,-203.471420,309.038666,109.148972,-203.688171,319.579102,114.717163,-204.422852,328.120728,121.972542,-205.978409,285.280060,105.343483,-196.643509,296.934998,106.595573,-196.696747,308.235779,110.064651,-196.909607,318.565674,115.356445,-197.370178,327.308014,122.076675,-198.166519,
		285.257690,105.424103,-189.417694,296.758972,106.681419,-189.447800,307.967957,110.129356,-189.562408,318.297821,115.296143,-189.791718,327.161804,121.709999,-190.165894
	],

	"normals" : [
		-0.009901,-0.898872,0.438100,0.185986,-0.879171,0.438711,0.356480,-0.818453,0.450618,0.524900,-0.683429,0.507351,0.688492,-0.402723,0.603152,-0.004705,-0.938952,0.344017,0.186318,-0.916553,0.353859,0.365523,-0.852685,0.373257,0.557124,-0.726938,0.401464,0.767247,-0.491929,0.411508,
		-0.000744,-0.976090,0.217363,0.196860,-0.953306,0.229029,0.375978,-0.893719,0.244760,0.557712,-0.794770,0.239371,0.750875,-0.636034,0.177899,0.001062,-0.997026,0.077063,0.205157,-0.975091,0.084307,0.377893,-0.921395,0.090714,0.534887,-0.841799,0.072591,0.686732,-0.726852,0.009227,
		0.000423,-0.998817,-0.048621,0.207213,-0.977326,-0.043549,0.373539,-0.926903,-0.036320,0.516808,-0.855422,-0.034108,0.653732,-0.756080,-0.031276
	],

	"faces": [
		32 ,0,1,5 ,0,1,5,
		32 ,5,1,6 ,5,1,6,
		32 ,5,6,10 ,5,6,10,
		32 ,10,6,11 ,10,6,11,
		32 ,10,11,15 ,10,11,15,
		32 ,15,11,16 ,15,11,16,
		32 ,15,16,20 ,15,16,20,
		32 ,20,16,21 ,20,16,21,
		32 ,1,2,6 ,1,2,6,
		32 ,6,2,7 ,6,2,7,
		32 ,6,7,11 ,6,7,11,
		32 ,11,7,12 ,11,7,12,
		32 ,11,12,16 ,11,12,16,
		32 ,16,12,17 ,16,12,17,
		32 ,16,17,21 ,16,17,21,
		32 ,21,17,22 ,21,17,22,
		32 ,2,3,7 ,2,3,7,
		32 ,7,3,8 ,7,3,8,
		32 ,7,8,12 ,7,8,12,
		32 ,12,8,13 ,12,8,13,
		32 ,12,13,17 ,12,13,17,
		32 ,17,13,18 ,17,13,18,
		32 ,17,18,22 ,17,18,22,
		32 ,22,18,23 ,22,18,23,
		32 ,3,4,8 ,3,4,8,
		32 ,8,4,9 ,8,4,9,
		32 ,8,9,13 ,8,9,13,
		32 ,13,9,14 ,13,9,14,
		32 ,13,14,18 ,13,14,18,
		32 ,18,14,19 ,18,14,19,
		32 ,18,19,23 ,18,19,23,
		32 ,23,19,24 ,23,19,24
	]

}
