{
	"metadata" : {
		"formatVersion" : 3,
		"description" : "Exported from LibZinc."
	},

	"vertices" : [
		357.956512,172.677399,-228.936096,356.574677,177.860046,-228.410339,355.139191,182.772858,-227.635010,353.379333,187.499649,-226.803024,351.024292,192.124207,-226.107300,352.858490,174.515350,-220.280853,352.669952,179.487503,-220.110031,352.343719,184.239029,-219.897903,351.493347,188.842056,-219.651154,349.732452,193.368759,-219.376480,
		350.758209,176.017456,-212.162689,351.018463,180.925522,-212.329956,351.039398,185.577469,-212.513916,350.434814,190.087082,-212.653000,348.818329,194.568161,-212.685547,350.118561,177.294357,-204.208420,350.402740,182.294357,-204.689423,350.473511,186.948044,-205.186340,349.924286,191.432541,-205.615814,348.348419,195.924973,-205.894547,
		349.402405,178.456696,-196.044800,349.605438,183.714218,-196.807800,349.893219,188.510559,-197.618408,349.682312,193.076248,-198.346878,348.389191,197.641800,-198.863495
	],

	"normals" : [
		0.792899,0.177664,0.582878,0.850877,0.162734,0.499526,0.897329,0.223718,0.380462,0.907608,0.352981,0.227270,0.860382,0.502346,0.085978,0.929770,0.034620,0.366509,0.952743,0.025893,0.302672,0.968250,0.097357,0.230246,0.956234,0.252159,0.148431,0.887099,0.456746,0.066627,
		0.988298,-0.044938,0.145768,0.991128,-0.037696,0.127450,0.993517,0.053317,0.100403,0.971632,0.228394,0.061374,0.894511,0.446915,0.010840,0.997295,-0.043642,0.059149,0.996398,-0.043294,0.072918,0.997716,0.043148,0.051968,0.975997,0.217784,0.000483,0.897627,0.435831,-0.065701,
		0.988990,0.024268,0.145976,0.985543,-0.041059,0.164374,0.993953,-0.010421,0.109309,0.989840,0.141919,-0.008727,0.910723,0.386450,-0.145742
	],

	"faces": [
		32 ,0,1,5 ,0,1,5,
		32 ,5,1,6 ,5,1,6,
		32 ,5,6,10 ,5,6,10,
		32 ,10,6,11 ,10,6,11,
		32 ,10,11,15 ,10,11,15,
		32 ,15,11,16 ,15,11,16,
		32 ,15,16,20 ,15,16,20,
		32 ,20,16,21 ,20,16,21,
		32 ,1,2,6 ,1,2,6,
		32 ,6,2,7 ,6,2,7,
		32 ,6,7,11 ,6,7,11,
		32 ,11,7,12 ,11,7,12,
		32 ,11,12,16 ,11,12,16,
		32 ,16,12,17 ,16,12,17,
		32 ,16,17,21 ,16,17,21,
		32 ,21,17,22 ,21,17,22,
		32 ,2,3,7 ,2,3,7,
		32 ,7,3,8 ,7,3,8,
		32 ,7,8,12 ,7,8,12,
		32 ,12,8,13 ,12,8,13,
		32 ,12,13,17 ,12,13,17,
		32 ,17,13,18 ,17,13,18,
		32 ,17,18,22 ,17,18,22,
		32 ,22,18,23 ,22,18,23,
		32 ,3,4,8 ,3,4,8,
		32 ,8,4,9 ,8,4,9,
		32 ,8,9,13 ,8,9,13,
		32 ,13,9,14 ,13,9,14,
		32 ,13,14,18 ,13,14,18,
		32 ,18,14,19 ,18,14,19,
		32 ,18,19,23 ,18,19,23,
		32 ,23,19,24 ,23,19,24
	]

}
