{
	"metadata" : {
		"formatVersion" : 3,
		"description" : "Exported from LibZinc."
	},

	"vertices" : [
		320.352814,221.350494,-224.717300,316.092224,223.850571,-224.409958,311.990906,226.436432,-224.049622,307.830475,228.814957,-223.758224,303.392487,230.692993,-223.657700,319.907013,222.013535,-217.805664,315.801117,224.705017,-217.458130,311.799194,227.437729,-217.074280,307.704956,229.888870,-216.747620,303.322144,231.735626,-216.571655,
		319.287537,222.565002,-210.743774,315.397522,225.616318,-210.352875,311.529572,228.679382,-209.994186,307.537201,231.420746,-209.697876,303.273987,233.506989,-209.494110,318.950500,224.005386,-203.715775,315.247864,227.493484,-203.309753,311.464111,230.960846,-203.017792,307.522034,234.094208,-202.814026,303.344513,236.580292,-202.672592,
		319.352112,227.335205,-196.905807,315.718689,231.245544,-196.544281,311.884857,235.081635,-196.353516,307.854187,238.592880,-196.301102,303.630188,241.528702,-196.354599
	],

	"normals" : [
		0.462780,0.878004,-0.122242,0.517479,0.845494,-0.131741,0.512371,0.847676,-0.137552,0.445273,0.885214,-0.134643,0.311319,0.943342,-0.114832,0.518376,0.855108,-0.008715,0.562510,0.825096,-0.052899,0.541514,0.835241,-0.095581,0.452769,0.881069,-0.136809,0.291912,0.941180,-0.170199,
		0.592556,0.804109,-0.047812,0.618295,0.778665,-0.106732,0.586473,0.792984,-0.165000,0.491274,0.840103,-0.229948,0.322794,0.898100,-0.298696,0.643142,0.730648,-0.229176,0.645651,0.709805,-0.281624,0.606804,0.721134,-0.334297,0.518134,0.756173,-0.399674,0.366224,0.796684,-0.480806,
		0.604322,0.612739,-0.509261,0.590646,0.600637,-0.538863,0.557130,0.607435,-0.566241,0.493814,0.623166,-0.606474,0.390076,0.632027,-0.669614
	],

	"faces": [
		32 ,0,1,5 ,0,1,5,
		32 ,5,1,6 ,5,1,6,
		32 ,5,6,10 ,5,6,10,
		32 ,10,6,11 ,10,6,11,
		32 ,10,11,15 ,10,11,15,
		32 ,15,11,16 ,15,11,16,
		32 ,15,16,20 ,15,16,20,
		32 ,20,16,21 ,20,16,21,
		32 ,1,2,6 ,1,2,6,
		32 ,6,2,7 ,6,2,7,
		32 ,6,7,11 ,6,7,11,
		32 ,11,7,12 ,11,7,12,
		32 ,11,12,16 ,11,12,16,
		32 ,16,12,17 ,16,12,17,
		32 ,16,17,21 ,16,17,21,
		32 ,21,17,22 ,21,17,22,
		32 ,2,3,7 ,2,3,7,
		32 ,7,3,8 ,7,3,8,
		32 ,7,8,12 ,7,8,12,
		32 ,12,8,13 ,12,8,13,
		32 ,12,13,17 ,12,13,17,
		32 ,17,13,18 ,17,13,18,
		32 ,17,18,22 ,17,18,22,
		32 ,22,18,23 ,22,18,23,
		32 ,3,4,8 ,3,4,8,
		32 ,8,4,9 ,8,4,9,
		32 ,8,9,13 ,8,9,13,
		32 ,13,9,14 ,13,9,14,
		32 ,13,14,18 ,13,14,18,
		32 ,18,14,19 ,18,14,19,
		32 ,18,19,23 ,18,19,23,
		32 ,23,19,24 ,23,19,24
	]

}
