{
	"metadata" : {
		"formatVersion" : 3,
		"description" : "Exported from LibZinc."
	},

	"vertices" : [
		223.406097,153.456207,-193.246506,226.157730,145.472931,-192.399307,230.435364,137.165634,-191.517761,236.208252,129.061188,-190.727646,243.445694,121.686501,-190.154694,224.194397,153.165512,-184.684799,226.797287,145.023697,-183.924805,230.748383,136.620728,-183.230637,236.176529,128.451752,-182.640656,243.210526,121.011841,-182.193237,
		223.789185,152.440186,-176.706482,226.304184,144.077835,-176.051544,230.162338,135.562210,-175.490448,235.528336,127.307060,-175.035843,242.566864,119.726074,-174.700363,222.539505,151.451172,-168.923004,225.008545,142.817169,-168.406601,228.834213,134.114639,-167.973877,234.217819,125.680771,-167.631256,241.360657,117.852745,-167.385117,
		220.794403,150.369400,-160.945801,223.240494,141.423523,-160.617035,226.921051,132.402557,-160.357590,232.199142,123.626511,-160.144928,239.437805,115.415398,-159.956497
	],

	"normals" : [
		-0.959523,-0.231800,0.159951,-0.916705,-0.377967,0.129589,-0.856165,-0.512482,0.065911,-0.768793,-0.639498,-0.000751,-0.649721,-0.759145,-0.039518,-0.969842,-0.243735,-0.000173,-0.930411,-0.365232,-0.030684,-0.869005,-0.490053,-0.068397,-0.778119,-0.619525,-0.103538,-0.650242,-0.748357,-0.130949,
		-0.962269,-0.235818,-0.135752,-0.920575,-0.353702,-0.165641,-0.857901,-0.476777,-0.191545,-0.767828,-0.604205,-0.213018,-0.644125,-0.727791,-0.235423,-0.949982,-0.222317,-0.219341,-0.908008,-0.337598,-0.248091,-0.842262,-0.459146,-0.282454,-0.750204,-0.582151,-0.313521,-0.631267,-0.697844,-0.338401,
		-0.944422,-0.219533,-0.244690,-0.910931,-0.311388,-0.270631,-0.842461,-0.424467,-0.331794,-0.740075,-0.545721,-0.393036,-0.613763,-0.664427,-0.426417
	],

	"faces": [
		32 ,0,1,5 ,0,1,5,
		32 ,5,1,6 ,5,1,6,
		32 ,5,6,10 ,5,6,10,
		32 ,10,6,11 ,10,6,11,
		32 ,10,11,15 ,10,11,15,
		32 ,15,11,16 ,15,11,16,
		32 ,15,16,20 ,15,16,20,
		32 ,20,16,21 ,20,16,21,
		32 ,1,2,6 ,1,2,6,
		32 ,6,2,7 ,6,2,7,
		32 ,6,7,11 ,6,7,11,
		32 ,11,7,12 ,11,7,12,
		32 ,11,12,16 ,11,12,16,
		32 ,16,12,17 ,16,12,17,
		32 ,16,17,21 ,16,17,21,
		32 ,21,17,22 ,21,17,22,
		32 ,2,3,7 ,2,3,7,
		32 ,7,3,8 ,7,3,8,
		32 ,7,8,12 ,7,8,12,
		32 ,12,8,13 ,12,8,13,
		32 ,12,13,17 ,12,13,17,
		32 ,17,13,18 ,17,13,18,
		32 ,17,18,22 ,17,18,22,
		32 ,22,18,23 ,22,18,23,
		32 ,3,4,8 ,3,4,8,
		32 ,8,4,9 ,8,4,9,
		32 ,8,9,13 ,8,9,13,
		32 ,13,9,14 ,13,9,14,
		32 ,13,14,18 ,13,14,18,
		32 ,18,14,19 ,18,14,19,
		32 ,18,19,23 ,18,19,23,
		32 ,23,19,24 ,23,19,24
	]

}
