{
	"metadata" : {
		"formatVersion" : 3,
		"description" : "Exported from LibZinc."
	},

	"vertices" : [
		462.578003,173.490097,-1710.000000,457.308746,174.231522,-1709.904053,452.042358,173.947449,-1709.638794,446.773956,172.409027,-1709.554077,441.498688,169.387405,-1710.000000,461.309998,171.642380,-1701.861938,455.954987,172.007614,-1701.994507,450.697845,171.191147,-1701.991699,445.530548,169.081223,-1702.125244,440.445068,165.566116,-1702.667114,
		459.468140,169.892700,-1693.833130,453.828888,169.862701,-1694.252808,448.514526,168.340103,-1694.655762,443.490295,165.421051,-1695.292603,438.721527,161.201675,-1696.414185,457.053955,167.823349,-1683.887817,450.998291,167.263535,-1684.706177,445.639404,165.085052,-1685.659912,440.809204,161.432739,-1686.806763,436.339752,156.451431,-1688.204224,
		454.068909,165.016602,-1670.000000,447.530914,163.676849,-1671.381592,442.219452,161.116684,-1673.033081,437.643341,157.120514,-1674.418091,433.311401,151.472702,-1675.000000
	],

	"normals" : [
		0.207048,0.948282,0.240608,0.061150,0.958850,0.277249,-0.143182,0.943514,0.298799,-0.380096,0.877754,0.291675,-0.594623,0.763294,0.252600,0.149709,0.958163,0.243948,-0.038603,0.964667,0.260630,-0.256693,0.921920,0.290125,-0.468416,0.826603,0.311951,-0.641588,0.698922,0.316025,
		0.104154,0.967271,0.231385,-0.154297,0.963589,0.218377,-0.404958,0.890140,0.208948,-0.601209,0.771511,0.208132,-0.735256,0.643203,0.213746,0.020684,0.978547,0.204981,-0.260711,0.948060,0.182239,-0.517477,0.845669,0.130620,-0.694837,0.713433,0.090638,-0.797627,0.598439,0.075249,
		-0.131776,0.976641,0.169729,-0.347734,0.922930,0.165170,-0.574637,0.812329,0.099572,-0.741635,0.669960,0.033628,-0.831468,0.555572,0.001008
	],

	"faces": [
		32 ,0,1,5 ,0,1,5,
		32 ,5,1,6 ,5,1,6,
		32 ,5,6,10 ,5,6,10,
		32 ,10,6,11 ,10,6,11,
		32 ,10,11,15 ,10,11,15,
		32 ,15,11,16 ,15,11,16,
		32 ,15,16,20 ,15,16,20,
		32 ,20,16,21 ,20,16,21,
		32 ,1,2,6 ,1,2,6,
		32 ,6,2,7 ,6,2,7,
		32 ,6,7,11 ,6,7,11,
		32 ,11,7,12 ,11,7,12,
		32 ,11,12,16 ,11,12,16,
		32 ,16,12,17 ,16,12,17,
		32 ,16,17,21 ,16,17,21,
		32 ,21,17,22 ,21,17,22,
		32 ,2,3,7 ,2,3,7,
		32 ,7,3,8 ,7,3,8,
		32 ,7,8,12 ,7,8,12,
		32 ,12,8,13 ,12,8,13,
		32 ,12,13,17 ,12,13,17,
		32 ,17,13,18 ,17,13,18,
		32 ,17,18,22 ,17,18,22,
		32 ,22,18,23 ,22,18,23,
		32 ,3,4,8 ,3,4,8,
		32 ,8,4,9 ,8,4,9,
		32 ,8,9,13 ,8,9,13,
		32 ,13,9,14 ,13,9,14,
		32 ,13,14,18 ,13,14,18,
		32 ,18,14,19 ,18,14,19,
		32 ,18,19,23 ,18,19,23,
		32 ,23,19,24 ,23,19,24
	]

}
