{
	"metadata" : {
		"formatVersion" : 3,
		"description" : "Exported from LibZinc."
	},

	"vertices" : [
		348.389191,197.641800,-198.863495,345.673523,201.896072,-199.029434,341.960510,205.582916,-198.900208,337.815277,209.015335,-198.637634,333.802795,212.506302,-198.403503,349.415619,199.953873,-191.766876,346.985474,204.543228,-192.169449,343.369659,208.660828,-192.248886,339.265411,212.578552,-192.233871,335.369812,216.568298,-192.353104,
		351.437958,202.713409,-184.728653,349.367920,207.932083,-185.583633,346.034424,212.810623,-186.190948,342.185913,217.523071,-186.773941,338.570709,222.243469,-187.555908,353.825806,205.548462,-177.533096,352.061615,211.541397,-178.956757,349.165894,217.359039,-180.254028,345.781555,223.037964,-181.580261,342.551544,228.614716,-183.090790,
		355.948700,208.087097,-169.964493,354.307312,214.849945,-171.973618,351.975098,221.632828,-173.965775,349.257080,228.312286,-175.975327,346.458405,234.764893,-178.036606
	],

	"normals" : [
		0.910723,0.386450,-0.145742,0.741442,0.626568,-0.240159,0.621179,0.730554,-0.283598,0.589021,0.746011,-0.310679,0.646997,0.686007,-0.332850,0.915572,0.258823,-0.307795,0.730231,0.510715,-0.453797,0.588281,0.589677,-0.553359,0.533381,0.559455,-0.634441,0.565492,0.444590,-0.694665,
		0.925107,0.133165,-0.355590,0.775330,0.365366,-0.515142,0.637828,0.421789,-0.644414,0.565084,0.362932,-0.740919,0.569025,0.228705,-0.789876,0.941950,0.069175,-0.328550,0.853127,0.248697,-0.458612,0.746644,0.287936,-0.599679,0.669044,0.231394,-0.706284,0.651809,0.122260,-0.748464,
		0.964091,0.096780,-0.247310,0.933078,0.190235,-0.305247,0.875902,0.205133,-0.436710,0.809302,0.172105,-0.561614,0.773124,0.129107,-0.620976
	],

	"faces": [
		32 ,0,1,5 ,0,1,5,
		32 ,5,1,6 ,5,1,6,
		32 ,5,6,10 ,5,6,10,
		32 ,10,6,11 ,10,6,11,
		32 ,10,11,15 ,10,11,15,
		32 ,15,11,16 ,15,11,16,
		32 ,15,16,20 ,15,16,20,
		32 ,20,16,21 ,20,16,21,
		32 ,1,2,6 ,1,2,6,
		32 ,6,2,7 ,6,2,7,
		32 ,6,7,11 ,6,7,11,
		32 ,11,7,12 ,11,7,12,
		32 ,11,12,16 ,11,12,16,
		32 ,16,12,17 ,16,12,17,
		32 ,16,17,21 ,16,17,21,
		32 ,21,17,22 ,21,17,22,
		32 ,2,3,7 ,2,3,7,
		32 ,7,3,8 ,7,3,8,
		32 ,7,8,12 ,7,8,12,
		32 ,12,8,13 ,12,8,13,
		32 ,12,13,17 ,12,13,17,
		32 ,17,13,18 ,17,13,18,
		32 ,17,18,22 ,17,18,22,
		32 ,22,18,23 ,22,18,23,
		32 ,3,4,8 ,3,4,8,
		32 ,8,4,9 ,8,4,9,
		32 ,8,9,13 ,8,9,13,
		32 ,13,9,14 ,13,9,14,
		32 ,13,14,18 ,13,14,18,
		32 ,18,14,19 ,18,14,19,
		32 ,18,19,23 ,18,19,23,
		32 ,23,19,24 ,23,19,24
	]

}
