{
	"metadata" : {
		"formatVersion" : 3,
		"description" : "Exported from LibZinc."
	},

	"vertices" : [
		224.049103,234.779495,-178.042206,221.252594,228.327637,-175.984161,218.530228,221.645767,-173.964859,216.191101,214.859512,-171.956085,214.544296,208.094498,-169.929596,221.484512,239.812225,-171.077072,218.826324,232.734207,-168.835266,216.541672,225.246216,-166.443008,214.540466,217.654297,-164.002548,212.732651,210.264496,-161.616180,
		220.543579,243.666840,-162.330521,217.618866,236.281082,-160.211716,215.273911,228.251495,-157.786835,213.187500,220.066376,-155.245422,211.038422,212.214005,-152.777084,220.612656,246.666809,-153.077072,217.272751,239.133636,-151.221161,214.599716,230.743118,-148.956833,212.217484,222.128113,-146.505905,209.750015,213.921478,-144.090179,
		221.078094,249.135605,-144.591202,217.430557,241.457260,-142.971237,214.391861,232.802597,-140.913528,211.715744,223.871872,-138.605179,209.155899,215.365295,-136.233307
	],

	"normals" : [
		-0.772952,0.129371,-0.621135,-0.809289,0.171893,-0.561697,-0.875869,0.204861,-0.436904,-0.933037,0.190224,-0.305378,-0.964221,0.096860,-0.246770,-0.900636,0.276930,-0.334911,-0.927732,0.213236,-0.306338,-0.948640,0.183261,-0.257873,-0.960114,0.168676,-0.223002,-0.959172,0.156064,-0.235866,
		-0.905160,0.387518,-0.174684,-0.949410,0.264631,-0.169089,-0.964885,0.203921,-0.165572,-0.965713,0.191059,-0.175769,-0.951712,0.222920,-0.211072,-0.880937,0.462410,-0.100631,-0.942843,0.318971,-0.096462,-0.963149,0.244794,-0.111445,-0.964081,0.227781,-0.136613,-0.948337,0.272106,-0.163144,
		-0.868992,0.485765,-0.094262,-0.931898,0.356954,-0.064424,-0.956016,0.283663,-0.074620,-0.962363,0.256852,-0.088798,-0.955692,0.285526,-0.071607
	],

	"faces": [
		32 ,0,1,5 ,0,1,5,
		32 ,5,1,6 ,5,1,6,
		32 ,5,6,10 ,5,6,10,
		32 ,10,6,11 ,10,6,11,
		32 ,10,11,15 ,10,11,15,
		32 ,15,11,16 ,15,11,16,
		32 ,15,16,20 ,15,16,20,
		32 ,20,16,21 ,20,16,21,
		32 ,1,2,6 ,1,2,6,
		32 ,6,2,7 ,6,2,7,
		32 ,6,7,11 ,6,7,11,
		32 ,11,7,12 ,11,7,12,
		32 ,11,12,16 ,11,12,16,
		32 ,16,12,17 ,16,12,17,
		32 ,16,17,21 ,16,17,21,
		32 ,21,17,22 ,21,17,22,
		32 ,2,3,7 ,2,3,7,
		32 ,7,3,8 ,7,3,8,
		32 ,7,8,12 ,7,8,12,
		32 ,12,8,13 ,12,8,13,
		32 ,12,13,17 ,12,13,17,
		32 ,17,13,18 ,17,13,18,
		32 ,17,18,22 ,17,18,22,
		32 ,22,18,23 ,22,18,23,
		32 ,3,4,8 ,3,4,8,
		32 ,8,4,9 ,8,4,9,
		32 ,8,9,13 ,8,9,13,
		32 ,13,9,14 ,13,9,14,
		32 ,13,14,18 ,13,14,18,
		32 ,18,14,19 ,18,14,19,
		32 ,18,19,23 ,18,19,23,
		32 ,23,19,24 ,23,19,24
	]

}
