{
	"metadata" : {
		"formatVersion" : 3,
		"description" : "Exported from LibZinc."
	},

	"vertices" : [
		285.282806,95.155159,-159.963501,298.068268,96.858192,-159.928619,310.394806,101.375946,-159.869812,321.607239,107.845238,-159.856995,331.050415,115.402901,-159.960098,285.283722,90.933571,-152.061066,298.846924,92.767403,-152.043869,311.915497,97.627174,-152.026093,323.755127,104.560814,-152.056564,333.631409,112.616211,-152.184113,
		285.279205,86.734962,-143.613190,299.715881,88.687096,-143.652451,313.615112,93.862099,-143.756104,326.139160,101.254837,-143.905182,336.450256,109.860199,-144.080780,285.273407,82.853363,-134.849243,300.564880,84.917000,-134.957016,315.298798,90.395546,-135.208405,328.487305,98.244568,-135.502731,339.142456,107.419640,-135.739349,
		285.270386,79.582802,-125.998596,301.283569,81.756805,-126.160187,316.771698,87.542366,-126.531555,330.527466,95.847267,-126.949066,341.343597,105.579300,-127.249100
	],

	"normals" : [
		0.000530,-0.877156,-0.480205,0.221517,-0.853646,-0.471401,0.383356,-0.803951,-0.454643,0.507181,-0.741636,-0.439026,0.613332,-0.664686,-0.426633,0.000251,-0.887741,-0.460344,0.225158,-0.859795,-0.458318,0.386062,-0.801683,-0.456355,0.507612,-0.732493,-0.453634,0.615072,-0.651378,-0.444290,
		0.000333,-0.903960,-0.427618,0.225899,-0.874823,-0.428549,0.388728,-0.813176,-0.433169,0.515296,-0.738065,-0.435581,0.634133,-0.646340,-0.424405,0.000428,-0.925310,-0.379212,0.228124,-0.896513,-0.379769,0.395896,-0.834123,-0.384064,0.532657,-0.753687,-0.385009,0.669556,-0.645898,-0.366757,
		0.000208,-0.950992,-0.309216,0.235056,-0.922549,-0.306027,0.410654,-0.859940,-0.303096,0.560703,-0.773409,-0.295722,0.719203,-0.642925,-0.263429
	],

	"faces": [
		32 ,0,1,5 ,0,1,5,
		32 ,5,1,6 ,5,1,6,
		32 ,5,6,10 ,5,6,10,
		32 ,10,6,11 ,10,6,11,
		32 ,10,11,15 ,10,11,15,
		32 ,15,11,16 ,15,11,16,
		32 ,15,16,20 ,15,16,20,
		32 ,20,16,21 ,20,16,21,
		32 ,1,2,6 ,1,2,6,
		32 ,6,2,7 ,6,2,7,
		32 ,6,7,11 ,6,7,11,
		32 ,11,7,12 ,11,7,12,
		32 ,11,12,16 ,11,12,16,
		32 ,16,12,17 ,16,12,17,
		32 ,16,17,21 ,16,17,21,
		32 ,21,17,22 ,21,17,22,
		32 ,2,3,7 ,2,3,7,
		32 ,7,3,8 ,7,3,8,
		32 ,7,8,12 ,7,8,12,
		32 ,12,8,13 ,12,8,13,
		32 ,12,13,17 ,12,13,17,
		32 ,17,13,18 ,17,13,18,
		32 ,17,18,22 ,17,18,22,
		32 ,22,18,23 ,22,18,23,
		32 ,3,4,8 ,3,4,8,
		32 ,8,4,9 ,8,4,9,
		32 ,8,9,13 ,8,9,13,
		32 ,13,9,14 ,13,9,14,
		32 ,13,14,18 ,13,14,18,
		32 ,18,14,19 ,18,14,19,
		32 ,18,19,23 ,18,19,23,
		32 ,23,19,24 ,23,19,24
	]

}
