{
	"metadata" : {
		"formatVersion" : 3,
		"description" : "Exported from LibZinc."
	},

	"vertices" : [
		419.329590,90.791771,-1755.000000,419.641235,85.080009,-1756.924438,420.697449,80.521347,-1758.074219,422.319000,76.517296,-1758.936890,424.326599,72.469368,-1760.000000,420.553680,96.980835,-1739.681030,421.045502,91.447464,-1741.314453,422.257812,86.710510,-1742.362671,423.985565,82.308380,-1743.244873,426.023712,77.779480,-1744.380249,
		421.549561,104.105629,-1722.027954,422.283325,98.927185,-1723.354126,423.658173,93.797440,-1724.622070,425.545959,88.712288,-1725.805908,427.818481,83.667656,-1726.879517,422.371338,111.400253,-1703.360840,423.197021,107.051514,-1704.233887,424.687805,101.301704,-1705.435181,426.751373,95.067184,-1706.556274,429.295532,89.264328,-1707.189087,
		423.073090,118.098801,-1685.000000,423.628937,115.352798,-1685.144165,425.135834,108.742897,-1685.384277,427.352966,100.711220,-1685.432373,430.039490,93.699913,-1685.000000
	],

	"normals" : [
		-0.993976,-0.022463,0.107267,-0.966686,-0.187432,0.174321,-0.907984,-0.348624,0.232435,-0.851479,-0.457536,0.256211,-0.834632,-0.494113,0.243394,-0.995995,-0.037844,0.081007,-0.964049,-0.209863,0.162996,-0.910591,-0.349006,0.221401,-0.866963,-0.431922,0.248632,-0.853065,-0.456559,0.252652,
		-0.992001,-0.092769,0.085598,-0.958059,-0.239654,0.157124,-0.917391,-0.344780,0.198797,-0.883899,-0.415027,0.215582,-0.859332,-0.459340,0.224846,-0.983430,-0.152767,0.097610,-0.958987,-0.246195,0.140470,-0.939891,-0.304925,0.153706,-0.916831,-0.368198,0.154439,-0.871568,-0.462233,0.163433,
		0.000000,0.000000,0.000000,-0.972682,-0.209671,0.099639,-0.966559,-0.240151,0.089956,-0.951511,-0.297653,0.077653,-0.896082,-0.437447,0.075344
	],

	"faces": [
		32 ,0,1,5 ,0,1,5,
		32 ,5,1,6 ,5,1,6,
		32 ,5,6,10 ,5,6,10,
		32 ,10,6,11 ,10,6,11,
		32 ,10,11,15 ,10,11,15,
		32 ,15,11,16 ,15,11,16,
		32 ,15,16,20 ,15,16,20,
		32 ,20,16,21 ,20,16,21,
		32 ,1,2,6 ,1,2,6,
		32 ,6,2,7 ,6,2,7,
		32 ,6,7,11 ,6,7,11,
		32 ,11,7,12 ,11,7,12,
		32 ,11,12,16 ,11,12,16,
		32 ,16,12,17 ,16,12,17,
		32 ,16,17,21 ,16,17,21,
		32 ,21,17,22 ,21,17,22,
		32 ,2,3,7 ,2,3,7,
		32 ,7,3,8 ,7,3,8,
		32 ,7,8,12 ,7,8,12,
		32 ,12,8,13 ,12,8,13,
		32 ,12,13,17 ,12,13,17,
		32 ,17,13,18 ,17,13,18,
		32 ,17,18,22 ,17,18,22,
		32 ,22,18,23 ,22,18,23,
		32 ,3,4,8 ,3,4,8,
		32 ,8,4,9 ,8,4,9,
		32 ,8,9,13 ,8,9,13,
		32 ,13,9,14 ,13,9,14,
		32 ,13,14,18 ,13,14,18,
		32 ,18,14,19 ,18,14,19,
		32 ,18,19,23 ,18,19,23,
		32 ,23,19,24 ,23,19,24
	]

}
