{
	"metadata" : {
		"formatVersion" : 3,
		"description" : "Exported from LibZinc."
	},

	"vertices" : [
		256.188110,283.378693,-146.571701,251.347473,280.484100,-147.179123,246.450974,278.279968,-147.405640,241.615967,275.853455,-147.444839,236.959900,272.291687,-147.490295,256.628815,285.587097,-137.360504,251.958328,283.078766,-138.489883,246.915100,281.039215,-139.301117,241.777710,278.612610,-139.837860,236.824768,274.943115,-140.143723,
		258.863434,287.414215,-127.140884,254.811188,285.670471,-128.708740,248.922485,283.735565,-130.924728,242.469482,281.137421,-132.885330,236.724411,277.403931,-133.686996,261.341339,288.658356,-118.852997,258.004974,287.703674,-120.473015,251.266144,285.912079,-123.586357,243.429214,283.193298,-126.552536,236.798508,279.457153,-127.731064,
		262.511902,289.117889,-115.436996,259.638519,288.622864,-116.420029,252.739120,287.111755,-118.595886,244.394836,284.545685,-120.804749,237.186798,280.885712,-121.886803
	],

	"normals" : [
		-0.531460,0.790124,-0.305375,-0.391300,0.853227,-0.344800,-0.375262,0.863199,-0.337735,-0.488122,0.819487,-0.300296,-0.675402,0.695918,-0.243988,-0.549353,0.831631,-0.081246,-0.362867,0.914851,-0.177128,-0.338242,0.908920,-0.243835,-0.458277,0.843173,-0.281143,-0.658790,0.698852,-0.278572,
		-0.558301,0.829480,0.016230,-0.265001,0.952693,-0.148828,-0.245863,0.943714,-0.221259,-0.371428,0.890200,-0.263790,-0.645453,0.714283,-0.270536,-0.563919,0.822832,0.070306,-0.163909,0.972779,-0.163813,-0.193350,0.960213,-0.201512,-0.323428,0.922098,-0.212436,-0.623222,0.754035,-0.207426,
		-0.000000,0.000000,-0.000000,-0.139916,0.981319,-0.132049,-0.208984,0.970379,-0.121203,-0.331466,0.937631,-0.104781,-0.586389,0.805718,-0.083464
	],

	"faces": [
		32 ,0,1,5 ,0,1,5,
		32 ,5,1,6 ,5,1,6,
		32 ,5,6,10 ,5,6,10,
		32 ,10,6,11 ,10,6,11,
		32 ,10,11,15 ,10,11,15,
		32 ,15,11,16 ,15,11,16,
		32 ,15,16,20 ,15,16,20,
		32 ,20,16,21 ,20,16,21,
		32 ,1,2,6 ,1,2,6,
		32 ,6,2,7 ,6,2,7,
		32 ,6,7,11 ,6,7,11,
		32 ,11,7,12 ,11,7,12,
		32 ,11,12,16 ,11,12,16,
		32 ,16,12,17 ,16,12,17,
		32 ,16,17,21 ,16,17,21,
		32 ,21,17,22 ,21,17,22,
		32 ,2,3,7 ,2,3,7,
		32 ,7,3,8 ,7,3,8,
		32 ,7,8,12 ,7,8,12,
		32 ,12,8,13 ,12,8,13,
		32 ,12,13,17 ,12,13,17,
		32 ,17,13,18 ,17,13,18,
		32 ,17,18,22 ,17,18,22,
		32 ,22,18,23 ,22,18,23,
		32 ,3,4,8 ,3,4,8,
		32 ,8,4,9 ,8,4,9,
		32 ,8,9,13 ,8,9,13,
		32 ,13,9,14 ,13,9,14,
		32 ,13,14,18 ,13,14,18,
		32 ,18,14,19 ,18,14,19,
		32 ,18,19,23 ,18,19,23,
		32 ,23,19,24 ,23,19,24
	]

}
