{
	"metadata" : {
		"formatVersion" : 3,
		"description" : "Exported from LibZinc."
	},

	"vertices" : [
		424.326599,72.469368,-1760.000000,427.252411,68.653625,-1761.004761,431.360474,65.915649,-1761.353516,436.069489,64.511246,-1761.025513,440.798187,64.696228,-1760.000000,426.023712,77.779480,-1744.380249,429.079193,73.560738,-1745.429077,433.505157,70.590523,-1745.777710,438.565765,69.159409,-1745.434448,443.525269,69.557953,-1744.407593,
		427.818481,83.667656,-1726.879517,431.212372,79.249290,-1727.599854,436.008331,76.197044,-1727.787598,441.394287,74.737976,-1727.512451,446.558136,75.099144,-1726.844482,429.295532,89.264328,-1707.189087,433.040283,84.666267,-1707.318359,438.214752,81.553795,-1707.274658,443.990417,80.104759,-1707.168213,449.538757,80.496986,-1707.109131,
		430.039490,93.699913,-1685.000000,433.951294,88.758659,-1684.385742,439.469177,85.479393,-1684.130737,445.789612,84.117569,-1684.310303,452.109100,84.928658,-1685.000000
	],

	"normals" : [
		-0.834632,-0.494113,0.243394,-0.622263,-0.733478,0.273493,-0.407092,-0.869517,0.279672,-0.166597,-0.947241,0.273824,0.147463,-0.956381,0.252172,-0.853065,-0.456559,0.252652,-0.620906,-0.718483,0.313461,-0.395950,-0.856826,0.330261,-0.145843,-0.935945,0.320526,0.206424,-0.941309,0.267070,
		-0.859332,-0.459340,0.224846,-0.620584,-0.729489,0.287614,-0.385243,-0.870479,0.306357,-0.129250,-0.945449,0.299032,0.222113,-0.943097,0.247455,-0.871568,-0.462233,0.163433,-0.629853,-0.746763,0.213612,-0.373627,-0.898406,0.230803,-0.097181,-0.968498,0.229277,0.252166,-0.947832,0.195006,
		-0.896082,-0.437447,0.075344,-0.652520,-0.750912,0.101726,-0.362099,-0.925064,0.114630,-0.040776,-0.991519,0.123397,0.326032,-0.938189,0.116208
	],

	"faces": [
		32 ,0,1,5 ,0,1,5,
		32 ,5,1,6 ,5,1,6,
		32 ,5,6,10 ,5,6,10,
		32 ,10,6,11 ,10,6,11,
		32 ,10,11,15 ,10,11,15,
		32 ,15,11,16 ,15,11,16,
		32 ,15,16,20 ,15,16,20,
		32 ,20,16,21 ,20,16,21,
		32 ,1,2,6 ,1,2,6,
		32 ,6,2,7 ,6,2,7,
		32 ,6,7,11 ,6,7,11,
		32 ,11,7,12 ,11,7,12,
		32 ,11,12,16 ,11,12,16,
		32 ,16,12,17 ,16,12,17,
		32 ,16,17,21 ,16,17,21,
		32 ,21,17,22 ,21,17,22,
		32 ,2,3,7 ,2,3,7,
		32 ,7,3,8 ,7,3,8,
		32 ,7,8,12 ,7,8,12,
		32 ,12,8,13 ,12,8,13,
		32 ,12,13,17 ,12,13,17,
		32 ,17,13,18 ,17,13,18,
		32 ,17,18,22 ,17,18,22,
		32 ,22,18,23 ,22,18,23,
		32 ,3,4,8 ,3,4,8,
		32 ,8,4,9 ,8,4,9,
		32 ,8,9,13 ,8,9,13,
		32 ,13,9,14 ,13,9,14,
		32 ,13,14,18 ,13,14,18,
		32 ,18,14,19 ,18,14,19,
		32 ,18,19,23 ,18,19,23,
		32 ,23,19,24 ,23,19,24
	]

}
