{
	"metadata" : {
		"formatVersion" : 3,
		"description" : "Exported from LibZinc."
	},

	"vertices" : [
		221.078094,249.135605,-144.591202,217.430557,241.457260,-142.971237,214.391861,232.802597,-140.913528,211.715744,223.871872,-138.605179,209.155899,215.365295,-136.233307,221.148499,251.524963,-137.431580,217.419693,243.633469,-135.940170,214.227905,234.717133,-134.028488,211.461685,225.493713,-131.856339,209.009491,216.681015,-129.583557,
		220.599747,253.966400,-131.077545,216.907043,245.854782,-129.657944,213.792023,236.665817,-127.844566,211.141922,227.132980,-125.824974,208.843933,217.989716,-123.786690,219.669113,256.302917,-125.184586,216.044495,248.002960,-123.809830,213.116943,238.568054,-122.079308,210.702515,228.736923,-120.211159,208.617264,219.248215,-118.423500,
		218.593903,258.377594,-119.408203,214.983963,249.959763,-118.081154,212.235382,240.343246,-116.450211,210.089478,230.252823,-114.714920,208.287506,220.413300,-113.074799
	],

	"normals" : [
		-0.868992,0.485765,-0.094262,-0.931898,0.356954,-0.064424,-0.956016,0.283663,-0.074620,-0.962363,0.256852,-0.088798,-0.955692,0.285526,-0.071607,-0.867144,0.455258,-0.201993,-0.926537,0.342623,-0.155369,-0.952039,0.277861,-0.128122,-0.963200,0.246968,-0.106078,-0.965634,0.248354,-0.076632,
		-0.859635,0.427051,-0.280453,-0.922568,0.313834,-0.224447,-0.952189,0.252101,-0.172571,-0.966606,0.223599,-0.125206,-0.971410,0.221574,-0.085246,-0.854687,0.413460,-0.313943,-0.921596,0.286372,-0.262014,-0.953922,0.219713,-0.204351,-0.970416,0.192312,-0.145978,-0.976036,0.195677,-0.095203,
		-0.856730,0.423574,-0.294277,-0.924869,0.273725,-0.263992,-0.955935,0.192228,-0.221892,-0.973163,0.157709,-0.167575,-0.981506,0.161197,-0.103252
	],

	"faces": [
		32 ,0,1,5 ,0,1,5,
		32 ,5,1,6 ,5,1,6,
		32 ,5,6,10 ,5,6,10,
		32 ,10,6,11 ,10,6,11,
		32 ,10,11,15 ,10,11,15,
		32 ,15,11,16 ,15,11,16,
		32 ,15,16,20 ,15,16,20,
		32 ,20,16,21 ,20,16,21,
		32 ,1,2,6 ,1,2,6,
		32 ,6,2,7 ,6,2,7,
		32 ,6,7,11 ,6,7,11,
		32 ,11,7,12 ,11,7,12,
		32 ,11,12,16 ,11,12,16,
		32 ,16,12,17 ,16,12,17,
		32 ,16,17,21 ,16,17,21,
		32 ,21,17,22 ,21,17,22,
		32 ,2,3,7 ,2,3,7,
		32 ,7,3,8 ,7,3,8,
		32 ,7,8,12 ,7,8,12,
		32 ,12,8,13 ,12,8,13,
		32 ,12,13,17 ,12,13,17,
		32 ,17,13,18 ,17,13,18,
		32 ,17,18,22 ,17,18,22,
		32 ,22,18,23 ,22,18,23,
		32 ,3,4,8 ,3,4,8,
		32 ,8,4,9 ,8,4,9,
		32 ,8,9,13 ,8,9,13,
		32 ,13,9,14 ,13,9,14,
		32 ,13,14,18 ,13,14,18,
		32 ,18,14,19 ,18,14,19,
		32 ,18,19,23 ,18,19,23,
		32 ,23,19,24 ,23,19,24
	]

}
