{
	"metadata" : {
		"formatVersion" : 3,
		"description" : "Exported from LibZinc."
	},

	"vertices" : [
		209.155899,215.365295,-136.233307,207.153000,207.613052,-133.598434,206.136856,200.170258,-130.592087,205.844925,192.574585,-127.537712,206.014694,184.363693,-124.758797,209.009491,216.681015,-129.583557,207.227402,208.583481,-127.173065,206.293106,200.793945,-124.506493,205.827515,192.962784,-121.621758,205.451553,184.740341,-118.556801,
		208.843933,217.989716,-123.786690,207.225723,209.434906,-121.619194,206.398117,201.091125,-119.174301,205.923080,192.827469,-116.583092,205.362534,184.513000,-113.976639,208.617264,219.248215,-118.423500,207.177246,210.175934,-116.498558,206.487946,201.187042,-114.258507,206.049606,192.409637,-111.981468,205.362457,183.971832,-109.945534,
		208.287506,220.413300,-113.074799,207.111237,210.815170,-111.372917,206.598587,201.206924,-109.422112,206.125076,191.950287,-107.376625,205.066193,183.406998,-105.390701
	],

	"normals" : [
		-0.955692,0.285526,-0.071607,-0.982222,0.187427,-0.010496,-0.995851,0.089175,0.018125,-0.999879,-0.003546,-0.015174,-0.990606,-0.070068,-0.117433,-0.965634,0.248354,-0.076632,-0.987557,0.156138,-0.018747,-0.996070,0.087265,0.015176,-0.998798,0.048181,0.008980,-0.998120,0.034974,-0.050328,
		-0.971410,0.221574,-0.085246,-0.991412,0.128362,-0.025023,-0.997113,0.074352,0.015409,-0.997529,0.063316,0.030435,-0.995519,0.093437,0.014534,-0.976036,0.195677,-0.095203,-0.994475,0.101678,-0.026100,-0.998088,0.058794,0.019060,-0.997464,0.063583,0.031969,-0.993079,0.117407,-0.003108,
		-0.981506,0.161197,-0.103252,-0.997160,0.072486,-0.020416,-0.998551,0.046642,0.026841,-0.997029,0.076215,0.011148,-0.981419,0.167797,-0.093069
	],

	"faces": [
		32 ,0,1,5 ,0,1,5,
		32 ,5,1,6 ,5,1,6,
		32 ,5,6,10 ,5,6,10,
		32 ,10,6,11 ,10,6,11,
		32 ,10,11,15 ,10,11,15,
		32 ,15,11,16 ,15,11,16,
		32 ,15,16,20 ,15,16,20,
		32 ,20,16,21 ,20,16,21,
		32 ,1,2,6 ,1,2,6,
		32 ,6,2,7 ,6,2,7,
		32 ,6,7,11 ,6,7,11,
		32 ,11,7,12 ,11,7,12,
		32 ,11,12,16 ,11,12,16,
		32 ,16,12,17 ,16,12,17,
		32 ,16,17,21 ,16,17,21,
		32 ,21,17,22 ,21,17,22,
		32 ,2,3,7 ,2,3,7,
		32 ,7,3,8 ,7,3,8,
		32 ,7,8,12 ,7,8,12,
		32 ,12,8,13 ,12,8,13,
		32 ,12,13,17 ,12,13,17,
		32 ,17,13,18 ,17,13,18,
		32 ,17,18,22 ,17,18,22,
		32 ,22,18,23 ,22,18,23,
		32 ,3,4,8 ,3,4,8,
		32 ,8,4,9 ,8,4,9,
		32 ,8,9,13 ,8,9,13,
		32 ,13,9,14 ,13,9,14,
		32 ,13,14,18 ,13,14,18,
		32 ,18,14,19 ,18,14,19,
		32 ,18,19,23 ,18,19,23,
		32 ,23,19,24 ,23,19,24
	]

}
