{
	"metadata" : {
		"formatVersion" : 3,
		"description" : "Exported from LibZinc."
	},

	"vertices" : [
		229.121094,105.624199,-127.244400,239.958923,95.855446,-126.945564,253.739761,87.535637,-126.528175,269.248596,81.749756,-126.157455,285.270386,79.582802,-125.998596,227.595657,104.420982,-118.668884,238.532806,94.222130,-118.259140,252.712311,85.410980,-117.748589,268.752716,79.220535,-117.313446,285.272583,76.883774,-117.129936,
		226.556488,103.517494,-110.031883,237.672485,93.086227,-109.448074,252.096664,83.776917,-108.848007,268.431091,77.091949,-108.379898,285.277771,74.533745,-108.192001,225.789291,102.717079,-101.361076,237.097458,92.131317,-100.596756,251.670380,82.410423,-99.912407,268.176239,75.301636,-99.420708,285.283203,72.552177,-99.234329,
		225.079803,101.823097,-92.684113,236.527237,91.040962,-91.789551,251.211029,81.088516,-91.027786,267.880768,73.787224,-90.499771,285.286102,70.958549,-90.306450
	],

	"normals" : [
		-0.720498,-0.642047,-0.262028,-0.560852,-0.773061,-0.296349,-0.410333,-0.859916,-0.303597,-0.234649,-0.922772,-0.305667,0.000208,-0.950992,-0.309216,-0.748247,-0.637430,-0.183873,-0.588673,-0.785001,-0.192972,-0.432111,-0.874516,-0.220230,-0.247817,-0.934803,-0.254422,0.000046,-0.962046,-0.272886,
		-0.748656,-0.648779,-0.136385,-0.604710,-0.785096,-0.133976,-0.455768,-0.874126,-0.167870,-0.267692,-0.939763,-0.212573,0.000326,-0.971903,-0.235383,-0.738928,-0.662645,-0.122010,-0.612701,-0.780830,-0.122072,-0.473744,-0.868024,-0.148665,-0.284792,-0.941370,-0.180875,0.000685,-0.980567,-0.196183,
		-0.733837,-0.664578,-0.140780,-0.612543,-0.774483,-0.158009,-0.478216,-0.862788,-0.164031,-0.290206,-0.943504,-0.159939,0.000774,-0.987959,-0.154712
	],

	"faces": [
		32 ,0,1,5 ,0,1,5,
		32 ,5,1,6 ,5,1,6,
		32 ,5,6,10 ,5,6,10,
		32 ,10,6,11 ,10,6,11,
		32 ,10,11,15 ,10,11,15,
		32 ,15,11,16 ,15,11,16,
		32 ,15,16,20 ,15,16,20,
		32 ,20,16,21 ,20,16,21,
		32 ,1,2,6 ,1,2,6,
		32 ,6,2,7 ,6,2,7,
		32 ,6,7,11 ,6,7,11,
		32 ,11,7,12 ,11,7,12,
		32 ,11,12,16 ,11,12,16,
		32 ,16,12,17 ,16,12,17,
		32 ,16,17,21 ,16,17,21,
		32 ,21,17,22 ,21,17,22,
		32 ,2,3,7 ,2,3,7,
		32 ,7,3,8 ,7,3,8,
		32 ,7,8,12 ,7,8,12,
		32 ,12,8,13 ,12,8,13,
		32 ,12,13,17 ,12,13,17,
		32 ,17,13,18 ,17,13,18,
		32 ,17,18,22 ,17,18,22,
		32 ,22,18,23 ,22,18,23,
		32 ,3,4,8 ,3,4,8,
		32 ,8,4,9 ,8,4,9,
		32 ,8,9,13 ,8,9,13,
		32 ,13,9,14 ,13,9,14,
		32 ,13,14,18 ,13,14,18,
		32 ,18,14,19 ,18,14,19,
		32 ,18,19,23 ,18,19,23,
		32 ,23,19,24 ,23,19,24
	]

}
