{
	"metadata" : {
		"formatVersion" : 3,
		"description" : "Exported from LibZinc."
	},

	"vertices" : [
		364.485291,184.363693,-124.758797,364.485291,184.363693,-124.758797,364.485291,184.363693,-124.758797,364.485291,184.363693,-124.758797,364.485291,184.363693,-124.758797,367.357880,179.922104,-125.384590,366.977570,180.109314,-127.446747,367.669067,181.197037,-127.324677,368.527100,182.426285,-125.975281,368.646301,183.038101,-124.355438,
		371.215973,176.422821,-123.429459,371.128815,177.020401,-126.350876,371.845612,178.498199,-126.600388,372.492554,180.134781,-125.099266,372.195801,181.208740,-122.768784,375.350739,173.172287,-119.890350,375.891754,174.304001,-122.929901,376.327393,175.881592,-123.625183,376.236572,177.532471,-122.519440,375.198242,178.884033,-120.155937,
		379.053406,169.476898,-115.764198,380.219147,171.167206,-118.642548,380.426910,172.961624,-119.438309,379.614105,174.662567,-118.624458,377.718109,176.072403,-116.674004
	],

	"normals" : [
		0.051050,0.417794,-0.907107,0.051050,0.417794,-0.907107,0.051050,0.417794,-0.907107,0.051050,0.417794,-0.907107,0.051050,0.417794,-0.907107,-0.732326,-0.587609,0.344113,-0.581483,-0.470733,-0.663542,0.184337,0.468975,-0.863761,0.361663,0.716252,-0.596811,0.354157,0.929420,0.103689,
		-0.669871,-0.731391,0.127831,-0.104073,-0.756726,-0.645395,0.484911,0.160235,-0.859759,0.615292,0.593646,-0.518652,0.521117,0.852832,0.033395,-0.500183,-0.842025,-0.202016,0.062110,-0.789802,-0.610209,0.661102,0.036558,-0.749405,0.741076,0.595794,-0.309574,0.633314,0.770050,0.077053,
		-0.412713,-0.782541,-0.466152,0.087678,-0.718143,-0.690350,0.814198,0.161085,-0.557794,0.732560,0.677784,-0.062968,0.602840,0.760349,0.241772
	],

	"faces": [
		32 ,0,1,5 ,0,1,5,
		32 ,5,1,6 ,5,1,6,
		32 ,5,6,10 ,5,6,10,
		32 ,10,6,11 ,10,6,11,
		32 ,10,11,15 ,10,11,15,
		32 ,15,11,16 ,15,11,16,
		32 ,15,16,20 ,15,16,20,
		32 ,20,16,21 ,20,16,21,
		32 ,1,2,6 ,1,2,6,
		32 ,6,2,7 ,6,2,7,
		32 ,6,7,11 ,6,7,11,
		32 ,11,7,12 ,11,7,12,
		32 ,11,12,16 ,11,12,16,
		32 ,16,12,17 ,16,12,17,
		32 ,16,17,21 ,16,17,21,
		32 ,21,17,22 ,21,17,22,
		32 ,2,3,7 ,2,3,7,
		32 ,7,3,8 ,7,3,8,
		32 ,7,8,12 ,7,8,12,
		32 ,12,8,13 ,12,8,13,
		32 ,12,13,17 ,12,13,17,
		32 ,17,13,18 ,17,13,18,
		32 ,17,18,22 ,17,18,22,
		32 ,22,18,23 ,22,18,23,
		32 ,3,4,8 ,3,4,8,
		32 ,8,4,9 ,8,4,9,
		32 ,8,9,13 ,8,9,13,
		32 ,13,9,14 ,13,9,14,
		32 ,13,14,18 ,13,14,18,
		32 ,18,14,19 ,18,14,19,
		32 ,18,19,23 ,18,19,23,
		32 ,23,19,24 ,23,19,24
	]

}
