{
	"metadata" : {
		"formatVersion" : 3,
		"description" : "Exported from LibZinc."
	},

	"vertices" : [
		469.815308,86.513542,-1745.000000,474.142090,90.048721,-1742.653076,479.039124,93.420044,-1740.444702,483.711731,97.323074,-1738.013916,487.365204,102.453400,-1735.000000,470.999664,88.987801,-1732.540039,474.357544,91.705177,-1730.502808,478.005096,94.288383,-1728.348755,481.480286,97.310463,-1726.027344,484.321045,101.344452,-1723.487793,
		472.123138,91.659546,-1719.345581,474.209320,93.338860,-1717.683350,476.702759,95.204483,-1715.339722,479.117188,97.357040,-1712.892700,480.966339,99.897156,-1710.920166,473.254242,94.509819,-1703.978394,474.107330,95.195206,-1702.935547,475.424194,96.253258,-1701.021973,476.738800,97.435783,-1699.065063,477.585175,98.494553,-1697.892456,
		474.461609,97.519653,-1685.000000,474.461609,97.519653,-1685.000000,474.461609,97.519653,-1685.000000,474.461609,97.519653,-1685.000000,474.461609,97.519653,-1685.000000
	],

	"normals" : [
		0.689331,-0.721243,0.068054,0.542397,-0.834655,0.095684,0.548896,-0.830012,0.098962,0.671740,-0.730412,0.123549,0.841951,-0.508710,0.179812,0.662840,-0.743097,0.091921,0.533596,-0.838413,0.111078,0.548239,-0.828827,0.111713,0.676383,-0.725825,0.125237,0.840351,-0.515421,0.167785,
		0.647624,-0.755722,0.097306,0.524472,-0.843841,0.113413,0.543120,-0.832052,0.112740,0.657966,-0.743476,0.119685,0.840260,-0.517161,0.162813,0.626677,-0.773922,0.091213,0.518948,-0.848220,0.105903,0.539963,-0.835111,0.105022,0.620040,-0.777026,0.108544,0.843226,-0.511947,0.163955,
		0.557116,-0.825914,0.086530,0.557116,-0.825914,0.086530,0.557116,-0.825914,0.086530,0.557116,-0.825914,0.086530,0.557116,-0.825914,0.086530
	],

	"faces": [
		32 ,0,1,5 ,0,1,5,
		32 ,5,1,6 ,5,1,6,
		32 ,5,6,10 ,5,6,10,
		32 ,10,6,11 ,10,6,11,
		32 ,10,11,15 ,10,11,15,
		32 ,15,11,16 ,15,11,16,
		32 ,15,16,20 ,15,16,20,
		32 ,20,16,21 ,20,16,21,
		32 ,1,2,6 ,1,2,6,
		32 ,6,2,7 ,6,2,7,
		32 ,6,7,11 ,6,7,11,
		32 ,11,7,12 ,11,7,12,
		32 ,11,12,16 ,11,12,16,
		32 ,16,12,17 ,16,12,17,
		32 ,16,17,21 ,16,17,21,
		32 ,21,17,22 ,21,17,22,
		32 ,2,3,7 ,2,3,7,
		32 ,7,3,8 ,7,3,8,
		32 ,7,8,12 ,7,8,12,
		32 ,12,8,13 ,12,8,13,
		32 ,12,13,17 ,12,13,17,
		32 ,17,13,18 ,17,13,18,
		32 ,17,18,22 ,17,18,22,
		32 ,22,18,23 ,22,18,23,
		32 ,3,4,8 ,3,4,8,
		32 ,8,4,9 ,8,4,9,
		32 ,8,9,13 ,8,9,13,
		32 ,13,9,14 ,13,9,14,
		32 ,13,14,18 ,13,14,18,
		32 ,18,14,19 ,18,14,19,
		32 ,18,19,23 ,18,19,23,
		32 ,23,19,24 ,23,19,24
	]

}
