{
	"metadata" : {
		"formatVersion" : 3,
		"description" : "Exported from LibZinc."
	},

	"vertices" : [
		208.287506,220.413300,-113.074799,207.111237,210.815170,-111.372917,206.598587,201.206924,-109.422112,206.125076,191.950287,-107.376625,205.066193,183.406998,-105.390701,207.985245,221.359650,-107.762016,207.070145,211.431244,-106.167267,206.606995,201.368530,-104.372398,205.913513,191.774857,-102.321465,204.307388,183.253540,-99.958519,
		207.769608,222.043076,-102.646431,206.989365,212.031418,-101.040802,206.395370,201.740448,-99.143089,205.382355,192.000031,-96.898590,203.345062,183.640045,-94.252602,207.491364,222.542068,-97.518593,206.737579,212.517288,-95.906517,206.007599,202.224182,-93.886810,204.754700,192.553757,-91.462334,202.432129,184.397003,-88.635979,
		207.001297,222.935104,-92.169083,206.183517,212.790421,-90.677422,205.487595,202.721252,-88.756180,204.253571,193.363953,-86.367035,201.821503,185.354904,-83.471657
	],

	"normals" : [
		-0.981506,0.161197,-0.103252,-0.997160,0.072486,-0.020416,-0.998551,0.046642,0.026841,-0.997029,0.076215,0.011148,-0.981419,0.167797,-0.093069,-0.989391,0.130005,-0.064841,-0.998411,0.054535,-0.014180,-0.998834,0.042233,-0.023380,-0.992597,0.093773,-0.077192,-0.959909,0.230271,-0.159847,
		-0.993177,0.102805,-0.055043,-0.998120,0.051149,-0.033765,-0.996442,0.056196,-0.062807,-0.985421,0.121049,-0.119555,-0.941905,0.276761,-0.190310,-0.993317,0.087025,-0.075822,-0.995797,0.049264,-0.077207,-0.993244,0.067577,-0.094337,-0.980730,0.145995,-0.129824,-0.929361,0.317343,-0.188629,
		-0.988202,0.093174,-0.121555,-0.989281,0.039246,-0.140648,-0.991110,0.060351,-0.118566,-0.981379,0.160952,-0.104832,-0.922848,0.356420,-0.146002
	],

	"faces": [
		32 ,0,1,5 ,0,1,5,
		32 ,5,1,6 ,5,1,6,
		32 ,5,6,10 ,5,6,10,
		32 ,10,6,11 ,10,6,11,
		32 ,10,11,15 ,10,11,15,
		32 ,15,11,16 ,15,11,16,
		32 ,15,16,20 ,15,16,20,
		32 ,20,16,21 ,20,16,21,
		32 ,1,2,6 ,1,2,6,
		32 ,6,2,7 ,6,2,7,
		32 ,6,7,11 ,6,7,11,
		32 ,11,7,12 ,11,7,12,
		32 ,11,12,16 ,11,12,16,
		32 ,16,12,17 ,16,12,17,
		32 ,16,17,21 ,16,17,21,
		32 ,21,17,22 ,21,17,22,
		32 ,2,3,7 ,2,3,7,
		32 ,7,3,8 ,7,3,8,
		32 ,7,8,12 ,7,8,12,
		32 ,12,8,13 ,12,8,13,
		32 ,12,13,17 ,12,13,17,
		32 ,17,13,18 ,17,13,18,
		32 ,17,18,22 ,17,18,22,
		32 ,22,18,23 ,22,18,23,
		32 ,3,4,8 ,3,4,8,
		32 ,8,4,9 ,8,4,9,
		32 ,8,9,13 ,8,9,13,
		32 ,13,9,14 ,13,9,14,
		32 ,13,14,18 ,13,14,18,
		32 ,18,14,19 ,18,14,19,
		32 ,18,19,23 ,18,19,23,
		32 ,23,19,24 ,23,19,24
	]

}
