{
	"metadata" : {
		"formatVersion" : 3,
		"description" : "Exported from LibZinc."
	},

	"vertices" : [
		191.467407,169.489395,-115.804001,193.361679,167.549133,-110.969261,195.693832,165.267014,-105.032043,198.324234,163.203674,-98.623985,201.113205,161.919693,-92.376701,188.176804,165.420410,-111.184303,190.972824,163.808990,-107.145020,194.249481,162.788330,-102.443924,197.716858,162.201324,-97.389954,201.085037,161.890869,-92.292061,
		184.919449,161.821991,-105.614525,188.482864,160.639496,-102.668831,192.552048,160.571991,-99.179634,196.853348,161.153915,-95.598427,201.113205,161.919693,-92.376701,181.841400,159.134415,-99.329033,186.107224,158.414520,-97.717827,190.908157,158.970825,-95.669044,196.000702,160.312454,-93.733337,201.141373,161.948532,-92.461342,
		179.088806,157.797897,-92.562172,184.061340,157.507889,-92.469109,189.624451,158.337662,-92.342003,195.425827,159.928009,-92.278618,201.113205,161.919693,-92.376701
	],

	"normals" : [
		0.412311,-0.781368,-0.468470,0.501639,-0.717519,-0.483244,0.568474,-0.674935,-0.470425,0.612043,-0.656820,-0.440444,0.330513,-0.906073,-0.264185,0.136152,-0.828557,-0.543099,0.344734,-0.808809,-0.476432,0.420365,-0.804975,-0.418698,0.420837,-0.835494,-0.353335,0.330513,-0.906073,-0.264185,
		-0.099806,-0.852579,-0.512980,0.218067,-0.888615,-0.403497,0.348177,-0.878725,-0.326520,0.377012,-0.883446,-0.278181,0.330513,-0.906073,-0.264185,-0.228079,-0.893838,-0.386050,0.108157,-0.960229,-0.257413,0.276651,-0.940598,-0.196826,0.344013,-0.918362,-0.195617,0.330513,-0.906073,-0.264185,
		-0.204411,-0.967818,-0.146784,0.061837,-0.998084,-0.002009,0.214499,-0.974909,0.059521,0.303701,-0.952175,0.033597,0.330513,-0.906073,-0.264185
	],

	"faces": [
		32 ,0,1,5 ,0,1,5,
		32 ,5,1,6 ,5,1,6,
		32 ,5,6,10 ,5,6,10,
		32 ,10,6,11 ,10,6,11,
		32 ,10,11,15 ,10,11,15,
		32 ,15,11,16 ,15,11,16,
		32 ,15,16,20 ,15,16,20,
		32 ,20,16,21 ,20,16,21,
		32 ,1,2,6 ,1,2,6,
		32 ,6,2,7 ,6,2,7,
		32 ,6,7,11 ,6,7,11,
		32 ,11,7,12 ,11,7,12,
		32 ,11,12,16 ,11,12,16,
		32 ,16,12,17 ,16,12,17,
		32 ,16,17,21 ,16,17,21,
		32 ,21,17,22 ,21,17,22,
		32 ,2,3,7 ,2,3,7,
		32 ,7,3,8 ,7,3,8,
		32 ,7,8,12 ,7,8,12,
		32 ,12,8,13 ,12,8,13,
		32 ,12,13,17 ,12,13,17,
		32 ,17,13,18 ,17,13,18,
		32 ,17,18,22 ,17,18,22,
		32 ,22,18,23 ,22,18,23,
		32 ,3,4,8 ,3,4,8,
		32 ,8,4,9 ,8,4,9,
		32 ,8,9,13 ,8,9,13,
		32 ,13,9,14 ,13,9,14,
		32 ,13,14,18 ,13,14,18,
		32 ,18,14,19 ,18,14,19,
		32 ,18,19,23 ,18,19,23,
		32 ,23,19,24 ,23,19,24
	]

}
