{
	"metadata" : {
		"formatVersion" : 3,
		"description" : "Exported from LibZinc."
	},

	"vertices" : [
		179.088806,157.797897,-92.562172,184.061340,157.507889,-92.469109,189.624451,158.337662,-92.342003,195.425827,159.928009,-92.278618,201.113205,161.919693,-92.376701,176.942841,157.518646,-85.181656,182.564362,157.380722,-86.707573,188.834793,158.212296,-88.720284,195.194794,159.790100,-90.741287,201.085037,161.890869,-92.292061,
		175.984528,158.001953,-77.530640,181.958740,157.571640,-80.600281,188.581207,158.148514,-84.535263,195.187515,159.631531,-88.679443,201.113205,161.919693,-92.376701,176.809723,159.686737,-70.556656,182.644775,158.570648,-74.897629,189.032516,158.520065,-80.531181,195.391785,159.618256,-86.653641,201.141373,161.948532,-92.461342,
		180.014206,163.011902,-65.207260,185.022781,160.867813,-70.350014,190.357544,159.700729,-77.452309,195.795395,159.916168,-85.224434,201.113205,161.919693,-92.376701
	],

	"normals" : [
		-0.204411,-0.967818,-0.146784,0.061837,-0.998084,-0.002009,0.214499,-0.974909,0.059521,0.303701,-0.952175,0.033597,0.341856,-0.925770,-0.161506,-0.140831,-0.989677,-0.026584,0.064596,-0.997905,0.003718,0.186181,-0.982431,-0.012853,0.268089,-0.960649,-0.072673,0.341856,-0.925770,-0.161506,
		-0.117285,-0.984472,0.130614,0.061839,-0.994467,0.084923,0.164993,-0.986119,0.018642,0.248516,-0.966573,-0.063056,0.341856,-0.925770,-0.161506,-0.043816,-0.927867,0.370329,0.117003,-0.960151,0.253810,0.206510,-0.968359,0.140123,0.278911,-0.960221,0.013599,0.341856,-0.925770,-0.161506,
		0.110902,-0.754701,0.646627,0.276486,-0.845349,0.457101,0.380669,-0.863397,0.331114,0.468563,-0.857074,0.214180,0.341856,-0.925770,-0.161506
	],

	"faces": [
		32 ,0,1,5 ,0,1,5,
		32 ,5,1,6 ,5,1,6,
		32 ,5,6,10 ,5,6,10,
		32 ,10,6,11 ,10,6,11,
		32 ,10,11,15 ,10,11,15,
		32 ,15,11,16 ,15,11,16,
		32 ,15,16,20 ,15,16,20,
		32 ,20,16,21 ,20,16,21,
		32 ,1,2,6 ,1,2,6,
		32 ,6,2,7 ,6,2,7,
		32 ,6,7,11 ,6,7,11,
		32 ,11,7,12 ,11,7,12,
		32 ,11,12,16 ,11,12,16,
		32 ,16,12,17 ,16,12,17,
		32 ,16,17,21 ,16,17,21,
		32 ,21,17,22 ,21,17,22,
		32 ,2,3,7 ,2,3,7,
		32 ,7,3,8 ,7,3,8,
		32 ,7,8,12 ,7,8,12,
		32 ,12,8,13 ,12,8,13,
		32 ,12,13,17 ,12,13,17,
		32 ,17,13,18 ,17,13,18,
		32 ,17,18,22 ,17,18,22,
		32 ,22,18,23 ,22,18,23,
		32 ,3,4,8 ,3,4,8,
		32 ,8,4,9 ,8,4,9,
		32 ,8,9,13 ,8,9,13,
		32 ,13,9,14 ,13,9,14,
		32 ,13,14,18 ,13,14,18,
		32 ,18,14,19 ,18,14,19,
		32 ,18,19,23 ,18,19,23,
		32 ,23,19,24 ,23,19,24
	]

}
