{
	"metadata" : {
		"formatVersion" : 3,
		"description" : "Exported from LibZinc."
	}, "materials": [ { "DbgColor": 15658734, "DbgIndex": 0, "DbgName": "my_material", "colorDiffuse": [ 0.9, 0.7, 0.5 ], "colorSpecular": [ 0.2, 0.2, 0.3 ], "shading": "Phong", "specularCoef": 20, "opacity": 1, "vertexColors": true } ], 

	"vertices" : [
		115.854599,192.317505,-403.295898,112.599129,196.971329,-403.311371,104.205078,207.130920,-403.312500,92.731033,217.093521,-403.231354,80.235558,221.156296,-403.000000,115.592682,203.500031,-391.155945,113.325996,207.271484,-390.791016,107.313644,215.478943,-389.768677,98.721848,223.500824,-388.662506,88.716820,226.715546,-388.046112,
		115.116081,216.316025,-378.034332,113.350960,218.934830,-377.746857,108.938416,224.621140,-376.879089,102.999481,230.178299,-375.947601,96.655197,232.409607,-375.469055,114.784241,229.498779,-364.270721,113.568825,230.807724,-364.208405,110.884399,233.680908,-363.929291,107.719833,236.496674,-363.617859,105.064011,237.633331,-363.458679,
		114.956596,241.781601,-350.204803,114.874397,241.736526,-350.205078,114.956596,241.781601,-350.204803,115.038803,241.826675,-350.204529,114.956596,241.781601,-350.204803
	],

	"normals" : [
		0.000000,-0.000000,0.000000,0.709237,0.522327,-0.473452,0.625864,0.585464,-0.515293,0.466384,0.731079,-0.498006,-0.068614,0.961398,-0.266468,0.997582,0.063772,-0.027630,0.720308,0.515946,-0.463633,0.627235,0.594841,-0.502734,0.440182,0.731963,-0.520067,-0.072073,0.932586,-0.353679,
		0.888026,0.343510,-0.305631,0.680815,0.545261,-0.489062,0.605975,0.609814,-0.510804,0.437961,0.721830,-0.535866,-0.079234,0.923521,-0.375274,0.383279,0.679452,-0.625653,0.611050,0.592066,-0.525430,0.573759,0.624535,-0.529865,0.466173,0.701883,-0.538556,-0.114768,0.951407,-0.285750,
		0.521220,0.653528,-0.548845,0.521220,0.653528,-0.548845,0.521220,0.653528,-0.548845,0.521220,0.653528,-0.548845,0.521220,0.653528,-0.548845
	],

	"faces": [
		32 ,0,1,5 ,0,1,5,
		32 ,5,1,6 ,5,1,6,
		32 ,5,6,10 ,5,6,10,
		32 ,10,6,11 ,10,6,11,
		32 ,10,11,15 ,10,11,15,
		32 ,15,11,16 ,15,11,16,
		32 ,15,16,20 ,15,16,20,
		32 ,20,16,21 ,20,16,21,
		32 ,1,2,6 ,1,2,6,
		32 ,6,2,7 ,6,2,7,
		32 ,6,7,11 ,6,7,11,
		32 ,11,7,12 ,11,7,12,
		32 ,11,12,16 ,11,12,16,
		32 ,16,12,17 ,16,12,17,
		32 ,16,17,21 ,16,17,21,
		32 ,21,17,22 ,21,17,22,
		32 ,2,3,7 ,2,3,7,
		32 ,7,3,8 ,7,3,8,
		32 ,7,8,12 ,7,8,12,
		32 ,12,8,13 ,12,8,13,
		32 ,12,13,17 ,12,13,17,
		32 ,17,13,18 ,17,13,18,
		32 ,17,18,22 ,17,18,22,
		32 ,22,18,23 ,22,18,23,
		32 ,3,4,8 ,3,4,8,
		32 ,8,4,9 ,8,4,9,
		32 ,8,9,13 ,8,9,13,
		32 ,13,9,14 ,13,9,14,
		32 ,13,14,18 ,13,14,18,
		32 ,18,14,19 ,18,14,19,
		32 ,18,19,23 ,18,19,23,
		32 ,23,19,24 ,23,19,24
	]

}
