{
	"metadata" : {
		"formatVersion" : 3,
		"description" : "Exported from LibZinc."
	},

	"vertices" : [
		277.966797,168.647598,-1050.000000,277.954895,168.740585,-1050.000977,277.966797,168.647598,-1050.000000,277.978729,168.554611,-1049.999023,277.966797,168.647598,-1050.000000,278.951904,154.248718,-1033.022827,278.735046,157.781235,-1033.220947,278.274536,165.279724,-1033.672119,277.810089,172.774963,-1034.127686,277.581421,176.297745,-1034.338867,
		279.828888,135.333008,-1016.853699,279.442230,143.749725,-1017.030640,278.596710,162.098160,-1017.434204,277.747681,180.443710,-1017.841675,277.350525,188.851776,-1018.030334,280.457764,118.871490,-1004.757629,279.955292,131.656479,-1004.825928,278.850647,159.729630,-1004.981567,277.744659,187.801697,-1005.138672,277.238251,200.583450,-1005.211365,
		280.698486,111.835197,-1000.000000,280.153229,126.511963,-1000.002991,278.953644,158.800858,-1000.009521,277.754059,191.089737,-1000.016052,277.208801,205.766495,-1000.018982
	],

	"normals" : [
		0.993624,0.112512,0.007265,0.993624,0.112512,0.007265,0.993624,0.112512,0.007265,0.993624,0.112512,0.007265,0.993624,0.112512,0.007265,0.997750,0.065804,0.012872,0.998109,0.061375,0.003270,0.998110,0.061033,-0.007212,0.997954,0.061435,-0.017690,0.987247,0.140335,-0.075163,
		0.999223,0.039357,-0.002300,0.998942,0.045980,0.000634,0.998884,0.045849,-0.011327,0.998680,0.045923,-0.023016,0.982806,0.145226,-0.114027,0.999574,0.025082,-0.014950,0.999227,0.039298,-0.000427,0.999142,0.039260,-0.013214,0.998903,0.039262,-0.025533,0.979538,0.147645,-0.136772,
		0.000000,-0.000000,-0.000000,0.923481,0.034232,-0.382115,0.957661,0.035521,-0.285699,0.995047,0.036949,-0.092281,0.000000,-0.000000,-0.000000
	],

	"faces": [
		32 ,0,1,5 ,0,1,5,
		32 ,5,1,6 ,5,1,6,
		32 ,5,6,10 ,5,6,10,
		32 ,10,6,11 ,10,6,11,
		32 ,10,11,15 ,10,11,15,
		32 ,15,11,16 ,15,11,16,
		32 ,15,16,20 ,15,16,20,
		32 ,20,16,21 ,20,16,21,
		32 ,1,2,6 ,1,2,6,
		32 ,6,2,7 ,6,2,7,
		32 ,6,7,11 ,6,7,11,
		32 ,11,7,12 ,11,7,12,
		32 ,11,12,16 ,11,12,16,
		32 ,16,12,17 ,16,12,17,
		32 ,16,17,21 ,16,17,21,
		32 ,21,17,22 ,21,17,22,
		32 ,2,3,7 ,2,3,7,
		32 ,7,3,8 ,7,3,8,
		32 ,7,8,12 ,7,8,12,
		32 ,12,8,13 ,12,8,13,
		32 ,12,13,17 ,12,13,17,
		32 ,17,13,18 ,17,13,18,
		32 ,17,18,22 ,17,18,22,
		32 ,22,18,23 ,22,18,23,
		32 ,3,4,8 ,3,4,8,
		32 ,8,4,9 ,8,4,9,
		32 ,8,9,13 ,8,9,13,
		32 ,13,9,14 ,13,9,14,
		32 ,13,14,18 ,13,14,18,
		32 ,18,14,19 ,18,14,19,
		32 ,18,19,23 ,18,19,23,
		32 ,23,19,24 ,23,19,24
	]

}
