{
	"metadata" : {
		"formatVersion" : 3,
		"description" : "Exported from LibZinc."
	}, "materials": [ { "DbgColor": 15658734, "DbgIndex": 0, "DbgName": "my_material", "colorDiffuse": [ 0.9, 0.7, 0.5 ], "colorSpecular": [ 0.2, 0.2, 0.3 ], "shading": "Phong", "specularCoef": 20, "opacity": 1, "vertexColors": true } ], 

	"vertices" : [
		103.281700,101.047096,-749.747070,111.229202,84.284027,-749.643738,122.109123,69.274376,-749.612549,135.295807,56.773434,-749.660461,150.163605,47.536491,-749.794617,104.697723,102.795326,-737.291077,112.632294,86.360405,-737.270874,123.300079,71.617752,-737.266968,136.148773,59.234646,-737.303467,150.626038,49.878384,-737.404419,
		105.471832,104.258255,-724.895325,113.470055,88.129211,-724.961670,124.087662,73.692711,-724.967712,136.785019,61.521164,-724.972961,151.022461,52.186977,-725.036926,106.163902,105.503883,-712.476196,114.119911,89.628563,-712.607422,124.699669,75.489876,-712.615601,137.326263,63.568314,-712.593994,151.422745,54.344383,-712.635742,
		107.333801,106.600197,-699.950195,114.959320,90.896606,-700.099426,125.363930,76.999870,-700.111572,137.894196,65.311424,-700.091675,151.896698,56.232719,-700.144714
	],

	"normals" : [
		-0.923521,-0.331642,0.192673,-0.840410,-0.498649,0.212273,-0.735091,-0.642869,0.215317,-0.600070,-0.772947,0.206083,-0.419603,-0.888962,0.183521,-0.929876,-0.347845,0.119728,-0.848276,-0.507364,0.151693,-0.744178,-0.645078,0.173415,-0.612641,-0.768501,0.184599,-0.441532,-0.878699,0.181489,
		-0.928614,-0.360698,0.087022,-0.847496,-0.518116,0.115353,-0.744264,-0.652458,0.142722,-0.616107,-0.770338,0.164291,-0.453998,-0.873990,0.173282,-0.927207,-0.362028,0.096039,-0.844818,-0.524725,0.104621,-0.740469,-0.660572,0.123896,-0.614105,-0.775722,0.145362,-0.459387,-0.873847,0.159231,
		-0.928523,-0.341455,0.145787,-0.846013,-0.519706,0.119029,-0.738235,-0.664378,0.116662,-0.610654,-0.781549,0.127605,-0.460150,-0.876843,0.139318
	],

	"faces": [
		32 ,0,1,5 ,0,1,5,
		32 ,5,1,6 ,5,1,6,
		32 ,5,6,10 ,5,6,10,
		32 ,10,6,11 ,10,6,11,
		32 ,10,11,15 ,10,11,15,
		32 ,15,11,16 ,15,11,16,
		32 ,15,16,20 ,15,16,20,
		32 ,20,16,21 ,20,16,21,
		32 ,1,2,6 ,1,2,6,
		32 ,6,2,7 ,6,2,7,
		32 ,6,7,11 ,6,7,11,
		32 ,11,7,12 ,11,7,12,
		32 ,11,12,16 ,11,12,16,
		32 ,16,12,17 ,16,12,17,
		32 ,16,17,21 ,16,17,21,
		32 ,21,17,22 ,21,17,22,
		32 ,2,3,7 ,2,3,7,
		32 ,7,3,8 ,7,3,8,
		32 ,7,8,12 ,7,8,12,
		32 ,12,8,13 ,12,8,13,
		32 ,12,13,17 ,12,13,17,
		32 ,17,13,18 ,17,13,18,
		32 ,17,18,22 ,17,18,22,
		32 ,22,18,23 ,22,18,23,
		32 ,3,4,8 ,3,4,8,
		32 ,8,4,9 ,8,4,9,
		32 ,8,9,13 ,8,9,13,
		32 ,13,9,14 ,13,9,14,
		32 ,13,14,18 ,13,14,18,
		32 ,18,14,19 ,18,14,19,
		32 ,18,19,23 ,18,19,23,
		32 ,23,19,24 ,23,19,24
	]

}
