{
	"metadata" : {
		"formatVersion" : 3,
		"description" : "Exported from LibZinc."
	}, "materials": [ { "DbgColor": 15658734, "DbgIndex": 0, "DbgName": "my_material", "colorDiffuse": [ 0.9, 0.7, 0.5 ], "colorSpecular": [ 0.2, 0.2, 0.3 ], "shading": "Phong", "specularCoef": 20, "opacity": 1, "vertexColors": true } ], 

	"vertices" : [
		107.333801,106.600197,-699.950195,114.959320,90.896606,-700.099426,125.363930,76.999870,-700.111572,137.894196,65.311424,-700.091675,151.896698,56.232719,-700.144714,109.585777,107.777008,-687.379578,116.708931,92.225235,-687.494324,126.747292,78.531151,-687.509399,139.007095,67.016594,-687.512634,152.794556,58.003395,-687.591858,
		112.781006,109.175056,-674.885986,119.547310,93.856575,-674.948242,129.151016,80.384659,-674.958984,140.948273,68.987221,-674.977234,154.295227,59.892166,-675.062073,116.364731,110.728775,-662.475037,123.038818,95.754143,-662.501526,132.254547,82.539711,-662.505432,143.487061,71.214539,-662.521484,156.211502,61.907677,-662.584595,
		119.782204,112.372597,-650.152222,126.747780,97.881447,-650.194397,135.737289,84.975639,-650.193787,146.392761,73.689796,-650.181396,158.356201,64.058563,-650.188416
	],

	"normals" : [
		-0.928523,-0.341455,0.145787,-0.846013,-0.519706,0.119029,-0.738235,-0.664378,0.116662,-0.610654,-0.781549,0.127605,-0.460150,-0.876843,0.139318,-0.920774,-0.308432,0.238842,-0.839535,-0.498197,0.216749,-0.731823,-0.651184,0.200984,-0.606267,-0.772561,0.188655,-0.463040,-0.869466,0.172115,
		-0.911678,-0.291408,0.289698,-0.831410,-0.478193,0.283000,-0.728703,-0.631533,0.264875,-0.611329,-0.754673,0.238211,-0.480951,-0.853628,0.200014,-0.904848,-0.300140,0.301937,-0.823191,-0.468630,0.320535,-0.728290,-0.611093,0.310096,-0.624623,-0.729967,0.277479,-0.512915,-0.828789,0.223668,
		-0.897187,-0.344083,0.276879,-0.813637,-0.477555,0.331566,-0.729202,-0.595140,0.337747,-0.644752,-0.700271,0.306455,-0.557915,-0.793802,0.242095
	],

	"faces": [
		32 ,0,1,5 ,0,1,5,
		32 ,5,1,6 ,5,1,6,
		32 ,5,6,10 ,5,6,10,
		32 ,10,6,11 ,10,6,11,
		32 ,10,11,15 ,10,11,15,
		32 ,15,11,16 ,15,11,16,
		32 ,15,16,20 ,15,16,20,
		32 ,20,16,21 ,20,16,21,
		32 ,1,2,6 ,1,2,6,
		32 ,6,2,7 ,6,2,7,
		32 ,6,7,11 ,6,7,11,
		32 ,11,7,12 ,11,7,12,
		32 ,11,12,16 ,11,12,16,
		32 ,16,12,17 ,16,12,17,
		32 ,16,17,21 ,16,17,21,
		32 ,21,17,22 ,21,17,22,
		32 ,2,3,7 ,2,3,7,
		32 ,7,3,8 ,7,3,8,
		32 ,7,8,12 ,7,8,12,
		32 ,12,8,13 ,12,8,13,
		32 ,12,13,17 ,12,13,17,
		32 ,17,13,18 ,17,13,18,
		32 ,17,18,22 ,17,18,22,
		32 ,22,18,23 ,22,18,23,
		32 ,3,4,8 ,3,4,8,
		32 ,8,4,9 ,8,4,9,
		32 ,8,9,13 ,8,9,13,
		32 ,13,9,14 ,13,9,14,
		32 ,13,14,18 ,13,14,18,
		32 ,18,14,19 ,18,14,19,
		32 ,18,19,23 ,18,19,23,
		32 ,23,19,24 ,23,19,24
	]

}
