{
	"metadata" : {
		"formatVersion" : 3,
		"description" : "Exported from LibZinc."
	}, "materials": [ { "DbgColor": 15658734, "DbgIndex": 0, "DbgName": "my_material", "colorDiffuse": [ 0.9, 0.7, 0.5 ], "colorSpecular": [ 0.2, 0.2, 0.3 ], "shading": "Phong", "specularCoef": 20, "opacity": 1, "vertexColors": true } ], 

	"vertices" : [
		455.380005,130.668396,-700.065186,455.913879,145.564438,-700.060242,453.947418,159.884140,-700.020874,450.427979,173.552277,-699.987305,446.303009,186.493607,-700.000000,454.235077,133.276779,-687.423523,454.523682,147.831833,-687.453064,452.636230,161.703339,-687.450012,449.586823,174.970825,-687.449402,446.389557,187.713852,-687.485962,
		452.168884,136.134979,-674.818420,452.836151,150.279556,-674.854370,451.703522,163.681396,-674.887451,449.565094,176.522827,-674.930908,447.214935,188.986191,-674.997864,449.790863,138.919418,-662.254761,451.149994,152.619568,-662.277222,451.009064,165.553253,-662.336975,449.853821,177.963638,-662.419617,448.169983,190.093857,-662.510803,
		447.710510,141.306503,-649.737427,449.763733,154.563812,-649.734558,450.412537,167.053879,-649.802307,449.944061,179.048660,-649.903259,448.645508,190.820099,-650.000000
	],

	"normals" : [
		0.988573,-0.136830,0.063250,0.995000,0.059335,0.080337,0.974988,0.201639,0.093492,0.955141,0.285359,0.079221,0.950264,0.311317,0.008973,0.981144,-0.112123,0.157433,0.991398,0.067673,0.112031,0.980050,0.190643,0.056198,0.969355,0.245645,-0.003103,0.971498,0.227475,-0.066682,
		0.970782,-0.121412,0.206982,0.990955,0.026630,0.131523,0.990143,0.133827,0.041321,0.981981,0.184734,-0.039829,0.980249,0.173499,-0.094917,0.964963,-0.154733,0.211904,0.990504,-0.038972,0.131847,0.997465,0.057811,0.041497,0.992000,0.121459,-0.034405,0.986481,0.145408,-0.075580,
		0.965240,-0.201036,0.167021,0.989614,-0.100218,0.103052,0.998857,-0.003109,0.047701,0.996872,0.078513,0.009049,0.990632,0.136342,-0.007626
	],

	"faces": [
		32 ,0,1,5 ,0,1,5,
		32 ,5,1,6 ,5,1,6,
		32 ,5,6,10 ,5,6,10,
		32 ,10,6,11 ,10,6,11,
		32 ,10,11,15 ,10,11,15,
		32 ,15,11,16 ,15,11,16,
		32 ,15,16,20 ,15,16,20,
		32 ,20,16,21 ,20,16,21,
		32 ,1,2,6 ,1,2,6,
		32 ,6,2,7 ,6,2,7,
		32 ,6,7,11 ,6,7,11,
		32 ,11,7,12 ,11,7,12,
		32 ,11,12,16 ,11,12,16,
		32 ,16,12,17 ,16,12,17,
		32 ,16,17,21 ,16,17,21,
		32 ,21,17,22 ,21,17,22,
		32 ,2,3,7 ,2,3,7,
		32 ,7,3,8 ,7,3,8,
		32 ,7,8,12 ,7,8,12,
		32 ,12,8,13 ,12,8,13,
		32 ,12,13,17 ,12,13,17,
		32 ,17,13,18 ,17,13,18,
		32 ,17,18,22 ,17,18,22,
		32 ,22,18,23 ,22,18,23,
		32 ,3,4,8 ,3,4,8,
		32 ,8,4,9 ,8,4,9,
		32 ,8,9,13 ,8,9,13,
		32 ,13,9,14 ,13,9,14,
		32 ,13,14,18 ,13,14,18,
		32 ,18,14,19 ,18,14,19,
		32 ,18,19,23 ,18,19,23,
		32 ,23,19,24 ,23,19,24
	]

}
