{
	"metadata" : {
		"formatVersion" : 3,
		"description" : "Exported from LibZinc."
	}, "materials": [ { "DbgColor": 15658734, "DbgIndex": 0, "DbgName": "my_material", "colorDiffuse": [ 0.9, 0.7, 0.5 ], "colorSpecular": [ 0.2, 0.2, 0.3 ], "shading": "Phong", "specularCoef": 20, "opacity": 1, "vertexColors": true } ], 

	"vertices" : [
		362.322388,312.499908,-700.000000,345.552856,321.112976,-700.060669,326.346619,328.020203,-700.067749,305.804688,332.775757,-700.041016,285.028015,334.933807,-700.000000,362.240112,312.301849,-687.453491,345.469086,321.352631,-687.493286,326.295532,328.908386,-687.508484,305.785736,334.228149,-687.504517,285.005951,336.570953,-687.486633,
		362.328583,312.285156,-674.952881,345.571716,321.595856,-674.973267,326.405121,329.501587,-674.996460,305.876434,335.108093,-675.012939,285.033386,337.521118,-675.013245,362.588470,312.479584,-662.475830,345.838654,321.907562,-662.475220,326.636078,329.909851,-662.495789,306.028931,335.567322,-662.520752,285.065369,337.960785,-662.533264,
		363.020508,312.914886,-650.000000,346.247803,322.352600,-649.973877,326.949158,330.243195,-649.970703,306.195343,335.757538,-649.982178,285.057098,338.066498,-650.000000
	],

	"normals" : [
		0.522716,0.852115,0.025847,0.395898,0.918201,-0.013120,0.281537,0.956359,-0.078196,0.165204,0.976588,-0.137782,0.033831,0.986510,-0.160165,0.531658,0.846926,0.007473,0.421069,0.906867,-0.017120,0.310975,0.948791,-0.055588,0.185788,0.978468,-0.089911,0.029264,0.994484,-0.100721,
		0.538440,0.842561,-0.013169,0.434704,0.900205,-0.025748,0.325794,0.944549,-0.041059,0.195269,0.979340,-0.052569,0.025020,0.998262,-0.053354,0.543494,0.838645,-0.035908,0.438691,0.897817,-0.038407,0.328323,0.943956,-0.033915,0.195475,0.980362,-0.026086,0.021878,0.999571,-0.019489,
		0.547185,0.834819,-0.060554,0.434437,0.899037,-0.054745,0.320511,0.946642,-0.033796,0.188281,0.982057,-0.010657,0.020493,0.999790,0.000263
	],

	"faces": [
		32 ,0,1,5 ,0,1,5,
		32 ,5,1,6 ,5,1,6,
		32 ,5,6,10 ,5,6,10,
		32 ,10,6,11 ,10,6,11,
		32 ,10,11,15 ,10,11,15,
		32 ,15,11,16 ,15,11,16,
		32 ,15,16,20 ,15,16,20,
		32 ,20,16,21 ,20,16,21,
		32 ,1,2,6 ,1,2,6,
		32 ,6,2,7 ,6,2,7,
		32 ,6,7,11 ,6,7,11,
		32 ,11,7,12 ,11,7,12,
		32 ,11,12,16 ,11,12,16,
		32 ,16,12,17 ,16,12,17,
		32 ,16,17,21 ,16,17,21,
		32 ,21,17,22 ,21,17,22,
		32 ,2,3,7 ,2,3,7,
		32 ,7,3,8 ,7,3,8,
		32 ,7,8,12 ,7,8,12,
		32 ,12,8,13 ,12,8,13,
		32 ,12,13,17 ,12,13,17,
		32 ,17,13,18 ,17,13,18,
		32 ,17,18,22 ,17,18,22,
		32 ,22,18,23 ,22,18,23,
		32 ,3,4,8 ,3,4,8,
		32 ,8,4,9 ,8,4,9,
		32 ,8,9,13 ,8,9,13,
		32 ,13,9,14 ,13,9,14,
		32 ,13,14,18 ,13,14,18,
		32 ,18,14,19 ,18,14,19,
		32 ,18,19,23 ,18,19,23,
		32 ,23,19,24 ,23,19,24
	]

}
