{
	"metadata" : {
		"formatVersion" : 3,
		"description" : "Exported from LibZinc."
	}, "materials": [ { "DbgColor": 15658734, "DbgIndex": 0, "DbgName": "my_material", "colorDiffuse": [ 0.9, 0.7, 0.5 ], "colorSpecular": [ 0.2, 0.2, 0.3 ], "shading": "Phong", "specularCoef": 20, "opacity": 1, "vertexColors": true } ], 

	"vertices" : [
		203.144196,318.853210,-650.000000,187.747345,309.741516,-650.013184,174.513351,299.823486,-650.027283,163.031998,289.320557,-650.027771,152.893005,278.454102,-650.000000,202.211227,319.810059,-637.542847,186.738235,310.769440,-637.552185,173.567825,300.754913,-637.548401,162.228943,290.065338,-637.528687,152.250595,278.999542,-637.490173,
		201.470398,320.409668,-625.051697,185.877899,311.576202,-625.057556,172.699249,301.601471,-625.045349,161.419205,290.848694,-625.019287,151.522476,279.681122,-624.983459,201.038925,320.568665,-612.534668,185.267288,312.127808,-612.535400,171.976578,302.358093,-612.524902,160.642883,291.668060,-612.506897,150.742294,280.466278,-612.485046,
		201.033997,320.203705,-600.000000,185.007385,312.390259,-599.991882,171.468719,303.019714,-599.993774,159.940125,292.520813,-599.998718,149.943695,281.322388,-600.000000
	],

	"normals" : [
		-0.458039,0.881467,-0.114963,-0.552658,0.824529,-0.121331,-0.636575,0.763525,-0.108632,-0.703916,0.705153,-0.085214,-0.751289,0.657254,-0.059845,-0.448132,0.889699,-0.087255,-0.554994,0.825406,-0.103372,-0.646244,0.756365,-0.101395,-0.715707,0.692722,-0.088883,-0.760889,0.644658,-0.073921,
		-0.431977,0.900540,-0.049237,-0.550239,0.831300,-0.078601,-0.648777,0.755602,-0.090303,-0.721106,0.686940,-0.090110,-0.765685,0.637680,-0.084205,-0.406214,0.913777,-0.001210,-0.535538,0.843198,-0.047079,-0.642479,0.762589,-0.075364,-0.720033,0.688214,-0.088958,-0.767662,0.634390,-0.090800,
		-0.367095,0.928513,0.055719,-0.507636,0.861521,-0.009372,-0.625309,0.778303,-0.056859,-0.712191,0.696751,-0.085572,-0.768640,0.632776,-0.093745
	],

	"faces": [
		32 ,0,1,5 ,0,1,5,
		32 ,5,1,6 ,5,1,6,
		32 ,5,6,10 ,5,6,10,
		32 ,10,6,11 ,10,6,11,
		32 ,10,11,15 ,10,11,15,
		32 ,15,11,16 ,15,11,16,
		32 ,15,16,20 ,15,16,20,
		32 ,20,16,21 ,20,16,21,
		32 ,1,2,6 ,1,2,6,
		32 ,6,2,7 ,6,2,7,
		32 ,6,7,11 ,6,7,11,
		32 ,11,7,12 ,11,7,12,
		32 ,11,12,16 ,11,12,16,
		32 ,16,12,17 ,16,12,17,
		32 ,16,17,21 ,16,17,21,
		32 ,21,17,22 ,21,17,22,
		32 ,2,3,7 ,2,3,7,
		32 ,7,3,8 ,7,3,8,
		32 ,7,8,12 ,7,8,12,
		32 ,12,8,13 ,12,8,13,
		32 ,12,13,17 ,12,13,17,
		32 ,17,13,18 ,17,13,18,
		32 ,17,18,22 ,17,18,22,
		32 ,22,18,23 ,22,18,23,
		32 ,3,4,8 ,3,4,8,
		32 ,8,4,9 ,8,4,9,
		32 ,8,9,13 ,8,9,13,
		32 ,13,9,14 ,13,9,14,
		32 ,13,14,18 ,13,14,18,
		32 ,18,14,19 ,18,14,19,
		32 ,18,19,23 ,18,19,23,
		32 ,23,19,24 ,23,19,24
	]

}
