{
	"metadata" : {
		"formatVersion" : 3,
		"description" : "Exported from LibZinc."
	}, "materials": [ { "DbgColor": 15658734, "DbgIndex": 0, "DbgName": "my_material", "colorDiffuse": [ 0.9, 0.7, 0.5 ], "colorSpecular": [ 0.2, 0.2, 0.3 ], "shading": "Phong", "specularCoef": 20, "opacity": 1, "vertexColors": true } ], 

	"vertices" : [
		152.893005,278.454102,-650.000000,143.954453,268.038849,-649.950867,136.137955,258.167755,-649.915771,129.128525,247.979614,-649.922791,122.611198,236.613098,-650.000000,152.250595,278.999542,-637.490173,143.425964,268.424652,-637.450378,135.685669,258.419342,-637.432251,128.764816,248.099915,-637.441223,122.398453,236.582642,-637.482849,
		151.522476,279.681122,-624.983459,142.776001,268.974060,-624.958862,135.136597,258.788635,-624.957153,128.373779,248.266693,-624.968811,122.257072,236.550079,-624.984192,150.742294,280.466278,-612.485046,142.031006,269.633453,-612.477173,134.476913,259.239960,-612.487366,127.873543,248.478607,-612.498474,122.014397,236.542252,-612.493469,
		149.943695,281.322388,-600.000000,141.217453,270.349121,-600.006287,133.692856,259.737579,-600.019653,127.182198,248.734329,-600.023193,121.497803,236.585999,-600.000000
	],

	"normals" : [
		-0.751289,0.657254,-0.059845,-0.767917,0.639117,-0.042807,-0.801645,0.596783,-0.034859,-0.845256,0.533537,-0.029667,-0.886641,0.461986,-0.020897,-0.760889,0.644658,-0.073921,-0.774868,0.629192,-0.060806,-0.807744,0.587644,-0.047159,-0.852240,0.522239,-0.030864,-0.895176,0.445616,-0.009332,
		-0.765685,0.637680,-0.084205,-0.781997,0.618831,-0.074353,-0.817234,0.573320,-0.058587,-0.863197,0.503468,-0.037556,-0.906385,0.422308,-0.011011,-0.767662,0.634390,-0.090800,-0.788461,0.609384,-0.083543,-0.826989,0.557940,-0.069226,-0.874159,0.483072,-0.049869,-0.916934,0.398178,-0.026187,
		-0.768640,0.632776,-0.093745,-0.793443,0.602180,-0.088475,-0.834228,0.545702,-0.079205,-0.881627,0.467038,-0.067889,-0.923535,0.379561,-0.054929
	],

	"faces": [
		32 ,0,1,5 ,0,1,5,
		32 ,5,1,6 ,5,1,6,
		32 ,5,6,10 ,5,6,10,
		32 ,10,6,11 ,10,6,11,
		32 ,10,11,15 ,10,11,15,
		32 ,15,11,16 ,15,11,16,
		32 ,15,16,20 ,15,16,20,
		32 ,20,16,21 ,20,16,21,
		32 ,1,2,6 ,1,2,6,
		32 ,6,2,7 ,6,2,7,
		32 ,6,7,11 ,6,7,11,
		32 ,11,7,12 ,11,7,12,
		32 ,11,12,16 ,11,12,16,
		32 ,16,12,17 ,16,12,17,
		32 ,16,17,21 ,16,17,21,
		32 ,21,17,22 ,21,17,22,
		32 ,2,3,7 ,2,3,7,
		32 ,7,3,8 ,7,3,8,
		32 ,7,8,12 ,7,8,12,
		32 ,12,8,13 ,12,8,13,
		32 ,12,13,17 ,12,13,17,
		32 ,17,13,18 ,17,13,18,
		32 ,17,18,22 ,17,18,22,
		32 ,22,18,23 ,22,18,23,
		32 ,3,4,8 ,3,4,8,
		32 ,8,4,9 ,8,4,9,
		32 ,8,9,13 ,8,9,13,
		32 ,13,9,14 ,13,9,14,
		32 ,13,14,18 ,13,14,18,
		32 ,18,14,19 ,18,14,19,
		32 ,18,19,23 ,18,19,23,
		32 ,23,19,24 ,23,19,24
	]

}
