{
	"metadata" : {
		"formatVersion" : 3,
		"description" : "Exported from LibZinc."
	}, "materials": [ { "DbgColor": 15658734, "DbgIndex": 0, "DbgName": "my_material", "colorDiffuse": [ 0.9, 0.7, 0.5 ], "colorSpecular": [ 0.2, 0.2, 0.3 ], "shading": "Phong", "specularCoef": 20, "opacity": 1, "vertexColors": true } ], 

	"vertices" : [
		122.611198,236.613098,-650.000000,117.258766,223.788223,-650.087585,113.814636,209.906128,-650.110291,112.069763,195.127258,-650.073364,111.815102,179.612106,-649.981873,122.398453,236.582642,-637.482849,116.995811,223.641739,-637.525024,113.168541,209.732880,-637.533997,110.955383,194.994476,-637.512390,110.395065,179.565018,-637.463135,
		122.257072,236.550079,-624.984192,116.988815,223.454590,-624.976318,113.031319,209.462769,-624.940491,110.543976,194.716614,-624.900574,109.686188,179.358093,-624.880554,122.014397,236.542252,-612.493469,116.985146,223.275925,-612.441467,113.118576,209.176208,-612.356140,110.578926,194.413162,-612.287048,109.530418,179.156860,-612.283630,
		121.497803,236.585999,-600.000000,116.732170,223.154922,-599.920593,113.145950,208.953568,-599.807190,110.803627,194.203613,-599.720642,109.769699,179.126801,-599.721680
	],

	"normals" : [
		-0.886641,0.461986,-0.020897,-0.950159,0.309992,-0.033211,-0.981604,0.174962,-0.076428,-0.990484,0.062461,-0.122640,-0.989080,-0.027361,-0.144817,-0.895176,0.445616,-0.009332,-0.945711,0.325000,-0.002465,-0.978209,0.206358,-0.022897,-0.994268,0.091562,-0.055212,-0.996421,-0.018003,-0.082585,
		-0.906385,0.422308,-0.011011,-0.946174,0.323566,0.007704,-0.975428,0.220213,0.006838,-0.993673,0.111972,-0.008697,-0.999481,-0.000653,-0.032221,-0.916934,0.398178,-0.026187,-0.950645,0.310268,-0.002629,-0.975845,0.218091,0.012778,-0.992608,0.120276,0.016238,-0.999856,0.016049,0.005592,
		-0.923535,0.379561,-0.054929,-0.956772,0.288896,-0.033562,-0.979623,0.200781,-0.004990,-0.993405,0.112955,0.019667,-0.999261,0.023472,0.030432
	],

	"faces": [
		32 ,0,1,5 ,0,1,5,
		32 ,5,1,6 ,5,1,6,
		32 ,5,6,10 ,5,6,10,
		32 ,10,6,11 ,10,6,11,
		32 ,10,11,15 ,10,11,15,
		32 ,15,11,16 ,15,11,16,
		32 ,15,16,20 ,15,16,20,
		32 ,20,16,21 ,20,16,21,
		32 ,1,2,6 ,1,2,6,
		32 ,6,2,7 ,6,2,7,
		32 ,6,7,11 ,6,7,11,
		32 ,11,7,12 ,11,7,12,
		32 ,11,12,16 ,11,12,16,
		32 ,16,12,17 ,16,12,17,
		32 ,16,17,21 ,16,17,21,
		32 ,21,17,22 ,21,17,22,
		32 ,2,3,7 ,2,3,7,
		32 ,7,3,8 ,7,3,8,
		32 ,7,8,12 ,7,8,12,
		32 ,12,8,13 ,12,8,13,
		32 ,12,13,17 ,12,13,17,
		32 ,17,13,18 ,17,13,18,
		32 ,17,18,22 ,17,18,22,
		32 ,22,18,23 ,22,18,23,
		32 ,3,4,8 ,3,4,8,
		32 ,8,4,9 ,8,4,9,
		32 ,8,9,13 ,8,9,13,
		32 ,13,9,14 ,13,9,14,
		32 ,13,14,18 ,13,14,18,
		32 ,18,14,19 ,18,14,19,
		32 ,18,19,23 ,18,19,23,
		32 ,23,19,24 ,23,19,24
	]

}
