{
	"metadata" : {
		"formatVersion" : 3,
		"description" : "Exported from LibZinc."
	}, "materials": [ { "DbgColor": 15658734, "DbgIndex": 0, "DbgName": "my_material", "colorDiffuse": [ 0.9, 0.7, 0.5 ], "colorSpecular": [ 0.2, 0.2, 0.3 ], "shading": "Phong", "specularCoef": 20, "opacity": 1, "vertexColors": true } ], 

	"vertices" : [
		119.782204,112.372597,-650.152222,126.747780,97.881447,-650.194397,135.737289,84.975639,-650.193787,146.392761,73.689796,-650.181396,158.356201,64.058563,-650.188416,122.395882,113.941673,-637.839539,129.800293,99.953285,-637.925842,138.634293,87.331253,-637.930237,148.736557,76.040405,-637.887878,159.945724,66.045555,-637.833801,
		123.880898,115.418427,-625.451050,131.467102,101.810745,-625.559631,140.010239,89.362846,-625.575317,149.549728,78.002060,-625.526978,160.124969,67.655731,-625.443420,124.151459,116.958191,-612.980103,131.529617,103.606789,-613.083374,139.589066,91.225952,-613.105530,148.541733,79.728485,-613.067444,158.599533,69.027199,-612.989868,
		123.121803,118.716301,-600.420227,129.769180,105.494385,-600.484497,137.094681,93.076118,-600.497375,145.422043,81.373390,-600.478088,155.074997,70.298080,-600.445923
	],

	"normals" : [
		-0.897187,-0.344083,0.276879,-0.813637,-0.477555,0.331566,-0.729202,-0.595140,0.337747,-0.644752,-0.700271,0.306455,-0.557915,-0.793802,0.242095,-0.892469,-0.405209,0.198255,-0.827321,-0.507465,0.240871,-0.760101,-0.603417,0.241110,-0.690270,-0.692159,0.210815,-0.616975,-0.771109,0.157267,
		-0.887378,-0.445980,0.116885,-0.841981,-0.521879,0.136784,-0.790010,-0.599960,0.126226,-0.730249,-0.676365,0.096263,-0.663281,-0.746355,0.054890,-0.889245,-0.456224,0.033216,-0.858113,-0.513120,0.018727,-0.815221,-0.579105,-0.007238,-0.759722,-0.649239,-0.036216,-0.693624,-0.717586,-0.062894,
		-0.903683,-0.424274,-0.057876,-0.873670,-0.472661,-0.115294,-0.829809,-0.535512,-0.156981,-0.773082,-0.607831,-0.181347,-0.705807,-0.682351,-0.190350
	],

	"faces": [
		32 ,0,1,5 ,0,1,5,
		32 ,5,1,6 ,5,1,6,
		32 ,5,6,10 ,5,6,10,
		32 ,10,6,11 ,10,6,11,
		32 ,10,11,15 ,10,11,15,
		32 ,15,11,16 ,15,11,16,
		32 ,15,16,20 ,15,16,20,
		32 ,20,16,21 ,20,16,21,
		32 ,1,2,6 ,1,2,6,
		32 ,6,2,7 ,6,2,7,
		32 ,6,7,11 ,6,7,11,
		32 ,11,7,12 ,11,7,12,
		32 ,11,12,16 ,11,12,16,
		32 ,16,12,17 ,16,12,17,
		32 ,16,17,21 ,16,17,21,
		32 ,21,17,22 ,21,17,22,
		32 ,2,3,7 ,2,3,7,
		32 ,7,3,8 ,7,3,8,
		32 ,7,8,12 ,7,8,12,
		32 ,12,8,13 ,12,8,13,
		32 ,12,13,17 ,12,13,17,
		32 ,17,13,18 ,17,13,18,
		32 ,17,18,22 ,17,18,22,
		32 ,22,18,23 ,22,18,23,
		32 ,3,4,8 ,3,4,8,
		32 ,8,4,9 ,8,4,9,
		32 ,8,9,13 ,8,9,13,
		32 ,13,9,14 ,13,9,14,
		32 ,13,14,18 ,13,14,18,
		32 ,18,14,19 ,18,14,19,
		32 ,18,19,23 ,18,19,23,
		32 ,23,19,24 ,23,19,24
	]

}
