{
	"metadata" : {
		"formatVersion" : 3,
		"description" : "Exported from LibZinc."
	}, "materials": [ { "DbgColor": 15658734, "DbgIndex": 0, "DbgName": "my_material", "colorDiffuse": [ 0.9, 0.7, 0.5 ], "colorSpecular": [ 0.2, 0.2, 0.3 ], "shading": "Phong", "specularCoef": 20, "opacity": 1, "vertexColors": true } ], 

	"vertices" : [
		158.356201,64.058563,-650.188416,170.929977,56.232201,-650.185669,183.976898,50.254238,-650.153137,197.979706,45.999149,-650.134949,213.421097,43.341419,-650.175598,159.945724,66.045555,-637.833801,171.832962,57.571461,-637.771912,184.381165,50.856678,-637.702759,198.046524,45.886768,-637.656250,213.285248,42.647289,-637.662292,
		160.124969,67.655731,-625.443420,171.530319,58.640594,-625.348877,183.802399,51.355221,-625.259888,197.344070,45.849667,-625.193909,212.558182,42.173996,-625.168213,158.599533,69.027199,-612.989868,169.725525,59.535839,-612.896423,181.959457,51.785858,-612.804565,195.628265,45.866592,-612.726135,211.058838,41.867374,-612.672791,
		155.074997,70.298080,-600.445923,166.122116,60.353428,-600.394531,178.571213,52.184586,-600.316895,192.654999,45.916279,-600.231079,208.606201,41.673241,-600.155273
	],

	"normals" : [
		-0.557915,-0.793802,0.242095,-0.469751,-0.868435,0.158600,-0.353630,-0.932561,0.072635,-0.228432,-0.973544,-0.005475,-0.115773,-0.991202,-0.064156,-0.616975,-0.771109,0.157267,-0.528143,-0.843754,0.095621,-0.408823,-0.911798,0.038571,-0.274366,-0.961556,-0.011590,-0.145442,-0.988098,-0.050096,
		-0.663281,-0.746355,0.054890,-0.569643,-0.821699,0.017837,-0.446257,-0.894862,-0.008763,-0.305733,-0.951670,-0.029167,-0.166996,-0.984952,-0.044516,-0.693624,-0.717586,-0.062894,-0.594350,-0.800929,-0.072530,-0.467627,-0.881348,-0.067453,-0.323812,-0.944403,-0.056999,-0.179969,-0.982550,-0.046975,
		-0.705807,-0.682351,-0.190350,-0.603050,-0.779160,-0.171000,-0.475093,-0.869653,-0.134129,-0.330357,-0.939284,-0.092794,-0.184258,-0.981273,-0.056152
	],

	"faces": [
		32 ,0,1,5 ,0,1,5,
		32 ,5,1,6 ,5,1,6,
		32 ,5,6,10 ,5,6,10,
		32 ,10,6,11 ,10,6,11,
		32 ,10,11,15 ,10,11,15,
		32 ,15,11,16 ,15,11,16,
		32 ,15,16,20 ,15,16,20,
		32 ,20,16,21 ,20,16,21,
		32 ,1,2,6 ,1,2,6,
		32 ,6,2,7 ,6,2,7,
		32 ,6,7,11 ,6,7,11,
		32 ,11,7,12 ,11,7,12,
		32 ,11,12,16 ,11,12,16,
		32 ,16,12,17 ,16,12,17,
		32 ,16,17,21 ,16,17,21,
		32 ,21,17,22 ,21,17,22,
		32 ,2,3,7 ,2,3,7,
		32 ,7,3,8 ,7,3,8,
		32 ,7,8,12 ,7,8,12,
		32 ,12,8,13 ,12,8,13,
		32 ,12,13,17 ,12,13,17,
		32 ,17,13,18 ,17,13,18,
		32 ,17,18,22 ,17,18,22,
		32 ,22,18,23 ,22,18,23,
		32 ,3,4,8 ,3,4,8,
		32 ,8,4,9 ,8,4,9,
		32 ,8,9,13 ,8,9,13,
		32 ,13,9,14 ,13,9,14,
		32 ,13,14,18 ,13,14,18,
		32 ,18,14,19 ,18,14,19,
		32 ,18,19,23 ,18,19,23,
		32 ,23,19,24 ,23,19,24
	]

}
