{
	"metadata" : {
		"formatVersion" : 3,
		"description" : "Exported from LibZinc."
	}, "materials": [ { "DbgColor": 15658734, "DbgIndex": 0, "DbgName": "my_material", "colorDiffuse": [ 0.9, 0.7, 0.5 ], "colorSpecular": [ 0.2, 0.2, 0.3 ], "shading": "Phong", "specularCoef": 20, "opacity": 1, "vertexColors": true } ], 

	"vertices" : [
		435.177490,233.621796,-650.000000,429.710510,243.254028,-650.031616,423.687714,252.343994,-650.108337,416.783478,261.470947,-650.186218,408.672211,271.214111,-650.221313,435.148224,233.350113,-637.478088,429.735168,242.998047,-637.507751,423.790436,252.164978,-637.574158,416.962006,261.390289,-637.642639,408.897858,271.213440,-637.678711,
		435.186584,233.142227,-624.974731,429.916046,242.876770,-624.991638,424.088196,252.168671,-625.031982,417.344086,261.516479,-625.075256,409.324799,271.418762,-625.100586,435.444855,233.041397,-612.484009,430.349854,242.921722,-612.486389,424.632538,252.368469,-612.499756,417.947906,261.848846,-612.516174,409.951019,271.830048,-612.527527,
		436.075287,233.090805,-600.000000,431.133331,243.164398,-599.995361,425.475006,252.777740,-599.995300,418.791626,262.386749,-599.997620,410.774597,272.447388,-600.000000
	],

	"normals" : [
		0.885450,0.464589,0.011592,0.851962,0.523402,0.014515,0.814826,0.579604,0.010852,0.781556,0.623823,0.004014,0.757700,0.652599,-0.002127,0.886118,0.463338,0.010623,0.856279,0.516510,0.002073,0.821197,0.570582,-0.008459,0.787255,0.616351,-0.018501,0.760152,0.649262,-0.025043,
		0.892634,0.450773,-0.002953,0.864120,0.502950,-0.018369,0.828865,0.558551,-0.031695,0.792731,0.608124,-0.042000,0.761721,0.646145,-0.047731,0.901906,0.430949,-0.029127,0.872319,0.486696,-0.046750,0.835292,0.546644,-0.058882,0.796545,0.600898,-0.066616,0.762284,0.643405,-0.070378,
		0.910404,0.408128,-0.067799,0.877830,0.471733,-0.082964,0.838180,0.537906,-0.090059,0.797380,0.596345,-0.092506,0.761718,0.641174,-0.093175
	],

	"faces": [
		32 ,0,1,5 ,0,1,5,
		32 ,5,1,6 ,5,1,6,
		32 ,5,6,10 ,5,6,10,
		32 ,10,6,11 ,10,6,11,
		32 ,10,11,15 ,10,11,15,
		32 ,15,11,16 ,15,11,16,
		32 ,15,16,20 ,15,16,20,
		32 ,20,16,21 ,20,16,21,
		32 ,1,2,6 ,1,2,6,
		32 ,6,2,7 ,6,2,7,
		32 ,6,7,11 ,6,7,11,
		32 ,11,7,12 ,11,7,12,
		32 ,11,12,16 ,11,12,16,
		32 ,16,12,17 ,16,12,17,
		32 ,16,17,21 ,16,17,21,
		32 ,21,17,22 ,21,17,22,
		32 ,2,3,7 ,2,3,7,
		32 ,7,3,8 ,7,3,8,
		32 ,7,8,12 ,7,8,12,
		32 ,12,8,13 ,12,8,13,
		32 ,12,13,17 ,12,13,17,
		32 ,17,13,18 ,17,13,18,
		32 ,17,18,22 ,17,18,22,
		32 ,22,18,23 ,22,18,23,
		32 ,3,4,8 ,3,4,8,
		32 ,8,4,9 ,8,4,9,
		32 ,8,9,13 ,8,9,13,
		32 ,13,9,14 ,13,9,14,
		32 ,13,14,18 ,13,14,18,
		32 ,18,14,19 ,18,14,19,
		32 ,18,19,23 ,18,19,23,
		32 ,23,19,24 ,23,19,24
	]

}
