{
	"metadata" : {
		"formatVersion" : 3,
		"description" : "Exported from LibZinc."
	}, "materials": [ { "DbgColor": 15658734, "DbgIndex": 0, "DbgName": "my_material", "colorDiffuse": [ 0.9, 0.7, 0.5 ], "colorSpecular": [ 0.2, 0.2, 0.3 ], "shading": "Phong", "specularCoef": 20, "opacity": 1, "vertexColors": true } ], 

	"vertices" : [
		121.497803,236.585999,-600.000000,116.732170,223.154922,-599.920593,113.145950,208.953568,-599.807190,110.803627,194.203613,-599.720642,109.769699,179.126801,-599.721680,120.862999,236.497345,-587.488037,116.256142,223.001144,-587.399719,112.965164,208.791183,-587.293152,110.920753,194.142868,-587.217834,110.053581,179.331589,-587.223206,
		120.456970,236.050827,-574.966431,115.835503,222.646057,-574.877014,112.699120,208.570374,-574.794678,110.868683,194.137924,-574.747498,110.165077,179.662872,-574.763428,120.393959,235.211121,-562.461609,115.595879,222.021622,-562.370728,112.470116,208.198914,-562.309570,110.744377,194.086548,-562.287109,110.146393,180.028152,-562.312134,
		120.788200,233.942902,-550.000000,115.662903,221.059875,-549.899109,112.400475,207.584595,-549.835754,110.644775,193.886459,-549.814331,110.039703,180.334900,-549.839294
	],

	"normals" : [
		-0.923535,0.379561,-0.054929,-0.956772,0.288896,-0.033562,-0.979623,0.200781,-0.004990,-0.993405,0.112955,0.019667,-0.999261,0.023472,0.030432,-0.926356,0.375280,-0.032067,-0.961745,0.272214,-0.030750,-0.983462,0.180349,-0.016631,-0.995256,0.097285,0.001428,-0.999684,0.020312,0.014818,
		-0.922522,0.385942,0.000960,-0.963090,0.268658,-0.016743,-0.985476,0.168925,-0.017339,-0.996350,0.084963,-0.008267,-0.999900,0.013878,0.002757,-0.911294,0.409284,0.045047,-0.960694,0.277461,0.009117,-0.985880,0.167308,-0.007005,-0.996853,0.078696,-0.009561,-0.999942,0.008994,-0.005850,
		-0.891122,0.442479,0.100566,-0.953375,0.297997,0.047687,-0.984154,0.176691,0.014872,-0.996660,0.081635,-0.002367,-0.999875,0.011158,-0.011155
	],

	"faces": [
		32 ,0,1,5 ,0,1,5,
		32 ,5,1,6 ,5,1,6,
		32 ,5,6,10 ,5,6,10,
		32 ,10,6,11 ,10,6,11,
		32 ,10,11,15 ,10,11,15,
		32 ,15,11,16 ,15,11,16,
		32 ,15,16,20 ,15,16,20,
		32 ,20,16,21 ,20,16,21,
		32 ,1,2,6 ,1,2,6,
		32 ,6,2,7 ,6,2,7,
		32 ,6,7,11 ,6,7,11,
		32 ,11,7,12 ,11,7,12,
		32 ,11,12,16 ,11,12,16,
		32 ,16,12,17 ,16,12,17,
		32 ,16,17,21 ,16,17,21,
		32 ,21,17,22 ,21,17,22,
		32 ,2,3,7 ,2,3,7,
		32 ,7,3,8 ,7,3,8,
		32 ,7,8,12 ,7,8,12,
		32 ,12,8,13 ,12,8,13,
		32 ,12,13,17 ,12,13,17,
		32 ,17,13,18 ,17,13,18,
		32 ,17,18,22 ,17,18,22,
		32 ,22,18,23 ,22,18,23,
		32 ,3,4,8 ,3,4,8,
		32 ,8,4,9 ,8,4,9,
		32 ,8,9,13 ,8,9,13,
		32 ,13,9,14 ,13,9,14,
		32 ,13,14,18 ,13,14,18,
		32 ,18,14,19 ,18,14,19,
		32 ,18,19,23 ,18,19,23,
		32 ,23,19,24 ,23,19,24
	]

}
