{
	"metadata" : {
		"formatVersion" : 3,
		"description" : "Exported from LibZinc."
	}, "materials": [ { "DbgColor": 15658734, "DbgIndex": 0, "DbgName": "my_material", "colorDiffuse": [ 0.9, 0.7, 0.5 ], "colorSpecular": [ 0.2, 0.2, 0.3 ], "shading": "Phong", "specularCoef": 20, "opacity": 1, "vertexColors": true } ], 

	"vertices" : [
		365.282806,44.642189,-600.281494,383.215454,51.598660,-600.388916,399.404449,61.412060,-600.446594,413.308441,73.370438,-600.420410,424.386108,86.761833,-600.276306,367.612671,43.843674,-587.703064,386.059235,50.645214,-587.867676,402.726440,60.295822,-587.959900,416.953247,72.167862,-587.937744,428.078461,85.633713,-587.758972,
		370.508606,43.373474,-575.082275,389.460632,50.012928,-575.279358,406.578003,59.502289,-575.393066,421.126953,71.292068,-575.380249,432.373657,84.832771,-575.197571,373.948303,43.129673,-562.472656,393.439972,49.594265,-562.696289,410.971039,58.942543,-562.827209,425.772583,70.670830,-562.825684,437.075653,84.275467,-562.652039,
		377.909393,43.010349,-549.927673,398.017517,49.281685,-550.190735,415.917511,58.527660,-550.343323,430.833191,70.231949,-550.351746,441.988403,83.878227,-550.182312
	],

	"normals" : [
		0.270573,-0.955200,-0.119926,0.436906,-0.882985,-0.171612,0.572858,-0.788401,-0.224183,0.688892,-0.675822,-0.262092,0.796853,-0.540680,-0.269610,0.258729,-0.960683,-0.100733,0.420050,-0.893401,-0.159353,0.558238,-0.800103,-0.219558,0.681706,-0.680413,-0.268914,0.797835,-0.525333,-0.295778,
		0.246441,-0.965163,-0.087908,0.403682,-0.901763,-0.154477,0.543776,-0.809691,-0.220701,0.673456,-0.685390,-0.276943,0.796194,-0.516862,-0.314530,0.231777,-0.969400,-0.080888,0.387795,-0.908245,-0.157183,0.530963,-0.816029,-0.228417,0.666884,-0.687553,-0.287292,0.796396,-0.508895,-0.326770,
		0.213181,-0.973814,-0.079000,0.372371,-0.912786,-0.167814,0.521080,-0.817920,-0.243891,0.664492,-0.683730,-0.301602,0.802404,-0.494604,-0.333939
	],

	"faces": [
		32 ,0,1,5 ,0,1,5,
		32 ,5,1,6 ,5,1,6,
		32 ,5,6,10 ,5,6,10,
		32 ,10,6,11 ,10,6,11,
		32 ,10,11,15 ,10,11,15,
		32 ,15,11,16 ,15,11,16,
		32 ,15,16,20 ,15,16,20,
		32 ,20,16,21 ,20,16,21,
		32 ,1,2,6 ,1,2,6,
		32 ,6,2,7 ,6,2,7,
		32 ,6,7,11 ,6,7,11,
		32 ,11,7,12 ,11,7,12,
		32 ,11,12,16 ,11,12,16,
		32 ,16,12,17 ,16,12,17,
		32 ,16,17,21 ,16,17,21,
		32 ,21,17,22 ,21,17,22,
		32 ,2,3,7 ,2,3,7,
		32 ,7,3,8 ,7,3,8,
		32 ,7,8,12 ,7,8,12,
		32 ,12,8,13 ,12,8,13,
		32 ,12,13,17 ,12,13,17,
		32 ,17,13,18 ,17,13,18,
		32 ,17,18,22 ,17,18,22,
		32 ,22,18,23 ,22,18,23,
		32 ,3,4,8 ,3,4,8,
		32 ,8,4,9 ,8,4,9,
		32 ,8,9,13 ,8,9,13,
		32 ,13,9,14 ,13,9,14,
		32 ,13,14,18 ,13,14,18,
		32 ,18,14,19 ,18,14,19,
		32 ,18,19,23 ,18,19,23,
		32 ,23,19,24 ,23,19,24
	]

}
