{
	"metadata" : {
		"formatVersion" : 3,
		"description" : "Exported from LibZinc."
	}, "materials": [ { "DbgColor": 15658734, "DbgIndex": 0, "DbgName": "my_material", "colorDiffuse": [ 0.9, 0.7, 0.5 ], "colorSpecular": [ 0.2, 0.2, 0.3 ], "shading": "Phong", "specularCoef": 20, "opacity": 1, "vertexColors": true } ], 

	"vertices" : [
		120.788200,233.942902,-550.000000,115.662903,221.059875,-549.899109,112.400475,207.584595,-549.835754,110.644775,193.886459,-549.814331,110.039703,180.334900,-549.839294,121.386925,232.545944,-537.558655,115.985985,219.969772,-537.447876,112.519089,206.893875,-537.367310,110.593216,193.654221,-537.329041,109.815338,180.586807,-537.345337,
		121.797188,231.533340,-525.087646,116.354622,219.190903,-524.979492,112.715477,206.504990,-524.891113,110.539993,193.694595,-524.842102,109.488419,180.978683,-524.851990,121.922958,231.189728,-512.572815,116.654572,219.001160,-512.477478,112.902870,206.643448,-512.394287,110.472534,194.187592,-512.347412,109.168259,181.704620,-512.360840,
		121.668198,231.799698,-500.000000,116.771606,219.678467,-499.925262,112.994507,207.534729,-499.863861,110.378250,195.313232,-499.838867,108.964203,182.958694,-499.873291
	],

	"normals" : [
		-0.891122,0.442479,0.100566,-0.953375,0.297997,0.047687,-0.984154,0.176691,0.014872,-0.996660,0.081635,-0.002367,-0.999875,0.011158,-0.011155,-0.879354,0.468722,0.083881,-0.945577,0.321056,0.052977,-0.980480,0.195320,0.022564,-0.995288,0.096920,-0.003032,-0.999369,0.026094,-0.024110,
		-0.881017,0.470707,0.047376,-0.940804,0.336471,0.040934,-0.975832,0.217695,0.018968,-0.992661,0.120731,-0.006917,-0.998421,0.047895,-0.029333,-0.892896,0.450217,-0.006530,-0.939450,0.342489,0.011667,-0.970979,0.239149,0.002826,-0.989255,0.145396,-0.015298,-0.997536,0.064603,-0.027343,
		-0.910102,0.407962,-0.072678,-0.940942,0.336941,-0.033162,-0.966770,0.254316,-0.026066,-0.986315,0.162426,-0.028306,-0.997794,0.064201,-0.016895
	],

	"faces": [
		32 ,0,1,5 ,0,1,5,
		32 ,5,1,6 ,5,1,6,
		32 ,5,6,10 ,5,6,10,
		32 ,10,6,11 ,10,6,11,
		32 ,10,11,15 ,10,11,15,
		32 ,15,11,16 ,15,11,16,
		32 ,15,16,20 ,15,16,20,
		32 ,20,16,21 ,20,16,21,
		32 ,1,2,6 ,1,2,6,
		32 ,6,2,7 ,6,2,7,
		32 ,6,7,11 ,6,7,11,
		32 ,11,7,12 ,11,7,12,
		32 ,11,12,16 ,11,12,16,
		32 ,16,12,17 ,16,12,17,
		32 ,16,17,21 ,16,17,21,
		32 ,21,17,22 ,21,17,22,
		32 ,2,3,7 ,2,3,7,
		32 ,7,3,8 ,7,3,8,
		32 ,7,8,12 ,7,8,12,
		32 ,12,8,13 ,12,8,13,
		32 ,12,13,17 ,12,13,17,
		32 ,17,13,18 ,17,13,18,
		32 ,17,18,22 ,17,18,22,
		32 ,22,18,23 ,22,18,23,
		32 ,3,4,8 ,3,4,8,
		32 ,8,4,9 ,8,4,9,
		32 ,8,9,13 ,8,9,13,
		32 ,13,9,14 ,13,9,14,
		32 ,13,14,18 ,13,14,18,
		32 ,18,14,19 ,18,14,19,
		32 ,18,19,23 ,18,19,23,
		32 ,23,19,24 ,23,19,24
	]

}
