{
	"metadata" : {
		"formatVersion" : 3,
		"description" : "Exported from LibZinc."
	}, "materials": [ { "DbgColor": 15658734, "DbgIndex": 0, "DbgName": "my_material", "colorDiffuse": [ 0.9, 0.7, 0.5 ], "colorSpecular": [ 0.2, 0.2, 0.3 ], "shading": "Phong", "specularCoef": 20, "opacity": 1, "vertexColors": true } ], 

	"vertices" : [
		110.039703,180.334900,-549.839294,110.134186,167.247421,-549.902161,110.713547,154.493530,-549.970032,111.776207,141.770584,-550.010864,113.320602,128.776001,-549.992676,109.815338,180.586807,-537.345337,109.781609,168.045609,-537.407776,110.233185,155.868210,-537.476685,110.994591,143.616089,-537.517395,111.890343,130.850739,-537.495361,
		109.488419,180.978683,-524.851990,109.376587,168.784409,-524.917053,109.941124,157.002838,-524.990051,110.723389,145.048889,-525.025452,111.264778,132.337479,-524.977783,109.168259,181.704620,-512.360840,109.042145,169.674332,-512.427429,109.801254,158.068573,-512.492371,110.732727,146.196457,-512.507751,111.123672,133.367050,-512.425720,
		108.964203,182.958694,-499.873291,108.901291,170.925858,-499.936493,109.777489,159.236542,-499.965973,110.792694,147.186218,-499.937012,111.146797,134.070297,-499.824890
	],

	"normals" : [
		-0.999875,0.011158,-0.011155,-0.999441,-0.026069,-0.020947,-0.997172,-0.064363,-0.038793,-0.992325,-0.100918,-0.071466,-0.982940,-0.133146,-0.126887,-0.999369,0.026094,-0.024110,-0.999341,-0.019193,-0.030816,-0.998320,-0.052146,-0.025276,-0.997181,-0.068750,-0.030067,-0.995324,-0.068698,-0.067904,
		-0.998421,0.047895,-0.029333,-0.999241,-0.025255,-0.029645,-0.997917,-0.063514,-0.011325,-0.998184,-0.060230,-0.001281,-0.999497,-0.020359,-0.024307,-0.997536,0.064603,-0.027343,-0.999159,-0.037055,-0.017579,-0.996577,-0.082663,0.001153,-0.997914,-0.063594,0.011119,-0.999962,0.008626,-0.001026,
		-0.997794,0.064201,-0.016895,-0.998930,-0.045955,0.005283,-0.995750,-0.091430,0.011065,-0.997840,-0.065449,0.005635,-0.999846,0.017500,-0.000928
	],

	"faces": [
		32 ,0,1,5 ,0,1,5,
		32 ,5,1,6 ,5,1,6,
		32 ,5,6,10 ,5,6,10,
		32 ,10,6,11 ,10,6,11,
		32 ,10,11,15 ,10,11,15,
		32 ,15,11,16 ,15,11,16,
		32 ,15,16,20 ,15,16,20,
		32 ,20,16,21 ,20,16,21,
		32 ,1,2,6 ,1,2,6,
		32 ,6,2,7 ,6,2,7,
		32 ,6,7,11 ,6,7,11,
		32 ,11,7,12 ,11,7,12,
		32 ,11,12,16 ,11,12,16,
		32 ,16,12,17 ,16,12,17,
		32 ,16,17,21 ,16,17,21,
		32 ,21,17,22 ,21,17,22,
		32 ,2,3,7 ,2,3,7,
		32 ,7,3,8 ,7,3,8,
		32 ,7,8,12 ,7,8,12,
		32 ,12,8,13 ,12,8,13,
		32 ,12,13,17 ,12,13,17,
		32 ,17,13,18 ,17,13,18,
		32 ,17,18,22 ,17,18,22,
		32 ,22,18,23 ,22,18,23,
		32 ,3,4,8 ,3,4,8,
		32 ,8,4,9 ,8,4,9,
		32 ,8,9,13 ,8,9,13,
		32 ,13,9,14 ,13,9,14,
		32 ,13,14,18 ,13,14,18,
		32 ,18,14,19 ,18,14,19,
		32 ,18,19,23 ,18,19,23,
		32 ,23,19,24 ,23,19,24
	]

}
