{
	"metadata" : {
		"formatVersion" : 3,
		"description" : "Exported from LibZinc."
	}, "materials": [ { "DbgColor": 15658734, "DbgIndex": 0, "DbgName": "my_material", "colorDiffuse": [ 0.9, 0.7, 0.5 ], "colorSpecular": [ 0.2, 0.2, 0.3 ], "shading": "Phong", "specularCoef": 20, "opacity": 1, "vertexColors": true } ], 

	"vertices" : [
		450.969696,187.535095,-550.000000,448.773132,198.939529,-549.984558,446.030487,210.017303,-549.997620,442.519714,220.892914,-550.011841,438.018799,231.690903,-550.000000,452.799530,187.328308,-537.499451,450.245087,198.638214,-537.451294,447.082733,209.566208,-537.458435,443.148407,220.284164,-537.475769,438.278076,230.963943,-537.458191,
		454.836334,187.379868,-524.988159,452.178314,198.685959,-524.931580,448.725037,209.503525,-524.934509,444.414307,220.082047,-524.947937,439.183990,230.671036,-524.922974,456.885773,187.629761,-512.482727,454.414978,199.034561,-512.439148,450.848694,209.846512,-512.445251,446.277740,220.385986,-512.455994,440.792938,230.973343,-512.426208,
		458.753510,188.018005,-500.000000,456.797241,199.635788,-499.987366,453.345093,210.612488,-500.010071,448.699066,221.295441,-500.027710,443.161285,232.031998,-500.000000
	],

	"normals" : [
		0.977686,0.168642,-0.125259,0.973842,0.211107,-0.084061,0.961650,0.271129,-0.041462,0.938793,0.344480,-0.000828,0.904763,0.424602,0.033424,0.969175,0.194481,-0.151251,0.960639,0.245378,-0.130237,0.946299,0.308497,-0.096685,0.923727,0.378705,-0.057538,0.893043,0.449455,-0.021575,
		0.967913,0.191223,-0.163027,0.950626,0.262972,-0.164790,0.930023,0.337670,-0.145040,0.905382,0.408785,-0.114799,0.878272,0.470234,-0.086708,0.974591,0.157349,-0.159414,0.947210,0.260121,-0.187432,0.917050,0.352280,-0.186864,0.887935,0.426090,-0.173259,0.863643,0.477317,-0.162139,
		0.986143,0.091115,-0.138636,0.952186,0.233156,-0.197432,0.911478,0.346323,-0.221965,0.875888,0.422802,-0.232505,0.851980,0.462158,-0.246048
	],

	"faces": [
		32 ,0,1,5 ,0,1,5,
		32 ,5,1,6 ,5,1,6,
		32 ,5,6,10 ,5,6,10,
		32 ,10,6,11 ,10,6,11,
		32 ,10,11,15 ,10,11,15,
		32 ,15,11,16 ,15,11,16,
		32 ,15,16,20 ,15,16,20,
		32 ,20,16,21 ,20,16,21,
		32 ,1,2,6 ,1,2,6,
		32 ,6,2,7 ,6,2,7,
		32 ,6,7,11 ,6,7,11,
		32 ,11,7,12 ,11,7,12,
		32 ,11,12,16 ,11,12,16,
		32 ,16,12,17 ,16,12,17,
		32 ,16,17,21 ,16,17,21,
		32 ,21,17,22 ,21,17,22,
		32 ,2,3,7 ,2,3,7,
		32 ,7,3,8 ,7,3,8,
		32 ,7,8,12 ,7,8,12,
		32 ,12,8,13 ,12,8,13,
		32 ,12,13,17 ,12,13,17,
		32 ,17,13,18 ,17,13,18,
		32 ,17,18,22 ,17,18,22,
		32 ,22,18,23 ,22,18,23,
		32 ,3,4,8 ,3,4,8,
		32 ,8,4,9 ,8,4,9,
		32 ,8,9,13 ,8,9,13,
		32 ,13,9,14 ,13,9,14,
		32 ,13,14,18 ,13,14,18,
		32 ,18,14,19 ,18,14,19,
		32 ,18,19,23 ,18,19,23,
		32 ,23,19,24 ,23,19,24
	]

}
