{
	"metadata" : {
		"formatVersion" : 3,
		"description" : "Exported from LibZinc."
	}, "materials": [ { "DbgColor": 15658734, "DbgIndex": 0, "DbgName": "my_material", "colorDiffuse": [ 0.9, 0.7, 0.5 ], "colorSpecular": [ 0.2, 0.2, 0.3 ], "shading": "Phong", "specularCoef": 20, "opacity": 1, "vertexColors": true } ], 

	"vertices" : [
		438.018799,231.690903,-550.000000,432.722229,242.251221,-549.973816,426.789795,252.523056,-549.964111,419.947449,262.794800,-549.972412,411.921112,273.354797,-550.000000,438.278076,230.963943,-537.458191,432.694366,241.506897,-537.406311,426.559662,251.867966,-537.365234,419.619507,262.299316,-537.356262,411.619537,273.053101,-537.400757,
		439.183990,230.671036,-524.922974,433.332825,241.237732,-524.843201,427.022339,251.718216,-524.759094,419.984772,262.315247,-524.721741,411.952301,273.231598,-524.782349,440.792938,230.973343,-512.426208,434.804352,241.643738,-512.335510,428.433167,252.303131,-512.236572,421.337128,263.078094,-512.194092,413.173828,274.095184,-512.272705,
		443.161285,232.031998,-500.000000,437.275696,242.924896,-499.934265,431.047455,253.851990,-499.888550,423.970428,264.823273,-499.898560,415.538605,275.848694,-500.000000
	],

	"normals" : [
		0.904763,0.424602,0.033424,0.879632,0.472366,0.055843,0.847829,0.525898,0.067957,0.812405,0.579082,0.068281,0.777070,0.626853,0.056721,0.893043,0.449455,-0.021575,0.872965,0.487781,0.001685,0.847065,0.531315,0.013606,0.817593,0.575611,0.014660,0.787235,0.616620,0.006345,
		0.878272,0.470234,-0.086708,0.864214,0.497922,-0.072161,0.843549,0.532786,-0.067560,0.817881,0.571304,-0.068432,0.789464,0.609829,-0.069682,0.863643,0.477317,-0.162139,0.854184,0.493008,-0.165264,0.834579,0.522284,-0.175206,0.807129,0.561912,-0.181101,0.774944,0.608246,-0.171752,
		0.851980,0.462158,-0.246048,0.842920,0.463068,-0.273958,0.816390,0.490479,-0.304858,0.777938,0.541158,-0.319313,0.733463,0.611237,-0.297357
	],

	"faces": [
		32 ,0,1,5 ,0,1,5,
		32 ,5,1,6 ,5,1,6,
		32 ,5,6,10 ,5,6,10,
		32 ,10,6,11 ,10,6,11,
		32 ,10,11,15 ,10,11,15,
		32 ,15,11,16 ,15,11,16,
		32 ,15,16,20 ,15,16,20,
		32 ,20,16,21 ,20,16,21,
		32 ,1,2,6 ,1,2,6,
		32 ,6,2,7 ,6,2,7,
		32 ,6,7,11 ,6,7,11,
		32 ,11,7,12 ,11,7,12,
		32 ,11,12,16 ,11,12,16,
		32 ,16,12,17 ,16,12,17,
		32 ,16,17,21 ,16,17,21,
		32 ,21,17,22 ,21,17,22,
		32 ,2,3,7 ,2,3,7,
		32 ,7,3,8 ,7,3,8,
		32 ,7,8,12 ,7,8,12,
		32 ,12,8,13 ,12,8,13,
		32 ,12,13,17 ,12,13,17,
		32 ,17,13,18 ,17,13,18,
		32 ,17,18,22 ,17,18,22,
		32 ,22,18,23 ,22,18,23,
		32 ,3,4,8 ,3,4,8,
		32 ,8,4,9 ,8,4,9,
		32 ,8,9,13 ,8,9,13,
		32 ,13,9,14 ,13,9,14,
		32 ,13,14,18 ,13,14,18,
		32 ,18,14,19 ,18,14,19,
		32 ,18,19,23 ,18,19,23,
		32 ,23,19,24 ,23,19,24
	]

}
