{
	"metadata" : {
		"formatVersion" : 3,
		"description" : "Exported from LibZinc."
	}, "materials": [ { "DbgColor": 15658734, "DbgIndex": 0, "DbgName": "my_material", "colorDiffuse": [ 0.9, 0.7, 0.5 ], "colorSpecular": [ 0.2, 0.2, 0.3 ], "shading": "Phong", "specularCoef": 20, "opacity": 1, "vertexColors": true } ], 

	"vertices" : [
		411.921112,273.354797,-550.000000,402.356201,283.840851,-550.023682,390.982880,293.450653,-550.025330,377.654083,301.812531,-550.014404,362.222687,308.554810,-550.000000,411.619537,273.053101,-537.400757,402.064087,283.640015,-537.468262,390.586304,293.157196,-537.513611,377.125061,301.236511,-537.536072,361.619202,307.509857,-537.534912,
		411.952301,273.231598,-524.782349,402.304199,283.879333,-524.903259,390.620331,293.290466,-524.999878,376.934052,301.097839,-525.052795,361.278564,306.934265,-525.042664,413.173828,274.095184,-512.272705,403.250000,284.703949,-512.422363,391.190247,293.925293,-512.532288,377.129242,301.392792,-512.576538,361.201691,306.740143,-512.529053,
		415.538605,275.848694,-500.000000,405.075012,286.259125,-500.119324,392.401215,295.136536,-500.159180,377.758820,302.117737,-500.119415,361.389404,306.839508,-500.000000
	],

	"normals" : [
		0.777070,0.626853,0.056721,0.694633,0.717686,0.049116,0.590729,0.804760,0.058305,0.467057,0.880443,0.081725,0.329263,0.936845,0.117931,0.787235,0.616620,0.006345,0.693490,0.720459,0.003313,0.579413,0.814892,0.015225,0.446904,0.893744,0.038717,0.301539,0.950730,0.072021,
		0.789464,0.609829,-0.069682,0.686140,0.724972,-0.060223,0.563888,0.825006,-0.037358,0.424613,0.905358,-0.005510,0.273453,0.961318,0.033030,0.774944,0.608246,-0.171752,0.665496,0.732845,-0.141608,0.538309,0.836898,-0.099122,0.395116,0.917249,-0.050372,0.240432,0.970665,0.001476,
		0.733463,0.611237,-0.297357,0.623718,0.744162,-0.239164,0.496615,0.851431,-0.168641,0.353432,0.930654,-0.094711,0.198097,0.979935,-0.022011
	],

	"faces": [
		32 ,0,1,5 ,0,1,5,
		32 ,5,1,6 ,5,1,6,
		32 ,5,6,10 ,5,6,10,
		32 ,10,6,11 ,10,6,11,
		32 ,10,11,15 ,10,11,15,
		32 ,15,11,16 ,15,11,16,
		32 ,15,16,20 ,15,16,20,
		32 ,20,16,21 ,20,16,21,
		32 ,1,2,6 ,1,2,6,
		32 ,6,2,7 ,6,2,7,
		32 ,6,7,11 ,6,7,11,
		32 ,11,7,12 ,11,7,12,
		32 ,11,12,16 ,11,12,16,
		32 ,16,12,17 ,16,12,17,
		32 ,16,17,21 ,16,17,21,
		32 ,21,17,22 ,21,17,22,
		32 ,2,3,7 ,2,3,7,
		32 ,7,3,8 ,7,3,8,
		32 ,7,8,12 ,7,8,12,
		32 ,12,8,13 ,12,8,13,
		32 ,12,13,17 ,12,13,17,
		32 ,17,13,18 ,17,13,18,
		32 ,17,18,22 ,17,18,22,
		32 ,22,18,23 ,22,18,23,
		32 ,3,4,8 ,3,4,8,
		32 ,8,4,9 ,8,4,9,
		32 ,8,9,13 ,8,9,13,
		32 ,13,9,14 ,13,9,14,
		32 ,13,14,18 ,13,14,18,
		32 ,18,14,19 ,18,14,19,
		32 ,18,19,23 ,18,19,23,
		32 ,23,19,24 ,23,19,24
	]

}
