{
	"metadata" : {
		"formatVersion" : 3,
		"description" : "Exported from LibZinc."
	}, "materials": [ { "DbgColor": 15658734, "DbgIndex": 0, "DbgName": "my_material", "colorDiffuse": [ 0.9, 0.7, 0.5 ], "colorSpecular": [ 0.2, 0.2, 0.3 ], "shading": "Phong", "specularCoef": 20, "opacity": 1, "vertexColors": true } ], 

	"vertices" : [
		362.222687,308.554810,-550.000000,344.583618,313.583191,-549.975891,325.277771,317.148499,-549.948730,305.127380,319.396729,-549.947205,284.954498,320.473785,-550.000000,361.619202,307.509857,-537.534912,344.025940,311.865997,-537.515442,324.868683,314.691559,-537.495789,304.935638,316.365082,-537.494446,285.015076,317.265137,-537.529968,
		361.278564,306.934265,-525.042664,343.671417,310.586609,-525.010254,324.603851,312.517822,-525.010132,304.819885,313.374756,-525.043335,285.063446,313.804352,-525.111023,361.201691,306.740143,-512.529053,343.488525,309.649475,-512.463440,324.440765,310.643616,-512.465088,304.748199,310.617249,-512.525574,285.100586,310.464966,-512.636536,
		361.389404,306.839508,-500.000000,343.445740,308.958893,-499.877960,324.336884,309.085266,-499.833893,304.688782,308.284058,-499.872864,285.127411,307.620605,-500.000000
	],

	"normals" : [
		0.329263,0.936845,0.117931,0.220991,0.961384,0.164026,0.140672,0.968107,0.207315,0.077984,0.969188,0.233653,0.025364,0.972969,0.229539,0.301539,0.950730,0.072021,0.185984,0.974889,0.122481,0.108669,0.976801,0.184530,0.058982,0.969511,0.237842,0.030572,0.964191,0.263439,
		0.273453,0.961318,0.033030,0.143377,0.985661,0.088966,0.064666,0.984896,0.160615,0.025630,0.973560,0.226990,0.020148,0.963143,0.268235,0.240432,0.970665,0.001476,0.096911,0.993240,0.063896,0.016795,0.990636,0.135494,-0.012689,0.979566,0.200721,0.002471,0.969781,0.243963,
		0.198097,0.979935,-0.022011,0.050831,0.997584,0.047357,-0.026246,0.993683,0.109111,-0.046193,0.986201,0.158980,-0.013877,0.981623,0.190323
	],

	"faces": [
		32 ,0,1,5 ,0,1,5,
		32 ,5,1,6 ,5,1,6,
		32 ,5,6,10 ,5,6,10,
		32 ,10,6,11 ,10,6,11,
		32 ,10,11,15 ,10,11,15,
		32 ,15,11,16 ,15,11,16,
		32 ,15,16,20 ,15,16,20,
		32 ,20,16,21 ,20,16,21,
		32 ,1,2,6 ,1,2,6,
		32 ,6,2,7 ,6,2,7,
		32 ,6,7,11 ,6,7,11,
		32 ,11,7,12 ,11,7,12,
		32 ,11,12,16 ,11,12,16,
		32 ,16,12,17 ,16,12,17,
		32 ,16,17,21 ,16,17,21,
		32 ,21,17,22 ,21,17,22,
		32 ,2,3,7 ,2,3,7,
		32 ,7,3,8 ,7,3,8,
		32 ,7,8,12 ,7,8,12,
		32 ,12,8,13 ,12,8,13,
		32 ,12,13,17 ,12,13,17,
		32 ,17,13,18 ,17,13,18,
		32 ,17,18,22 ,17,18,22,
		32 ,22,18,23 ,22,18,23,
		32 ,3,4,8 ,3,4,8,
		32 ,8,4,9 ,8,4,9,
		32 ,8,9,13 ,8,9,13,
		32 ,13,9,14 ,13,9,14,
		32 ,13,14,18 ,13,14,18,
		32 ,18,14,19 ,18,14,19,
		32 ,18,19,23 ,18,19,23,
		32 ,23,19,24 ,23,19,24
	]

}
