{
	"metadata" : {
		"formatVersion" : 3,
		"description" : "Exported from LibZinc."
	}, "materials": [ { "DbgColor": 15658734, "DbgIndex": 0, "DbgName": "my_material", "colorDiffuse": [ 0.9, 0.7, 0.5 ], "colorSpecular": [ 0.2, 0.2, 0.3 ], "shading": "Phong", "specularCoef": 20, "opacity": 1, "vertexColors": true } ], 

	"vertices" : [
		111.146797,134.070297,-499.824890,109.566513,119.273399,-499.822266,107.336525,103.443489,-500.006073,107.493721,87.771057,-500.178162,113.074997,73.446587,-500.140289,110.718071,134.874969,-487.189789,108.552887,119.453987,-487.112244,105.337418,102.777946,-487.280670,104.689171,86.549385,-487.507446,110.225639,72.470833,-487.604980,
		109.858940,136.043167,-474.574799,107.207069,120.368889,-474.338287,103.567665,103.401054,-474.465057,102.564629,86.878860,-474.768494,107.821823,72.541481,-475.062073,109.205460,137.457397,-462.025665,106.122620,121.911224,-461.649536,102.389290,105.153625,-461.726715,101.214264,88.593277,-462.084991,105.806328,73.638847,-462.552185,
		109.393700,139.000107,-449.588104,105.893097,123.974121,-449.195129,102.164307,107.876457,-449.233154,100.732262,91.526398,-449.580627,104.121902,75.743240,-450.115906
	],

	"normals" : [
		-0.999846,0.017500,-0.000928,-0.986932,0.153800,-0.048068,-0.984656,0.097147,-0.144965,-0.954449,-0.146703,-0.259816,-0.787969,-0.557370,-0.261616,-0.997673,0.029314,-0.061561,-0.974615,0.197021,-0.106339,-0.977446,0.150072,-0.148588,-0.974446,-0.113795,-0.193665,-0.770960,-0.610125,-0.182670,
		-0.995215,0.062965,-0.074722,-0.968316,0.218406,-0.121090,-0.976484,0.169604,-0.133096,-0.987368,-0.092977,-0.128294,-0.793096,-0.598868,-0.111161,-0.992660,0.113942,-0.040544,-0.968310,0.232315,-0.091682,-0.980448,0.174787,-0.090390,-0.995626,-0.071410,-0.060239,-0.847647,-0.527468,-0.057203,
		-0.983116,0.177929,0.042720,-0.968437,0.248801,-0.015125,-0.983414,0.180618,-0.016534,-0.999364,-0.034655,0.008439,-0.916599,-0.398674,-0.030083
	],

	"faces": [
		32 ,0,1,5 ,0,1,5,
		32 ,5,1,6 ,5,1,6,
		32 ,5,6,10 ,5,6,10,
		32 ,10,6,11 ,10,6,11,
		32 ,10,11,15 ,10,11,15,
		32 ,15,11,16 ,15,11,16,
		32 ,15,16,20 ,15,16,20,
		32 ,20,16,21 ,20,16,21,
		32 ,1,2,6 ,1,2,6,
		32 ,6,2,7 ,6,2,7,
		32 ,6,7,11 ,6,7,11,
		32 ,11,7,12 ,11,7,12,
		32 ,11,12,16 ,11,12,16,
		32 ,16,12,17 ,16,12,17,
		32 ,16,17,21 ,16,17,21,
		32 ,21,17,22 ,21,17,22,
		32 ,2,3,7 ,2,3,7,
		32 ,7,3,8 ,7,3,8,
		32 ,7,8,12 ,7,8,12,
		32 ,12,8,13 ,12,8,13,
		32 ,12,13,17 ,12,13,17,
		32 ,17,13,18 ,17,13,18,
		32 ,17,18,22 ,17,18,22,
		32 ,22,18,23 ,22,18,23,
		32 ,3,4,8 ,3,4,8,
		32 ,8,4,9 ,8,4,9,
		32 ,8,9,13 ,8,9,13,
		32 ,13,9,14 ,13,9,14,
		32 ,13,14,18 ,13,14,18,
		32 ,18,14,19 ,18,14,19,
		32 ,18,19,23 ,18,19,23,
		32 ,23,19,24 ,23,19,24
	]

}
