{
	"metadata" : {
		"formatVersion" : 3,
		"description" : "Exported from LibZinc."
	}, "materials": [ { "DbgColor": 15658734, "DbgIndex": 0, "DbgName": "my_material", "colorDiffuse": [ 0.9, 0.7, 0.5 ], "colorSpecular": [ 0.2, 0.2, 0.3 ], "shading": "Phong", "specularCoef": 20, "opacity": 1, "vertexColors": true } ], 

	"vertices" : [
		285.000000,255.121994,-350.000000,275.562103,255.640610,-350.005646,266.805908,256.792725,-349.913788,257.047760,258.481323,-349.865051,244.604095,260.609406,-350.000000,284.900543,248.968887,-338.046600,276.563263,249.383698,-338.012085,268.834808,250.326248,-337.910278,260.329132,251.678543,-337.874298,249.660202,253.322601,-338.037415,
		284.758362,243.794876,-325.632690,277.363770,244.043365,-325.554413,270.405548,244.713821,-325.447723,262.933594,245.705688,-325.431549,253.997726,246.918365,-325.624939,284.737000,240.036591,-312.902466,278.110107,239.983917,-312.750427,271.751953,240.324814,-312.627258,265.138733,240.949722,-312.641083,257.746643,241.749054,-312.899994,
		285.000000,238.130600,-300.000000,278.948730,237.569656,-299.717896,273.107849,237.528564,-299.550018,267.222290,237.797623,-299.607086,261.036896,238.167099,-300.000000
	],

	"normals" : [
		0.009563,0.873761,0.486262,0.087845,0.871865,0.481804,0.144062,0.869376,0.472686,0.153247,0.866468,0.475130,0.128893,0.857534,0.498019,0.009062,0.904981,0.425356,0.085582,0.901112,0.425056,0.137280,0.894385,0.425711,0.142299,0.889026,0.435183,0.115121,0.882933,0.455167,
		0.001516,0.940779,0.339016,0.069016,0.935031,0.347784,0.115467,0.926690,0.357649,0.124755,0.919825,0.371965,0.104871,0.914395,0.391003,-0.036036,0.974662,0.220762,0.030521,0.969001,0.245165,0.078307,0.961590,0.263085,0.096035,0.954838,0.281180,0.085379,0.948684,0.304483,
		-0.137697,0.988096,0.068596,-0.040028,0.992652,0.114193,0.027085,0.990047,0.138104,0.052817,0.985962,0.158393,0.035366,0.980395,0.193844
	],

	"faces": [
		32 ,0,1,5 ,0,1,5,
		32 ,5,1,6 ,5,1,6,
		32 ,5,6,10 ,5,6,10,
		32 ,10,6,11 ,10,6,11,
		32 ,10,11,15 ,10,11,15,
		32 ,15,11,16 ,15,11,16,
		32 ,15,16,20 ,15,16,20,
		32 ,20,16,21 ,20,16,21,
		32 ,1,2,6 ,1,2,6,
		32 ,6,2,7 ,6,2,7,
		32 ,6,7,11 ,6,7,11,
		32 ,11,7,12 ,11,7,12,
		32 ,11,12,16 ,11,12,16,
		32 ,16,12,17 ,16,12,17,
		32 ,16,17,21 ,16,17,21,
		32 ,21,17,22 ,21,17,22,
		32 ,2,3,7 ,2,3,7,
		32 ,7,3,8 ,7,3,8,
		32 ,7,8,12 ,7,8,12,
		32 ,12,8,13 ,12,8,13,
		32 ,12,13,17 ,12,13,17,
		32 ,17,13,18 ,17,13,18,
		32 ,17,18,22 ,17,18,22,
		32 ,22,18,23 ,22,18,23,
		32 ,3,4,8 ,3,4,8,
		32 ,8,4,9 ,8,4,9,
		32 ,8,9,13 ,8,9,13,
		32 ,13,9,14 ,13,9,14,
		32 ,13,14,18 ,13,14,18,
		32 ,18,14,19 ,18,14,19,
		32 ,18,19,23 ,18,19,23,
		32 ,23,19,24 ,23,19,24
	]

}
