{
	"metadata" : {
		"formatVersion" : 3,
		"description" : "Exported from LibZinc."
	}, "materials": [ { "DbgColor": 15658734, "DbgIndex": 0, "DbgName": "my_material", "colorDiffuse": [ 0.9, 0.7, 0.5 ], "colorSpecular": [ 0.2, 0.2, 0.3 ], "shading": "Phong", "specularCoef": 20, "opacity": 1, "vertexColors": true } ], 

	"vertices" : [
		284.420807,37.772961,-350.000000,317.292389,37.793098,-350.170471,351.203827,38.137810,-350.441223,384.281433,39.267822,-350.701477,414.651489,41.643879,-350.840393,284.648529,39.358089,-337.510895,317.403870,39.627296,-337.579529,351.138275,40.132095,-337.748260,383.694122,41.560444,-337.928650,412.913788,44.600288,-338.032288,
		285.014862,42.748856,-325.275909,317.032562,43.382763,-325.243896,349.782837,44.106419,-325.255737,381.293610,45.620327,-325.322052,409.592804,48.624992,-325.453522,285.365356,47.029335,-312.902985,316.239197,47.845467,-312.745453,347.446808,48.666740,-312.544617,377.542786,50.202232,-312.514526,405.081726,53.161030,-312.869141,
		285.545593,51.283600,-300.000000,315.084503,51.801369,-299.665985,344.439484,52.419022,-299.195862,372.904572,54.060921,-299.138824,399.773804,57.651428,-300.044098
	],

	"normals" : [
		0.000438,-0.999563,0.029559,0.003390,-0.999334,0.036343,0.019861,-0.998977,0.040632,0.052612,-0.995844,0.074344,0.108909,-0.978498,0.175159,0.011727,-0.977707,0.209646,0.008811,-0.971921,0.235142,0.026023,-0.967848,0.250186,0.066563,-0.961683,0.265962,0.143765,-0.944052,0.296813,
		0.024729,-0.950726,0.309043,0.016094,-0.943737,0.330305,0.029391,-0.939341,0.341724,0.067308,-0.933878,0.351199,0.143047,-0.919543,0.366030,0.032055,-0.943146,0.330830,0.018884,-0.944162,0.328941,0.030825,-0.944733,0.326389,0.070156,-0.937264,0.341488,0.147170,-0.909580,0.388593,
		0.024505,-0.958621,0.283630,0.009615,-0.971212,0.238022,0.030257,-0.976988,0.211139,0.088463,-0.964868,0.247395,0.193675,-0.904378,0.380250
	],

	"faces": [
		32 ,0,1,5 ,0,1,5,
		32 ,5,1,6 ,5,1,6,
		32 ,5,6,10 ,5,6,10,
		32 ,10,6,11 ,10,6,11,
		32 ,10,11,15 ,10,11,15,
		32 ,15,11,16 ,15,11,16,
		32 ,15,16,20 ,15,16,20,
		32 ,20,16,21 ,20,16,21,
		32 ,1,2,6 ,1,2,6,
		32 ,6,2,7 ,6,2,7,
		32 ,6,7,11 ,6,7,11,
		32 ,11,7,12 ,11,7,12,
		32 ,11,12,16 ,11,12,16,
		32 ,16,12,17 ,16,12,17,
		32 ,16,17,21 ,16,17,21,
		32 ,21,17,22 ,21,17,22,
		32 ,2,3,7 ,2,3,7,
		32 ,7,3,8 ,7,3,8,
		32 ,7,8,12 ,7,8,12,
		32 ,12,8,13 ,12,8,13,
		32 ,12,13,17 ,12,13,17,
		32 ,17,13,18 ,17,13,18,
		32 ,17,18,22 ,17,18,22,
		32 ,22,18,23 ,22,18,23,
		32 ,3,4,8 ,3,4,8,
		32 ,8,4,9 ,8,4,9,
		32 ,8,9,13 ,8,9,13,
		32 ,13,9,14 ,13,9,14,
		32 ,13,14,18 ,13,14,18,
		32 ,18,14,19 ,18,14,19,
		32 ,18,19,23 ,18,19,23,
		32 ,23,19,24 ,23,19,24
	]

}
