{
	"metadata" : {
		"formatVersion" : 3,
		"description" : "Exported from LibZinc."
	}, "materials": [ { "DbgColor": 15658734, "DbgIndex": 0, "DbgName": "my_material", "colorDiffuse": [ 0.9, 0.7, 0.5 ], "colorSpecular": [ 0.2, 0.2, 0.3 ], "shading": "Phong", "specularCoef": 20, "opacity": 1, "vertexColors": true } ], 

	"vertices" : [
		506.391815,72.357513,-349.944702,524.339233,89.367119,-349.855835,539.455627,109.476799,-349.817017,549.988525,131.057449,-349.896912,554.185425,152.479996,-350.164215,503.440704,74.059334,-337.705017,521.407593,90.307304,-337.575684,536.216370,109.733139,-337.624969,546.446289,131.003983,-337.827789,550.676697,152.786987,-338.159119,
		500.895966,76.449059,-326.420013,518.812256,92.161217,-326.282227,533.047485,110.944145,-326.484039,542.590942,131.757690,-326.870056,546.431702,153.561676,-327.284912,497.356903,79.596169,-314.422607,514.927856,94.989937,-314.118805,528.348083,113.355972,-314.170776,536.943359,133.756546,-314.441376,540.039551,155.253906,-314.793396,
		491.422699,83.570137,-300.045593,508.129272,98.854538,-299.228821,520.516968,117.214775,-298.461823,528.024231,137.438538,-297.959381,530.089478,158.313507,-297.936310
	],

	"normals" : [
		0.602544,-0.760040,0.243475,0.726675,-0.650109,0.222039,0.826994,-0.513594,0.228697,0.912732,-0.319081,0.255163,0.965791,-0.015870,0.258837,0.574524,-0.775059,0.263071,0.714914,-0.658594,0.234844,0.824513,-0.509740,0.245651,0.906275,-0.307528,0.289985,0.948459,-0.027591,0.315698,
		0.545137,-0.773847,0.322471,0.695176,-0.647182,0.312868,0.808564,-0.482784,0.336369,0.881620,-0.273928,0.384331,0.909984,-0.019923,0.414164,0.520818,-0.759176,0.390385,0.670332,-0.616631,0.412821,0.780861,-0.440215,0.443245,0.850144,-0.232520,0.472429,0.873358,0.002875,0.487070,
		0.509244,-0.738436,0.442022,0.648919,-0.581895,0.490207,0.753720,-0.406004,0.516785,0.828856,-0.202416,0.521560,0.856070,0.041837,0.515164
	],

	"faces": [
		32 ,0,1,5 ,0,1,5,
		32 ,5,1,6 ,5,1,6,
		32 ,5,6,10 ,5,6,10,
		32 ,10,6,11 ,10,6,11,
		32 ,10,11,15 ,10,11,15,
		32 ,15,11,16 ,15,11,16,
		32 ,15,16,20 ,15,16,20,
		32 ,20,16,21 ,20,16,21,
		32 ,1,2,6 ,1,2,6,
		32 ,6,2,7 ,6,2,7,
		32 ,6,7,11 ,6,7,11,
		32 ,11,7,12 ,11,7,12,
		32 ,11,12,16 ,11,12,16,
		32 ,16,12,17 ,16,12,17,
		32 ,16,17,21 ,16,17,21,
		32 ,21,17,22 ,21,17,22,
		32 ,2,3,7 ,2,3,7,
		32 ,7,3,8 ,7,3,8,
		32 ,7,8,12 ,7,8,12,
		32 ,12,8,13 ,12,8,13,
		32 ,12,13,17 ,12,13,17,
		32 ,17,13,18 ,17,13,18,
		32 ,17,18,22 ,17,18,22,
		32 ,22,18,23 ,22,18,23,
		32 ,3,4,8 ,3,4,8,
		32 ,8,4,9 ,8,4,9,
		32 ,8,9,13 ,8,9,13,
		32 ,13,9,14 ,13,9,14,
		32 ,13,14,18 ,13,14,18,
		32 ,18,14,19 ,18,14,19,
		32 ,18,19,23 ,18,19,23,
		32 ,23,19,24 ,23,19,24
	]

}
