{
	"metadata" : {
		"formatVersion" : 3,
		"description" : "Exported from LibZinc."
	}, "materials": [ { "DbgColor": 15658734, "DbgIndex": 0, "DbgName": "my_material", "colorDiffuse": [ 0.9, 0.7, 0.5 ], "colorSpecular": [ 0.2, 0.2, 0.3 ], "shading": "Phong", "specularCoef": 20, "opacity": 1, "vertexColors": true } ], 

	"vertices" : [
		522.957886,212.934906,-350.000000,510.502411,223.080887,-349.894043,497.790070,231.564392,-349.905823,483.991699,238.887268,-349.964691,468.278107,245.551300,-350.000000,517.376099,215.913116,-338.137512,502.165558,225.810287,-337.572754,485.886993,233.712112,-336.710205,468.760345,240.098877,-335.844757,451.005615,245.450851,-335.271423,
		511.594025,218.070526,-327.550842,492.732574,227.209381,-326.593933,471.446381,233.350113,-324.867371,449.609131,237.475327,-323.088196,429.094574,240.567688,-321.973572,503.189209,219.540970,-315.688751,480.888550,227.315552,-314.910919,455.025574,231.063660,-313.234955,429.021545,232.458618,-311.410919,406.297638,233.173752,-310.188934,
		489.739288,220.458298,-300.000000,465.318420,226.166107,-300.476898,437.181946,227.438004,-300.670563,409.481201,226.490738,-300.528900,386.367401,225.541000,-300.000000
	],

	"normals" : [
		0.658690,0.742905,0.119243,0.588669,0.793066,0.156572,0.505347,0.848652,0.156249,0.422928,0.895870,0.136194,0.355029,0.925406,0.132578,0.601566,0.791565,0.107438,0.484207,0.847675,0.216774,0.379990,0.854695,0.353701,0.298375,0.840799,0.451695,0.238354,0.825022,0.512374,
		0.533872,0.822966,0.194183,0.348531,0.897727,0.269467,0.234998,0.874819,0.423635,0.170930,0.813253,0.556240,0.132662,0.759368,0.636994,0.452643,0.845730,0.282587,0.223062,0.935096,0.275390,0.106672,0.915061,0.388953,0.061861,0.838817,0.540887,0.057284,0.753428,0.655030,
		0.355300,0.888600,0.290089,0.109265,0.968885,0.222087,-0.007287,0.959027,0.283220,-0.039881,0.898230,0.437712,0.014848,0.787749,0.615817
	],

	"faces": [
		32 ,0,1,5 ,0,1,5,
		32 ,5,1,6 ,5,1,6,
		32 ,5,6,10 ,5,6,10,
		32 ,10,6,11 ,10,6,11,
		32 ,10,11,15 ,10,11,15,
		32 ,15,11,16 ,15,11,16,
		32 ,15,16,20 ,15,16,20,
		32 ,20,16,21 ,20,16,21,
		32 ,1,2,6 ,1,2,6,
		32 ,6,2,7 ,6,2,7,
		32 ,6,7,11 ,6,7,11,
		32 ,11,7,12 ,11,7,12,
		32 ,11,12,16 ,11,12,16,
		32 ,16,12,17 ,16,12,17,
		32 ,16,17,21 ,16,17,21,
		32 ,21,17,22 ,21,17,22,
		32 ,2,3,7 ,2,3,7,
		32 ,7,3,8 ,7,3,8,
		32 ,7,8,12 ,7,8,12,
		32 ,12,8,13 ,12,8,13,
		32 ,12,13,17 ,12,13,17,
		32 ,17,13,18 ,17,13,18,
		32 ,17,18,22 ,17,18,22,
		32 ,22,18,23 ,22,18,23,
		32 ,3,4,8 ,3,4,8,
		32 ,8,4,9 ,8,4,9,
		32 ,8,9,13 ,8,9,13,
		32 ,13,9,14 ,13,9,14,
		32 ,13,14,18 ,13,14,18,
		32 ,18,14,19 ,18,14,19,
		32 ,18,19,23 ,18,19,23,
		32 ,23,19,24 ,23,19,24
	]

}
