{
	"metadata" : {
		"formatVersion" : 3,
		"description" : "Exported from LibZinc."
	}, "materials": [ { "DbgColor": 15658734, "DbgIndex": 0, "DbgName": "my_material", "colorDiffuse": [ 0.9, 0.7, 0.5 ], "colorSpecular": [ 0.2, 0.2, 0.3 ], "shading": "Phong", "specularCoef": 20, "opacity": 1, "vertexColors": true } ], 

	"vertices" : [
		389.670288,264.070312,-350.000000,372.166748,263.240997,-350.641296,355.782562,261.292633,-350.769318,340.626984,259.151337,-350.512695,326.809204,257.743286,-350.000000,376.194397,256.034637,-338.324036,361.068542,255.398544,-338.947815,346.879028,253.856155,-338.906647,333.791565,252.174454,-338.489899,321.971832,251.120453,-337.987030,
		360.827454,246.167740,-326.241699,348.247864,246.245880,-326.731476,337.121399,245.947479,-326.580933,327.048492,245.490738,-326.119812,317.629669,245.093842,-325.677826,346.300629,236.863327,-313.538513,336.232910,237.968475,-313.852814,328.229279,239.156296,-313.719055,321.193176,240.089600,-313.367798,314.028046,240.431198,-313.029724,
		335.345093,230.515106,-300.000000,327.551819,232.751862,-300.172516,321.922333,235.072281,-300.247833,317.021027,236.960388,-300.199249,311.412415,237.900208,-300.000000
	],

	"normals" : [
		-0.022243,0.886134,0.462896,-0.090911,0.897852,0.430809,-0.122322,0.894888,0.429201,-0.105399,0.887123,0.449338,-0.027079,0.876610,0.480439,-0.036253,0.806007,0.590795,-0.078362,0.837535,0.540736,-0.100373,0.866341,0.489264,-0.087368,0.884641,0.458014,-0.019881,0.886182,0.462910,
		-0.021909,0.790807,0.611673,-0.015762,0.817144,0.576218,-0.016414,0.860899,0.508511,-0.020337,0.900341,0.434711,-0.015363,0.917419,0.397626,0.038685,0.827952,0.559463,0.110382,0.835699,0.537981,0.150475,0.870944,0.467774,0.112817,0.925584,0.361341,0.000926,0.960297,0.278979,
		0.187905,0.908088,0.374256,0.318759,0.890154,0.325604,0.384447,0.884372,0.264739,0.285696,0.940820,0.182305,0.049650,0.993901,0.098469
	],

	"faces": [
		32 ,0,1,5 ,0,1,5,
		32 ,5,1,6 ,5,1,6,
		32 ,5,6,10 ,5,6,10,
		32 ,10,6,11 ,10,6,11,
		32 ,10,11,15 ,10,11,15,
		32 ,15,11,16 ,15,11,16,
		32 ,15,16,20 ,15,16,20,
		32 ,20,16,21 ,20,16,21,
		32 ,1,2,6 ,1,2,6,
		32 ,6,2,7 ,6,2,7,
		32 ,6,7,11 ,6,7,11,
		32 ,11,7,12 ,11,7,12,
		32 ,11,12,16 ,11,12,16,
		32 ,16,12,17 ,16,12,17,
		32 ,16,17,21 ,16,17,21,
		32 ,21,17,22 ,21,17,22,
		32 ,2,3,7 ,2,3,7,
		32 ,7,3,8 ,7,3,8,
		32 ,7,8,12 ,7,8,12,
		32 ,12,8,13 ,12,8,13,
		32 ,12,13,17 ,12,13,17,
		32 ,17,13,18 ,17,13,18,
		32 ,17,18,22 ,17,18,22,
		32 ,22,18,23 ,22,18,23,
		32 ,3,4,8 ,3,4,8,
		32 ,8,4,9 ,8,4,9,
		32 ,8,9,13 ,8,9,13,
		32 ,13,9,14 ,13,9,14,
		32 ,13,14,18 ,13,14,18,
		32 ,18,14,19 ,18,14,19,
		32 ,18,19,23 ,18,19,23,
		32 ,23,19,24 ,23,19,24
	]

}
