{
	"metadata" : {
		"formatVersion" : 3,
		"description" : "Exported from LibZinc."
	}, "materials": [ { "DbgColor": 15658734, "DbgIndex": 0, "DbgName": "my_material", "colorDiffuse": [ 0.9, 0.7, 0.5 ], "colorSpecular": [ 0.2, 0.2, 0.3 ], "shading": "Phong", "specularCoef": 20, "opacity": 1, "vertexColors": true } ], 

	"vertices" : [
		261.036896,238.167099,-300.000000,255.205856,237.714539,-300.388153,249.662811,236.154343,-300.437378,243.071945,234.232132,-300.267883,234.097397,232.693497,-300.000000,263.173492,235.786987,-286.641815,258.317230,234.696854,-286.893463,253.870636,232.469116,-286.793243,248.576309,229.855408,-286.597534,241.176880,227.607346,-286.562775,
		264.009735,233.857330,-273.139069,259.381104,232.292953,-273.073151,254.889130,229.806442,-272.931885,249.801086,227.088196,-272.826630,243.384247,224.828659,-272.868561,264.497864,232.181656,-260.524292,259.800140,230.368484,-260.151215,254.901855,227.832367,-260.046844,249.648865,225.201523,-260.090820,243.886978,223.104218,-260.162903,
		265.590302,230.563507,-249.830002,260.976898,228.789078,-249.351791,256.092316,226.212952,-249.331558,251.022278,223.466431,-249.525894,245.852493,221.180801,-249.691406
	],

	"normals" : [
		0.035366,0.980395,0.193844,-0.203298,0.927344,0.314169,-0.270900,0.866706,0.418847,-0.195053,0.856567,0.477753,-0.075736,0.859316,0.505807,-0.063645,0.985080,0.159895,-0.364689,0.903770,0.224057,-0.454130,0.851097,0.263440,-0.360991,0.884922,0.294275,-0.194945,0.930592,0.309831,
		-0.172607,0.975410,0.137051,-0.425558,0.891289,0.156536,-0.494178,0.856612,0.148336,-0.413992,0.898012,0.148948,-0.238680,0.957720,0.160638,-0.239627,0.960150,0.143844,-0.420711,0.895044,0.147982,-0.465307,0.874620,0.136125,-0.408558,0.902958,0.133219,-0.256379,0.955461,0.146165,
		-0.212932,0.954865,0.207108,-0.412483,0.882301,0.226722,-0.472097,0.839365,0.269427,-0.441037,0.836480,0.325252,-0.315406,0.873476,0.370890
	],

	"faces": [
		32 ,0,1,5 ,0,1,5,
		32 ,5,1,6 ,5,1,6,
		32 ,5,6,10 ,5,6,10,
		32 ,10,6,11 ,10,6,11,
		32 ,10,11,15 ,10,11,15,
		32 ,15,11,16 ,15,11,16,
		32 ,15,16,20 ,15,16,20,
		32 ,20,16,21 ,20,16,21,
		32 ,1,2,6 ,1,2,6,
		32 ,6,2,7 ,6,2,7,
		32 ,6,7,11 ,6,7,11,
		32 ,11,7,12 ,11,7,12,
		32 ,11,12,16 ,11,12,16,
		32 ,16,12,17 ,16,12,17,
		32 ,16,17,21 ,16,17,21,
		32 ,21,17,22 ,21,17,22,
		32 ,2,3,7 ,2,3,7,
		32 ,7,3,8 ,7,3,8,
		32 ,7,8,12 ,7,8,12,
		32 ,12,8,13 ,12,8,13,
		32 ,12,13,17 ,12,13,17,
		32 ,17,13,18 ,17,13,18,
		32 ,17,18,22 ,17,18,22,
		32 ,22,18,23 ,22,18,23,
		32 ,3,4,8 ,3,4,8,
		32 ,8,4,9 ,8,4,9,
		32 ,8,9,13 ,8,9,13,
		32 ,13,9,14 ,13,9,14,
		32 ,13,14,18 ,13,14,18,
		32 ,18,14,19 ,18,14,19,
		32 ,18,19,23 ,18,19,23,
		32 ,23,19,24 ,23,19,24
	]

}
