{
	"metadata" : {
		"formatVersion" : 3,
		"description" : "Exported from LibZinc."
	}, "materials": [ { "DbgColor": 15658734, "DbgIndex": 0, "DbgName": "my_material", "colorDiffuse": [ 0.9, 0.7, 0.5 ], "colorSpecular": [ 0.2, 0.2, 0.3 ], "shading": "Phong", "specularCoef": 20, "opacity": 1, "vertexColors": true } ], 

	"vertices" : [
		165.198196,51.766651,-299.575500,194.315170,48.236389,-299.550781,224.740219,48.195557,-299.734436,255.481110,49.819511,-299.944763,285.545593,51.283600,-300.000000,169.906403,58.867233,-286.168610,197.997147,55.123325,-285.976654,227.104141,54.775043,-286.168182,256.521027,56.066074,-286.488403,285.541473,57.240093,-286.682495,
		175.091568,68.271126,-272.829865,201.109772,63.562469,-272.502441,228.899338,62.951988,-272.711090,257.378723,64.382683,-273.176331,285.466339,65.797554,-273.618713,181.759979,78.192368,-260.470093,205.268356,72.601517,-260.024933,231.446030,71.702103,-260.168243,258.679901,73.198601,-260.656372,285.356934,74.795486,-261.245544,
		190.917892,86.844978,-250.000000,212.088272,81.288155,-249.440842,236.064407,80.001091,-249.344818,261.050323,80.943077,-249.576370,285.250000,82.073410,-250.000000
	],

	"normals" : [
		-0.187694,-0.883702,0.428767,-0.043563,-0.910735,0.410688,0.035815,-0.928379,0.369904,0.058780,-0.943433,0.326311,0.024505,-0.958621,0.283630,-0.185993,-0.799500,0.571144,-0.051870,-0.861688,0.504780,0.027674,-0.876287,0.480993,0.050346,-0.873076,0.484978,0.016880,-0.867024,0.497980,
		-0.234202,-0.718884,0.654488,-0.070176,-0.817237,0.572014,0.029660,-0.837260,0.546000,0.061172,-0.828332,0.556888,0.028438,-0.813267,0.581196,-0.283260,-0.636659,0.717237,-0.090357,-0.768240,0.633753,0.028183,-0.808945,0.587208,0.070010,-0.815360,0.574706,0.040268,-0.812543,0.581509,
		-0.279548,-0.562370,0.778199,-0.103490,-0.697948,0.708631,0.007565,-0.784114,0.620570,0.054082,-0.841308,0.537843,0.030341,-0.879099,0.475672
	],

	"faces": [
		32 ,0,1,5 ,0,1,5,
		32 ,5,1,6 ,5,1,6,
		32 ,5,6,10 ,5,6,10,
		32 ,10,6,11 ,10,6,11,
		32 ,10,11,15 ,10,11,15,
		32 ,15,11,16 ,15,11,16,
		32 ,15,16,20 ,15,16,20,
		32 ,20,16,21 ,20,16,21,
		32 ,1,2,6 ,1,2,6,
		32 ,6,2,7 ,6,2,7,
		32 ,6,7,11 ,6,7,11,
		32 ,11,7,12 ,11,7,12,
		32 ,11,12,16 ,11,12,16,
		32 ,16,12,17 ,16,12,17,
		32 ,16,17,21 ,16,17,21,
		32 ,21,17,22 ,21,17,22,
		32 ,2,3,7 ,2,3,7,
		32 ,7,3,8 ,7,3,8,
		32 ,7,8,12 ,7,8,12,
		32 ,12,8,13 ,12,8,13,
		32 ,12,13,17 ,12,13,17,
		32 ,17,13,18 ,17,13,18,
		32 ,17,18,22 ,17,18,22,
		32 ,22,18,23 ,22,18,23,
		32 ,3,4,8 ,3,4,8,
		32 ,8,4,9 ,8,4,9,
		32 ,8,9,13 ,8,9,13,
		32 ,13,9,14 ,13,9,14,
		32 ,13,14,18 ,13,14,18,
		32 ,18,14,19 ,18,14,19,
		32 ,18,19,23 ,18,19,23,
		32 ,23,19,24 ,23,19,24
	]

}
