{
	"metadata" : {
		"formatVersion" : 3,
		"description" : "Exported from LibZinc."
	}, "materials": [ { "DbgColor": 15658734, "DbgIndex": 0, "DbgName": "my_material", "colorDiffuse": [ 0.9, 0.7, 0.5 ], "colorSpecular": [ 0.2, 0.2, 0.3 ], "shading": "Phong", "specularCoef": 20, "opacity": 1, "vertexColors": true } ], 

	"vertices" : [
		285.545593,51.283600,-300.000000,315.084503,51.801369,-299.665985,344.439484,52.419022,-299.195862,372.904572,54.060921,-299.138824,399.773804,57.651428,-300.044098,285.541473,57.240093,-286.682495,313.959229,57.247421,-286.271393,341.830231,57.182995,-285.513611,368.841522,58.507397,-285.260925,394.680023,62.681210,-286.365021,
		285.466339,65.797554,-273.618713,312.885223,65.516907,-273.336304,339.740814,64.598175,-272.427948,365.525208,65.090004,-271.815277,389.730438,69.041031,-272.419952,285.356934,74.795486,-261.245544,311.369904,74.400261,-261.205811,337.058990,73.000214,-260.458649,361.481995,72.919533,-259.737518,383.696808,76.482391,-259.775909,
		285.250000,82.073410,-250.000000,308.920776,81.687904,-250.224991,332.672546,80.724754,-250.125504,355.238281,81.106773,-249.963257,375.350891,84.756790,-250.000000
	],

	"normals" : [
		0.024505,-0.958621,0.283630,0.009615,-0.971212,0.238022,0.030257,-0.976988,0.211139,0.088463,-0.964868,0.247395,0.193675,-0.904378,0.380250,0.016880,-0.867024,0.497980,-0.020789,-0.877992,0.478224,0.002642,-0.903930,0.427673,0.090690,-0.913363,0.396917,0.245323,-0.865491,0.436740,
		0.028438,-0.813267,0.581196,-0.044068,-0.816420,0.575775,-0.036356,-0.841173,0.539542,0.061309,-0.860301,0.506086,0.257194,-0.815757,0.518065,0.040268,-0.812543,0.581509,-0.051634,-0.811400,0.582207,-0.056058,-0.809658,0.584219,0.034104,-0.797646,0.602160,0.235939,-0.727292,0.644499,
		0.030341,-0.879099,0.475672,-0.036080,-0.876848,0.479411,-0.025619,-0.814216,0.579996,0.050899,-0.692090,0.720014,0.182493,-0.537647,0.823184
	],

	"faces": [
		32 ,0,1,5 ,0,1,5,
		32 ,5,1,6 ,5,1,6,
		32 ,5,6,10 ,5,6,10,
		32 ,10,6,11 ,10,6,11,
		32 ,10,11,15 ,10,11,15,
		32 ,15,11,16 ,15,11,16,
		32 ,15,16,20 ,15,16,20,
		32 ,20,16,21 ,20,16,21,
		32 ,1,2,6 ,1,2,6,
		32 ,6,2,7 ,6,2,7,
		32 ,6,7,11 ,6,7,11,
		32 ,11,7,12 ,11,7,12,
		32 ,11,12,16 ,11,12,16,
		32 ,16,12,17 ,16,12,17,
		32 ,16,17,21 ,16,17,21,
		32 ,21,17,22 ,21,17,22,
		32 ,2,3,7 ,2,3,7,
		32 ,7,3,8 ,7,3,8,
		32 ,7,8,12 ,7,8,12,
		32 ,12,8,13 ,12,8,13,
		32 ,12,13,17 ,12,13,17,
		32 ,17,13,18 ,17,13,18,
		32 ,17,18,22 ,17,18,22,
		32 ,22,18,23 ,22,18,23,
		32 ,3,4,8 ,3,4,8,
		32 ,8,4,9 ,8,4,9,
		32 ,8,9,13 ,8,9,13,
		32 ,13,9,14 ,13,9,14,
		32 ,13,14,18 ,13,14,18,
		32 ,18,14,19 ,18,14,19,
		32 ,18,19,23 ,18,19,23,
		32 ,23,19,24 ,23,19,24
	]

}
