{
	"metadata" : {
		"formatVersion" : 3,
		"description" : "Exported from LibZinc."
	}, "materials": [ { "DbgColor": 15658734, "DbgIndex": 0, "DbgName": "my_material", "colorDiffuse": [ 0.9, 0.7, 0.5 ], "colorSpecular": [ 0.2, 0.2, 0.3 ], "shading": "Phong", "specularCoef": 20, "opacity": 1, "vertexColors": true } ], 

	"vertices" : [
		158.692703,40.260891,-399.407806,187.022644,38.258774,-398.222931,218.905716,37.366768,-398.508392,252.213623,37.061310,-399.391571,284.818115,36.818829,-400.000000,160.504379,40.055176,-387.194916,189.846420,38.823071,-386.023010,220.938110,37.843449,-386.213715,252.895187,37.135979,-386.982666,284.833466,36.720325,-387.545685,
		161.742767,39.775692,-375.123199,191.869507,38.742321,-374.334045,222.349136,37.907661,-374.353119,253.253052,37.300632,-374.757172,284.652649,36.950150,-375.122894,162.054565,39.752728,-362.982513,192.626572,38.295433,-362.643707,222.866470,37.640461,-362.498688,253.300598,37.441650,-362.509613,284.455231,37.352848,-362.638672,
		161.086502,40.316559,-350.562592,191.652267,37.761330,-350.439789,222.217758,37.122910,-350.222473,253.051208,37.445415,-350.034576,284.420807,37.772961,-350.000000
	],

	"normals" : [
		-0.106146,-0.994275,0.012290,-0.045302,-0.995070,0.088229,-0.014198,-0.998185,0.058527,-0.005612,-0.999984,-0.000273,-0.012359,-0.999612,-0.024976,-0.046536,-0.998746,-0.018465,-0.036779,-0.999030,0.024208,-0.026233,-0.999337,0.025247,-0.017297,-0.999778,0.012010,-0.008273,-0.999939,0.007296,
		-0.036792,-0.999217,-0.014533,-0.030734,-0.999267,-0.022834,-0.023716,-0.999689,-0.007723,-0.015316,-0.999780,0.014326,-0.006531,-0.999604,0.027384,-0.063945,-0.997823,0.016145,-0.032529,-0.998444,-0.045285,-0.012129,-0.999354,-0.033839,-0.002786,-0.999969,0.007385,-0.004512,-0.999385,0.034783,
		-0.123895,-0.990543,0.058938,-0.046713,-0.997864,-0.045672,0.000399,-0.998816,-0.048651,0.015625,-0.999849,-0.007630,0.000438,-0.999563,0.029559
	],

	"faces": [
		32 ,0,1,5 ,0,1,5,
		32 ,5,1,6 ,5,1,6,
		32 ,5,6,10 ,5,6,10,
		32 ,10,6,11 ,10,6,11,
		32 ,10,11,15 ,10,11,15,
		32 ,15,11,16 ,15,11,16,
		32 ,15,16,20 ,15,16,20,
		32 ,20,16,21 ,20,16,21,
		32 ,1,2,6 ,1,2,6,
		32 ,6,2,7 ,6,2,7,
		32 ,6,7,11 ,6,7,11,
		32 ,11,7,12 ,11,7,12,
		32 ,11,12,16 ,11,12,16,
		32 ,16,12,17 ,16,12,17,
		32 ,16,17,21 ,16,17,21,
		32 ,21,17,22 ,21,17,22,
		32 ,2,3,7 ,2,3,7,
		32 ,7,3,8 ,7,3,8,
		32 ,7,8,12 ,7,8,12,
		32 ,12,8,13 ,12,8,13,
		32 ,12,13,17 ,12,13,17,
		32 ,17,13,18 ,17,13,18,
		32 ,17,18,22 ,17,18,22,
		32 ,22,18,23 ,22,18,23,
		32 ,3,4,8 ,3,4,8,
		32 ,8,4,9 ,8,4,9,
		32 ,8,9,13 ,8,9,13,
		32 ,13,9,14 ,13,9,14,
		32 ,13,14,18 ,13,14,18,
		32 ,18,14,19 ,18,14,19,
		32 ,18,19,23 ,18,19,23,
		32 ,23,19,24 ,23,19,24
	]

}
