{
	"metadata" : {
		"formatVersion" : 3,
		"description" : "Exported from LibZinc."
	},

	"vertices" : [
		377.718109,176.072403,-116.674004,375.034729,177.501694,-114.055527,372.003571,179.275269,-111.109406,368.777618,181.216873,-108.116318,365.509888,183.150299,-105.356903,379.811310,172.825928,-112.430939,376.281128,174.538834,-110.910393,372.507202,177.118408,-109.116089,368.812500,180.130707,-107.187492,365.520050,183.141800,-105.264091,
		381.598877,169.559067,-107.476997,377.313751,171.482452,-107.081238,372.785309,174.511917,-106.475952,368.641418,178.462769,-105.841171,365.509888,183.150299,-105.356903,383.243103,166.823776,-101.882706,378.300476,168.939011,-102.660393,373.061035,172.232971,-103.464394,368.476807,176.906097,-104.369301,365.499756,183.158798,-105.449715,
		384.906189,165.171997,-95.718613,379.409088,167.514969,-97.740181,373.557465,171.058762,-100.356773,368.531128,176.153732,-103.063850,365.509888,183.150299,-105.356903
	],

	"normals" : [
		0.602840,0.760349,0.241772,0.678942,0.666685,0.307520,0.703681,0.619214,0.348435,0.690357,0.635949,0.344929,0.690594,0.296121,0.659843,0.439056,0.803725,0.401568,0.598597,0.683767,0.417306,0.667658,0.557853,0.492984,0.689616,0.420663,0.589468,0.690594,0.296121,0.659843,
		0.308532,0.860665,0.405047,0.477316,0.768834,0.425517,0.576760,0.631847,0.517801,0.629570,0.456418,0.628748,0.690594,0.296121,0.659843,0.277591,0.919019,0.279905,0.397009,0.867543,0.299588,0.523626,0.755905,0.392968,0.636217,0.557821,0.532976,0.690594,0.296121,0.659843,
		0.340621,0.939179,0.043824,0.437157,0.899310,0.011627,0.616016,0.786514,-0.043814,0.834824,0.537923,-0.117082,0.690594,0.296121,0.659843
	],

	"faces": [
		32 ,0,1,5 ,0,1,5,
		32 ,5,1,6 ,5,1,6,
		32 ,5,6,10 ,5,6,10,
		32 ,10,6,11 ,10,6,11,
		32 ,10,11,15 ,10,11,15,
		32 ,15,11,16 ,15,11,16,
		32 ,15,16,20 ,15,16,20,
		32 ,20,16,21 ,20,16,21,
		32 ,1,2,6 ,1,2,6,
		32 ,6,2,7 ,6,2,7,
		32 ,6,7,11 ,6,7,11,
		32 ,11,7,12 ,11,7,12,
		32 ,11,12,16 ,11,12,16,
		32 ,16,12,17 ,16,12,17,
		32 ,16,17,21 ,16,17,21,
		32 ,21,17,22 ,21,17,22,
		32 ,2,3,7 ,2,3,7,
		32 ,7,3,8 ,7,3,8,
		32 ,7,8,12 ,7,8,12,
		32 ,12,8,13 ,12,8,13,
		32 ,12,13,17 ,12,13,17,
		32 ,17,13,18 ,17,13,18,
		32 ,17,18,22 ,17,18,22,
		32 ,22,18,23 ,22,18,23,
		32 ,3,4,8 ,3,4,8,
		32 ,8,4,9 ,8,4,9,
		32 ,8,9,13 ,8,9,13,
		32 ,13,9,14 ,13,9,14,
		32 ,13,14,18 ,13,14,18,
		32 ,18,14,19 ,18,14,19,
		32 ,18,19,23 ,18,19,23,
		32 ,23,19,24 ,23,19,24
	]

}
