{
	"metadata" : {
		"formatVersion" : 3,
		"description" : "Exported from LibZinc."
	},

	"vertices" : [
		362.210388,220.408401,-113.078903,360.405884,230.259583,-114.741020,358.260284,240.343155,-116.476685,355.514435,249.947327,-118.100006,351.909210,258.360291,-119.425102,362.509125,221.361908,-107.772896,361.031525,231.430038,-109.375031,359.140137,241.762100,-111.030746,356.557709,251.597473,-112.590279,353.006958,260.175598,-113.903862,
		362.723877,222.047119,-102.664856,361.503448,232.172714,-104.212654,359.812592,242.742218,-105.815926,357.393707,252.876389,-107.350937,353.989258,261.696014,-108.693939,363.003845,222.544708,-97.541077,361.878387,232.726624,-99.013268,360.246948,243.445328,-100.539680,357.881744,253.760269,-102.027946,354.554932,262.730896,-103.385689,
		363.498291,222.935394,-92.187843,362.213074,233.330765,-93.536263,360.412567,244.033249,-94.909492,357.881073,254.225327,-96.267296,354.402893,263.089508,-97.569458
	],

	"normals" : [
		0.981611,0.160891,-0.102732,0.973096,0.157554,-0.168107,0.955885,0.192413,-0.221950,0.924947,0.273985,-0.263449,0.857241,0.422910,-0.293745,0.989526,0.129145,-0.064492,0.982775,0.135844,-0.125297,0.966894,0.178255,-0.182598,0.933579,0.264195,-0.242139,0.856472,0.413529,-0.308949,
		0.993234,0.102210,-0.055128,0.988488,0.118824,-0.093664,0.977116,0.167381,-0.131253,0.950092,0.256228,-0.177966,0.880019,0.408239,-0.242709,0.993287,0.086883,-0.076368,0.990520,0.114297,-0.076200,0.982630,0.169786,-0.074906,0.961300,0.263792,-0.079479,0.900949,0.422668,-0.098194,
		0.988149,0.092755,-0.122304,0.988749,0.129963,-0.074064,0.980655,0.194419,-0.022730,0.954059,0.297730,0.033580,0.882247,0.462085,0.090099
	],

	"faces": [
		32 ,0,1,5 ,0,1,5,
		32 ,5,1,6 ,5,1,6,
		32 ,5,6,10 ,5,6,10,
		32 ,10,6,11 ,10,6,11,
		32 ,10,11,15 ,10,11,15,
		32 ,15,11,16 ,15,11,16,
		32 ,15,16,20 ,15,16,20,
		32 ,20,16,21 ,20,16,21,
		32 ,1,2,6 ,1,2,6,
		32 ,6,2,7 ,6,2,7,
		32 ,6,7,11 ,6,7,11,
		32 ,11,7,12 ,11,7,12,
		32 ,11,12,16 ,11,12,16,
		32 ,16,12,17 ,16,12,17,
		32 ,16,17,21 ,16,17,21,
		32 ,21,17,22 ,21,17,22,
		32 ,2,3,7 ,2,3,7,
		32 ,7,3,8 ,7,3,8,
		32 ,7,8,12 ,7,8,12,
		32 ,12,8,13 ,12,8,13,
		32 ,12,13,17 ,12,13,17,
		32 ,17,13,18 ,17,13,18,
		32 ,17,18,22 ,17,18,22,
		32 ,22,18,23 ,22,18,23,
		32 ,3,4,8 ,3,4,8,
		32 ,8,4,9 ,8,4,9,
		32 ,8,9,13 ,8,9,13,
		32 ,13,9,14 ,13,9,14,
		32 ,13,14,18 ,13,14,18,
		32 ,18,14,19 ,18,14,19,
		32 ,18,19,23 ,18,19,23,
		32 ,23,19,24 ,23,19,24
	]

}
