{
	"metadata" : {
		"formatVersion" : 3,
		"description" : "Exported from LibZinc."
	},

	"vertices" : [
		290.059998,307.605286,-90.724777,287.151764,309.414093,-90.467758,285.290833,309.884918,-90.442116,283.409485,309.135254,-90.587120,280.440002,307.282410,-90.842033,288.678436,303.997681,-85.291054,286.502502,305.250977,-85.318382,285.317627,305.540344,-85.363365,284.116089,304.987579,-85.392136,281.890137,303.714478,-85.370834,
		287.313599,299.842957,-79.191483,286.003052,300.508972,-79.265160,285.301392,300.659973,-79.280922,284.591003,300.358521,-79.242653,283.254211,299.667145,-79.154251,286.119476,296.309937,-72.478310,285.579102,296.507874,-72.497238,285.269684,296.562714,-72.469482,284.958679,296.475861,-72.419563,284.413666,296.248718,-72.371994,
		285.250000,294.567505,-65.203773,285.156250,294.567505,-65.203773,285.250000,294.567505,-65.203773,285.343750,294.567505,-65.203773,285.250000,294.567505,-65.203773
	],

	"normals" : [
		0.507306,0.681026,0.528057,0.393837,0.706963,0.587448,-0.098391,0.772346,0.627535,-0.449111,0.670210,0.590861,-0.466871,0.697149,0.544073,0.409419,0.695740,0.590188,0.334700,0.708595,0.621183,-0.138157,0.751328,0.645306,-0.418538,0.687290,0.593682,-0.365334,0.726225,0.582348,
		0.360130,0.754697,0.548396,0.309169,0.764109,0.566173,-0.102888,0.805446,0.583671,-0.377599,0.753784,0.537800,-0.331113,0.779040,0.532410,0.293062,0.870128,0.396222,0.291642,0.865207,0.407874,0.011877,0.908054,0.418685,-0.297172,0.868783,0.396113,-0.326666,0.863398,0.384491,
		-0.000000,0.998163,0.060586,-0.000000,0.998163,0.060586,-0.000000,0.998163,0.060586,-0.000000,0.998163,0.060586,-0.000000,0.998163,0.060586
	],

	"faces": [
		32 ,0,1,5 ,0,1,5,
		32 ,5,1,6 ,5,1,6,
		32 ,5,6,10 ,5,6,10,
		32 ,10,6,11 ,10,6,11,
		32 ,10,11,15 ,10,11,15,
		32 ,15,11,16 ,15,11,16,
		32 ,15,16,20 ,15,16,20,
		32 ,20,16,21 ,20,16,21,
		32 ,1,2,6 ,1,2,6,
		32 ,6,2,7 ,6,2,7,
		32 ,6,7,11 ,6,7,11,
		32 ,11,7,12 ,11,7,12,
		32 ,11,12,16 ,11,12,16,
		32 ,16,12,17 ,16,12,17,
		32 ,16,17,21 ,16,17,21,
		32 ,21,17,22 ,21,17,22,
		32 ,2,3,7 ,2,3,7,
		32 ,7,3,8 ,7,3,8,
		32 ,7,8,12 ,7,8,12,
		32 ,12,8,13 ,12,8,13,
		32 ,12,13,17 ,12,13,17,
		32 ,17,13,18 ,17,13,18,
		32 ,17,18,22 ,17,18,22,
		32 ,22,18,23 ,22,18,23,
		32 ,3,4,8 ,3,4,8,
		32 ,8,4,9 ,8,4,9,
		32 ,8,9,13 ,8,9,13,
		32 ,13,9,14 ,13,9,14,
		32 ,13,14,18 ,13,14,18,
		32 ,18,14,19 ,18,14,19,
		32 ,18,19,23 ,18,19,23,
		32 ,23,19,24 ,23,19,24
	]

}
