{
	"metadata" : {
		"formatVersion" : 3,
		"description" : "Exported from LibZinc."
	},

	"vertices" : [
		216.107803,263.095886,-97.489548,212.618805,254.234863,-96.194077,210.084244,244.040344,-94.846619,208.284836,233.333405,-93.490509,207.001297,222.935104,-92.169083,216.791016,262.895142,-91.163010,212.922684,254.420792,-89.903778,210.135468,244.548645,-88.838966,208.129364,233.978348,-87.841377,206.604385,223.409561,-86.783821,
		217.490479,262.584778,-84.547165,213.286224,254.502991,-83.271721,210.357849,244.890686,-82.602020,208.267960,234.481888,-82.115257,206.579132,224.010620,-81.388611,218.028229,262.419220,-77.812798,213.750610,254.493225,-76.602142,210.787613,245.050446,-76.224182,208.621994,234.838104,-76.070786,206.736542,224.603439,-75.533829,
		218.226303,262.652893,-71.130707,214.357071,254.403320,-70.199265,211.460907,245.011932,-69.793816,209.112793,235.041107,-69.466599,206.887695,225.053207,-68.769836
	],

	"normals" : [
		-0.880914,0.464010,0.093194,-0.953887,0.298276,0.033633,-0.980658,0.194356,-0.023157,-0.988797,0.129965,-0.073411,-0.988202,0.093174,-0.121555,-0.842611,0.525533,0.117562,-0.940687,0.336865,0.040381,-0.975065,0.221856,0.005311,-0.987467,0.157096,-0.015184,-0.990717,0.127583,-0.046922,
		-0.801042,0.589830,0.102133,-0.928565,0.367143,0.054532,-0.971072,0.235462,0.039714,-0.984791,0.170938,0.031106,-0.987550,0.157303,-0.000194,-0.797527,0.601386,0.047812,-0.923226,0.376455,0.077043,-0.966966,0.242096,0.079789,-0.980879,0.185234,0.059709,-0.981792,0.189531,0.012726,
		-0.859988,0.508417,-0.043967,-0.929125,0.352610,0.111326,-0.958938,0.254052,0.126078,-0.973564,0.217220,0.070624,-0.973457,0.228869,0.000882
	],

	"faces": [
		32 ,0,1,5 ,0,1,5,
		32 ,5,1,6 ,5,1,6,
		32 ,5,6,10 ,5,6,10,
		32 ,10,6,11 ,10,6,11,
		32 ,10,11,15 ,10,11,15,
		32 ,15,11,16 ,15,11,16,
		32 ,15,16,20 ,15,16,20,
		32 ,20,16,21 ,20,16,21,
		32 ,1,2,6 ,1,2,6,
		32 ,6,2,7 ,6,2,7,
		32 ,6,7,11 ,6,7,11,
		32 ,11,7,12 ,11,7,12,
		32 ,11,12,16 ,11,12,16,
		32 ,16,12,17 ,16,12,17,
		32 ,16,17,21 ,16,17,21,
		32 ,21,17,22 ,21,17,22,
		32 ,2,3,7 ,2,3,7,
		32 ,7,3,8 ,7,3,8,
		32 ,7,8,12 ,7,8,12,
		32 ,12,8,13 ,12,8,13,
		32 ,12,13,17 ,12,13,17,
		32 ,17,13,18 ,17,13,18,
		32 ,17,18,22 ,17,18,22,
		32 ,22,18,23 ,22,18,23,
		32 ,3,4,8 ,3,4,8,
		32 ,8,4,9 ,8,4,9,
		32 ,8,9,13 ,8,9,13,
		32 ,13,9,14 ,13,9,14,
		32 ,13,14,18 ,13,14,18,
		32 ,18,14,19 ,18,14,19,
		32 ,18,19,23 ,18,19,23,
		32 ,23,19,24 ,23,19,24
	]

}
