{
	"metadata" : {
		"formatVersion" : 3,
		"description" : "Exported from LibZinc."
	},

	"vertices" : [
		308.255493,290.598694,-96.225067,303.378784,294.912323,-94.484344,298.612640,299.735352,-92.822533,294.119049,304.241699,-91.486916,290.059998,307.605286,-90.724777,306.857605,288.240936,-89.828171,301.992249,292.216125,-88.085617,297.255371,296.891449,-86.641182,292.774841,301.180695,-85.655960,288.678436,303.997681,-85.291054,
		305.277832,285.600311,-82.628326,300.419128,289.261383,-80.796623,295.981323,293.733704,-79.731766,291.700714,297.699982,-79.255981,287.313599,299.842957,-79.191483,303.990845,283.874939,-75.056961,299.201721,287.319824,-73.221153,295.022858,291.394562,-72.485405,290.860168,294.818237,-72.390770,286.119476,296.309937,-72.478310,
		303.471313,284.262909,-67.545517,298.882294,287.663147,-65.962982,294.612457,291.006439,-65.293182,290.216705,293.554138,-65.164124,285.250000,294.567505,-65.203773
	],

	"normals" : [
		0.647422,0.682565,0.339042,0.713010,0.600672,0.361676,0.719020,0.569501,0.398346,0.671333,0.588906,0.450002,0.507306,0.681026,0.528057,0.608146,0.681777,0.406618,0.691728,0.591058,0.414926,0.696956,0.579506,0.422403,0.619702,0.626326,0.472954,0.326493,0.733183,0.596528,
		0.563546,0.746898,0.352929,0.692955,0.625979,0.357719,0.697012,0.616499,0.366202,0.561579,0.703842,0.435012,0.134608,0.825980,0.547391,0.509410,0.845113,0.162126,0.687126,0.705545,0.173390,0.690180,0.690737,0.215717,0.493592,0.812761,0.309494,0.015645,0.926094,0.376967,
		0.462566,0.859514,-0.217413,0.570328,0.784686,-0.242885,0.575727,0.810694,-0.106371,0.381387,0.923400,0.043312,-0.000000,0.998163,0.060586
	],

	"faces": [
		32 ,0,1,5 ,0,1,5,
		32 ,5,1,6 ,5,1,6,
		32 ,5,6,10 ,5,6,10,
		32 ,10,6,11 ,10,6,11,
		32 ,10,11,15 ,10,11,15,
		32 ,15,11,16 ,15,11,16,
		32 ,15,16,20 ,15,16,20,
		32 ,20,16,21 ,20,16,21,
		32 ,1,2,6 ,1,2,6,
		32 ,6,2,7 ,6,2,7,
		32 ,6,7,11 ,6,7,11,
		32 ,11,7,12 ,11,7,12,
		32 ,11,12,16 ,11,12,16,
		32 ,16,12,17 ,16,12,17,
		32 ,16,17,21 ,16,17,21,
		32 ,21,17,22 ,21,17,22,
		32 ,2,3,7 ,2,3,7,
		32 ,7,3,8 ,7,3,8,
		32 ,7,8,12 ,7,8,12,
		32 ,12,8,13 ,12,8,13,
		32 ,12,13,17 ,12,13,17,
		32 ,17,13,18 ,17,13,18,
		32 ,17,18,22 ,17,18,22,
		32 ,22,18,23 ,22,18,23,
		32 ,3,4,8 ,3,4,8,
		32 ,8,4,9 ,8,4,9,
		32 ,8,9,13 ,8,9,13,
		32 ,13,9,14 ,13,9,14,
		32 ,13,14,18 ,13,14,18,
		32 ,18,14,19 ,18,14,19,
		32 ,18,19,23 ,18,19,23,
		32 ,23,19,24 ,23,19,24
	]

}
