{
	"metadata" : {
		"formatVersion" : 3,
		"description" : "Exported from LibZinc."
	},

	"vertices" : [
		241.067993,284.107697,-60.564640,234.360565,280.617310,-62.220078,228.507553,275.358612,-65.011688,223.224350,269.110779,-68.221291,218.226303,262.652893,-71.130707,240.161087,286.578461,-55.426704,233.483078,282.952545,-55.927551,227.722916,277.564240,-56.581459,222.752701,270.875366,-58.386429,218.444534,263.347687,-62.340443,
		239.793381,288.121521,-49.707630,233.440689,284.069580,-49.795799,227.884201,278.561615,-49.904129,223.108292,271.772369,-50.910217,219.097305,263.876648,-53.691666,240.103165,288.095032,-43.179054,234.161667,283.749146,-43.181591,228.822189,278.326447,-43.394638,224.111115,271.770294,-43.904049,220.054749,264.024170,-44.795673,
		241.228699,285.857086,-35.612610,235.574265,281.771942,-35.441681,230.367661,276.834473,-35.467934,225.581161,270.837708,-35.479313,221.186996,263.574707,-35.263760
	],

	"normals" : [
		-0.211020,0.834232,-0.509438,-0.415883,0.800226,-0.432065,-0.615869,0.732193,-0.290859,-0.727341,0.661340,-0.183314,-0.774918,0.629827,-0.053098,-0.278259,0.882132,-0.380020,-0.561491,0.783116,-0.267314,-0.726193,0.664926,-0.174690,-0.821274,0.562914,-0.092929,-0.892374,0.451099,0.013372,
		-0.425617,0.895380,-0.130940,-0.628454,0.777621,-0.018739,-0.767922,0.639784,0.031177,-0.863555,0.501174,0.055663,-0.927236,0.367442,0.072249,-0.513659,0.840208,0.173795,-0.640516,0.737591,0.213775,-0.753588,0.621390,0.214427,-0.846151,0.502973,0.176201,-0.913354,0.391634,0.111391,
		-0.465769,0.774626,0.427800,-0.591362,0.719735,0.363692,-0.706497,0.646313,0.288342,-0.800744,0.558929,0.215426,-0.872414,0.467904,0.141276
	],

	"faces": [
		32 ,0,1,5 ,0,1,5,
		32 ,5,1,6 ,5,1,6,
		32 ,5,6,10 ,5,6,10,
		32 ,10,6,11 ,10,6,11,
		32 ,10,11,15 ,10,11,15,
		32 ,15,11,16 ,15,11,16,
		32 ,15,16,20 ,15,16,20,
		32 ,20,16,21 ,20,16,21,
		32 ,1,2,6 ,1,2,6,
		32 ,6,2,7 ,6,2,7,
		32 ,6,7,11 ,6,7,11,
		32 ,11,7,12 ,11,7,12,
		32 ,11,12,16 ,11,12,16,
		32 ,16,12,17 ,16,12,17,
		32 ,16,17,21 ,16,17,21,
		32 ,21,17,22 ,21,17,22,
		32 ,2,3,7 ,2,3,7,
		32 ,7,3,8 ,7,3,8,
		32 ,7,8,12 ,7,8,12,
		32 ,12,8,13 ,12,8,13,
		32 ,12,13,17 ,12,13,17,
		32 ,17,13,18 ,17,13,18,
		32 ,17,18,22 ,17,18,22,
		32 ,22,18,23 ,22,18,23,
		32 ,3,4,8 ,3,4,8,
		32 ,8,4,9 ,8,4,9,
		32 ,8,9,13 ,8,9,13,
		32 ,13,9,14 ,13,9,14,
		32 ,13,14,18 ,13,14,18,
		32 ,18,14,19 ,18,14,19,
		32 ,18,19,23 ,18,19,23,
		32 ,23,19,24 ,23,19,24
	]

}
