{
	"metadata" : {
		"formatVersion" : 3,
		"description" : "Exported from LibZinc."
	},

	"vertices" : [
		218.226303,262.652893,-71.130707,214.357071,254.403320,-70.199265,211.460907,245.011932,-69.793816,209.112793,235.041107,-69.466599,206.887695,225.053207,-68.769836,218.444534,263.347687,-62.340443,215.203445,254.459885,-62.029194,212.311020,244.953781,-61.906124,209.553635,235.129730,-61.648048,206.717697,225.288116,-60.931763,
		219.097305,263.876648,-53.691666,215.933914,254.777115,-53.464569,212.860229,245.103302,-53.262753,209.681961,235.183441,-52.923416,206.204788,225.345718,-52.283749,220.054749,264.024170,-44.795673,216.551804,255.017761,-44.424175,213.108047,245.216354,-44.020809,209.523880,235.126617,-43.560883,205.599670,225.255219,-43.019703,
		221.186996,263.574707,-35.263760,217.060455,254.844559,-34.826805,213.053970,245.048737,-34.337399,209.105515,234.883667,-33.828613,205.153107,225.045807,-33.333519
	],

	"normals" : [
		-0.859988,0.508417,-0.043967,-0.928867,0.352648,0.113340,-0.957492,0.253993,0.136733,-0.972909,0.217422,0.078586,-0.973457,0.228869,0.000882,-0.924231,0.381294,0.020279,-0.946767,0.311765,0.080219,-0.957951,0.276135,0.077966,-0.962356,0.270163,0.029707,-0.957548,0.284043,-0.049199,
		-0.932654,0.353231,0.073375,-0.948392,0.311213,0.060821,-0.953167,0.300220,0.036605,-0.949166,0.314766,-0.002390,-0.934454,0.350710,-0.061629,-0.912400,0.393874,0.111308,-0.938083,0.342268,0.053420,-0.944569,0.328183,0.009187,-0.938073,0.345628,-0.023666,-0.917438,0.394932,-0.048343,
		-0.872414,0.467904,0.141276,-0.914954,0.398785,0.061886,-0.930804,0.365485,-0.004945,-0.931805,0.360973,-0.037914,-0.921827,0.387254,-0.016394
	],

	"faces": [
		32 ,0,1,5 ,0,1,5,
		32 ,5,1,6 ,5,1,6,
		32 ,5,6,10 ,5,6,10,
		32 ,10,6,11 ,10,6,11,
		32 ,10,11,15 ,10,11,15,
		32 ,15,11,16 ,15,11,16,
		32 ,15,16,20 ,15,16,20,
		32 ,20,16,21 ,20,16,21,
		32 ,1,2,6 ,1,2,6,
		32 ,6,2,7 ,6,2,7,
		32 ,6,7,11 ,6,7,11,
		32 ,11,7,12 ,11,7,12,
		32 ,11,12,16 ,11,12,16,
		32 ,16,12,17 ,16,12,17,
		32 ,16,17,21 ,16,17,21,
		32 ,21,17,22 ,21,17,22,
		32 ,2,3,7 ,2,3,7,
		32 ,7,3,8 ,7,3,8,
		32 ,7,8,12 ,7,8,12,
		32 ,12,8,13 ,12,8,13,
		32 ,12,13,17 ,12,13,17,
		32 ,17,13,18 ,17,13,18,
		32 ,17,18,22 ,17,18,22,
		32 ,22,18,23 ,22,18,23,
		32 ,3,4,8 ,3,4,8,
		32 ,8,4,9 ,8,4,9,
		32 ,8,9,13 ,8,9,13,
		32 ,13,9,14 ,13,9,14,
		32 ,13,14,18 ,13,14,18,
		32 ,18,14,19 ,18,14,19,
		32 ,18,19,23 ,18,19,23,
		32 ,23,19,24 ,23,19,24
	]

}
