{
	"metadata" : {
		"formatVersion" : 3,
		"description" : "Exported from LibZinc."
	},

	"vertices" : [
		348.118500,100.672997,-57.853722,355.945557,111.755127,-58.683277,361.324921,122.190628,-59.475002,365.552185,132.303726,-60.375481,369.922913,142.418594,-61.531281,349.126007,101.166649,-49.248981,356.937622,112.136108,-50.241558,362.250092,122.502914,-51.174751,366.395538,132.545731,-52.168377,370.706085,142.543228,-53.342247,
		349.975525,102.164078,-40.739380,357.756531,113.053795,-41.962337,363.067596,123.206779,-43.083656,367.161896,133.054733,-44.193077,371.292633,143.029388,-45.380333,350.503937,103.821991,-32.156685,358.324554,114.628113,-33.619812,363.722260,124.505409,-34.917519,367.782135,134.091812,-36.111156,371.589142,144.025253,-37.262085,
		350.548096,106.297096,-23.332661,358.563904,116.978989,-24.988184,364.158997,126.601997,-26.392134,368.187195,135.918030,-27.584196,371.502289,145.679001,-28.604050
	],

	"normals" : [
		0.767370,-0.637434,-0.069432,0.851764,-0.515215,-0.095142,0.905502,-0.413942,-0.093368,0.920270,-0.381977,-0.084837,0.894316,-0.438175,-0.090564,0.765209,-0.643010,-0.031506,0.855177,-0.515368,-0.055400,0.908967,-0.410184,-0.074353,0.922209,-0.378733,-0.078051,0.896362,-0.438826,-0.062991,
		0.771878,-0.634959,0.032127,0.855225,-0.518243,0.003775,0.909070,-0.415243,-0.034130,0.926558,-0.373105,-0.047773,0.911613,-0.410763,-0.015352,0.776441,-0.619127,0.117560,0.848923,-0.522683,0.078310,0.905097,-0.424494,0.024585,0.932124,-0.362135,0.001710,0.931873,-0.360253,0.042788,
		0.767550,-0.602736,0.218121,0.833077,-0.529059,0.161489,0.895673,-0.434436,0.095060,0.936933,-0.344212,0.060621,0.951257,-0.292370,0.098134
	],

	"faces": [
		32 ,0,1,5 ,0,1,5,
		32 ,5,1,6 ,5,1,6,
		32 ,5,6,10 ,5,6,10,
		32 ,10,6,11 ,10,6,11,
		32 ,10,11,15 ,10,11,15,
		32 ,15,11,16 ,15,11,16,
		32 ,15,16,20 ,15,16,20,
		32 ,20,16,21 ,20,16,21,
		32 ,1,2,6 ,1,2,6,
		32 ,6,2,7 ,6,2,7,
		32 ,6,7,11 ,6,7,11,
		32 ,11,7,12 ,11,7,12,
		32 ,11,12,16 ,11,12,16,
		32 ,16,12,17 ,16,12,17,
		32 ,16,17,21 ,16,17,21,
		32 ,21,17,22 ,21,17,22,
		32 ,2,3,7 ,2,3,7,
		32 ,7,3,8 ,7,3,8,
		32 ,7,8,12 ,7,8,12,
		32 ,12,8,13 ,12,8,13,
		32 ,12,13,17 ,12,13,17,
		32 ,17,13,18 ,17,13,18,
		32 ,17,18,22 ,17,18,22,
		32 ,22,18,23 ,22,18,23,
		32 ,3,4,8 ,3,4,8,
		32 ,8,4,9 ,8,4,9,
		32 ,8,9,13 ,8,9,13,
		32 ,13,9,14 ,13,9,14,
		32 ,13,14,18 ,13,14,18,
		32 ,18,14,19 ,18,14,19,
		32 ,18,19,23 ,18,19,23,
		32 ,23,19,24 ,23,19,24
	]

}
