{
	"metadata" : {
		"formatVersion" : 3,
		"description" : "Exported from LibZinc."
	},

	"vertices" : [
		374.778015,185.107300,-68.006363,373.466034,189.514587,-67.933968,370.347412,200.191284,-67.871391,366.648132,213.319580,-68.050545,363.594208,225.081696,-68.703323,376.128021,184.045700,-60.595978,374.401062,190.755051,-60.735168,371.116547,201.652771,-60.490887,367.245422,214.062897,-60.366249,363.758698,225.309402,-60.864372,
		376.282837,184.343399,-51.330948,374.406494,193.069458,-51.671185,371.514648,203.676331,-51.697487,368.005432,214.873077,-51.764114,364.276947,225.368713,-52.225327,375.683716,185.268936,-41.149437,373.908691,195.245270,-41.635551,371.595490,205.380478,-42.059772,368.628204,215.462448,-42.485004,364.890900,225.279053,-42.974159,
		374.771912,186.090805,-30.989599,373.334137,196.069946,-31.521795,371.412811,205.883774,-32.146309,368.813721,215.543350,-32.769783,365.342590,225.059799,-33.298859
	],

	"normals" : [
		0.000000,0.000000,-0.000000,0.926729,0.277470,-0.253347,0.945451,0.272168,-0.179016,0.962117,0.261107,-0.078446,0.973009,0.230749,0.003016,0.985089,0.155327,-0.073978,0.954331,0.276884,-0.112198,0.945865,0.295319,-0.134634,0.948391,0.295803,-0.114255,0.956965,0.285980,-0.049327,
		0.985796,0.167074,0.017099,0.970282,0.240248,-0.028881,0.955985,0.281025,-0.084363,0.944167,0.312633,-0.103972,0.934164,0.351299,-0.062668,0.985314,0.158374,0.063829,0.979929,0.197739,0.025279,0.968139,0.249094,-0.025689,0.947738,0.313782,-0.057732,0.917624,0.394406,-0.049102,
		0.988111,0.127639,0.085701,0.984619,0.166993,0.051364,0.973539,0.225305,0.038203,0.953696,0.300033,0.021077,0.922014,0.386834,-0.015774
	],

	"faces": [
		32 ,0,1,5 ,0,1,5,
		32 ,5,1,6 ,5,1,6,
		32 ,5,6,10 ,5,6,10,
		32 ,10,6,11 ,10,6,11,
		32 ,10,11,15 ,10,11,15,
		32 ,15,11,16 ,15,11,16,
		32 ,15,16,20 ,15,16,20,
		32 ,20,16,21 ,20,16,21,
		32 ,1,2,6 ,1,2,6,
		32 ,6,2,7 ,6,2,7,
		32 ,6,7,11 ,6,7,11,
		32 ,11,7,12 ,11,7,12,
		32 ,11,12,16 ,11,12,16,
		32 ,16,12,17 ,16,12,17,
		32 ,16,17,21 ,16,17,21,
		32 ,21,17,22 ,21,17,22,
		32 ,2,3,7 ,2,3,7,
		32 ,7,3,8 ,7,3,8,
		32 ,7,8,12 ,7,8,12,
		32 ,12,8,13 ,12,8,13,
		32 ,12,13,17 ,12,13,17,
		32 ,17,13,18 ,17,13,18,
		32 ,17,18,22 ,17,18,22,
		32 ,22,18,23 ,22,18,23,
		32 ,3,4,8 ,3,4,8,
		32 ,8,4,9 ,8,4,9,
		32 ,8,9,13 ,8,9,13,
		32 ,13,9,14 ,13,9,14,
		32 ,13,14,18 ,13,14,18,
		32 ,18,14,19 ,18,14,19,
		32 ,18,19,23 ,18,19,23,
		32 ,23,19,24 ,23,19,24
	]

}
