{
	"metadata" : {
		"formatVersion" : 3,
		"description" : "Exported from LibZinc."
	},

	"vertices" : [
		205.153107,225.045807,-33.333519,201.681931,215.538559,-32.783791,199.086990,205.891205,-32.148338,197.170868,196.088959,-31.516121,195.736206,186.117004,-30.976089,205.716064,224.411301,-23.245493,202.641006,214.969376,-22.738157,200.291138,205.370468,-22.179310,198.602875,195.809433,-21.633114,197.512634,186.481125,-21.163738,
		207.788361,223.134476,-12.832258,205.064148,213.903488,-12.454195,203.061890,204.639084,-12.090825,201.665085,195.500168,-11.744238,200.757248,186.645630,-11.416529,211.093842,221.377823,-2.372249,208.677475,212.510483,-2.153910,207.020660,203.747910,-2.010226,205.895218,195.134659,-1.886406,205.072937,186.715225,-1.727656,
		215.356400,219.303894,7.856103,213.207092,210.959900,7.940691,211.788879,202.747787,7.935142,210.830978,194.686401,7.903469,210.062607,186.794601,7.909687
	],

	"normals" : [
		-0.921827,0.387254,-0.016394,-0.953653,0.300160,0.021193,-0.973584,0.225119,0.038166,-0.984696,0.166712,0.050803,-0.988185,0.127637,0.084853,-0.923270,0.351146,0.155783,-0.943121,0.277193,0.183538,-0.954897,0.211720,0.208200,-0.961114,0.152413,0.230283,-0.963051,0.096789,0.251324,
		-0.904092,0.320182,0.283021,-0.920989,0.244881,0.303006,-0.926724,0.181393,0.329058,-0.926422,0.129539,0.353500,-0.926463,0.088544,0.365823,-0.877442,0.294659,0.378513,-0.895870,0.210566,0.391254,-0.899934,0.145928,0.410882,-0.896926,0.105133,0.429500,-0.895068,0.090680,0.436612,
		-0.849190,0.271387,0.453018,-0.869436,0.184134,0.458449,-0.877837,0.121591,0.463269,-0.879311,0.088767,0.467902,-0.876791,0.088678,0.472624
	],

	"faces": [
		32 ,0,1,5 ,0,1,5,
		32 ,5,1,6 ,5,1,6,
		32 ,5,6,10 ,5,6,10,
		32 ,10,6,11 ,10,6,11,
		32 ,10,11,15 ,10,11,15,
		32 ,15,11,16 ,15,11,16,
		32 ,15,16,20 ,15,16,20,
		32 ,20,16,21 ,20,16,21,
		32 ,1,2,6 ,1,2,6,
		32 ,6,2,7 ,6,2,7,
		32 ,6,7,11 ,6,7,11,
		32 ,11,7,12 ,11,7,12,
		32 ,11,12,16 ,11,12,16,
		32 ,16,12,17 ,16,12,17,
		32 ,16,17,21 ,16,17,21,
		32 ,21,17,22 ,21,17,22,
		32 ,2,3,7 ,2,3,7,
		32 ,7,3,8 ,7,3,8,
		32 ,7,8,12 ,7,8,12,
		32 ,12,8,13 ,12,8,13,
		32 ,12,13,17 ,12,13,17,
		32 ,17,13,18 ,17,13,18,
		32 ,17,18,22 ,17,18,22,
		32 ,22,18,23 ,22,18,23,
		32 ,3,4,8 ,3,4,8,
		32 ,8,4,9 ,8,4,9,
		32 ,8,9,13 ,8,9,13,
		32 ,13,9,14 ,13,9,14,
		32 ,13,14,18 ,13,14,18,
		32 ,18,14,19 ,18,14,19,
		32 ,18,19,23 ,18,19,23,
		32 ,23,19,24 ,23,19,24
	]

}
