{
	"metadata" : {
		"formatVersion" : 3,
		"description" : "Exported from LibZinc."
	},

	"vertices" : [
		361.342499,157.195404,9.156491,361.703217,165.185837,8.628377,361.593842,172.388763,8.247617,361.133331,179.396011,8.008506,360.440613,186.799393,7.905340,355.752869,160.109238,18.662855,355.908264,167.354813,18.014460,355.770264,173.857956,17.649618,355.393341,180.185455,17.513811,354.831848,186.904129,17.552513,
		348.641907,163.056259,27.715004,348.820404,169.538223,27.112677,348.789673,175.337112,26.804085,348.580322,180.977020,26.737022,348.222870,186.982056,26.859289,340.187897,166.216751,35.891376,340.484985,171.853531,35.432365,340.590393,176.901138,35.176094,340.536133,181.811798,35.108387,340.354156,187.037766,35.215061,
		330.569214,169.770996,42.770420,330.947357,174.418213,42.482857,331.110779,178.624939,42.230732,331.102661,182.730911,42.058147,330.966187,187.075897,42.009220
	],

	"normals" : [
		0.890686,-0.034061,0.453341,0.878440,0.016483,0.477569,0.873747,0.059297,0.482753,0.873944,0.084809,0.478571,0.876758,0.088720,0.472678,0.829198,0.023817,0.558448,0.826183,0.041278,0.561888,0.828780,0.056195,0.556746,0.835019,0.065477,0.546311,0.843225,0.067361,0.533324,
		0.749876,0.040903,0.660313,0.755794,0.039651,0.653608,0.762215,0.037489,0.646238,0.769641,0.034680,0.637534,0.778493,0.031889,0.626843,0.648032,0.027715,0.761109,0.659470,0.026146,0.751276,0.664277,0.021580,0.747175,0.665572,0.013192,0.746217,0.666576,0.002847,0.745432,
		0.514358,-0.001597,0.857574,0.529592,0.021842,0.847971,0.527140,0.036440,0.848997,0.512913,0.034081,0.857764,0.493667,0.014840,0.869524
	],

	"faces": [
		32 ,0,1,5 ,0,1,5,
		32 ,5,1,6 ,5,1,6,
		32 ,5,6,10 ,5,6,10,
		32 ,10,6,11 ,10,6,11,
		32 ,10,11,15 ,10,11,15,
		32 ,15,11,16 ,15,11,16,
		32 ,15,16,20 ,15,16,20,
		32 ,20,16,21 ,20,16,21,
		32 ,1,2,6 ,1,2,6,
		32 ,6,2,7 ,6,2,7,
		32 ,6,7,11 ,6,7,11,
		32 ,11,7,12 ,11,7,12,
		32 ,11,12,16 ,11,12,16,
		32 ,16,12,17 ,16,12,17,
		32 ,16,17,21 ,16,17,21,
		32 ,21,17,22 ,21,17,22,
		32 ,2,3,7 ,2,3,7,
		32 ,7,3,8 ,7,3,8,
		32 ,7,8,12 ,7,8,12,
		32 ,12,8,13 ,12,8,13,
		32 ,12,13,17 ,12,13,17,
		32 ,17,13,18 ,17,13,18,
		32 ,17,18,22 ,17,18,22,
		32 ,22,18,23 ,22,18,23,
		32 ,3,4,8 ,3,4,8,
		32 ,8,4,9 ,8,4,9,
		32 ,8,9,13 ,8,9,13,
		32 ,13,9,14 ,13,9,14,
		32 ,13,14,18 ,13,14,18,
		32 ,18,14,19 ,18,14,19,
		32 ,18,19,23 ,18,19,23,
		32 ,23,19,24 ,23,19,24
	]

}
