{
	"metadata" : {
		"formatVersion" : 3,
		"description" : "Exported from LibZinc."
	},

	"vertices" : [
		253.207794,224.050995,41.550571,250.421997,220.144165,41.702942,247.676666,215.616333,41.884628,245.192352,210.782501,42.044189,243.189606,205.957703,42.130180,260.784241,215.330872,46.667068,258.668579,212.368881,46.745552,256.589020,208.939499,46.855972,254.687469,205.280045,46.980110,253.105759,201.627884,47.099747,
		268.743744,206.513580,50.778488,267.321320,204.516937,50.826313,265.936707,202.211807,50.895077,264.665222,199.752563,50.986862,263.582214,197.293594,51.103752,276.957153,197.654266,54.281498,276.242706,196.644577,54.312843,275.559021,195.484314,54.350990,274.932281,194.246445,54.404415,274.388794,193.003967,54.481613,
		285.295288,188.808105,57.572762,285.295288,188.808105,57.572762,285.295288,188.808105,57.572762,285.295288,188.808105,57.572762,285.295288,188.808105,57.572762
	],

	"normals" : [
		-0.343776,0.299793,0.889911,-0.363142,0.274945,0.890243,-0.382036,0.247720,0.890327,-0.405966,0.213534,0.888592,-0.440209,0.163634,0.882859,-0.276226,0.237392,0.931313,-0.291885,0.219432,0.930942,-0.304015,0.202110,0.930981,-0.317118,0.182947,0.930573,-0.335066,0.157994,0.928853,
		-0.224463,0.197776,0.954202,-0.240429,0.181803,0.953489,-0.249142,0.170353,0.953367,-0.255022,0.162005,0.953267,-0.261072,0.156009,0.952629,-0.190811,0.183795,0.964267,-0.210738,0.164391,0.963621,-0.218853,0.154472,0.963453,-0.220347,0.152873,0.963367,-0.218112,0.160628,0.962614,
		-0.208551,0.164968,0.963998,-0.208551,0.164968,0.963998,-0.208551,0.164968,0.963998,-0.208551,0.164968,0.963998,-0.208551,0.164968,0.963998
	],

	"faces": [
		32 ,0,1,5 ,0,1,5,
		32 ,5,1,6 ,5,1,6,
		32 ,5,6,10 ,5,6,10,
		32 ,10,6,11 ,10,6,11,
		32 ,10,11,15 ,10,11,15,
		32 ,15,11,16 ,15,11,16,
		32 ,15,16,20 ,15,16,20,
		32 ,20,16,21 ,20,16,21,
		32 ,1,2,6 ,1,2,6,
		32 ,6,2,7 ,6,2,7,
		32 ,6,7,11 ,6,7,11,
		32 ,11,7,12 ,11,7,12,
		32 ,11,12,16 ,11,12,16,
		32 ,16,12,17 ,16,12,17,
		32 ,16,17,21 ,16,17,21,
		32 ,21,17,22 ,21,17,22,
		32 ,2,3,7 ,2,3,7,
		32 ,7,3,8 ,7,3,8,
		32 ,7,8,12 ,7,8,12,
		32 ,12,8,13 ,12,8,13,
		32 ,12,13,17 ,12,13,17,
		32 ,17,13,18 ,17,13,18,
		32 ,17,18,22 ,17,18,22,
		32 ,22,18,23 ,22,18,23,
		32 ,3,4,8 ,3,4,8,
		32 ,8,4,9 ,8,4,9,
		32 ,8,9,13 ,8,9,13,
		32 ,13,9,14 ,13,9,14,
		32 ,13,14,18 ,13,14,18,
		32 ,18,14,19 ,18,14,19,
		32 ,18,19,23 ,18,19,23,
		32 ,23,19,24 ,23,19,24
	]

}
