{
	"metadata" : {
		"formatVersion" : 3,
		"description" : "Exported from LibZinc."
	},

	"vertices" : [
		243.189606,205.957703,42.130180,241.705612,201.212952,42.135643,240.616928,196.446976,42.103058,239.903046,191.716324,42.055168,239.543503,187.077499,42.014702,253.105759,201.627884,47.099747,251.922668,198.025101,47.159309,251.086517,194.389786,47.156708,250.543518,190.773315,47.153969,250.239822,187.227036,47.213104,
		263.582214,197.293594,51.103752,262.763641,194.862976,51.198898,262.200836,192.410324,51.248711,261.842163,189.972382,51.290173,261.635834,187.585876,51.360268,274.388794,193.003967,54.481613,273.973022,191.774628,54.566139,273.692810,190.539474,54.635311,273.519287,189.316360,54.688271,273.423615,188.123184,54.724159,
		285.295288,188.808105,57.572762,285.295288,188.808105,57.572762,285.295288,188.808105,57.572762,285.295288,188.808105,57.572762,285.295288,188.808105,57.572762
	],

	"normals" : [
		-0.440209,0.163634,0.882859,-0.463039,0.121477,0.877974,-0.473269,0.081197,0.877168,-0.480245,0.045609,0.875948,-0.493543,0.014870,0.869594,-0.335066,0.157994,0.928853,-0.361252,0.104283,0.926618,-0.374199,0.066764,0.924942,-0.380175,0.048479,0.923643,-0.385425,0.051483,0.921302,
		-0.261072,0.156009,0.952629,-0.284608,0.105120,0.952863,-0.298138,0.070315,0.951929,-0.304133,0.053958,0.951100,-0.305208,0.058305,0.950499,-0.218112,0.160628,0.962614,-0.233744,0.125040,0.964225,-0.245333,0.092157,0.965049,-0.251538,0.062497,0.965828,-0.251145,0.036554,0.967259,
		-0.226886,0.118672,0.966664,-0.226886,0.118672,0.966664,-0.226886,0.118672,0.966664,-0.226886,0.118672,0.966664,-0.226886,0.118672,0.966664
	],

	"faces": [
		32 ,0,1,5 ,0,1,5,
		32 ,5,1,6 ,5,1,6,
		32 ,5,6,10 ,5,6,10,
		32 ,10,6,11 ,10,6,11,
		32 ,10,11,15 ,10,11,15,
		32 ,15,11,16 ,15,11,16,
		32 ,15,16,20 ,15,16,20,
		32 ,20,16,21 ,20,16,21,
		32 ,1,2,6 ,1,2,6,
		32 ,6,2,7 ,6,2,7,
		32 ,6,7,11 ,6,7,11,
		32 ,11,7,12 ,11,7,12,
		32 ,11,12,16 ,11,12,16,
		32 ,16,12,17 ,16,12,17,
		32 ,16,17,21 ,16,17,21,
		32 ,21,17,22 ,21,17,22,
		32 ,2,3,7 ,2,3,7,
		32 ,7,3,8 ,7,3,8,
		32 ,7,8,12 ,7,8,12,
		32 ,12,8,13 ,12,8,13,
		32 ,12,13,17 ,12,13,17,
		32 ,17,13,18 ,17,13,18,
		32 ,17,18,22 ,17,18,22,
		32 ,22,18,23 ,22,18,23,
		32 ,3,4,8 ,3,4,8,
		32 ,8,4,9 ,8,4,9,
		32 ,8,9,13 ,8,9,13,
		32 ,13,9,14 ,13,9,14,
		32 ,13,14,18 ,13,14,18,
		32 ,18,14,19 ,18,14,19,
		32 ,18,19,23 ,18,19,23,
		32 ,23,19,24 ,23,19,24
	]

}
