{
	"metadata" : {
		"formatVersion" : 3,
		"description" : "Exported from LibZinc."
	},

	"vertices" : [
		239.912704,169.796799,42.759312,240.643311,164.939880,43.075314,242.147049,160.161621,43.537388,244.903442,155.251877,44.304153,249.391998,150.000504,45.534222,250.522858,173.952927,48.131123,251.194901,170.305283,48.235989,252.456070,166.672089,48.524048,254.645981,162.882401,49.125671,258.104279,158.765259,50.171227,
		261.845764,178.626419,52.221241,262.364288,176.217804,52.190838,263.283142,173.785233,52.331390,264.810303,171.215286,52.730820,267.153839,168.394485,53.477047,273.547791,183.637939,55.283756,273.836212,182.458420,55.212288,274.329224,181.248199,55.250576,275.119171,179.955536,55.439785,276.298309,178.528625,55.821091,
		285.295288,188.808105,57.572762,285.295288,188.808105,57.572762,285.295288,188.808105,57.572762,285.295288,188.808105,57.572762,285.295288,188.808105,57.572762
	],

	"normals" : [
		-0.514903,-0.001176,0.857248,-0.485166,-0.038994,0.873552,-0.453577,-0.084896,0.887164,-0.427615,-0.127846,0.894875,-0.412243,-0.166917,0.895653,-0.378873,-0.035955,0.924750,-0.361204,-0.045947,0.931354,-0.350035,-0.051163,0.935339,-0.346813,-0.053230,0.936423,-0.350383,-0.057177,0.934860,
		-0.261932,-0.075929,0.962095,-0.260555,-0.057989,0.963716,-0.270121,-0.030323,0.962349,-0.286287,-0.003486,0.958138,-0.304431,0.015072,0.952415,-0.165027,-0.123569,0.978518,-0.182695,-0.077185,0.980135,-0.211815,-0.022679,0.977047,-0.244207,0.024576,0.969411,-0.273944,0.057373,0.960033,
		-0.163129,-0.011230,0.986541,-0.163129,-0.011230,0.986541,-0.163129,-0.011230,0.986541,-0.163129,-0.011230,0.986541,-0.163129,-0.011230,0.986541
	],

	"faces": [
		32 ,0,1,5 ,0,1,5,
		32 ,5,1,6 ,5,1,6,
		32 ,5,6,10 ,5,6,10,
		32 ,10,6,11 ,10,6,11,
		32 ,10,11,15 ,10,11,15,
		32 ,15,11,16 ,15,11,16,
		32 ,15,16,20 ,15,16,20,
		32 ,20,16,21 ,20,16,21,
		32 ,1,2,6 ,1,2,6,
		32 ,6,2,7 ,6,2,7,
		32 ,6,7,11 ,6,7,11,
		32 ,11,7,12 ,11,7,12,
		32 ,11,12,16 ,11,12,16,
		32 ,16,12,17 ,16,12,17,
		32 ,16,17,21 ,16,17,21,
		32 ,21,17,22 ,21,17,22,
		32 ,2,3,7 ,2,3,7,
		32 ,7,3,8 ,7,3,8,
		32 ,7,8,12 ,7,8,12,
		32 ,12,8,13 ,12,8,13,
		32 ,12,13,17 ,12,13,17,
		32 ,17,13,18 ,17,13,18,
		32 ,17,18,22 ,17,18,22,
		32 ,22,18,23 ,22,18,23,
		32 ,3,4,8 ,3,4,8,
		32 ,8,4,9 ,8,4,9,
		32 ,8,9,13 ,8,9,13,
		32 ,13,9,14 ,13,9,14,
		32 ,13,14,18 ,13,14,18,
		32 ,18,14,19 ,18,14,19,
		32 ,18,19,23 ,18,19,23,
		32 ,23,19,24 ,23,19,24
	]

}
