{
	"metadata" : {
		"formatVersion" : 3,
		"description" : "Exported from LibZinc."
	},

	"vertices" : [
		321.118011,149.877701,45.496449,325.618469,155.121979,44.269352,328.364716,160.062744,43.518154,329.850403,164.884308,43.074596,330.569214,169.770996,42.770420,312.399078,158.646530,50.155472,315.867584,162.753525,49.112202,318.053192,166.565353,48.515656,319.304230,170.233612,48.234119,319.968964,173.909897,48.135891,
		303.362030,168.299149,53.473717,305.712708,171.108505,52.725670,307.239655,173.692642,52.326206,308.154968,176.151047,52.187572,308.670746,178.583237,52.222015,294.247284,178.473648,55.822403,295.429932,179.891754,55.436829,296.221313,181.191315,55.246384,296.714661,182.416061,55.209080,297.003265,183.609741,55.282925,
		285.295288,188.808105,57.572762,285.295288,188.808105,57.572762,285.295288,188.808105,57.572762,285.295288,188.808105,57.572762,285.295288,188.808105,57.572762
	],

	"normals" : [
		0.412171,-0.169025,0.895291,0.428114,-0.129677,0.894373,0.453792,-0.086159,0.886932,0.484764,-0.039865,0.873736,0.514358,-0.001597,0.857574,0.350142,-0.059137,0.934828,0.347067,-0.054379,0.936262,0.350399,-0.051606,0.935178,0.361338,-0.046272,0.931286,0.378687,-0.036990,0.924785,
		0.305032,0.014182,0.952236,0.286812,-0.003845,0.957979,0.270600,-0.030370,0.962213,0.260865,-0.058192,0.963620,0.261758,-0.077259,0.962036,0.276528,0.058406,0.959229,0.245554,0.024986,0.969061,0.212363,-0.022874,0.976923,0.182848,-0.077719,0.980064,0.164776,-0.124703,0.978416,
		0.163964,-0.010900,0.986406,0.163964,-0.010900,0.986406,0.163964,-0.010900,0.986406,0.163964,-0.010900,0.986406,0.163964,-0.010900,0.986406
	],

	"faces": [
		32 ,0,1,5 ,0,1,5,
		32 ,5,1,6 ,5,1,6,
		32 ,5,6,10 ,5,6,10,
		32 ,10,6,11 ,10,6,11,
		32 ,10,11,15 ,10,11,15,
		32 ,15,11,16 ,15,11,16,
		32 ,15,16,20 ,15,16,20,
		32 ,20,16,21 ,20,16,21,
		32 ,1,2,6 ,1,2,6,
		32 ,6,2,7 ,6,2,7,
		32 ,6,7,11 ,6,7,11,
		32 ,11,7,12 ,11,7,12,
		32 ,11,12,16 ,11,12,16,
		32 ,16,12,17 ,16,12,17,
		32 ,16,17,21 ,16,17,21,
		32 ,21,17,22 ,21,17,22,
		32 ,2,3,7 ,2,3,7,
		32 ,7,3,8 ,7,3,8,
		32 ,7,8,12 ,7,8,12,
		32 ,12,8,13 ,12,8,13,
		32 ,12,13,17 ,12,13,17,
		32 ,17,13,18 ,17,13,18,
		32 ,17,18,22 ,17,18,22,
		32 ,22,18,23 ,22,18,23,
		32 ,3,4,8 ,3,4,8,
		32 ,8,4,9 ,8,4,9,
		32 ,8,9,13 ,8,9,13,
		32 ,13,9,14 ,13,9,14,
		32 ,13,14,18 ,13,14,18,
		32 ,18,14,19 ,18,14,19,
		32 ,18,19,23 ,18,19,23,
		32 ,23,19,24 ,23,19,24
	]

}
