{
	"metadata" : {
		"formatVersion" : 3,
		"description" : "Exported from LibZinc."
	},

	"vertices" : [
		330.569214,169.770996,42.770420,330.947357,174.418213,42.482857,331.110779,178.624939,42.230732,331.102661,182.730911,42.058147,330.966187,187.075897,42.009220,319.968964,173.909897,48.135891,320.329376,177.432678,47.983482,320.468567,180.682571,47.702347,320.436707,183.874313,47.405186,320.283905,187.222687,47.204704,
		308.670746,178.583237,52.222015,308.952026,180.927414,52.156338,309.053955,183.131897,51.882565,309.023651,185.311432,51.560760,308.908234,187.580780,51.350990,297.003265,183.609741,55.282925,297.159332,184.765015,55.264931,297.213867,185.873535,55.072376,297.198242,186.977585,54.843681,297.143829,188.119492,54.717278,
		285.295288,188.808105,57.572762,285.295288,188.808105,57.572762,285.295288,188.808105,57.572762,285.295288,188.808105,57.572762,285.295288,188.808105,57.572762
	],

	"normals" : [
		0.514358,-0.001597,0.857574,0.529592,0.021842,0.847971,0.527140,0.036440,0.848997,0.512913,0.034081,0.857764,0.493667,0.014840,0.869524,0.378687,-0.036990,0.924785,0.406224,0.034922,0.913106,0.408428,0.082082,0.909092,0.397138,0.087950,0.913535,0.385794,0.051847,0.921127,
		0.261758,-0.077259,0.962036,0.311209,0.057256,0.948615,0.321823,0.135779,0.937013,0.313336,0.136108,0.939838,0.305797,0.059048,0.950264,0.164776,-0.124703,0.978416,0.245812,0.088269,0.965290,0.267927,0.197026,0.943078,0.261467,0.179915,0.948296,0.252004,0.037564,0.966997,
		0.228815,0.142241,0.963022,0.228815,0.142241,0.963022,0.228815,0.142241,0.963022,0.228815,0.142241,0.963022,0.228815,0.142241,0.963022
	],

	"faces": [
		32 ,0,1,5 ,0,1,5,
		32 ,5,1,6 ,5,1,6,
		32 ,5,6,10 ,5,6,10,
		32 ,10,6,11 ,10,6,11,
		32 ,10,11,15 ,10,11,15,
		32 ,15,11,16 ,15,11,16,
		32 ,15,16,20 ,15,16,20,
		32 ,20,16,21 ,20,16,21,
		32 ,1,2,6 ,1,2,6,
		32 ,6,2,7 ,6,2,7,
		32 ,6,7,11 ,6,7,11,
		32 ,11,7,12 ,11,7,12,
		32 ,11,12,16 ,11,12,16,
		32 ,16,12,17 ,16,12,17,
		32 ,16,17,21 ,16,17,21,
		32 ,21,17,22 ,21,17,22,
		32 ,2,3,7 ,2,3,7,
		32 ,7,3,8 ,7,3,8,
		32 ,7,8,12 ,7,8,12,
		32 ,12,8,13 ,12,8,13,
		32 ,12,13,17 ,12,13,17,
		32 ,17,13,18 ,17,13,18,
		32 ,17,18,22 ,17,18,22,
		32 ,22,18,23 ,22,18,23,
		32 ,3,4,8 ,3,4,8,
		32 ,8,4,9 ,8,4,9,
		32 ,8,9,13 ,8,9,13,
		32 ,13,9,14 ,13,9,14,
		32 ,13,14,18 ,13,14,18,
		32 ,18,14,19 ,18,14,19,
		32 ,18,19,23 ,18,19,23,
		32 ,23,19,24 ,23,19,24
	]

}
