{
	"metadata" : {
		"formatVersion" : 3,
		"description" : "Exported from LibZinc."
	},

	"vertices" : [
		330.966187,187.075897,42.009220,330.608337,191.717117,42.048824,329.894226,196.448318,42.096954,328.804291,201.214066,42.130409,327.319000,205.958893,42.125980,320.283905,187.222687,47.204704,319.983368,190.772095,47.143291,319.440247,194.390015,47.146091,318.602356,198.025711,47.149948,317.417633,201.628494,47.091694,
		308.908234,187.580780,51.350990,308.704834,189.970383,51.278587,308.345917,192.409988,51.236904,307.781464,194.863281,51.188042,306.961548,197.293930,51.094093,297.143829,188.119492,54.717278,297.049805,189.314789,54.679985,296.876038,190.539078,54.626694,296.594757,191.774734,54.557907,296.178253,193.004166,54.474129,
		285.295288,188.808105,57.572762,285.295288,188.808105,57.572762,285.295288,188.808105,57.572762,285.295288,188.808105,57.572762,285.295288,188.808105,57.572762
	],

	"normals" : [
		0.493667,0.014840,0.869524,0.480302,0.045589,0.875918,0.473329,0.081182,0.877137,0.463129,0.121457,0.877929,0.440306,0.163564,0.882823,0.385794,0.051847,0.921127,0.380501,0.048591,0.923503,0.374520,0.066720,0.924815,0.361575,0.104190,0.926503,0.335356,0.157950,0.928756,
		0.305797,0.059048,0.950264,0.304704,0.054269,0.950900,0.298707,0.070335,0.951750,0.285177,0.104996,0.952707,0.261618,0.155898,0.952498,0.252004,0.037564,0.966997,0.252390,0.063033,0.965570,0.246192,0.092342,0.964812,0.234627,0.124966,0.964020,0.219036,0.160392,0.962444,
		0.228087,0.119012,0.966340,0.228087,0.119012,0.966340,0.228087,0.119012,0.966340,0.228087,0.119012,0.966340,0.228087,0.119012,0.966340
	],

	"faces": [
		32 ,0,1,5 ,0,1,5,
		32 ,5,1,6 ,5,1,6,
		32 ,5,6,10 ,5,6,10,
		32 ,10,6,11 ,10,6,11,
		32 ,10,11,15 ,10,11,15,
		32 ,15,11,16 ,15,11,16,
		32 ,15,16,20 ,15,16,20,
		32 ,20,16,21 ,20,16,21,
		32 ,1,2,6 ,1,2,6,
		32 ,6,2,7 ,6,2,7,
		32 ,6,7,11 ,6,7,11,
		32 ,11,7,12 ,11,7,12,
		32 ,11,12,16 ,11,12,16,
		32 ,16,12,17 ,16,12,17,
		32 ,16,17,21 ,16,17,21,
		32 ,21,17,22 ,21,17,22,
		32 ,2,3,7 ,2,3,7,
		32 ,7,3,8 ,7,3,8,
		32 ,7,8,12 ,7,8,12,
		32 ,12,8,13 ,12,8,13,
		32 ,12,13,17 ,12,13,17,
		32 ,17,13,18 ,17,13,18,
		32 ,17,18,22 ,17,18,22,
		32 ,22,18,23 ,22,18,23,
		32 ,3,4,8 ,3,4,8,
		32 ,8,4,9 ,8,4,9,
		32 ,8,9,13 ,8,9,13,
		32 ,13,9,14 ,13,9,14,
		32 ,13,14,18 ,13,14,18,
		32 ,18,14,19 ,18,14,19,
		32 ,18,19,23 ,18,19,23,
		32 ,23,19,24 ,23,19,24
	]

}
