{
	"metadata" : {
		"formatVersion" : 3,
		"description" : "Exported from LibZinc."
	},

	"vertices" : [
		317.301300,224.057007,41.544609,314.605164,227.245102,41.482883,311.948151,229.894287,41.525909,309.285309,232.109726,41.654247,306.571686,233.996597,41.848461,309.739746,215.335602,46.659256,307.661743,217.750137,46.606380,305.595032,219.752640,46.582859,303.534088,221.432266,46.622932,301.473236,222.878143,46.760834,
		301.800385,206.517059,50.770741,300.385956,208.149445,50.726501,298.975830,209.501358,50.687115,297.572662,210.630859,50.682377,296.179169,211.596024,50.742081,293.610016,197.656265,54.276199,292.892303,198.487320,54.247280,292.179565,199.174988,54.222477,291.470093,199.743484,54.207386,290.762238,200.217056,54.207592,
		285.295288,188.808105,57.572762,285.295288,188.808105,57.572762,285.295288,188.808105,57.572762,285.295288,188.808105,57.572762,285.295288,188.808105,57.572762
	],

	"normals" : [
		0.344013,0.299688,0.889855,0.332107,0.307423,0.891737,0.313566,0.311391,0.897057,0.294786,0.315624,0.901933,0.280200,0.325665,0.903012,0.276625,0.237405,0.931192,0.252059,0.256686,0.933048,0.235115,0.264271,0.935351,0.233620,0.260506,0.936781,0.253003,0.247634,0.935236,
		0.225327,0.197574,0.954040,0.198593,0.219392,0.955211,0.182514,0.229605,0.956018,0.183495,0.226597,0.956548,0.206708,0.210051,0.955589,0.192444,0.183086,0.964077,0.172994,0.199241,0.964560,0.156898,0.211005,0.964811,0.146587,0.216486,0.965218,0.144722,0.214206,0.966008,
		0.153119,0.218483,0.963753,0.153119,0.218483,0.963753,0.153119,0.218483,0.963753,0.153119,0.218483,0.963753,0.153119,0.218483,0.963753
	],

	"faces": [
		32 ,0,1,5 ,0,1,5,
		32 ,5,1,6 ,5,1,6,
		32 ,5,6,10 ,5,6,10,
		32 ,10,6,11 ,10,6,11,
		32 ,10,11,15 ,10,11,15,
		32 ,15,11,16 ,15,11,16,
		32 ,15,16,20 ,15,16,20,
		32 ,20,16,21 ,20,16,21,
		32 ,1,2,6 ,1,2,6,
		32 ,6,2,7 ,6,2,7,
		32 ,6,7,11 ,6,7,11,
		32 ,11,7,12 ,11,7,12,
		32 ,11,12,16 ,11,12,16,
		32 ,16,12,17 ,16,12,17,
		32 ,16,17,21 ,16,17,21,
		32 ,21,17,22 ,21,17,22,
		32 ,2,3,7 ,2,3,7,
		32 ,7,3,8 ,7,3,8,
		32 ,7,8,12 ,7,8,12,
		32 ,12,8,13 ,12,8,13,
		32 ,12,13,17 ,12,13,17,
		32 ,17,13,18 ,17,13,18,
		32 ,17,18,22 ,17,18,22,
		32 ,22,18,23 ,22,18,23,
		32 ,3,4,8 ,3,4,8,
		32 ,8,4,9 ,8,4,9,
		32 ,8,9,13 ,8,9,13,
		32 ,13,9,14 ,13,9,14,
		32 ,13,14,18 ,13,14,18,
		32 ,18,14,19 ,18,14,19,
		32 ,18,19,23 ,18,19,23,
		32 ,23,19,24 ,23,19,24
	]

}
