{
	"metadata" : {
		"formatVersion" : 3,
		"description" : "Exported from LibZinc."
	},

	"vertices" : [
		111.802696,86.883438,-1349.145020,121.465149,76.518356,-1349.050903,134.059708,69.095337,-1348.979492,148.298996,65.021187,-1348.946655,162.895599,64.702728,-1348.968994,114.733109,92.698334,-1332.619141,124.088097,82.596939,-1332.490112,136.058777,75.068077,-1332.371338,149.610977,70.616165,-1332.300903,163.710480,69.745636,-1332.316772,
		116.591850,96.675941,-1320.840576,125.808609,86.682465,-1320.743408,137.388519,79.079147,-1320.637085,150.512253,74.386391,-1320.572266,164.360474,73.124573,-1320.599609,117.691315,99.728287,-1310.927979,126.875824,89.804321,-1310.892944,138.216660,82.175377,-1310.835205,151.070435,77.325935,-1310.798096,164.793777,75.740494,-1310.824829,
		118.343903,102.767403,-1300.000000,127.538887,92.991898,-1300.020630,138.710938,85.403557,-1300.024048,151.353134,80.428886,-1300.015381,164.958603,78.494370,-1300.000000
	],

	"normals" : [
		-0.788795,-0.520847,0.326374,-0.579285,-0.729740,0.363193,-0.367808,-0.858642,0.357002,-0.144587,-0.933286,0.328744,0.113487,-0.951181,0.287012,-0.782842,-0.533974,0.319421,-0.596571,-0.721201,0.352097,-0.400975,-0.848003,0.346568,-0.182999,-0.929183,0.321139,0.075678,-0.957051,0.279869,
		-0.784077,-0.550547,0.286569,-0.612607,-0.722376,0.320758,-0.424872,-0.846180,0.321656,-0.209655,-0.929429,0.303654,0.045054,-0.963141,0.265196,-0.788361,-0.570074,0.231308,-0.625622,-0.730817,0.272952,-0.441479,-0.850063,0.287210,-0.229648,-0.931674,0.281504,0.015757,-0.968147,0.249886,
		-0.785079,-0.588803,0.192254,-0.629495,-0.738756,0.240783,-0.451267,-0.851696,0.266404,-0.248576,-0.930260,0.269864,-0.019259,-0.969283,0.245193
	],

	"faces": [
		32 ,0,1,5 ,0,1,5,
		32 ,5,1,6 ,5,1,6,
		32 ,5,6,10 ,5,6,10,
		32 ,10,6,11 ,10,6,11,
		32 ,10,11,15 ,10,11,15,
		32 ,15,11,16 ,15,11,16,
		32 ,15,16,20 ,15,16,20,
		32 ,20,16,21 ,20,16,21,
		32 ,1,2,6 ,1,2,6,
		32 ,6,2,7 ,6,2,7,
		32 ,6,7,11 ,6,7,11,
		32 ,11,7,12 ,11,7,12,
		32 ,11,12,16 ,11,12,16,
		32 ,16,12,17 ,16,12,17,
		32 ,16,17,21 ,16,17,21,
		32 ,21,17,22 ,21,17,22,
		32 ,2,3,7 ,2,3,7,
		32 ,7,3,8 ,7,3,8,
		32 ,7,8,12 ,7,8,12,
		32 ,12,8,13 ,12,8,13,
		32 ,12,13,17 ,12,13,17,
		32 ,17,13,18 ,17,13,18,
		32 ,17,18,22 ,17,18,22,
		32 ,22,18,23 ,22,18,23,
		32 ,3,4,8 ,3,4,8,
		32 ,8,4,9 ,8,4,9,
		32 ,8,9,13 ,8,9,13,
		32 ,13,9,14 ,13,9,14,
		32 ,13,14,18 ,13,14,18,
		32 ,18,14,19 ,18,14,19,
		32 ,18,19,23 ,18,19,23,
		32 ,23,19,24 ,23,19,24
	]

}
