{
	"metadata" : {
		"formatVersion" : 3,
		"description" : "Exported from LibZinc."
	},

	"vertices" : [
		162.895599,64.702728,-1348.968994,176.822891,68.274124,-1349.041626,189.571045,75.049652,-1349.125610,200.627914,84.206314,-1349.186157,209.481293,94.921112,-1349.187988,163.710480,69.745636,-1332.316772,177.385513,72.781754,-1332.339233,190.104980,79.099419,-1332.299805,201.495743,87.777542,-1332.253784,211.184631,97.895020,-1332.256226,
		164.360474,73.124573,-1320.599609,177.957779,75.727043,-1320.623901,190.707642,81.631569,-1320.565430,202.359039,89.865135,-1320.498047,212.660919,99.454712,-1320.495728,164.793777,75.740494,-1310.824829,178.435928,77.902390,-1310.848022,191.350006,83.332375,-1310.810181,203.348495,91.071045,-1310.769409,214.243851,100.159004,-1310.784424,
		164.958603,78.494370,-1300.000000,178.716187,80.100151,-1299.964233,192.003082,84.888084,-1299.921631,204.594849,91.997238,-1299.918091,216.267105,100.566704,-1300.000000
	],

	"normals" : [
		0.113487,-0.951181,0.287012,0.358550,-0.902486,0.238665,0.550923,-0.813222,0.187494,0.703139,-0.700427,0.122460,0.828223,-0.559719,0.027615,0.075678,-0.957051,0.279869,0.333176,-0.915395,0.225931,0.525571,-0.833488,0.170508,0.665441,-0.738985,0.105309,0.770378,-0.637417,0.014728,
		0.045054,-0.963141,0.265196,0.309845,-0.928677,0.203852,0.503215,-0.853360,0.136203,0.634377,-0.770654,0.060477,0.720962,-0.692158,-0.033639,0.015757,-0.968147,0.249886,0.279727,-0.941942,0.185738,0.472322,-0.875301,0.103730,0.598358,-0.801138,0.012064,0.673643,-0.734025,-0.086089,
		-0.019259,-0.969283,0.245193,0.234379,-0.954049,0.186698,0.422569,-0.900633,0.101473,0.548497,-0.836144,0.003794,0.625729,-0.774683,-0.091261
	],

	"faces": [
		32 ,0,1,5 ,0,1,5,
		32 ,5,1,6 ,5,1,6,
		32 ,5,6,10 ,5,6,10,
		32 ,10,6,11 ,10,6,11,
		32 ,10,11,15 ,10,11,15,
		32 ,15,11,16 ,15,11,16,
		32 ,15,16,20 ,15,16,20,
		32 ,20,16,21 ,20,16,21,
		32 ,1,2,6 ,1,2,6,
		32 ,6,2,7 ,6,2,7,
		32 ,6,7,11 ,6,7,11,
		32 ,11,7,12 ,11,7,12,
		32 ,11,12,16 ,11,12,16,
		32 ,16,12,17 ,16,12,17,
		32 ,16,17,21 ,16,17,21,
		32 ,21,17,22 ,21,17,22,
		32 ,2,3,7 ,2,3,7,
		32 ,7,3,8 ,7,3,8,
		32 ,7,8,12 ,7,8,12,
		32 ,12,8,13 ,12,8,13,
		32 ,12,13,17 ,12,13,17,
		32 ,17,13,18 ,17,13,18,
		32 ,17,18,22 ,17,18,22,
		32 ,22,18,23 ,22,18,23,
		32 ,3,4,8 ,3,4,8,
		32 ,8,4,9 ,8,4,9,
		32 ,8,9,13 ,8,9,13,
		32 ,13,9,14 ,13,9,14,
		32 ,13,14,18 ,13,14,18,
		32 ,18,14,19 ,18,14,19,
		32 ,18,19,23 ,18,19,23,
		32 ,23,19,24 ,23,19,24
	]

}
