{
	"metadata" : {
		"formatVersion" : 3,
		"description" : "Exported from LibZinc."
	},

	"vertices" : [
		209.481293,94.921112,-1349.187988,216.408676,106.364433,-1349.160522,221.774094,118.172989,-1349.151978,225.195251,130.223221,-1349.156006,226.289902,142.391602,-1349.166016,211.184631,97.895020,-1332.256226,219.244232,108.853577,-1332.287964,225.630203,120.540031,-1332.304810,229.794006,132.760895,-1332.324585,231.187103,145.322708,-1332.364746,
		212.660919,99.454712,-1320.495728,221.547272,110.053452,-1320.529785,228.657730,121.748329,-1320.538086,233.299637,134.217102,-1320.543945,234.780411,147.137527,-1320.570557,214.243851,100.159004,-1310.784424,223.823410,110.514709,-1310.817993,231.468170,122.365570,-1310.811890,236.381088,135.215607,-1310.791504,237.765076,148.568832,-1310.782593,
		216.267105,100.566704,-1300.000000,226.578186,110.788010,-1300.084717,234.673080,122.959450,-1300.086060,239.707291,136.380188,-1300.044312,240.836304,150.349396,-1300.000000
	],

	"normals" : [
		0.828223,-0.559719,0.027615,0.880589,-0.469449,-0.064662,0.926348,-0.345486,-0.150063,0.957457,-0.183402,-0.222799,0.960929,0.015212,-0.276376,0.770378,-0.637417,0.014728,0.837762,-0.539802,-0.082276,0.899603,-0.402984,-0.168280,0.945752,-0.218992,-0.239989,0.957410,0.011949,-0.288486,
		0.720962,-0.692158,-0.033639,0.802747,-0.581726,-0.131122,0.877274,-0.433187,-0.206734,0.935691,-0.233423,-0.264568,0.954391,0.023181,-0.297658,0.673643,-0.734025,-0.086089,0.775322,-0.606285,-0.176901,0.864042,-0.445250,-0.234912,0.933637,-0.231971,-0.272968,0.955529,0.045825,-0.291315,
		0.625729,-0.774683,-0.091261,0.758570,-0.627083,-0.177027,0.864615,-0.448498,-0.226475,0.941556,-0.218747,-0.256169,0.958466,0.076236,-0.274830
	],

	"faces": [
		32 ,0,1,5 ,0,1,5,
		32 ,5,1,6 ,5,1,6,
		32 ,5,6,10 ,5,6,10,
		32 ,10,6,11 ,10,6,11,
		32 ,10,11,15 ,10,11,15,
		32 ,15,11,16 ,15,11,16,
		32 ,15,16,20 ,15,16,20,
		32 ,20,16,21 ,20,16,21,
		32 ,1,2,6 ,1,2,6,
		32 ,6,2,7 ,6,2,7,
		32 ,6,7,11 ,6,7,11,
		32 ,11,7,12 ,11,7,12,
		32 ,11,12,16 ,11,12,16,
		32 ,16,12,17 ,16,12,17,
		32 ,16,17,21 ,16,17,21,
		32 ,21,17,22 ,21,17,22,
		32 ,2,3,7 ,2,3,7,
		32 ,7,3,8 ,7,3,8,
		32 ,7,8,12 ,7,8,12,
		32 ,12,8,13 ,12,8,13,
		32 ,12,13,17 ,12,13,17,
		32 ,17,13,18 ,17,13,18,
		32 ,17,18,22 ,17,18,22,
		32 ,22,18,23 ,22,18,23,
		32 ,3,4,8 ,3,4,8,
		32 ,8,4,9 ,8,4,9,
		32 ,8,9,13 ,8,9,13,
		32 ,13,9,14 ,13,9,14,
		32 ,13,14,18 ,13,14,18,
		32 ,18,14,19 ,18,14,19,
		32 ,18,19,23 ,18,19,23,
		32 ,23,19,24 ,23,19,24
	]

}
