{
	"metadata" : {
		"formatVersion" : 3,
		"description" : "Exported from LibZinc."
	},

	"vertices" : [
		226.289902,142.391602,-1349.166016,224.729874,154.043961,-1349.172119,220.617828,164.601685,-1349.157959,214.217728,174.024582,-1349.107788,205.793503,182.272400,-1349.005981,231.187103,145.322708,-1332.364746,229.449799,157.463684,-1332.427368,224.829269,168.481308,-1332.458618,217.687241,178.270950,-1332.392822,208.385422,186.727966,-1332.164429,
		234.780411,147.137527,-1320.570557,232.770401,159.667236,-1320.667358,227.685394,171.041748,-1320.770874,219.951019,181.055634,-1320.735718,209.992874,189.503464,-1320.416138,237.765076,148.568832,-1310.782593,235.386322,161.501785,-1310.893188,229.856949,173.226944,-1311.066162,221.648773,183.452316,-1311.079468,211.233582,191.885880,-1310.711182,
		240.836304,150.349396,-1300.000000,237.992249,163.814484,-1300.106323,232.014679,175.980835,-1300.315674,223.420166,186.534683,-1300.367188,212.725296,195.162201,-1300.000000
	],

	"normals" : [
		0.960929,0.015212,-0.276376,0.920938,0.238735,-0.308025,0.837109,0.444745,-0.318512,0.724343,0.613420,-0.314710,0.600532,0.739441,-0.304283,0.957410,0.011949,-0.288486,0.916236,0.254378,-0.309522,0.825372,0.470774,-0.311662,0.704893,0.643141,-0.299156,0.574345,0.771566,-0.273520,
		0.954391,0.023181,-0.297658,0.913042,0.272478,-0.303497,0.817354,0.492098,-0.299619,0.688126,0.667009,-0.285625,0.543786,0.799451,-0.255293,0.955529,0.045825,-0.291315,0.911105,0.292648,-0.290250,0.810727,0.507484,-0.291860,0.673448,0.678711,-0.292950,0.513958,0.809071,-0.285046,
		0.958466,0.076236,-0.274830,0.907300,0.312671,-0.281146,0.804369,0.515090,-0.296097,0.665442,0.675273,-0.318108,0.499530,0.794926,-0.344329
	],

	"faces": [
		32 ,0,1,5 ,0,1,5,
		32 ,5,1,6 ,5,1,6,
		32 ,5,6,10 ,5,6,10,
		32 ,10,6,11 ,10,6,11,
		32 ,10,11,15 ,10,11,15,
		32 ,15,11,16 ,15,11,16,
		32 ,15,16,20 ,15,16,20,
		32 ,20,16,21 ,20,16,21,
		32 ,1,2,6 ,1,2,6,
		32 ,6,2,7 ,6,2,7,
		32 ,6,7,11 ,6,7,11,
		32 ,11,7,12 ,11,7,12,
		32 ,11,12,16 ,11,12,16,
		32 ,16,12,17 ,16,12,17,
		32 ,16,17,21 ,16,17,21,
		32 ,21,17,22 ,21,17,22,
		32 ,2,3,7 ,2,3,7,
		32 ,7,3,8 ,7,3,8,
		32 ,7,8,12 ,7,8,12,
		32 ,12,8,13 ,12,8,13,
		32 ,12,13,17 ,12,13,17,
		32 ,17,13,18 ,17,13,18,
		32 ,17,18,22 ,17,18,22,
		32 ,22,18,23 ,22,18,23,
		32 ,3,4,8 ,3,4,8,
		32 ,8,4,9 ,8,4,9,
		32 ,8,9,13 ,8,9,13,
		32 ,13,9,14 ,13,9,14,
		32 ,13,14,18 ,13,14,18,
		32 ,18,14,19 ,18,14,19,
		32 ,18,19,23 ,18,19,23,
		32 ,23,19,24 ,23,19,24
	]

}
