{
	"metadata" : {
		"formatVersion" : 3,
		"description" : "Exported from LibZinc."
	},

	"vertices" : [
		119.413902,187.842499,-1349.288940,113.583206,176.931686,-1349.178345,109.693558,164.827591,-1349.108032,106.966370,152.022675,-1349.082031,104.623100,139.009399,-1349.104004,118.669952,194.303223,-1332.291748,113.153130,182.929474,-1332.098145,109.862198,170.318924,-1332.062988,107.870804,157.084061,-1332.107300,106.252602,143.837326,-1332.152100,
		118.067940,198.527542,-1320.485962,112.696259,186.865326,-1320.267212,109.678780,173.992889,-1320.266479,108.067551,160.558594,-1320.360718,106.914612,147.210831,-1320.427124,117.888084,201.852188,-1310.759399,112.451225,190.034531,-1310.546631,109.397018,177.025818,-1310.565063,107.851845,163.476349,-1310.681885,106.942093,150.036423,-1310.764526,
		118.410599,205.613907,-1300.000000,112.656654,193.732407,-1299.796997,109.270615,180.594086,-1299.804932,107.518921,166.867355,-1299.910522,106.667999,153.220596,-1300.000000
	],

	"normals" : [
		-0.797840,0.551912,-0.242578,-0.915940,0.372682,-0.148868,-0.967619,0.245106,-0.060300,-0.983237,0.182060,0.009956,-0.981716,0.182517,0.054049,-0.814731,0.529042,-0.237337,-0.934014,0.326975,-0.143895,-0.980314,0.187253,-0.062618,-0.992437,0.122758,-0.000380,-0.990419,0.132043,0.040424,
		-0.828448,0.517292,-0.214670,-0.942210,0.306351,-0.135608,-0.984121,0.160407,-0.076000,-0.995362,0.090503,-0.032607,-0.995543,0.094301,0.000976,-0.837218,0.520724,-0.167073,-0.944976,0.308765,-0.108093,-0.984379,0.158898,-0.075818,-0.995151,0.079662,-0.057696,-0.997029,0.066935,-0.038125,
		-0.832934,0.538346,-0.128080,-0.940348,0.330885,-0.079129,-0.982356,0.177780,-0.058056,-0.995035,0.085456,-0.051007,-0.998050,0.048231,-0.039617
	],

	"faces": [
		32 ,0,1,5 ,0,1,5,
		32 ,5,1,6 ,5,1,6,
		32 ,5,6,10 ,5,6,10,
		32 ,10,6,11 ,10,6,11,
		32 ,10,11,15 ,10,11,15,
		32 ,15,11,16 ,15,11,16,
		32 ,15,16,20 ,15,16,20,
		32 ,20,16,21 ,20,16,21,
		32 ,1,2,6 ,1,2,6,
		32 ,6,2,7 ,6,2,7,
		32 ,6,7,11 ,6,7,11,
		32 ,11,7,12 ,11,7,12,
		32 ,11,12,16 ,11,12,16,
		32 ,16,12,17 ,16,12,17,
		32 ,16,17,21 ,16,17,21,
		32 ,21,17,22 ,21,17,22,
		32 ,2,3,7 ,2,3,7,
		32 ,7,3,8 ,7,3,8,
		32 ,7,8,12 ,7,8,12,
		32 ,12,8,13 ,12,8,13,
		32 ,12,13,17 ,12,13,17,
		32 ,17,13,18 ,17,13,18,
		32 ,17,18,22 ,17,18,22,
		32 ,22,18,23 ,22,18,23,
		32 ,3,4,8 ,3,4,8,
		32 ,8,4,9 ,8,4,9,
		32 ,8,9,13 ,8,9,13,
		32 ,13,9,14 ,13,9,14,
		32 ,13,14,18 ,13,14,18,
		32 ,18,14,19 ,18,14,19,
		32 ,18,19,23 ,18,19,23,
		32 ,23,19,24 ,23,19,24
	]

}
