{
	"metadata" : {
		"formatVersion" : 3,
		"description" : "Exported from LibZinc."
	},

	"vertices" : [
		106.667999,153.220596,-1300.000000,106.622490,139.820114,-1300.018677,108.164680,126.665489,-1300.006226,111.877510,114.175117,-1299.990723,118.343903,102.767403,-1300.000000,106.111053,156.867172,-1287.575073,106.184723,143.140625,-1287.612671,107.919083,129.724319,-1287.603516,111.856056,117.092865,-1287.581421,118.537560,105.720840,-1287.580444,
		105.024750,160.346909,-1275.070312,105.120201,146.219940,-1275.132812,107.040215,132.408890,-1275.143799,111.248833,119.450684,-1275.128052,118.210083,107.882263,-1275.110718,103.344193,163.466797,-1262.530396,103.498024,148.887436,-1262.602661,105.722466,134.590088,-1262.623291,110.321381,121.167610,-1262.611328,117.598640,109.212830,-1262.585571,
		101.004501,166.033798,-1250.000000,101.387268,150.972504,-1250.045532,104.160202,136.138855,-1250.038208,109.339256,122.162659,-1250.011841,116.940399,109.673698,-1250.000000
	],

	"normals" : [
		-0.998050,0.048231,-0.039617,-0.998799,-0.048729,0.005150,-0.979498,-0.192158,0.060483,-0.916399,-0.380581,0.123980,-0.785079,-0.588803,0.192254,-0.996142,0.042220,-0.076929,-0.997187,-0.059413,-0.045691,-0.978748,-0.205067,0.000910,-0.916486,-0.395839,0.058000,-0.783551,-0.609836,0.118948,
		-0.991495,0.047373,-0.121215,-0.993562,-0.065540,-0.092410,-0.975269,-0.216223,-0.045802,-0.913311,-0.407194,0.007520,-0.781958,-0.620880,0.055220,-0.984086,0.054082,-0.169264,-0.988103,-0.076988,-0.133133,-0.969206,-0.233363,-0.078618,-0.908010,-0.418101,-0.026648,-0.784360,-0.620301,0.002444,
		-0.974220,0.053751,-0.219104,-0.980476,-0.102453,-0.167840,-0.959772,-0.262972,-0.098408,-0.900966,-0.431562,-0.044891,-0.793938,-0.606854,-0.037288
	],

	"faces": [
		32 ,0,1,5 ,0,1,5,
		32 ,5,1,6 ,5,1,6,
		32 ,5,6,10 ,5,6,10,
		32 ,10,6,11 ,10,6,11,
		32 ,10,11,15 ,10,11,15,
		32 ,15,11,16 ,15,11,16,
		32 ,15,16,20 ,15,16,20,
		32 ,20,16,21 ,20,16,21,
		32 ,1,2,6 ,1,2,6,
		32 ,6,2,7 ,6,2,7,
		32 ,6,7,11 ,6,7,11,
		32 ,11,7,12 ,11,7,12,
		32 ,11,12,16 ,11,12,16,
		32 ,16,12,17 ,16,12,17,
		32 ,16,17,21 ,16,17,21,
		32 ,21,17,22 ,21,17,22,
		32 ,2,3,7 ,2,3,7,
		32 ,7,3,8 ,7,3,8,
		32 ,7,8,12 ,7,8,12,
		32 ,12,8,13 ,12,8,13,
		32 ,12,13,17 ,12,13,17,
		32 ,17,13,18 ,17,13,18,
		32 ,17,18,22 ,17,18,22,
		32 ,22,18,23 ,22,18,23,
		32 ,3,4,8 ,3,4,8,
		32 ,8,4,9 ,8,4,9,
		32 ,8,9,13 ,8,9,13,
		32 ,13,9,14 ,13,9,14,
		32 ,13,14,18 ,13,14,18,
		32 ,18,14,19 ,18,14,19,
		32 ,18,19,23 ,18,19,23,
		32 ,23,19,24 ,23,19,24
	]

}
