{
	"metadata" : {
		"formatVersion" : 3,
		"description" : "Exported from LibZinc."
	},

	"vertices" : [
		122.699799,220.939804,-1250.000000,114.014244,209.145432,-1249.874390,107.413887,195.617157,-1249.860718,103.032661,181.023697,-1249.916626,101.004501,166.033798,-1250.000000,122.130836,223.759552,-1237.423340,112.624725,211.920395,-1237.347290,105.162270,198.229019,-1237.376221,100.157646,183.339050,-1237.444946,98.025024,167.904114,-1237.488525,
		120.501984,226.151398,-1224.923462,110.139900,214.344315,-1224.930542,101.988892,200.432678,-1224.982178,96.638657,185.123917,-1225.017944,94.678902,169.125443,-1224.977051,118.192917,228.187164,-1212.461914,107.058990,216.398575,-1212.550659,98.424080,202.202438,-1212.607178,92.945839,186.399902,-1212.592285,91.281952,169.792053,-1212.466919,
		115.583298,229.938705,-1200.000000,103.881218,218.064575,-1200.134644,94.998146,203.512650,-1200.179565,89.549324,187.188629,-1200.124634,88.149986,169.998199,-1199.959961
	],

	"normals" : [
		-0.734032,0.661189,-0.155006,-0.846224,0.507038,-0.163759,-0.913569,0.355774,-0.197019,-0.951989,0.207296,-0.225267,-0.974220,0.053751,-0.219104,-0.703322,0.680355,-0.206044,-0.808051,0.536610,-0.243112,-0.880737,0.386623,-0.273542,-0.932923,0.223462,-0.282345,-0.966893,0.035020,-0.252767,
		-0.663819,0.710490,-0.233555,-0.777948,0.561651,-0.281685,-0.862867,0.402370,-0.305874,-0.927302,0.220822,-0.302241,-0.964479,0.002439,-0.264150,-0.627056,0.741401,-0.239007,-0.761777,0.581735,-0.285098,-0.861876,0.408684,-0.300246,-0.934061,0.209292,-0.289357,-0.966413,-0.029646,-0.255277,
		-0.603101,0.764560,-0.227413,-0.761947,0.594437,-0.257064,-0.875613,0.408208,-0.258201,-0.949769,0.196541,-0.243537,-0.973056,-0.049551,-0.225181
	],

	"faces": [
		32 ,0,1,5 ,0,1,5,
		32 ,5,1,6 ,5,1,6,
		32 ,5,6,10 ,5,6,10,
		32 ,10,6,11 ,10,6,11,
		32 ,10,11,15 ,10,11,15,
		32 ,15,11,16 ,15,11,16,
		32 ,15,16,20 ,15,16,20,
		32 ,20,16,21 ,20,16,21,
		32 ,1,2,6 ,1,2,6,
		32 ,6,2,7 ,6,2,7,
		32 ,6,7,11 ,6,7,11,
		32 ,11,7,12 ,11,7,12,
		32 ,11,12,16 ,11,12,16,
		32 ,16,12,17 ,16,12,17,
		32 ,16,17,21 ,16,17,21,
		32 ,21,17,22 ,21,17,22,
		32 ,2,3,7 ,2,3,7,
		32 ,7,3,8 ,7,3,8,
		32 ,7,8,12 ,7,8,12,
		32 ,12,8,13 ,12,8,13,
		32 ,12,13,17 ,12,13,17,
		32 ,17,13,18 ,17,13,18,
		32 ,17,18,22 ,17,18,22,
		32 ,22,18,23 ,22,18,23,
		32 ,3,4,8 ,3,4,8,
		32 ,8,4,9 ,8,4,9,
		32 ,8,9,13 ,8,9,13,
		32 ,13,9,14 ,13,9,14,
		32 ,13,14,18 ,13,14,18,
		32 ,18,14,19 ,18,14,19,
		32 ,18,19,23 ,18,19,23,
		32 ,23,19,24 ,23,19,24
	]

}
