{
	"metadata" : {
		"formatVersion" : 3,
		"description" : "Exported from LibZinc."
	},

	"vertices" : [
		116.940399,109.673698,-1250.000000,126.624947,99.351456,-1249.953003,137.938004,91.448029,-1249.825073,150.721207,85.952156,-1249.655396,164.816193,82.852570,-1249.483032,116.148872,109.219559,-1237.439697,125.863182,98.385727,-1237.464722,137.224136,90.106560,-1237.394897,150.110184,84.367073,-1237.258789,164.399780,81.152336,-1237.084961,
		115.058296,108.045189,-1224.964111,124.851204,96.722145,-1225.086182,136.296646,88.069267,-1225.121582,149.313309,82.085045,-1225.061279,163.819870,78.767967,-1224.895996,113.786919,106.471893,-1212.528442,123.709648,94.713882,-1212.744995,135.273499,85.717842,-1212.888916,148.434647,79.481834,-1212.909912,163.149200,76.003891,-1212.757324,
		112.453003,104.820999,-1200.088013,122.559151,92.714127,-1200.368896,134.272644,83.433983,-1200.580811,147.578186,76.933235,-1200.651733,162.460495,73.164543,-1200.510010
	],

	"normals" : [
		-0.793938,-0.606854,-0.037288,-0.652955,-0.754938,-0.060970,-0.482630,-0.871973,-0.082044,-0.301396,-0.948690,-0.095642,-0.126782,-0.986683,-0.101893,-0.803593,-0.586307,-0.102383,-0.665109,-0.735364,-0.129879,-0.492670,-0.856250,-0.155283,-0.305996,-0.936668,-0.170351,-0.125808,-0.977041,-0.171940,
		-0.809271,-0.569669,-0.143379,-0.675356,-0.717605,-0.170110,-0.502921,-0.841754,-0.196266,-0.310981,-0.926265,-0.212894,-0.123097,-0.968614,-0.215948,-0.813025,-0.559398,-0.161446,-0.684468,-0.705812,-0.182575,-0.514212,-0.832762,-0.205167,-0.319812,-0.920925,-0.222747,-0.126929,-0.964097,-0.233250,
		-0.815575,-0.556797,-0.157529,-0.691696,-0.702305,-0.168297,-0.525662,-0.830832,-0.182752,-0.334565,-0.920817,-0.200408,-0.144873,-0.963671,-0.224390
	],

	"faces": [
		32 ,0,1,5 ,0,1,5,
		32 ,5,1,6 ,5,1,6,
		32 ,5,6,10 ,5,6,10,
		32 ,10,6,11 ,10,6,11,
		32 ,10,11,15 ,10,11,15,
		32 ,15,11,16 ,15,11,16,
		32 ,15,16,20 ,15,16,20,
		32 ,20,16,21 ,20,16,21,
		32 ,1,2,6 ,1,2,6,
		32 ,6,2,7 ,6,2,7,
		32 ,6,7,11 ,6,7,11,
		32 ,11,7,12 ,11,7,12,
		32 ,11,12,16 ,11,12,16,
		32 ,16,12,17 ,16,12,17,
		32 ,16,17,21 ,16,17,21,
		32 ,21,17,22 ,21,17,22,
		32 ,2,3,7 ,2,3,7,
		32 ,7,3,8 ,7,3,8,
		32 ,7,8,12 ,7,8,12,
		32 ,12,8,13 ,12,8,13,
		32 ,12,13,17 ,12,13,17,
		32 ,17,13,18 ,17,13,18,
		32 ,17,18,22 ,17,18,22,
		32 ,22,18,23 ,22,18,23,
		32 ,3,4,8 ,3,4,8,
		32 ,8,4,9 ,8,4,9,
		32 ,8,9,13 ,8,9,13,
		32 ,13,9,14 ,13,9,14,
		32 ,13,14,18 ,13,14,18,
		32 ,18,14,19 ,18,14,19,
		32 ,18,19,23 ,18,19,23,
		32 ,23,19,24 ,23,19,24
	]

}
