{
	"metadata" : {
		"formatVersion" : 3,
		"description" : "Exported from LibZinc."
	},

	"vertices" : [
		254.032898,158.317902,-1199.788940,250.612213,175.579071,-1199.478882,244.231003,191.144882,-1199.460815,235.582458,205.029831,-1199.615356,225.359802,217.248398,-1199.822998,255.665222,157.701797,-1187.264038,252.184082,175.407547,-1186.901001,245.638229,191.334061,-1186.882690,236.751053,205.523941,-1187.067749,226.245941,218.019775,-1187.314941,
		257.923340,157.093292,-1174.815186,254.229050,175.306274,-1174.387695,247.377151,191.612900,-1174.375610,238.115707,206.097336,-1174.599731,227.192734,218.843704,-1174.880981,260.626190,156.615616,-1162.405884,256.698395,175.384277,-1161.930176,249.469131,192.091461,-1161.923218,239.735764,206.861481,-1162.171753,228.295761,219.818634,-1162.462280,
		263.592712,156.391998,-1150.000000,259.543518,175.750595,-1149.519897,251.935471,192.879791,-1149.509644,241.670517,207.927841,-1149.744385,229.650604,221.042999,-1150.000000
	],

	"normals" : [
		0.990848,0.096101,-0.094784,0.951705,0.291754,-0.095594,0.884141,0.457657,-0.094041,0.804166,0.587164,-0.092495,0.723954,0.683488,-0.093463,0.983969,0.095014,-0.150919,0.947436,0.290708,-0.133617,0.881094,0.457945,-0.118156,0.801794,0.588331,-0.104849,0.722865,0.684407,-0.095148,
		0.975972,0.101862,-0.192620,0.939945,0.296064,-0.169850,0.873791,0.463463,-0.147279,0.794461,0.594160,-0.125715,0.716091,0.689719,-0.107240,0.969448,0.106963,-0.220750,0.930949,0.302482,-0.204546,0.863156,0.471252,-0.181336,0.782761,0.602738,-0.154898,0.704311,0.697971,-0.129550,
		0.966405,0.101807,-0.236001,0.922040,0.305297,-0.237984,0.849909,0.478713,-0.220199,0.766972,0.612296,-0.191957,0.687788,0.707736,-0.161424
	],

	"faces": [
		32 ,0,1,5 ,0,1,5,
		32 ,5,1,6 ,5,1,6,
		32 ,5,6,10 ,5,6,10,
		32 ,10,6,11 ,10,6,11,
		32 ,10,11,15 ,10,11,15,
		32 ,15,11,16 ,15,11,16,
		32 ,15,16,20 ,15,16,20,
		32 ,20,16,21 ,20,16,21,
		32 ,1,2,6 ,1,2,6,
		32 ,6,2,7 ,6,2,7,
		32 ,6,7,11 ,6,7,11,
		32 ,11,7,12 ,11,7,12,
		32 ,11,12,16 ,11,12,16,
		32 ,16,12,17 ,16,12,17,
		32 ,16,17,21 ,16,17,21,
		32 ,21,17,22 ,21,17,22,
		32 ,2,3,7 ,2,3,7,
		32 ,7,3,8 ,7,3,8,
		32 ,7,8,12 ,7,8,12,
		32 ,12,8,13 ,12,8,13,
		32 ,12,13,17 ,12,13,17,
		32 ,17,13,18 ,17,13,18,
		32 ,17,18,22 ,17,18,22,
		32 ,22,18,23 ,22,18,23,
		32 ,3,4,8 ,3,4,8,
		32 ,8,4,9 ,8,4,9,
		32 ,8,9,13 ,8,9,13,
		32 ,13,9,14 ,13,9,14,
		32 ,13,14,18 ,13,14,18,
		32 ,18,14,19 ,18,14,19,
		32 ,18,19,23 ,18,19,23,
		32 ,23,19,24 ,23,19,24
	]

}
