{
	"metadata" : {
		"formatVersion" : 3,
		"description" : "Exported from LibZinc."
	},

	"vertices" : [
		115.583298,229.938705,-1200.000000,103.881218,218.064575,-1200.134644,94.998146,203.512650,-1200.179565,89.549324,187.188629,-1200.124634,88.149986,169.998199,-1199.959961,113.006218,231.647186,-1187.510864,100.958984,219.500595,-1187.649170,91.997383,204.497528,-1187.684937,86.641563,187.640198,-1187.623169,85.411652,169.930771,-1187.468994,
		110.572365,233.481522,-1175.004028,98.312538,220.904495,-1175.125977,89.341850,205.367584,-1175.164551,84.090126,187.960861,-1175.119873,82.987206,169.774353,-1174.992065,108.327827,235.405014,-1162.495117,95.942863,222.316986,-1162.588867,87.012489,206.211502,-1162.630615,81.877808,188.256454,-1162.608154,80.879929,169.619766,-1162.509155,
		106.318703,237.380997,-1150.000000,93.850922,223.778793,-1150.061768,84.990257,207.117950,-1150.095337,79.987411,188.632843,-1150.081177,79.093086,169.557800,-1150.000000
	],

	"normals" : [
		-0.603101,0.764560,-0.227413,-0.761947,0.594437,-0.257064,-0.875613,0.408208,-0.258201,-0.949769,0.196541,-0.243537,-0.973056,-0.049551,-0.225181,-0.593753,0.771358,-0.229052,-0.768538,0.593820,-0.238174,-0.887604,0.399315,-0.229578,-0.959126,0.184412,-0.214637,-0.977526,-0.057530,-0.202812,
		-0.597162,0.769063,-0.227901,-0.779322,0.586174,-0.221489,-0.898815,0.387632,-0.204631,-0.966685,0.173794,-0.187923,-0.981871,-0.061764,-0.179205,-0.607553,0.762347,-0.222947,-0.791933,0.574630,-0.206500,-0.909041,0.374265,-0.183224,-0.972872,0.163804,-0.163367,-0.985944,-0.063987,-0.154340,
		-0.619705,0.755228,-0.213533,-0.804289,0.562065,-0.192878,-0.918119,0.360244,-0.165174,-0.978017,0.153713,-0.140906,-0.989554,-0.065726,-0.128310
	],

	"faces": [
		32 ,0,1,5 ,0,1,5,
		32 ,5,1,6 ,5,1,6,
		32 ,5,6,10 ,5,6,10,
		32 ,10,6,11 ,10,6,11,
		32 ,10,11,15 ,10,11,15,
		32 ,15,11,16 ,15,11,16,
		32 ,15,16,20 ,15,16,20,
		32 ,20,16,21 ,20,16,21,
		32 ,1,2,6 ,1,2,6,
		32 ,6,2,7 ,6,2,7,
		32 ,6,7,11 ,6,7,11,
		32 ,11,7,12 ,11,7,12,
		32 ,11,12,16 ,11,12,16,
		32 ,16,12,17 ,16,12,17,
		32 ,16,17,21 ,16,17,21,
		32 ,21,17,22 ,21,17,22,
		32 ,2,3,7 ,2,3,7,
		32 ,7,3,8 ,7,3,8,
		32 ,7,8,12 ,7,8,12,
		32 ,12,8,13 ,12,8,13,
		32 ,12,13,17 ,12,13,17,
		32 ,17,13,18 ,17,13,18,
		32 ,17,18,22 ,17,18,22,
		32 ,22,18,23 ,22,18,23,
		32 ,3,4,8 ,3,4,8,
		32 ,8,4,9 ,8,4,9,
		32 ,8,9,13 ,8,9,13,
		32 ,13,9,14 ,13,9,14,
		32 ,13,14,18 ,13,14,18,
		32 ,18,14,19 ,18,14,19,
		32 ,18,19,23 ,18,19,23,
		32 ,23,19,24 ,23,19,24
	]

}
