{
	"metadata" : {
		"formatVersion" : 3,
		"description" : "Exported from LibZinc."
	},

	"vertices" : [
		112.453003,104.820999,-1200.088013,122.559151,92.714127,-1200.368896,134.272644,83.433983,-1200.580811,147.578186,76.933235,-1200.651733,162.460495,73.164543,-1200.510010,111.151924,103.324043,-1187.604980,121.439117,90.928482,-1187.900146,133.286713,81.385788,-1188.110718,146.719299,74.602615,-1188.171509,161.761429,70.485634,-1188.016968,
		109.875000,101.981949,-1175.083740,120.305679,89.323227,-1175.356567,132.247940,79.508888,-1175.522217,145.790497,72.449738,-1175.532104,161.022049,68.056557,-1175.338013,108.584320,100.770111,-1162.542603,119.154526,87.892555,-1162.779175,131.183578,77.836296,-1162.893311,144.831589,70.544983,-1162.848633,160.258652,65.962242,-1162.609253,
		107.241997,99.663910,-1150.000000,117.981361,86.630661,-1150.208862,130.120911,76.401001,-1150.302246,143.882385,68.958725,-1150.236206,159.487503,64.287613,-1149.967041
	],

	"normals" : [
		-0.815575,-0.556797,-0.157529,-0.691696,-0.702305,-0.168297,-0.525662,-0.830832,-0.182752,-0.334565,-0.920817,-0.200408,-0.144873,-0.963671,-0.224390,-0.816901,-0.557751,-0.146921,-0.696689,-0.699877,-0.157470,-0.535132,-0.826837,-0.173128,-0.349827,-0.917468,-0.189403,-0.167488,-0.964120,-0.205962,
		-0.817264,-0.558984,-0.140060,-0.702390,-0.696268,-0.147849,-0.545419,-0.822430,-0.161637,-0.362746,-0.915405,-0.174496,-0.181785,-0.966060,-0.183529,-0.816011,-0.561585,-0.136924,-0.706966,-0.693371,-0.139412,-0.554348,-0.819005,-0.148084,-0.372334,-0.915034,-0.155176,-0.188978,-0.969464,-0.156290,
		-0.812453,-0.566592,-0.137455,-0.708665,-0.693078,-0.132050,-0.559781,-0.818043,-0.132104,-0.377502,-0.916745,-0.130652,-0.190224,-0.973991,-0.123113
	],

	"faces": [
		32 ,0,1,5 ,0,1,5,
		32 ,5,1,6 ,5,1,6,
		32 ,5,6,10 ,5,6,10,
		32 ,10,6,11 ,10,6,11,
		32 ,10,11,15 ,10,11,15,
		32 ,15,11,16 ,15,11,16,
		32 ,15,16,20 ,15,16,20,
		32 ,20,16,21 ,20,16,21,
		32 ,1,2,6 ,1,2,6,
		32 ,6,2,7 ,6,2,7,
		32 ,6,7,11 ,6,7,11,
		32 ,11,7,12 ,11,7,12,
		32 ,11,12,16 ,11,12,16,
		32 ,16,12,17 ,16,12,17,
		32 ,16,17,21 ,16,17,21,
		32 ,21,17,22 ,21,17,22,
		32 ,2,3,7 ,2,3,7,
		32 ,7,3,8 ,7,3,8,
		32 ,7,8,12 ,7,8,12,
		32 ,12,8,13 ,12,8,13,
		32 ,12,13,17 ,12,13,17,
		32 ,17,13,18 ,17,13,18,
		32 ,17,18,22 ,17,18,22,
		32 ,22,18,23 ,22,18,23,
		32 ,3,4,8 ,3,4,8,
		32 ,8,4,9 ,8,4,9,
		32 ,8,9,13 ,8,9,13,
		32 ,13,9,14 ,13,9,14,
		32 ,13,14,18 ,13,14,18,
		32 ,18,14,19 ,18,14,19,
		32 ,18,19,23 ,18,19,23,
		32 ,23,19,24 ,23,19,24
	]

}
