{
	"metadata" : {
		"formatVersion" : 3,
		"description" : "Exported from LibZinc."
	},

	"vertices" : [
		263.592712,156.391998,-1150.000000,259.543518,175.750595,-1149.519897,251.935471,192.879791,-1149.509644,241.670517,207.927841,-1149.744385,229.650604,221.042999,-1150.000000,266.515106,156.318466,-1137.525879,262.484314,176.249100,-1137.069458,254.645905,193.853638,-1137.058594,243.960693,209.253296,-1137.276611,231.389435,222.569244,-1137.506958,
		269.365234,156.249054,-1124.985352,265.373199,176.715286,-1124.541382,257.444977,194.834229,-1124.543823,246.506973,210.674667,-1124.776245,233.485580,224.305313,-1125.022217,272.381439,156.244034,-1112.452148,268.360168,177.245651,-1112.002686,260.316284,195.849838,-1112.023926,249.158676,212.123337,-1112.277954,235.796310,226.132919,-1112.526367,
		275.802094,156.363693,-1100.000000,271.595184,177.936707,-1099.520142,263.243347,196.928711,-1099.557617,251.765060,213.530731,-1099.816284,238.178894,227.933807,-1100.000000
	],

	"normals" : [
		0.966405,0.101807,-0.236001,0.922040,0.305297,-0.237984,0.849909,0.478713,-0.220199,0.766972,0.612296,-0.191957,0.687788,0.707736,-0.161424,0.971207,0.090859,-0.220229,0.925844,0.303364,-0.225352,0.846826,0.482188,-0.224456,0.756056,0.617700,-0.216393,0.670030,0.715234,-0.198745,
		0.971017,0.084511,-0.223569,0.927744,0.296383,-0.226822,0.848185,0.477166,-0.229990,0.753241,0.616457,-0.229367,0.658869,0.718986,-0.221247,0.965788,0.082640,-0.245812,0.925528,0.291319,-0.241932,0.848939,0.472645,-0.236450,0.754383,0.614375,-0.231193,0.656856,0.718150,-0.229783,
		0.954256,0.085172,-0.286603,0.916690,0.294229,-0.270386,0.844616,0.476760,-0.243566,0.755556,0.616462,-0.221608,0.665769,0.711454,-0.224911
	],

	"faces": [
		32 ,0,1,5 ,0,1,5,
		32 ,5,1,6 ,5,1,6,
		32 ,5,6,10 ,5,6,10,
		32 ,10,6,11 ,10,6,11,
		32 ,10,11,15 ,10,11,15,
		32 ,15,11,16 ,15,11,16,
		32 ,15,16,20 ,15,16,20,
		32 ,20,16,21 ,20,16,21,
		32 ,1,2,6 ,1,2,6,
		32 ,6,2,7 ,6,2,7,
		32 ,6,7,11 ,6,7,11,
		32 ,11,7,12 ,11,7,12,
		32 ,11,12,16 ,11,12,16,
		32 ,16,12,17 ,16,12,17,
		32 ,16,17,21 ,16,17,21,
		32 ,21,17,22 ,21,17,22,
		32 ,2,3,7 ,2,3,7,
		32 ,7,3,8 ,7,3,8,
		32 ,7,8,12 ,7,8,12,
		32 ,12,8,13 ,12,8,13,
		32 ,12,13,17 ,12,13,17,
		32 ,17,13,18 ,17,13,18,
		32 ,17,18,22 ,17,18,22,
		32 ,22,18,23 ,22,18,23,
		32 ,3,4,8 ,3,4,8,
		32 ,8,4,9 ,8,4,9,
		32 ,8,9,13 ,8,9,13,
		32 ,13,9,14 ,13,9,14,
		32 ,13,14,18 ,13,14,18,
		32 ,18,14,19 ,18,14,19,
		32 ,18,19,23 ,18,19,23,
		32 ,23,19,24 ,23,19,24
	]

}
