{
	"metadata" : {
		"formatVersion" : 3,
		"description" : "Exported from LibZinc."
	},

	"vertices" : [
		275.802094,156.363693,-1100.000000,271.595184,177.936707,-1099.520142,263.243347,196.928711,-1099.557617,251.765060,213.530731,-1099.816284,238.178894,227.933807,-1100.000000,278.311859,157.779968,-1087.836914,274.047119,179.240982,-1087.306396,265.672516,198.313065,-1087.229126,254.194168,215.120102,-1087.351685,240.618225,229.785919,-1087.421021,
		278.972870,160.961975,-1075.785645,274.951050,181.427628,-1075.252075,267.167572,200.259491,-1074.943726,256.277954,217.177994,-1074.810425,242.937653,231.903549,-1074.802124,278.589691,164.915817,-1063.341431,274.856354,184.318024,-1062.941284,267.888245,202.817734,-1062.491699,257.811493,219.730728,-1062.175903,244.752243,234.372818,-1062.176758,
		277.966797,168.647598,-1050.000000,274.312378,187.733582,-1049.958130,267.994232,206.037552,-1049.663452,258.589935,222.804611,-1049.431641,245.677002,237.279907,-1049.578003
	],

	"normals" : [
		0.954256,0.085172,-0.286603,0.916690,0.294229,-0.270386,0.844616,0.476760,-0.243566,0.755556,0.616462,-0.221608,0.665769,0.711454,-0.224911,0.986800,0.086571,-0.136863,0.938153,0.302781,-0.167908,0.854051,0.480386,-0.199565,0.758426,0.610635,-0.227848,0.669890,0.702696,-0.239722,
		0.995428,0.091203,-0.028388,0.952331,0.292509,-0.086631,0.872395,0.461705,-0.160483,0.772021,0.595590,-0.221936,0.666539,0.705821,-0.239881,0.994353,0.104809,0.016661,0.961617,0.271838,-0.037373,0.893403,0.431236,-0.125961,0.790138,0.578605,-0.202231,0.659423,0.716738,-0.226820,
		0.991879,0.127129,0.003761,0.967141,0.252916,-0.025927,0.909729,0.403083,-0.099580,0.805357,0.568115,-0.169250,0.651725,0.731157,-0.201656
	],

	"faces": [
		32 ,0,1,5 ,0,1,5,
		32 ,5,1,6 ,5,1,6,
		32 ,5,6,10 ,5,6,10,
		32 ,10,6,11 ,10,6,11,
		32 ,10,11,15 ,10,11,15,
		32 ,15,11,16 ,15,11,16,
		32 ,15,16,20 ,15,16,20,
		32 ,20,16,21 ,20,16,21,
		32 ,1,2,6 ,1,2,6,
		32 ,6,2,7 ,6,2,7,
		32 ,6,7,11 ,6,7,11,
		32 ,11,7,12 ,11,7,12,
		32 ,11,12,16 ,11,12,16,
		32 ,16,12,17 ,16,12,17,
		32 ,16,17,21 ,16,17,21,
		32 ,21,17,22 ,21,17,22,
		32 ,2,3,7 ,2,3,7,
		32 ,7,3,8 ,7,3,8,
		32 ,7,8,12 ,7,8,12,
		32 ,12,8,13 ,12,8,13,
		32 ,12,13,17 ,12,13,17,
		32 ,17,13,18 ,17,13,18,
		32 ,17,18,22 ,17,18,22,
		32 ,22,18,23 ,22,18,23,
		32 ,3,4,8 ,3,4,8,
		32 ,8,4,9 ,8,4,9,
		32 ,8,9,13 ,8,9,13,
		32 ,13,9,14 ,13,9,14,
		32 ,13,14,18 ,13,14,18,
		32 ,18,14,19 ,18,14,19,
		32 ,18,19,23 ,18,19,23,
		32 ,23,19,24 ,23,19,24
	]

}
