{
	"metadata" : {
		"formatVersion" : 3,
		"description" : "Exported from LibZinc."
	},

	"vertices" : [
		174.152100,262.420197,-1100.000000,154.972000,264.065765,-1100.055664,135.547394,261.743439,-1100.046143,117.025368,255.251266,-1100.013672,100.553001,244.387299,-1100.000000,174.670395,265.021454,-1087.527832,154.974792,266.422882,-1087.563721,135.131409,263.787201,-1087.544189,116.288834,256.948456,-1087.506958,99.595612,245.740585,-1087.489868,
		174.983978,267.577148,-1075.028198,154.866470,268.753174,-1075.061890,134.694870,265.778076,-1075.046753,115.611076,258.545135,-1075.013550,98.756973,246.947708,-1074.993408,174.937912,270.023865,-1062.516357,154.514114,270.985901,-1062.567017,134.127243,267.670258,-1062.559570,114.913536,260.023376,-1062.526489,98.009216,247.991730,-1062.500244,
		174.377197,272.298187,-1050.008057,153.784851,273.050446,-1050.096069,133.318054,269.418091,-1050.088745,114.117638,261.365173,-1050.039185,97.324493,248.855698,-1050.000000
	],

	"normals" : [
		0.184323,0.960355,-0.209151,-0.015208,0.982665,-0.184765,-0.219643,0.961388,-0.165799,-0.434247,0.888040,-0.151046,-0.650325,0.747006,-0.138057,0.169377,0.963823,-0.205805,-0.028990,0.982278,-0.185175,-0.231517,0.959093,-0.162912,-0.443558,0.885012,-0.141457,-0.656672,0.744031,-0.123286,
		0.158570,0.967631,-0.196330,-0.042569,0.982569,-0.180957,-0.245660,0.956276,-0.158704,-0.455694,0.880119,-0.133171,-0.664813,0.739057,-0.108716,0.150175,0.971977,-0.180854,-0.055633,0.983441,-0.172476,-0.261094,0.953018,-0.153582,-0.470640,0.873214,-0.126472,-0.676656,0.730216,-0.094453,
		0.142498,0.976872,-0.159421,-0.067915,0.984780,-0.159989,-0.277011,0.949400,-0.148002,-0.488508,0.864021,-0.121766,-0.693954,0.715482,-0.080708
	],

	"faces": [
		32 ,0,1,5 ,0,1,5,
		32 ,5,1,6 ,5,1,6,
		32 ,5,6,10 ,5,6,10,
		32 ,10,6,11 ,10,6,11,
		32 ,10,11,15 ,10,11,15,
		32 ,15,11,16 ,15,11,16,
		32 ,15,16,20 ,15,16,20,
		32 ,20,16,21 ,20,16,21,
		32 ,1,2,6 ,1,2,6,
		32 ,6,2,7 ,6,2,7,
		32 ,6,7,11 ,6,7,11,
		32 ,11,7,12 ,11,7,12,
		32 ,11,12,16 ,11,12,16,
		32 ,16,12,17 ,16,12,17,
		32 ,16,17,21 ,16,17,21,
		32 ,21,17,22 ,21,17,22,
		32 ,2,3,7 ,2,3,7,
		32 ,7,3,8 ,7,3,8,
		32 ,7,8,12 ,7,8,12,
		32 ,12,8,13 ,12,8,13,
		32 ,12,13,17 ,12,13,17,
		32 ,17,13,18 ,17,13,18,
		32 ,17,18,22 ,17,18,22,
		32 ,22,18,23 ,22,18,23,
		32 ,3,4,8 ,3,4,8,
		32 ,8,4,9 ,8,4,9,
		32 ,8,9,13 ,8,9,13,
		32 ,13,9,14 ,13,9,14,
		32 ,13,14,18 ,13,14,18,
		32 ,18,14,19 ,18,14,19,
		32 ,18,19,23 ,18,19,23,
		32 ,23,19,24 ,23,19,24
	]

}
