{
	"metadata" : {
		"formatVersion" : 3,
		"description" : "Exported from LibZinc."
	},

	"vertices" : [
		100.088799,96.327477,-1100.000000,111.599655,83.046539,-1100.256714,124.676590,72.934937,-1100.493042,139.524704,65.736839,-1100.565674,156.349106,61.196430,-1100.331055,97.674080,95.898026,-1087.484497,109.454536,82.573410,-1087.724976,122.911995,72.432892,-1087.951172,138.189453,65.203033,-1088.015503,155.429932,60.610405,-1087.770142,
		95.234222,95.527542,-1074.926270,107.303665,82.103050,-1075.152466,121.155556,71.847679,-1075.373779,136.883286,64.470123,-1075.432007,154.580215,59.679111,-1075.169312,92.976555,95.052895,-1062.354492,105.311302,81.472519,-1062.569580,119.537247,71.001167,-1062.793701,135.692795,63.347027,-1062.854858,153.816345,58.218258,-1062.580566,
		91.108398,94.310959,-1049.798950,103.641739,80.518867,-1050.006104,118.187065,69.715256,-1050.243896,134.704636,61.642639,-1050.323486,153.154694,56.043560,-1050.056030
	],

	"normals" : [
		-0.799688,-0.574926,-0.173085,-0.683416,-0.715608,-0.144386,-0.523865,-0.845012,-0.107334,-0.344784,-0.935793,-0.073592,-0.179887,-0.982371,-0.050869,-0.795681,-0.580355,-0.173435,-0.674808,-0.724097,-0.142539,-0.513898,-0.851064,-0.107700,-0.338397,-0.937529,-0.080785,-0.179060,-0.981390,-0.069364,
		-0.792490,-0.586091,-0.168695,-0.668085,-0.730444,-0.141825,-0.507897,-0.853636,-0.115523,-0.337835,-0.935822,-0.100521,-0.185160,-0.977373,-0.102264,-0.791100,-0.590573,-0.159326,-0.664519,-0.733503,-0.142785,-0.507166,-0.851835,-0.130998,-0.343590,-0.929729,-0.132478,-0.196969,-0.969017,-0.149031,
		-0.792460,-0.592354,-0.145339,-0.665257,-0.732327,-0.145361,-0.512661,-0.844746,-0.153568,-0.355859,-0.917881,-0.175669,-0.213375,-0.954412,-0.208731
	],

	"faces": [
		32 ,0,1,5 ,0,1,5,
		32 ,5,1,6 ,5,1,6,
		32 ,5,6,10 ,5,6,10,
		32 ,10,6,11 ,10,6,11,
		32 ,10,11,15 ,10,11,15,
		32 ,15,11,16 ,15,11,16,
		32 ,15,16,20 ,15,16,20,
		32 ,20,16,21 ,20,16,21,
		32 ,1,2,6 ,1,2,6,
		32 ,6,2,7 ,6,2,7,
		32 ,6,7,11 ,6,7,11,
		32 ,11,7,12 ,11,7,12,
		32 ,11,12,16 ,11,12,16,
		32 ,16,12,17 ,16,12,17,
		32 ,16,17,21 ,16,17,21,
		32 ,21,17,22 ,21,17,22,
		32 ,2,3,7 ,2,3,7,
		32 ,7,3,8 ,7,3,8,
		32 ,7,8,12 ,7,8,12,
		32 ,12,8,13 ,12,8,13,
		32 ,12,13,17 ,12,13,17,
		32 ,17,13,18 ,17,13,18,
		32 ,17,18,22 ,17,18,22,
		32 ,22,18,23 ,22,18,23,
		32 ,3,4,8 ,3,4,8,
		32 ,8,4,9 ,8,4,9,
		32 ,8,9,13 ,8,9,13,
		32 ,13,9,14 ,13,9,14,
		32 ,13,14,18 ,13,14,18,
		32 ,18,14,19 ,18,14,19,
		32 ,18,19,23 ,18,19,23,
		32 ,23,19,24 ,23,19,24
	]

}
