{
	"metadata" : {
		"formatVersion" : 3,
		"description" : "Exported from LibZinc."
	},

	"vertices" : [
		231.689407,70.470993,-1100.267944,250.160355,85.157837,-1100.996948,264.635925,106.900383,-1101.098145,273.666382,131.901413,-1100.717407,275.802094,156.363693,-1100.000000,233.138840,68.523155,-1087.683105,252.365448,83.194008,-1088.544800,267.220398,105.674767,-1088.800171,276.327820,131.893921,-1088.535522,278.311859,157.779968,-1087.836914,
		234.845444,66.340523,-1075.057129,254.798737,81.208344,-1075.955688,269.340668,104.874199,-1076.377197,277.666840,132.928589,-1076.320679,278.972870,160.961975,-1075.785645,236.156525,63.989799,-1062.390503,256.694641,79.315994,-1063.114990,270.766052,104.467941,-1063.514404,278.140991,134.612320,-1063.589600,278.589691,164.915817,-1063.341431,
		236.419403,61.537731,-1049.683960,257.287567,77.632133,-1049.907959,271.265900,104.425209,-1049.897583,278.207825,136.552017,-1049.859375,277.966797,168.647598,-1050.000000
	],

	"normals" : [
		0.430252,-0.887409,-0.165495,0.729622,-0.651379,-0.208224,0.868282,-0.432199,-0.243497,0.938200,-0.209216,-0.275700,0.954256,0.085172,-0.286603,0.391799,-0.897974,-0.200341,0.718390,-0.651265,-0.244478,0.879538,-0.428938,-0.205976,0.967838,-0.206425,-0.143800,0.986698,0.087459,-0.137033,
		0.355456,-0.910904,-0.209534,0.730609,-0.642529,-0.231013,0.906371,-0.395271,-0.149174,0.984538,-0.168870,-0.046553,0.995194,0.093504,-0.029095,0.334730,-0.921106,-0.198793,0.758604,-0.629645,-0.167536,0.932375,-0.353272,-0.076654,0.991987,-0.126291,0.003377,0.994174,0.106578,0.016099,
		0.338896,-0.925759,-0.167691,0.786934,-0.614827,-0.052180,0.945185,-0.326485,0.005653,0.994734,-0.101708,0.012605,0.991879,0.127129,0.003761
	],

	"faces": [
		32 ,0,1,5 ,0,1,5,
		32 ,5,1,6 ,5,1,6,
		32 ,5,6,10 ,5,6,10,
		32 ,10,6,11 ,10,6,11,
		32 ,10,11,15 ,10,11,15,
		32 ,15,11,16 ,15,11,16,
		32 ,15,16,20 ,15,16,20,
		32 ,20,16,21 ,20,16,21,
		32 ,1,2,6 ,1,2,6,
		32 ,6,2,7 ,6,2,7,
		32 ,6,7,11 ,6,7,11,
		32 ,11,7,12 ,11,7,12,
		32 ,11,12,16 ,11,12,16,
		32 ,16,12,17 ,16,12,17,
		32 ,16,17,21 ,16,17,21,
		32 ,21,17,22 ,21,17,22,
		32 ,2,3,7 ,2,3,7,
		32 ,7,3,8 ,7,3,8,
		32 ,7,8,12 ,7,8,12,
		32 ,12,8,13 ,12,8,13,
		32 ,12,13,17 ,12,13,17,
		32 ,17,13,18 ,17,13,18,
		32 ,17,18,22 ,17,18,22,
		32 ,22,18,23 ,22,18,23,
		32 ,3,4,8 ,3,4,8,
		32 ,8,4,9 ,8,4,9,
		32 ,8,9,13 ,8,9,13,
		32 ,13,9,14 ,13,9,14,
		32 ,13,14,18 ,13,14,18,
		32 ,18,14,19 ,18,14,19,
		32 ,18,19,23 ,18,19,23,
		32 ,23,19,24 ,23,19,24
	]

}
