{
	"metadata" : {
		"formatVersion" : 3,
		"description" : "Exported from LibZinc."
	},

	"vertices" : [
		348.045502,144.243698,-1349.290039,349.997620,132.509323,-1349.257690,354.815857,121.336655,-1349.201294,361.810547,110.941612,-1349.138672,370.291992,101.540100,-1349.087036,342.422089,146.971359,-1332.530151,344.427795,134.894562,-1332.569336,349.686401,123.530052,-1332.471558,357.413177,113.233742,-1332.308350,366.823395,104.361526,-1332.151001,
		338.410736,148.852692,-1320.717896,340.304840,136.369156,-1320.818848,345.783569,124.595627,-1320.759766,353.988617,114.135262,-1320.594238,364.061646,105.591240,-1320.375732,335.201294,150.440536,-1310.869141,336.863220,137.421661,-1311.034912,342.385284,125.014252,-1311.057739,350.883423,114.130684,-1310.937134,361.473450,105.683357,-1310.672852,
		331.983612,152.287796,-1300.000000,333.337311,138.540634,-1300.246704,338.769470,125.266792,-1300.357300,347.444153,113.704491,-1300.277832,358.525391,105.092003,-1299.953979
	],

	"normals" : [
		-0.950175,-0.023383,-0.310838,-0.923872,-0.282507,-0.258169,-0.858311,-0.478730,-0.184717,-0.780282,-0.617416,-0.099787,-0.700623,-0.713510,-0.005519,-0.947154,-0.005626,-0.320731,-0.915503,-0.293408,-0.275257,-0.834164,-0.510108,-0.209665,-0.735093,-0.665430,-0.129777,-0.626585,-0.778876,-0.027275,
		-0.946749,0.018861,-0.321419,-0.912822,-0.285559,-0.291910,-0.820592,-0.513676,-0.250532,-0.703402,-0.683963,-0.193443,-0.563301,-0.820714,-0.095502,-0.951314,0.046674,-0.304668,-0.920087,-0.265316,-0.288178,-0.821793,-0.499706,-0.273770,-0.687318,-0.683317,-0.246318,-0.509964,-0.843389,-0.169208,
		-0.956307,0.074126,-0.282810,-0.934509,-0.237014,-0.265552,-0.839250,-0.477655,-0.259817,-0.692722,-0.678682,-0.243981,-0.475041,-0.860719,-0.183024
	],

	"faces": [
		32 ,0,1,5 ,0,1,5,
		32 ,5,1,6 ,5,1,6,
		32 ,5,6,10 ,5,6,10,
		32 ,10,6,11 ,10,6,11,
		32 ,10,11,15 ,10,11,15,
		32 ,15,11,16 ,15,11,16,
		32 ,15,16,20 ,15,16,20,
		32 ,20,16,21 ,20,16,21,
		32 ,1,2,6 ,1,2,6,
		32 ,6,2,7 ,6,2,7,
		32 ,6,7,11 ,6,7,11,
		32 ,11,7,12 ,11,7,12,
		32 ,11,12,16 ,11,12,16,
		32 ,16,12,17 ,16,12,17,
		32 ,16,17,21 ,16,17,21,
		32 ,21,17,22 ,21,17,22,
		32 ,2,3,7 ,2,3,7,
		32 ,7,3,8 ,7,3,8,
		32 ,7,8,12 ,7,8,12,
		32 ,12,8,13 ,12,8,13,
		32 ,12,13,17 ,12,13,17,
		32 ,17,13,18 ,17,13,18,
		32 ,17,18,22 ,17,18,22,
		32 ,22,18,23 ,22,18,23,
		32 ,3,4,8 ,3,4,8,
		32 ,8,4,9 ,8,4,9,
		32 ,8,9,13 ,8,9,13,
		32 ,13,9,14 ,13,9,14,
		32 ,13,14,18 ,13,14,18,
		32 ,18,14,19 ,18,14,19,
		32 ,18,19,23 ,18,19,23,
		32 ,23,19,24 ,23,19,24
	]

}
