{
	"metadata" : {
		"formatVersion" : 3,
		"description" : "Exported from LibZinc."
	},

	"vertices" : [
		443.355988,215.012299,-1300.003052,433.412476,224.925919,-1300.467285,421.043304,230.869278,-1300.663574,407.631500,232.701370,-1300.553345,394.559998,230.281204,-1300.098022,441.312958,219.788971,-1287.674683,430.752167,229.338715,-1288.025146,417.983002,234.757248,-1288.109131,404.357422,236.110931,-1287.950439,391.227478,233.466110,-1287.572510,
		439.601654,223.603165,-1275.220947,428.413361,232.817322,-1275.462769,415.277740,237.873108,-1275.461426,401.429871,239.020462,-1275.300537,388.104919,236.509384,-1275.063843,438.493317,226.687683,-1262.657471,426.650177,235.635696,-1262.811523,413.123383,240.493225,-1262.767700,399.016785,241.623718,-1262.641357,385.434235,239.390671,-1262.547729,
		438.259094,229.275299,-1250.000000,425.716736,238.067795,-1250.102173,411.715881,242.893997,-1250.075317,397.286163,244.114441,-1250.010864,383.457214,242.089600,-1250.000000
	],

	"normals" : [
		0.817999,0.565594,-0.104790,0.565255,0.801080,-0.196868,0.277212,0.926760,-0.253515,-0.025165,0.956610,-0.290281,-0.342584,0.883140,-0.320469,0.789664,0.607460,-0.086150,0.527814,0.835424,-0.153232,0.238073,0.949335,-0.205145,-0.051689,0.966340,-0.252021,-0.341783,0.887085,-0.310266,
		0.756074,0.648429,-0.088833,0.494161,0.859675,-0.129478,0.213606,0.961564,-0.172532,-0.054491,0.973723,-0.221119,-0.310454,0.906005,-0.287703,0.719546,0.685491,-0.111151,0.465929,0.875663,-0.126986,0.201333,0.966565,-0.158796,-0.044532,0.978399,-0.201870,-0.272271,0.926965,-0.258078,
		0.682110,0.715304,-0.151878,0.444026,0.883924,-0.146696,0.198243,0.965915,-0.166455,-0.032402,0.979729,-0.197688,-0.251018,0.941304,-0.225690
	],

	"faces": [
		32 ,0,1,5 ,0,1,5,
		32 ,5,1,6 ,5,1,6,
		32 ,5,6,10 ,5,6,10,
		32 ,10,6,11 ,10,6,11,
		32 ,10,11,15 ,10,11,15,
		32 ,15,11,16 ,15,11,16,
		32 ,15,16,20 ,15,16,20,
		32 ,20,16,21 ,20,16,21,
		32 ,1,2,6 ,1,2,6,
		32 ,6,2,7 ,6,2,7,
		32 ,6,7,11 ,6,7,11,
		32 ,11,7,12 ,11,7,12,
		32 ,11,12,16 ,11,12,16,
		32 ,16,12,17 ,16,12,17,
		32 ,16,17,21 ,16,17,21,
		32 ,21,17,22 ,21,17,22,
		32 ,2,3,7 ,2,3,7,
		32 ,7,3,8 ,7,3,8,
		32 ,7,8,12 ,7,8,12,
		32 ,12,8,13 ,12,8,13,
		32 ,12,13,17 ,12,13,17,
		32 ,17,13,18 ,17,13,18,
		32 ,17,18,22 ,17,18,22,
		32 ,22,18,23 ,22,18,23,
		32 ,3,4,8 ,3,4,8,
		32 ,8,4,9 ,8,4,9,
		32 ,8,9,13 ,8,9,13,
		32 ,13,9,14 ,13,9,14,
		32 ,13,14,18 ,13,14,18,
		32 ,18,14,19 ,18,14,19,
		32 ,18,19,23 ,18,19,23,
		32 ,23,19,24 ,23,19,24
	]

}
