{
	"metadata" : {
		"formatVersion" : 3,
		"description" : "Exported from LibZinc."
	},

	"vertices" : [
		408.696686,88.787178,-1300.072021,421.085052,89.942581,-1300.167358,432.553436,93.624489,-1300.151001,442.933014,99.730103,-1300.077148,452.054993,108.156601,-1300.000000,407.817078,90.114220,-1287.510498,420.135895,91.783623,-1287.634644,431.359558,95.880951,-1287.644653,441.555328,102.257599,-1287.591919,450.790527,110.764923,-1287.527466,
		407.083893,90.669617,-1274.921509,419.455078,92.729431,-1275.064697,430.553009,97.163170,-1275.105103,440.655823,103.793877,-1275.088989,450.041534,112.444557,-1275.062744,406.573151,90.553688,-1262.319458,419.069000,92.899635,-1262.471924,430.145782,97.567886,-1262.535278,440.238312,104.398697,-1262.552612,449.781494,113.232338,-1262.566772,
		406.360992,89.866753,-1249.718994,419.004150,92.413857,-1249.870239,430.149750,97.191811,-1249.938110,440.306671,104.131821,-1249.966797,449.983887,113.165100,-1250.000000
	],

	"normals" : [
		-0.009189,-0.990497,0.137225,0.196239,-0.960827,0.195707,0.396114,-0.886057,0.240827,0.574779,-0.774795,0.263290,0.725412,-0.642253,0.247564,0.032544,-0.996624,0.075375,0.238863,-0.963484,0.121005,0.435369,-0.886119,0.158893,0.598963,-0.780077,0.180894,0.723768,-0.668053,0.172815,
		0.062300,-0.997872,0.019219,0.269879,-0.961454,0.052646,0.464711,-0.881782,0.080643,0.617132,-0.780652,0.098644,0.721609,-0.685557,0.096397,0.083936,-0.996003,-0.030553,0.288740,-0.957372,-0.008237,0.481568,-0.876375,0.007667,0.627638,-0.778283,0.018611,0.720414,-0.693226,0.021004,
		0.101926,-0.992061,-0.073659,0.296025,-0.953230,-0.060999,0.484635,-0.872723,-0.059024,0.629911,-0.774534,-0.057526,0.722041,-0.689989,-0.050702
	],

	"faces": [
		32 ,0,1,5 ,0,1,5,
		32 ,5,1,6 ,5,1,6,
		32 ,5,6,10 ,5,6,10,
		32 ,10,6,11 ,10,6,11,
		32 ,10,11,15 ,10,11,15,
		32 ,15,11,16 ,15,11,16,
		32 ,15,16,20 ,15,16,20,
		32 ,20,16,21 ,20,16,21,
		32 ,1,2,6 ,1,2,6,
		32 ,6,2,7 ,6,2,7,
		32 ,6,7,11 ,6,7,11,
		32 ,11,7,12 ,11,7,12,
		32 ,11,12,16 ,11,12,16,
		32 ,16,12,17 ,16,12,17,
		32 ,16,17,21 ,16,17,21,
		32 ,21,17,22 ,21,17,22,
		32 ,2,3,7 ,2,3,7,
		32 ,7,3,8 ,7,3,8,
		32 ,7,8,12 ,7,8,12,
		32 ,12,8,13 ,12,8,13,
		32 ,12,13,17 ,12,13,17,
		32 ,17,13,18 ,17,13,18,
		32 ,17,18,22 ,17,18,22,
		32 ,22,18,23 ,22,18,23,
		32 ,3,4,8 ,3,4,8,
		32 ,8,4,9 ,8,4,9,
		32 ,8,9,13 ,8,9,13,
		32 ,13,9,14 ,13,9,14,
		32 ,13,14,18 ,13,14,18,
		32 ,18,14,19 ,18,14,19,
		32 ,18,19,23 ,18,19,23,
		32 ,23,19,24 ,23,19,24
	]

}
