{
	"metadata" : {
		"formatVersion" : 3,
		"description" : "Exported from LibZinc."
	},

	"vertices" : [
		452.054993,108.156601,-1300.000000,459.078735,118.699608,-1299.998169,463.287231,130.870773,-1300.059448,464.697021,144.141327,-1300.101685,463.324707,157.982498,-1300.042969,450.790527,110.764923,-1287.527466,458.283417,121.346703,-1287.528931,463.056366,133.687988,-1287.582764,464.882935,147.252075,-1287.603638,463.536530,161.502228,-1287.506104,
		450.041534,112.444557,-1275.062744,457.987335,123.200531,-1275.076904,463.304413,135.865601,-1275.107178,465.571899,149.840546,-1275.087769,464.368958,164.526184,-1274.952759,449.781494,113.232338,-1262.566772,458.098114,124.279556,-1262.592163,463.870117,137.397919,-1262.593506,466.571014,151.897903,-1262.538696,465.674377,167.090042,-1262.395874,
		449.983887,113.165100,-1250.000000,458.523376,124.602264,-1250.024536,464.592255,138.279266,-1250.002563,467.687286,153.415268,-1249.941406,467.305206,169.229507,-1249.848022
	],

	"normals" : [
		0.725412,-0.642253,0.247564,0.883172,-0.432467,0.181603,0.972589,-0.212608,0.094173,0.999942,-0.001166,0.010718,0.979840,0.194169,-0.047040,0.723768,-0.668053,0.172815,0.875664,-0.467350,0.121639,0.967764,-0.247467,0.046829,0.999259,-0.019778,-0.033018,0.974169,0.204546,-0.095689,
		0.721609,-0.685557,0.096397,0.868074,-0.492395,0.063210,0.960963,-0.276569,0.007726,0.997215,-0.041346,-0.062065,0.970521,0.203187,-0.129628,0.720414,-0.693226,0.021004,0.863237,-0.504726,0.008591,0.954775,-0.296476,-0.022508,0.994891,-0.065345,-0.076956,0.971408,0.184111,-0.149900,
		0.722041,-0.689989,-0.050702,0.863478,-0.502823,-0.039694,0.951319,-0.305219,-0.042807,0.992745,-0.091236,-0.078319,0.977230,0.141771,-0.157867
	],

	"faces": [
		32 ,0,1,5 ,0,1,5,
		32 ,5,1,6 ,5,1,6,
		32 ,5,6,10 ,5,6,10,
		32 ,10,6,11 ,10,6,11,
		32 ,10,11,15 ,10,11,15,
		32 ,15,11,16 ,15,11,16,
		32 ,15,16,20 ,15,16,20,
		32 ,20,16,21 ,20,16,21,
		32 ,1,2,6 ,1,2,6,
		32 ,6,2,7 ,6,2,7,
		32 ,6,7,11 ,6,7,11,
		32 ,11,7,12 ,11,7,12,
		32 ,11,12,16 ,11,12,16,
		32 ,16,12,17 ,16,12,17,
		32 ,16,17,21 ,16,17,21,
		32 ,21,17,22 ,21,17,22,
		32 ,2,3,7 ,2,3,7,
		32 ,7,3,8 ,7,3,8,
		32 ,7,8,12 ,7,8,12,
		32 ,12,8,13 ,12,8,13,
		32 ,12,13,17 ,12,13,17,
		32 ,17,13,18 ,17,13,18,
		32 ,17,18,22 ,17,18,22,
		32 ,22,18,23 ,22,18,23,
		32 ,3,4,8 ,3,4,8,
		32 ,8,4,9 ,8,4,9,
		32 ,8,9,13 ,8,9,13,
		32 ,13,9,14 ,13,9,14,
		32 ,13,14,18 ,13,14,18,
		32 ,18,14,19 ,18,14,19,
		32 ,18,19,23 ,18,19,23,
		32 ,23,19,24 ,23,19,24
	]

}
