{
	"metadata" : {
		"formatVersion" : 3,
		"description" : "Exported from LibZinc."
	},

	"vertices" : [
		381.500092,250.271393,-1200.000000,368.013184,245.789841,-1200.125000,356.600525,239.081055,-1200.208618,346.640350,230.350143,-1200.187866,337.510803,219.802200,-1200.000000,381.718079,252.425354,-1187.500366,367.825928,247.650223,-1187.622070,356.039429,240.655869,-1187.716675,345.731567,231.649765,-1187.696655,336.275330,220.839401,-1187.474365,
		382.058716,254.641541,-1175.015137,367.785248,249.475204,-1175.121216,355.625122,242.137024,-1175.239624,344.937561,232.820099,-1175.243286,335.081696,221.717590,-1175.005371,382.449402,256.846313,-1162.522217,367.788239,251.291611,-1162.606934,355.225098,243.622910,-1162.745972,344.103760,234.008148,-1162.776001,333.767975,222.615250,-1162.533569,
		382.817505,258.966003,-1150.000000,367.731964,253.126236,-1150.063599,354.706818,245.211960,-1150.204224,343.075745,235.360916,-1150.242676,332.172302,223.710800,-1150.000000
	],

	"normals" : [
		-0.214491,0.963646,-0.159309,-0.409333,0.900706,-0.145518,-0.585070,0.799252,-0.137441,-0.709694,0.691330,-0.135641,-0.781350,0.608563,-0.138358,-0.226712,0.960117,-0.163638,-0.416548,0.898969,-0.135433,-0.587287,0.800599,-0.118887,-0.708927,0.695917,-0.114551,-0.779450,0.614899,-0.119820,
		-0.246258,0.955459,-0.162647,-0.427521,0.894611,-0.129992,-0.589880,0.799657,-0.112207,-0.706008,0.699676,-0.109572,-0.773823,0.622118,-0.119025,-0.265235,0.951294,-0.157131,-0.436457,0.890318,-0.129764,-0.589425,0.799196,-0.117743,-0.699465,0.704360,-0.120936,-0.764250,0.630390,-0.136128,
		-0.276745,0.949474,-0.148024,-0.438397,0.888550,-0.135229,-0.582766,0.801277,-0.135421,-0.687495,0.710921,-0.148132,-0.749822,0.639320,-0.170401
	],

	"faces": [
		32 ,0,1,5 ,0,1,5,
		32 ,5,1,6 ,5,1,6,
		32 ,5,6,10 ,5,6,10,
		32 ,10,6,11 ,10,6,11,
		32 ,10,11,15 ,10,11,15,
		32 ,15,11,16 ,15,11,16,
		32 ,15,16,20 ,15,16,20,
		32 ,20,16,21 ,20,16,21,
		32 ,1,2,6 ,1,2,6,
		32 ,6,2,7 ,6,2,7,
		32 ,6,7,11 ,6,7,11,
		32 ,11,7,12 ,11,7,12,
		32 ,11,12,16 ,11,12,16,
		32 ,16,12,17 ,16,12,17,
		32 ,16,17,21 ,16,17,21,
		32 ,21,17,22 ,21,17,22,
		32 ,2,3,7 ,2,3,7,
		32 ,7,3,8 ,7,3,8,
		32 ,7,8,12 ,7,8,12,
		32 ,12,8,13 ,12,8,13,
		32 ,12,13,17 ,12,13,17,
		32 ,17,13,18 ,17,13,18,
		32 ,17,18,22 ,17,18,22,
		32 ,22,18,23 ,22,18,23,
		32 ,3,4,8 ,3,4,8,
		32 ,8,4,9 ,8,4,9,
		32 ,8,9,13 ,8,9,13,
		32 ,13,9,14 ,13,9,14,
		32 ,13,14,18 ,13,14,18,
		32 ,18,14,19 ,18,14,19,
		32 ,18,19,23 ,18,19,23,
		32 ,23,19,24 ,23,19,24
	]

}
