{
	"metadata" : {
		"formatVersion" : 3,
		"description" : "Exported from LibZinc."
	},

	"vertices" : [
		337.510803,219.802200,-1200.000000,329.139252,207.994019,-1199.720825,322.238831,195.067429,-1199.548096,317.366333,180.605103,-1199.601196,315.078613,164.189697,-1200.000000,336.275330,220.839401,-1187.474365,327.647491,208.765839,-1187.119751,320.595032,195.541138,-1186.874023,315.645966,180.729279,-1186.906250,313.328308,163.894272,-1187.385864,
		335.081696,221.717590,-1175.005371,326.083557,209.347336,-1174.567627,318.731781,195.788803,-1174.225830,313.529419,180.577576,-1174.233398,310.979523,163.249252,-1174.843872,333.767975,222.615250,-1162.533569,324.285919,209.931870,-1162.033447,316.497681,196.002548,-1161.620117,310.904877,180.330444,-1161.625000,308.009216,162.418732,-1162.379883,
		332.172302,223.710800,-1150.000000,322.093079,210.712784,-1149.486206,313.741241,196.374512,-1149.072876,307.660461,180.168381,-1149.123169,304.394287,161.566803,-1150.000000
	],

	"normals" : [
		-0.781350,0.608563,-0.138358,-0.839706,0.524948,-0.139008,-0.907755,0.397583,-0.133823,-0.964675,0.232203,-0.124434,-0.992211,0.049812,-0.114175,-0.779450,0.614899,-0.119820,-0.840550,0.526553,-0.127347,-0.908635,0.395418,-0.134267,-0.962693,0.229524,-0.143321,-0.986024,0.051950,-0.158299,
		-0.773823,0.622118,-0.119025,-0.836415,0.531545,-0.133681,-0.904086,0.399733,-0.151135,-0.955982,0.236651,-0.173476,-0.976832,0.066561,-0.203394,-0.764250,0.630390,-0.136128,-0.827193,0.539286,-0.157870,-0.894112,0.408284,-0.184033,-0.944486,0.248801,-0.214580,-0.964625,0.085449,-0.249394,
		-0.749822,0.639320,-0.170401,-0.811939,0.548713,-0.199169,-0.877847,0.418729,-0.232488,-0.927646,0.261428,-0.266699,-0.949532,0.100732,-0.297057
	],

	"faces": [
		32 ,0,1,5 ,0,1,5,
		32 ,5,1,6 ,5,1,6,
		32 ,5,6,10 ,5,6,10,
		32 ,10,6,11 ,10,6,11,
		32 ,10,11,15 ,10,11,15,
		32 ,15,11,16 ,15,11,16,
		32 ,15,16,20 ,15,16,20,
		32 ,20,16,21 ,20,16,21,
		32 ,1,2,6 ,1,2,6,
		32 ,6,2,7 ,6,2,7,
		32 ,6,7,11 ,6,7,11,
		32 ,11,7,12 ,11,7,12,
		32 ,11,12,16 ,11,12,16,
		32 ,16,12,17 ,16,12,17,
		32 ,16,17,21 ,16,17,21,
		32 ,21,17,22 ,21,17,22,
		32 ,2,3,7 ,2,3,7,
		32 ,7,3,8 ,7,3,8,
		32 ,7,8,12 ,7,8,12,
		32 ,12,8,13 ,12,8,13,
		32 ,12,13,17 ,12,13,17,
		32 ,17,13,18 ,17,13,18,
		32 ,17,18,22 ,17,18,22,
		32 ,22,18,23 ,22,18,23,
		32 ,3,4,8 ,3,4,8,
		32 ,8,4,9 ,8,4,9,
		32 ,8,9,13 ,8,9,13,
		32 ,13,9,14 ,13,9,14,
		32 ,13,14,18 ,13,14,18,
		32 ,18,14,19 ,18,14,19,
		32 ,18,19,23 ,18,19,23,
		32 ,23,19,24 ,23,19,24
	]

}
