{
	"metadata" : {
		"formatVersion" : 3,
		"description" : "Exported from LibZinc."
	},

	"vertices" : [
		315.078613,164.189697,-1200.000000,316.949219,145.355042,-1200.490845,323.600769,125.716667,-1200.703613,334.163452,107.979881,-1200.583130,347.767487,94.849983,-1200.073975,313.328308,163.894272,-1187.385864,315.231018,144.471527,-1188.010986,322.024689,124.120720,-1188.308960,332.859833,105.742188,-1188.192749,346.886963,92.236305,-1187.575806,
		310.979523,163.249252,-1174.843872,312.804321,143.153549,-1175.657349,319.792542,122.033783,-1176.038574,331.047028,103.016060,-1175.886841,345.670593,89.226463,-1175.102051,308.009216,162.418732,-1162.379883,309.742493,141.574890,-1163.376465,317.027466,119.664658,-1163.819946,328.852264,100.028603,-1163.610962,344.204956,86.007301,-1162.650269,
		304.394287,161.566803,-1150.000000,306.118805,139.909393,-1151.115112,313.852509,117.222153,-1151.580566,326.402679,97.006950,-1151.310303,342.576691,82.765663,-1150.218018
	],

	"normals" : [
		-0.992211,0.049812,-0.114175,-0.969957,-0.214989,-0.113854,-0.901902,-0.412068,-0.129511,-0.781202,-0.604407,-0.156255,-0.540359,-0.821076,-0.183972,-0.986024,0.051950,-0.158299,-0.961409,-0.207687,-0.180438,-0.893341,-0.402034,-0.200776,-0.772243,-0.595829,-0.220522,-0.525670,-0.818680,-0.231159,
		-0.976832,0.066561,-0.203394,-0.951126,-0.198211,-0.236796,-0.882320,-0.395652,-0.254894,-0.759278,-0.594258,-0.265244,-0.502720,-0.823609,-0.262565,-0.964625,0.085449,-0.249394,-0.939952,-0.190962,-0.282884,-0.870911,-0.395185,-0.292136,-0.745630,-0.599537,-0.290844,-0.478563,-0.832761,-0.278365,
		-0.949532,0.100732,-0.297057,-0.928501,-0.189784,-0.319169,-0.860392,-0.402181,-0.313010,-0.733656,-0.610892,-0.297592,-0.459391,-0.843362,-0.278747
	],

	"faces": [
		32 ,0,1,5 ,0,1,5,
		32 ,5,1,6 ,5,1,6,
		32 ,5,6,10 ,5,6,10,
		32 ,10,6,11 ,10,6,11,
		32 ,10,11,15 ,10,11,15,
		32 ,15,11,16 ,15,11,16,
		32 ,15,16,20 ,15,16,20,
		32 ,20,16,21 ,20,16,21,
		32 ,1,2,6 ,1,2,6,
		32 ,6,2,7 ,6,2,7,
		32 ,6,7,11 ,6,7,11,
		32 ,11,7,12 ,11,7,12,
		32 ,11,12,16 ,11,12,16,
		32 ,16,12,17 ,16,12,17,
		32 ,16,17,21 ,16,17,21,
		32 ,21,17,22 ,21,17,22,
		32 ,2,3,7 ,2,3,7,
		32 ,7,3,8 ,7,3,8,
		32 ,7,8,12 ,7,8,12,
		32 ,12,8,13 ,12,8,13,
		32 ,12,13,17 ,12,13,17,
		32 ,17,13,18 ,17,13,18,
		32 ,17,18,22 ,17,18,22,
		32 ,22,18,23 ,22,18,23,
		32 ,3,4,8 ,3,4,8,
		32 ,8,4,9 ,8,4,9,
		32 ,8,9,13 ,8,9,13,
		32 ,13,9,14 ,13,9,14,
		32 ,13,14,18 ,13,14,18,
		32 ,18,14,19 ,18,14,19,
		32 ,18,19,23 ,18,19,23,
		32 ,23,19,24 ,23,19,24
	]

}
