{
	"metadata" : {
		"formatVersion" : 3,
		"description" : "Exported from LibZinc."
	},

	"vertices" : [
		347.767487,94.849983,-1200.073975,362.863098,86.900513,-1199.586914,378.244354,82.498047,-1199.485352,393.557556,81.037453,-1199.643677,408.448914,81.913559,-1199.936035,346.886963,92.236305,-1187.575806,362.481506,84.149216,-1186.984375,378.336365,79.687050,-1186.886841,394.078430,78.240128,-1187.109375,409.334656,79.198769,-1187.478516,
		345.670593,89.226463,-1175.102051,361.896332,81.139977,-1174.356445,378.303558,76.744942,-1174.233276,394.514374,75.437508,-1174.498291,410.150848,76.613815,-1174.916870,344.204956,86.007301,-1162.650269,361.143524,78.001953,-1161.746704,378.150024,73.779602,-1161.582520,394.848755,72.729576,-1161.868408,410.864014,74.241234,-1162.315308,
		342.576691,82.765663,-1150.218018,360.259033,74.864304,-1149.198730,377.879852,70.898911,-1148.992065,395.065063,70.216362,-1149.278320,411.440613,72.163559,-1149.738037
	],

	"normals" : [
		-0.540359,-0.821076,-0.183972,-0.359008,-0.912767,-0.194859,-0.177489,-0.962418,-0.205547,-0.015824,-0.976399,-0.215394,0.117560,-0.967552,-0.223658,-0.525670,-0.818680,-0.231159,-0.351163,-0.909447,-0.222688,-0.173942,-0.959979,-0.219511,-0.013487,-0.975869,-0.217938,0.121916,-0.969083,-0.214509,
		-0.502720,-0.823609,-0.262565,-0.335545,-0.910630,-0.241169,-0.162855,-0.960280,-0.226584,-0.002961,-0.976768,-0.214280,0.135802,-0.970264,-0.200362,-0.478563,-0.832761,-0.278365,-0.315844,-0.915168,-0.250419,-0.145748,-0.963000,-0.226690,0.014673,-0.978839,-0.204104,0.156674,-0.970994,-0.180621,
		-0.459391,-0.843362,-0.278747,-0.295262,-0.922029,-0.250364,-0.123905,-0.967718,-0.219475,0.038470,-0.981643,-0.186810,0.182268,-0.971032,-0.154514
	],

	"faces": [
		32 ,0,1,5 ,0,1,5,
		32 ,5,1,6 ,5,1,6,
		32 ,5,6,10 ,5,6,10,
		32 ,10,6,11 ,10,6,11,
		32 ,10,11,15 ,10,11,15,
		32 ,15,11,16 ,15,11,16,
		32 ,15,16,20 ,15,16,20,
		32 ,20,16,21 ,20,16,21,
		32 ,1,2,6 ,1,2,6,
		32 ,6,2,7 ,6,2,7,
		32 ,6,7,11 ,6,7,11,
		32 ,11,7,12 ,11,7,12,
		32 ,11,12,16 ,11,12,16,
		32 ,16,12,17 ,16,12,17,
		32 ,16,17,21 ,16,17,21,
		32 ,21,17,22 ,21,17,22,
		32 ,2,3,7 ,2,3,7,
		32 ,7,3,8 ,7,3,8,
		32 ,7,8,12 ,7,8,12,
		32 ,12,8,13 ,12,8,13,
		32 ,12,13,17 ,12,13,17,
		32 ,17,13,18 ,17,13,18,
		32 ,17,18,22 ,17,18,22,
		32 ,22,18,23 ,22,18,23,
		32 ,3,4,8 ,3,4,8,
		32 ,8,4,9 ,8,4,9,
		32 ,8,9,13 ,8,9,13,
		32 ,13,9,14 ,13,9,14,
		32 ,13,14,18 ,13,14,18,
		32 ,18,14,19 ,18,14,19,
		32 ,18,19,23 ,18,19,23,
		32 ,23,19,24 ,23,19,24
	]

}
