{
	"metadata" : {
		"formatVersion" : 3,
		"description" : "Exported from LibZinc."
	},

	"vertices" : [
		408.448914,81.913559,-1199.936035,421.972870,84.679558,-1200.124146,433.767853,89.576263,-1200.125732,444.356140,97.030006,-1200.048462,454.259888,107.467102,-1200.000000,409.334656,79.198769,-1187.478516,423.128265,82.099831,-1187.708618,435.080566,87.191788,-1187.712646,445.715454,94.932327,-1187.613892,455.556732,105.779152,-1187.536011,
		410.150848,76.613815,-1174.916870,424.210663,79.748711,-1175.177246,436.308655,85.061089,-1175.204224,446.992676,93.063194,-1175.118286,456.810638,104.267273,-1175.040039,410.864014,74.241234,-1162.315308,425.178864,77.685234,-1162.594971,437.418274,83.228569,-1162.647705,448.169434,91.455048,-1162.586426,458.019470,102.948486,-1162.524048,
		411.440613,72.163559,-1149.738037,425.991608,75.968468,-1150.026733,438.375641,81.738617,-1150.089966,449.227325,90.140305,-1150.042725,459.181213,101.839798,-1150.000000
	],

	"normals" : [
		0.117560,-0.967552,-0.223658,0.277663,-0.933037,-0.228792,0.470366,-0.853636,-0.223745,0.645057,-0.736581,-0.203349,0.767138,-0.618751,-0.169252,0.121916,-0.969083,-0.214509,0.285080,-0.934972,-0.211085,0.482980,-0.851510,-0.204110,0.661616,-0.726415,-0.185972,0.784029,-0.600480,-0.157236,
		0.135802,-0.970264,-0.200362,0.296456,-0.936060,-0.189485,0.495027,-0.849784,-0.181147,0.675026,-0.718768,-0.166473,0.796544,-0.586939,-0.144987,0.156674,-0.970994,-0.180621,0.310536,-0.936395,-0.163496,0.505760,-0.848720,-0.154537,0.684673,-0.714341,-0.144710,0.804399,-0.579142,-0.132430,
		0.182268,-0.971032,-0.154514,0.326044,-0.936024,-0.132493,0.514280,-0.848627,-0.123889,0.689839,-0.713871,-0.120456,0.807268,-0.577987,-0.119374
	],

	"faces": [
		32 ,0,1,5 ,0,1,5,
		32 ,5,1,6 ,5,1,6,
		32 ,5,6,10 ,5,6,10,
		32 ,10,6,11 ,10,6,11,
		32 ,10,11,15 ,10,11,15,
		32 ,15,11,16 ,15,11,16,
		32 ,15,16,20 ,15,16,20,
		32 ,20,16,21 ,20,16,21,
		32 ,1,2,6 ,1,2,6,
		32 ,6,2,7 ,6,2,7,
		32 ,6,7,11 ,6,7,11,
		32 ,11,7,12 ,11,7,12,
		32 ,11,12,16 ,11,12,16,
		32 ,16,12,17 ,16,12,17,
		32 ,16,17,21 ,16,17,21,
		32 ,21,17,22 ,21,17,22,
		32 ,2,3,7 ,2,3,7,
		32 ,7,3,8 ,7,3,8,
		32 ,7,8,12 ,7,8,12,
		32 ,12,8,13 ,12,8,13,
		32 ,12,13,17 ,12,13,17,
		32 ,17,13,18 ,17,13,18,
		32 ,17,18,22 ,17,18,22,
		32 ,22,18,23 ,22,18,23,
		32 ,3,4,8 ,3,4,8,
		32 ,8,4,9 ,8,4,9,
		32 ,8,9,13 ,8,9,13,
		32 ,13,9,14 ,13,9,14,
		32 ,13,14,18 ,13,14,18,
		32 ,18,14,19 ,18,14,19,
		32 ,18,19,23 ,18,19,23,
		32 ,23,19,24 ,23,19,24
	]

}
