{
	"metadata" : {
		"formatVersion" : 3,
		"description" : "Exported from LibZinc."
	},

	"vertices" : [
		342.576691,82.765663,-1150.218018,360.259033,74.864304,-1149.198730,377.879852,70.898911,-1148.992065,395.065063,70.216362,-1149.278320,411.440613,72.163559,-1149.738037,340.905243,79.794090,-1137.697266,359.310730,72.010773,-1136.645264,377.521606,68.354858,-1136.435181,395.173248,68.086517,-1136.734619,411.900970,70.465897,-1137.211426,
		339.219421,77.189384,-1125.051514,358.334473,69.567322,-1124.029663,377.120331,66.251434,-1123.862549,395.230804,66.388947,-1124.203857,412.319794,69.127090,-1124.706787,337.470032,74.844711,-1112.385742,357.318176,67.426460,-1111.411255,376.704651,64.474503,-1111.297607,395.292572,65.014046,-1111.683105,412.745056,68.070290,-1112.205933,
		335.607910,72.653252,-1099.805054,356.249817,65.480690,-1098.849365,376.303345,62.909927,-1098.763672,395.413361,63.852177,-1099.169800,413.224701,67.218628,-1099.689941
	],

	"normals" : [
		-0.459391,-0.843362,-0.278747,-0.295262,-0.922029,-0.250364,-0.123905,-0.967718,-0.219475,0.038470,-0.981643,-0.186810,0.182268,-0.971032,-0.154514,-0.449742,-0.857965,-0.248249,-0.278294,-0.935740,-0.216665,-0.100971,-0.978021,-0.182429,0.063583,-0.986707,-0.149554,0.204416,-0.971014,-0.123877,
		-0.437923,-0.869706,-0.227672,-0.259876,-0.946574,-0.190951,-0.078228,-0.985110,-0.153100,0.085234,-0.989082,-0.120212,0.218549,-0.970763,-0.099270,-0.423030,-0.879803,-0.216776,-0.239618,-0.955268,-0.173339,-0.055604,-0.989682,-0.132050,0.104482,-0.989535,-0.099517,0.228493,-0.970157,-0.081156,
		-0.404305,-0.888886,-0.215450,-0.217468,-0.962198,-0.163958,-0.033328,-0.992249,-0.119711,0.122189,-0.988604,-0.087930,0.237779,-0.968806,-0.069824
	],

	"faces": [
		32 ,0,1,5 ,0,1,5,
		32 ,5,1,6 ,5,1,6,
		32 ,5,6,10 ,5,6,10,
		32 ,10,6,11 ,10,6,11,
		32 ,10,11,15 ,10,11,15,
		32 ,15,11,16 ,15,11,16,
		32 ,15,16,20 ,15,16,20,
		32 ,20,16,21 ,20,16,21,
		32 ,1,2,6 ,1,2,6,
		32 ,6,2,7 ,6,2,7,
		32 ,6,7,11 ,6,7,11,
		32 ,11,7,12 ,11,7,12,
		32 ,11,12,16 ,11,12,16,
		32 ,16,12,17 ,16,12,17,
		32 ,16,17,21 ,16,17,21,
		32 ,21,17,22 ,21,17,22,
		32 ,2,3,7 ,2,3,7,
		32 ,7,3,8 ,7,3,8,
		32 ,7,8,12 ,7,8,12,
		32 ,12,8,13 ,12,8,13,
		32 ,12,13,17 ,12,13,17,
		32 ,17,13,18 ,17,13,18,
		32 ,17,18,22 ,17,18,22,
		32 ,22,18,23 ,22,18,23,
		32 ,3,4,8 ,3,4,8,
		32 ,8,4,9 ,8,4,9,
		32 ,8,9,13 ,8,9,13,
		32 ,13,9,14 ,13,9,14,
		32 ,13,14,18 ,13,14,18,
		32 ,18,14,19 ,18,14,19,
		32 ,18,19,23 ,18,19,23,
		32 ,23,19,24 ,23,19,24
	]

}
