{
	"metadata" : {
		"formatVersion" : 3,
		"description" : "Exported from LibZinc."
	},

	"vertices" : [
		411.440613,72.163559,-1149.738037,425.991608,75.968468,-1150.026733,438.375641,81.738617,-1150.089966,449.227325,90.140305,-1150.042725,459.181213,101.839798,-1150.000000,411.900970,70.465897,-1137.211426,426.676727,74.602104,-1137.503784,439.190399,80.577866,-1137.558838,450.154205,89.113777,-1137.507446,460.280457,100.930458,-1137.480347,
		412.319794,69.127090,-1124.706787,427.323883,73.512665,-1125.000122,439.956604,79.651665,-1125.042603,451.037231,88.280159,-1124.983521,461.385101,100.134201,-1124.971680,412.745056,68.070290,-1112.205933,427.984497,72.643372,-1112.495239,440.767151,78.882553,-1112.529297,452.006989,87.536736,-1112.469360,462.617828,99.354828,-1112.477295,
		413.224701,67.218628,-1099.689941,428.710022,71.937469,-1099.968262,441.714996,78.193039,-1100.006592,453.194000,86.780777,-1099.964111,464.101410,98.496117,-1100.000000
	],

	"normals" : [
		0.182268,-0.971032,-0.154514,0.326044,-0.936024,-0.132493,0.514280,-0.848627,-0.123889,0.689839,-0.713871,-0.120456,0.807268,-0.577987,-0.119374,0.204416,-0.971014,-0.123877,0.339690,-0.934218,-0.108847,0.520694,-0.847629,-0.101989,0.690981,-0.715801,-0.100864,0.804316,-0.584199,-0.108569,
		0.218549,-0.970763,-0.099270,0.349390,-0.932607,-0.090395,0.524753,-0.846600,-0.088891,0.688466,-0.719143,-0.094062,0.795744,-0.595587,-0.109851,0.228493,-0.970157,-0.081156,0.354378,-0.931899,-0.077340,0.523669,-0.847705,-0.084659,0.681190,-0.725244,-0.100008,0.783359,-0.609257,-0.123105,
		0.237779,-0.968806,-0.069824,0.353896,-0.932685,-0.069681,0.514649,-0.852771,-0.088987,0.667680,-0.734981,-0.118349,0.768667,-0.622254,-0.148159
	],

	"faces": [
		32 ,0,1,5 ,0,1,5,
		32 ,5,1,6 ,5,1,6,
		32 ,5,6,10 ,5,6,10,
		32 ,10,6,11 ,10,6,11,
		32 ,10,11,15 ,10,11,15,
		32 ,15,11,16 ,15,11,16,
		32 ,15,16,20 ,15,16,20,
		32 ,20,16,21 ,20,16,21,
		32 ,1,2,6 ,1,2,6,
		32 ,6,2,7 ,6,2,7,
		32 ,6,7,11 ,6,7,11,
		32 ,11,7,12 ,11,7,12,
		32 ,11,12,16 ,11,12,16,
		32 ,16,12,17 ,16,12,17,
		32 ,16,17,21 ,16,17,21,
		32 ,21,17,22 ,21,17,22,
		32 ,2,3,7 ,2,3,7,
		32 ,7,3,8 ,7,3,8,
		32 ,7,8,12 ,7,8,12,
		32 ,12,8,13 ,12,8,13,
		32 ,12,13,17 ,12,13,17,
		32 ,17,13,18 ,17,13,18,
		32 ,17,18,22 ,17,18,22,
		32 ,22,18,23 ,22,18,23,
		32 ,3,4,8 ,3,4,8,
		32 ,8,4,9 ,8,4,9,
		32 ,8,9,13 ,8,9,13,
		32 ,13,9,14 ,13,9,14,
		32 ,13,14,18 ,13,14,18,
		32 ,18,14,19 ,18,14,19,
		32 ,18,19,23 ,18,19,23,
		32 ,23,19,24 ,23,19,24
	]

}
