{
	"metadata" : {
		"formatVersion" : 3,
		"description" : "Exported from LibZinc."
	},

	"vertices" : [
		487.725403,171.624603,-1100.051025,485.774811,192.888885,-1099.988525,480.000275,214.259003,-1099.959961,470.383820,233.991440,-1099.964233,456.907593,250.342697,-1100.000000,488.852814,171.156250,-1087.503540,486.488617,192.647781,-1087.392944,480.458069,214.289856,-1087.334839,470.726685,234.378281,-1087.334351,457.259918,251.208893,-1087.397217,
		489.948639,170.701904,-1074.987061,487.134460,192.377792,-1074.828735,480.846497,214.235474,-1074.730713,471.019135,234.634155,-1074.709595,457.586792,251.933090,-1074.782349,490.827576,170.303833,-1062.479736,487.606476,192.089188,-1062.292847,481.109528,214.076874,-1062.165894,471.247803,234.710297,-1062.124878,457.932404,252.432907,-1062.195923,
		491.304413,170.004395,-1049.959961,487.798767,191.792267,-1049.782837,481.191101,213.795044,-1049.658569,471.399231,234.557907,-1049.614746,458.341003,252.626007,-1049.678955
	],

	"normals" : [
		0.996324,0.002484,-0.085627,0.983046,0.175702,-0.052426,0.937490,0.346039,-0.037011,0.845466,0.532316,-0.042746,0.672775,0.736185,-0.073530,0.995607,0.026489,-0.089802,0.980802,0.188344,-0.050529,0.936648,0.348819,-0.031865,0.849962,0.525665,-0.035233,0.688889,0.721997,-0.064436,
		0.995464,0.052697,-0.079212,0.978587,0.201822,-0.040440,0.935777,0.351904,-0.022020,0.854356,0.519087,-0.024973,0.705048,0.707140,-0.053489,0.995601,0.076399,-0.054234,0.976626,0.213790,-0.022254,0.935209,0.354019,-0.007419,0.859160,0.511567,-0.011938,0.722021,0.690651,-0.041066,
		0.995528,0.093231,-0.015243,0.975020,0.222080,0.003950,0.935184,0.353957,0.012011,0.864838,0.502036,0.003880,0.740695,0.671271,-0.027677
	],

	"faces": [
		32 ,0,1,5 ,0,1,5,
		32 ,5,1,6 ,5,1,6,
		32 ,5,6,10 ,5,6,10,
		32 ,10,6,11 ,10,6,11,
		32 ,10,11,15 ,10,11,15,
		32 ,15,11,16 ,15,11,16,
		32 ,15,16,20 ,15,16,20,
		32 ,20,16,21 ,20,16,21,
		32 ,1,2,6 ,1,2,6,
		32 ,6,2,7 ,6,2,7,
		32 ,6,7,11 ,6,7,11,
		32 ,11,7,12 ,11,7,12,
		32 ,11,12,16 ,11,12,16,
		32 ,16,12,17 ,16,12,17,
		32 ,16,17,21 ,16,17,21,
		32 ,21,17,22 ,21,17,22,
		32 ,2,3,7 ,2,3,7,
		32 ,7,3,8 ,7,3,8,
		32 ,7,8,12 ,7,8,12,
		32 ,12,8,13 ,12,8,13,
		32 ,12,13,17 ,12,13,17,
		32 ,17,13,18 ,17,13,18,
		32 ,17,18,22 ,17,18,22,
		32 ,22,18,23 ,22,18,23,
		32 ,3,4,8 ,3,4,8,
		32 ,8,4,9 ,8,4,9,
		32 ,8,9,13 ,8,9,13,
		32 ,13,9,14 ,13,9,14,
		32 ,13,14,18 ,13,14,18,
		32 ,18,14,19 ,18,14,19,
		32 ,18,19,23 ,18,19,23,
		32 ,23,19,24 ,23,19,24
	]

}
