{
	"metadata" : {
		"formatVersion" : 3,
		"description" : "Exported from LibZinc."
	},

	"vertices" : [
		321.540009,231.450104,-1100.000000,309.390381,216.996567,-1099.607422,299.276794,200.898636,-1099.260132,292.015198,182.515182,-1099.282715,288.421509,161.205093,-1100.000000,318.367798,233.947769,-1087.517578,306.099335,219.331772,-1087.293457,296.068726,203.090927,-1087.091797,288.891327,184.698593,-1087.156738,285.182434,163.628159,-1087.732178,
		315.314392,236.793503,-1074.998047,303.147430,222.171555,-1074.902344,293.513153,205.889694,-1074.977173,286.725281,187.871780,-1075.230835,283.097534,168.041672,-1075.671509,312.663025,240.023331,-1062.479614,300.619568,225.407059,-1062.399658,291.511383,209.034607,-1062.636230,285.268768,191.311661,-1062.993286,281.822021,172.643921,-1063.275146,
		310.696991,243.673294,-1050.000000,298.600677,228.929428,-1049.751221,289.964752,212.265320,-1049.789307,284.273438,194.295166,-1049.932739,281.011108,175.633194,-1050.000000
	],

	"normals" : [
		-0.701749,0.647022,-0.298178,-0.767825,0.561735,-0.308055,-0.847031,0.432294,-0.309291,-0.915965,0.263011,-0.303040,-0.950013,0.076928,-0.302586,-0.692595,0.649662,-0.313451,-0.768302,0.558365,-0.312955,-0.854194,0.429816,-0.292593,-0.927147,0.265510,-0.264392,-0.968205,0.085351,-0.235146,
		-0.684565,0.656259,-0.317326,-0.776314,0.550499,-0.307063,-0.867493,0.420817,-0.265272,-0.939984,0.265374,-0.214490,-0.980872,0.096176,-0.169232,-0.677260,0.666913,-0.310720,-0.790951,0.539000,-0.289611,-0.887066,0.401588,-0.227687,-0.953871,0.255470,-0.157688,-0.987814,0.108745,-0.111349,
		-0.670334,0.681228,-0.294247,-0.809976,0.525558,-0.260248,-0.910369,0.371160,-0.182944,-0.967422,0.231385,-0.102740,-0.991157,0.116905,-0.062782
	],

	"faces": [
		32 ,0,1,5 ,0,1,5,
		32 ,5,1,6 ,5,1,6,
		32 ,5,6,10 ,5,6,10,
		32 ,10,6,11 ,10,6,11,
		32 ,10,11,15 ,10,11,15,
		32 ,15,11,16 ,15,11,16,
		32 ,15,16,20 ,15,16,20,
		32 ,20,16,21 ,20,16,21,
		32 ,1,2,6 ,1,2,6,
		32 ,6,2,7 ,6,2,7,
		32 ,6,7,11 ,6,7,11,
		32 ,11,7,12 ,11,7,12,
		32 ,11,12,16 ,11,12,16,
		32 ,16,12,17 ,16,12,17,
		32 ,16,17,21 ,16,17,21,
		32 ,21,17,22 ,21,17,22,
		32 ,2,3,7 ,2,3,7,
		32 ,7,3,8 ,7,3,8,
		32 ,7,8,12 ,7,8,12,
		32 ,12,8,13 ,12,8,13,
		32 ,12,13,17 ,12,13,17,
		32 ,17,13,18 ,17,13,18,
		32 ,17,18,22 ,17,18,22,
		32 ,22,18,23 ,22,18,23,
		32 ,3,4,8 ,3,4,8,
		32 ,8,4,9 ,8,4,9,
		32 ,8,9,13 ,8,9,13,
		32 ,13,9,14 ,13,9,14,
		32 ,13,14,18 ,13,14,18,
		32 ,18,14,19 ,18,14,19,
		32 ,18,19,23 ,18,19,23,
		32 ,23,19,24 ,23,19,24
	]

}
