{
	"metadata" : {
		"formatVersion" : 3,
		"description" : "Exported from LibZinc."
	},

	"vertices" : [
		288.421509,161.205093,-1100.000000,291.054169,136.282944,-1100.913696,300.861938,110.353821,-1101.247192,316.246094,87.712364,-1100.908447,335.607910,72.653252,-1099.805054,285.182434,163.628159,-1087.732178,287.488892,137.122971,-1088.482056,297.349701,109.693848,-1088.784302,313.210327,85.966705,-1088.479614,333.516235,70.567474,-1087.408325,
		283.097534,168.041672,-1075.671509,284.746887,139.122360,-1076.163452,294.181427,109.602440,-1076.378418,310.157867,84.433601,-1076.100464,331.432892,68.567520,-1075.113770,281.822021,172.643921,-1063.275146,282.801208,141.131943,-1063.529541,291.747803,109.463997,-1063.713257,307.736176,82.872063,-1063.547852,329.840637,66.588104,-1062.754639,
		281.011108,175.633194,-1050.000000,281.625000,142.002594,-1050.152222,290.439636,108.662949,-1050.473022,306.592743,81.041115,-1050.598145,329.222198,64.563919,-1050.163940
	],

	"normals" : [
		-0.950013,0.076928,-0.302586,-0.928942,-0.223287,-0.295313,-0.853487,-0.438955,-0.280852,-0.712417,-0.651659,-0.260389,-0.404305,-0.888886,-0.215450,-0.967882,0.087425,-0.235715,-0.952774,-0.213564,-0.215896,-0.867288,-0.431604,-0.248052,-0.711581,-0.650514,-0.265490,-0.381188,-0.899054,-0.215400,
		-0.980220,0.100134,-0.170712,-0.971334,-0.183915,-0.150619,-0.889808,-0.407847,-0.204703,-0.723773,-0.645477,-0.243950,-0.358545,-0.911276,-0.202536,-0.987493,0.110935,-0.112028,-0.983088,-0.154161,-0.098854,-0.911735,-0.383291,-0.147741,-0.741696,-0.642092,-0.193922,-0.339900,-0.923070,-0.180027,
		-0.991157,0.116905,-0.062782,-0.988584,-0.139151,-0.057782,-0.925130,-0.371511,-0.078197,-0.756156,-0.644001,-0.116145,-0.326855,-0.933020,-0.150465
	],

	"faces": [
		32 ,0,1,5 ,0,1,5,
		32 ,5,1,6 ,5,1,6,
		32 ,5,6,10 ,5,6,10,
		32 ,10,6,11 ,10,6,11,
		32 ,10,11,15 ,10,11,15,
		32 ,15,11,16 ,15,11,16,
		32 ,15,16,20 ,15,16,20,
		32 ,20,16,21 ,20,16,21,
		32 ,1,2,6 ,1,2,6,
		32 ,6,2,7 ,6,2,7,
		32 ,6,7,11 ,6,7,11,
		32 ,11,7,12 ,11,7,12,
		32 ,11,12,16 ,11,12,16,
		32 ,16,12,17 ,16,12,17,
		32 ,16,17,21 ,16,17,21,
		32 ,21,17,22 ,21,17,22,
		32 ,2,3,7 ,2,3,7,
		32 ,7,3,8 ,7,3,8,
		32 ,7,8,12 ,7,8,12,
		32 ,12,8,13 ,12,8,13,
		32 ,12,13,17 ,12,13,17,
		32 ,17,13,18 ,17,13,18,
		32 ,17,18,22 ,17,18,22,
		32 ,22,18,23 ,22,18,23,
		32 ,3,4,8 ,3,4,8,
		32 ,8,4,9 ,8,4,9,
		32 ,8,9,13 ,8,9,13,
		32 ,13,9,14 ,13,9,14,
		32 ,13,14,18 ,13,14,18,
		32 ,18,14,19 ,18,14,19,
		32 ,18,19,23 ,18,19,23,
		32 ,23,19,24 ,23,19,24
	]

}
