{
	"metadata" : {
		"formatVersion" : 3,
		"description" : "Exported from LibZinc."
	},

	"vertices" : [
		335.607910,72.653252,-1099.805054,356.249817,65.480690,-1098.849365,376.303345,62.909927,-1098.763672,395.413361,63.852177,-1099.169800,413.224701,67.218628,-1099.689941,333.516235,70.567474,-1087.408325,355.182068,63.638275,-1086.449341,375.970856,61.439194,-1086.340210,395.600433,62.773067,-1086.710815,413.788696,66.442741,-1087.190552,
		331.432892,68.567520,-1075.113770,354.292480,61.851311,-1074.190918,375.801025,59.970165,-1074.034180,395.882935,61.632946,-1074.322266,414.462646,65.548508,-1074.733521,329.840637,66.588104,-1062.754639,353.756012,60.078003,-1061.945923,375.881531,58.428288,-1061.759766,396.348450,60.301952,-1061.955322,415.287933,64.361977,-1062.291870,
		329.222198,64.563919,-1050.163940,353.747620,58.276566,-1049.586060,376.300079,56.739006,-1049.431030,397.084564,58.650219,-1049.561157,416.306000,62.709179,-1049.838989
	],

	"normals" : [
		-0.404305,-0.888886,-0.215450,-0.217468,-0.962198,-0.163958,-0.033328,-0.992249,-0.119711,0.122189,-0.988604,-0.087930,0.237779,-0.968806,-0.069824,-0.381188,-0.899054,-0.215400,-0.195073,-0.967955,-0.158143,-0.012542,-0.992999,-0.117453,0.138282,-0.986396,-0.088889,0.245184,-0.966610,-0.074494,
		-0.358545,-0.911276,-0.202536,-0.175624,-0.972702,-0.151682,0.004366,-0.992678,-0.120711,0.150640,-0.983427,-0.100887,0.247868,-0.964304,-0.093162,-0.339900,-0.923070,-0.180027,-0.160826,-0.976203,-0.145472,0.015330,-0.991441,-0.129649,0.156870,-0.979826,-0.123826,0.246073,-0.961091,-0.125508,
		-0.326855,-0.933020,-0.150465,-0.151799,-0.978470,-0.139836,0.018392,-0.989443,-0.143753,0.154625,-0.975438,-0.156880,0.239824,-0.955689,-0.170712
	],

	"faces": [
		32 ,0,1,5 ,0,1,5,
		32 ,5,1,6 ,5,1,6,
		32 ,5,6,10 ,5,6,10,
		32 ,10,6,11 ,10,6,11,
		32 ,10,11,15 ,10,11,15,
		32 ,15,11,16 ,15,11,16,
		32 ,15,16,20 ,15,16,20,
		32 ,20,16,21 ,20,16,21,
		32 ,1,2,6 ,1,2,6,
		32 ,6,2,7 ,6,2,7,
		32 ,6,7,11 ,6,7,11,
		32 ,11,7,12 ,11,7,12,
		32 ,11,12,16 ,11,12,16,
		32 ,16,12,17 ,16,12,17,
		32 ,16,17,21 ,16,17,21,
		32 ,21,17,22 ,21,17,22,
		32 ,2,3,7 ,2,3,7,
		32 ,7,3,8 ,7,3,8,
		32 ,7,8,12 ,7,8,12,
		32 ,12,8,13 ,12,8,13,
		32 ,12,13,17 ,12,13,17,
		32 ,17,13,18 ,17,13,18,
		32 ,17,18,22 ,17,18,22,
		32 ,22,18,23 ,22,18,23,
		32 ,3,4,8 ,3,4,8,
		32 ,8,4,9 ,8,4,9,
		32 ,8,9,13 ,8,9,13,
		32 ,13,9,14 ,13,9,14,
		32 ,13,14,18 ,13,14,18,
		32 ,18,14,19 ,18,14,19,
		32 ,18,19,23 ,18,19,23,
		32 ,23,19,24 ,23,19,24
	]

}
