{
	"metadata" : {
		"formatVersion" : 3,
		"description" : "Exported from LibZinc."
	},

	"vertices" : [
		277.966797,168.647598,-1050.000000,274.312378,187.733582,-1049.958130,267.994232,206.037552,-1049.663452,258.589935,222.804611,-1049.431641,245.677002,237.279907,-1049.578003,277.581421,176.297745,-1034.338867,273.919281,193.232483,-1034.969849,267.498077,210.252609,-1035.762817,257.996185,226.339630,-1036.522705,245.091904,240.475052,-1037.054321,
		277.350525,188.851776,-1018.030334,273.756531,200.651062,-1019.282532,266.415894,214.967911,-1021.534424,255.965317,229.901962,-1023.679932,243.041519,243.552841,-1024.613281,277.238251,200.583450,-1005.211365,273.592285,207.227859,-1006.438049,264.912659,218.990219,-1008.929199,253.120712,232.957306,-1011.315125,240.137772,246.215881,-1012.226379,
		277.208801,205.766495,-1000.018982,273.194794,210.201416,-999.978516,263.153442,221.126297,-999.898254,250.085724,234.971359,-999.840027,236.992599,248.166794,-999.865479
	],

	"normals" : [
		0.991879,0.127129,0.003761,0.967141,0.252916,-0.025927,0.909729,0.403083,-0.099580,0.805357,0.568115,-0.169250,0.651725,0.731157,-0.201656,0.987247,0.140335,-0.075163,0.956150,0.273605,-0.104486,0.902290,0.422518,-0.085740,0.807086,0.585492,-0.076238,0.654069,0.747422,-0.116425,
		0.982806,0.145226,-0.114027,0.917920,0.357633,-0.171819,0.859405,0.504178,-0.085018,0.778744,0.627227,-0.011993,0.663144,0.747523,-0.038074,0.979538,0.147645,-0.136772,0.830138,0.504173,-0.238077,0.788914,0.611327,-0.062404,0.739478,0.671950,0.040681,0.678024,0.734366,0.031469,
		-0.000000,0.000000,0.000000,0.734190,0.666819,0.127739,0.727743,0.675128,0.120802,0.716432,0.689090,0.108999,0.691565,0.717351,0.084529
	],

	"faces": [
		32 ,0,1,5 ,0,1,5,
		32 ,5,1,6 ,5,1,6,
		32 ,5,6,10 ,5,6,10,
		32 ,10,6,11 ,10,6,11,
		32 ,10,11,15 ,10,11,15,
		32 ,15,11,16 ,15,11,16,
		32 ,15,16,20 ,15,16,20,
		32 ,20,16,21 ,20,16,21,
		32 ,1,2,6 ,1,2,6,
		32 ,6,2,7 ,6,2,7,
		32 ,6,7,11 ,6,7,11,
		32 ,11,7,12 ,11,7,12,
		32 ,11,12,16 ,11,12,16,
		32 ,16,12,17 ,16,12,17,
		32 ,16,17,21 ,16,17,21,
		32 ,21,17,22 ,21,17,22,
		32 ,2,3,7 ,2,3,7,
		32 ,7,3,8 ,7,3,8,
		32 ,7,8,12 ,7,8,12,
		32 ,12,8,13 ,12,8,13,
		32 ,12,13,17 ,12,13,17,
		32 ,17,13,18 ,17,13,18,
		32 ,17,18,22 ,17,18,22,
		32 ,22,18,23 ,22,18,23,
		32 ,3,4,8 ,3,4,8,
		32 ,8,4,9 ,8,4,9,
		32 ,8,9,13 ,8,9,13,
		32 ,13,9,14 ,13,9,14,
		32 ,13,14,18 ,13,14,18,
		32 ,18,14,19 ,18,14,19,
		32 ,18,19,23 ,18,19,23,
		32 ,23,19,24 ,23,19,24
	]

}
