{
	"metadata" : {
		"formatVersion" : 3,
		"description" : "Exported from LibZinc."
	},

	"vertices" : [
		91.108398,94.310959,-1049.798950,103.641739,80.518867,-1050.006104,118.187065,69.715256,-1050.243896,134.704636,61.642639,-1050.323486,153.154694,56.043560,-1050.056030,89.789162,93.133904,-1037.296265,102.394905,79.028778,-1037.504150,117.188446,67.753624,-1037.738403,133.976517,59.183468,-1037.822144,152.565842,53.193317,-1037.578247,
		88.982544,91.589462,-1024.841675,101.524796,77.064804,-1025.065552,116.481071,65.239647,-1025.274658,133.442581,56.210804,-1025.329956,152.000534,50.075115,-1025.092529,88.602310,89.867821,-1012.402832,100.976807,74.877861,-1012.660095,115.979286,62.534676,-1012.859863,133.004059,53.155754,-1012.879089,151.445435,47.058563,-1012.594727,
		88.562233,88.159180,-999.947510,100.696327,72.718826,-1000.257751,115.597450,60.000088,-1000.501465,132.562210,50.449417,-1000.501587,150.887207,44.513290,-1000.080994
	],

	"normals" : [
		-0.792460,-0.592354,-0.145339,-0.665257,-0.732327,-0.145361,-0.512661,-0.844746,-0.153568,-0.355859,-0.917881,-0.175669,-0.213375,-0.954412,-0.208731,-0.798963,-0.586570,-0.132645,-0.671015,-0.724141,-0.159246,-0.522614,-0.831549,-0.188153,-0.369292,-0.903016,-0.219511,-0.224699,-0.944214,-0.240771,
		-0.811840,-0.572564,-0.114399,-0.683076,-0.712603,-0.160014,-0.536115,-0.819777,-0.201361,-0.380295,-0.894377,-0.235510,-0.223019,-0.943203,-0.246232,-0.827988,-0.553358,-0.090722,-0.698897,-0.699777,-0.147838,-0.551124,-0.811423,-0.194566,-0.388813,-0.893263,-0.225624,-0.212618,-0.950750,-0.225541,
		-0.844319,-0.532119,-0.063051,-0.716001,-0.687064,-0.123636,-0.565443,-0.807371,-0.168600,-0.393937,-0.899405,-0.189432,-0.197901,-0.964066,-0.177235
	],

	"faces": [
		32 ,0,1,5 ,0,1,5,
		32 ,5,1,6 ,5,1,6,
		32 ,5,6,10 ,5,6,10,
		32 ,10,6,11 ,10,6,11,
		32 ,10,11,15 ,10,11,15,
		32 ,15,11,16 ,15,11,16,
		32 ,15,16,20 ,15,16,20,
		32 ,20,16,21 ,20,16,21,
		32 ,1,2,6 ,1,2,6,
		32 ,6,2,7 ,6,2,7,
		32 ,6,7,11 ,6,7,11,
		32 ,11,7,12 ,11,7,12,
		32 ,11,12,16 ,11,12,16,
		32 ,16,12,17 ,16,12,17,
		32 ,16,17,21 ,16,17,21,
		32 ,21,17,22 ,21,17,22,
		32 ,2,3,7 ,2,3,7,
		32 ,7,3,8 ,7,3,8,
		32 ,7,8,12 ,7,8,12,
		32 ,12,8,13 ,12,8,13,
		32 ,12,13,17 ,12,13,17,
		32 ,17,13,18 ,17,13,18,
		32 ,17,18,22 ,17,18,22,
		32 ,22,18,23 ,22,18,23,
		32 ,3,4,8 ,3,4,8,
		32 ,8,4,9 ,8,4,9,
		32 ,8,9,13 ,8,9,13,
		32 ,13,9,14 ,13,9,14,
		32 ,13,14,18 ,13,14,18,
		32 ,18,14,19 ,18,14,19,
		32 ,18,19,23 ,18,19,23,
		32 ,23,19,24 ,23,19,24
	]

}
