{
	"metadata" : {
		"formatVersion" : 3,
		"description" : "Exported from LibZinc."
	},

	"vertices" : [
		470.415985,94.910172,-1050.000000,480.594696,110.409935,-1050.160034,487.667419,128.739944,-1050.192627,491.336548,148.928635,-1050.118896,491.304413,170.004395,-1049.959961,471.839081,93.881729,-1037.471313,481.748810,109.737457,-1037.620483,488.493317,128.343811,-1037.647705,491.825134,148.706177,-1037.581421,491.496735,169.829926,-1037.449951,
		473.503967,92.700119,-1024.969727,483.045349,109.003387,-1025.079956,489.372711,127.978333,-1025.102783,492.304871,148.585739,-1025.057617,491.660645,169.786362,-1024.963867,475.198456,91.604820,-1012.483398,484.360199,108.382568,-1012.542419,490.256836,127.750435,-1012.552002,492.779297,148.615646,-1012.523376,491.818512,169.885452,-1012.467834,
		476.710388,90.835297,-1000.000000,485.569244,108.049858,-1000.011597,491.096893,127.767059,-999.989197,493.251923,148.844269,-999.954224,491.992798,170.138901,-999.927917
	],

	"normals" : [
		0.757286,-0.642157,-0.118964,0.887334,-0.451296,-0.094709,0.960981,-0.268128,-0.067992,0.995172,-0.089167,-0.041007,0.995528,0.093231,-0.015243,0.767996,-0.621708,-0.153819,0.895061,-0.431097,-0.114109,0.965531,-0.249491,-0.074184,0.996523,-0.073342,-0.039521,0.994352,0.105340,-0.012944,
		0.785119,-0.597203,-0.164125,0.906283,-0.405656,-0.118721,0.971125,-0.226620,-0.074558,0.997731,-0.055449,-0.038194,0.993038,0.117107,-0.012742,0.805099,-0.573762,-0.150374,0.918524,-0.379951,-0.109323,0.976619,-0.203367,-0.069688,0.998602,-0.037472,-0.037276,0.991575,0.128703,-0.014659,
		0.823651,-0.555826,-0.112502,0.929453,-0.358669,-0.086448,0.981219,-0.183316,-0.060038,0.999093,-0.021200,-0.036933,0.989927,0.140338,-0.018689
	],

	"faces": [
		32 ,0,1,5 ,0,1,5,
		32 ,5,1,6 ,5,1,6,
		32 ,5,6,10 ,5,6,10,
		32 ,10,6,11 ,10,6,11,
		32 ,10,11,15 ,10,11,15,
		32 ,15,11,16 ,15,11,16,
		32 ,15,16,20 ,15,16,20,
		32 ,20,16,21 ,20,16,21,
		32 ,1,2,6 ,1,2,6,
		32 ,6,2,7 ,6,2,7,
		32 ,6,7,11 ,6,7,11,
		32 ,11,7,12 ,11,7,12,
		32 ,11,12,16 ,11,12,16,
		32 ,16,12,17 ,16,12,17,
		32 ,16,17,21 ,16,17,21,
		32 ,21,17,22 ,21,17,22,
		32 ,2,3,7 ,2,3,7,
		32 ,7,3,8 ,7,3,8,
		32 ,7,8,12 ,7,8,12,
		32 ,12,8,13 ,12,8,13,
		32 ,12,13,17 ,12,13,17,
		32 ,17,13,18 ,17,13,18,
		32 ,17,18,22 ,17,18,22,
		32 ,22,18,23 ,22,18,23,
		32 ,3,4,8 ,3,4,8,
		32 ,8,4,9 ,8,4,9,
		32 ,8,9,13 ,8,9,13,
		32 ,13,9,14 ,13,9,14,
		32 ,13,14,18 ,13,14,18,
		32 ,18,14,19 ,18,14,19,
		32 ,18,19,23 ,18,19,23,
		32 ,23,19,24 ,23,19,24
	]

}
