{
	"metadata" : {
		"formatVersion" : 3,
		"description" : "Exported from LibZinc."
	},

	"vertices" : [
		95.591423,250.284302,-1000.000000,83.949203,231.617783,-999.977844,76.392921,209.805359,-999.987671,72.251442,186.779633,-1000.003662,70.853600,164.473206,-1000.000000,96.047745,249.914963,-987.370850,84.576027,231.221817,-987.375427,77.066429,209.425583,-987.414001,72.903862,186.408554,-987.454590,71.473221,164.053024,-987.465088,
		96.891777,249.317322,-974.714600,85.497978,230.850494,-974.735901,77.948784,209.309280,-974.807617,73.696938,186.488373,-974.886719,72.195183,164.182449,-974.930176,98.089554,248.525574,-962.075012,86.678009,230.518890,-962.108093,79.047943,209.432037,-962.213806,74.715706,186.953247,-962.338867,73.197639,164.770721,-962.430176,
		99.607132,247.573898,-949.495483,88.079056,230.242081,-949.540894,80.371887,209.769470,-949.677979,76.045235,187.737381,-949.849976,74.658707,165.727097,-950.000000
	],

	"normals" : [
		-0.763279,0.645475,0.027701,-0.906992,0.418503,0.047125,-0.968203,0.244212,0.054254,-0.991936,0.114659,0.054000,-0.998642,0.011760,0.050745,-0.768956,0.636044,0.064463,-0.907523,0.414337,0.068760,-0.967622,0.244056,0.064377,-0.991594,0.116073,0.057163,-0.998610,0.012624,0.051182,
		-0.767079,0.634129,0.097320,-0.904416,0.417620,0.087325,-0.965489,0.249223,0.075626,-0.990414,0.120471,0.067578,-0.997723,0.014344,0.065898,-0.757033,0.641038,0.126382,-0.898266,0.427260,0.102799,-0.962440,0.256887,0.087861,-0.988621,0.123925,0.085272,-0.995385,0.012368,0.095164,
		-0.737623,0.657974,0.151599,-0.889437,0.442319,0.115134,-0.959143,0.264180,0.101255,-0.986279,0.122331,0.110853,-0.990189,0.002136,0.139719
	],

	"faces": [
		32 ,0,1,5 ,0,1,5,
		32 ,5,1,6 ,5,1,6,
		32 ,5,6,10 ,5,6,10,
		32 ,10,6,11 ,10,6,11,
		32 ,10,11,15 ,10,11,15,
		32 ,15,11,16 ,15,11,16,
		32 ,15,16,20 ,15,16,20,
		32 ,20,16,21 ,20,16,21,
		32 ,1,2,6 ,1,2,6,
		32 ,6,2,7 ,6,2,7,
		32 ,6,7,11 ,6,7,11,
		32 ,11,7,12 ,11,7,12,
		32 ,11,12,16 ,11,12,16,
		32 ,16,12,17 ,16,12,17,
		32 ,16,17,21 ,16,17,21,
		32 ,21,17,22 ,21,17,22,
		32 ,2,3,7 ,2,3,7,
		32 ,7,3,8 ,7,3,8,
		32 ,7,8,12 ,7,8,12,
		32 ,12,8,13 ,12,8,13,
		32 ,12,13,17 ,12,13,17,
		32 ,17,13,18 ,17,13,18,
		32 ,17,18,22 ,17,18,22,
		32 ,22,18,23 ,22,18,23,
		32 ,3,4,8 ,3,4,8,
		32 ,8,4,9 ,8,4,9,
		32 ,8,9,13 ,8,9,13,
		32 ,13,9,14 ,13,9,14,
		32 ,13,14,18 ,13,14,18,
		32 ,18,14,19 ,18,14,19,
		32 ,18,19,23 ,18,19,23,
		32 ,23,19,24 ,23,19,24
	]

}
