{
	"metadata" : {
		"formatVersion" : 3,
		"description" : "Exported from LibZinc."
	},

	"vertices" : [
		150.887207,44.513290,-1000.080994,169.556610,42.319313,-999.386292,188.053192,43.384151,-998.897034,206.421463,47.237869,-998.935608,224.705902,53.410519,-999.824524,150.300858,42.472927,-987.580994,168.837326,40.607597,-986.648132,187.085083,41.421871,-986.010437,205.075882,44.185696,-986.195374,222.841507,48.169022,-987.730652,
		149.676331,40.759399,-975.103943,168.118042,39.155132,-974.002319,186.236618,39.371544,-973.127808,204.121185,40.870396,-973.291321,221.860870,43.113461,-975.303955,149.022614,39.424763,-962.615234,167.450958,38.105759,-961.489624,185.534973,37.825851,-960.493164,203.383713,38.320801,-960.569580,221.106277,39.326359,-962.662476,
		148.348694,38.521080,-950.080200,166.888290,37.603313,-949.150635,185.007309,37.377480,-948.350464,202.689835,37.565742,-948.376099,219.919998,37.890259,-949.924011
	],

	"normals" : [
		-0.197901,-0.964066,-0.177235,-0.021040,-0.989904,-0.140168,0.137234,-0.983100,-0.121165,0.260861,-0.951633,-0.162314,0.327778,-0.894330,-0.304525,-0.171958,-0.972785,-0.155308,-0.015785,-0.991860,-0.126349,0.106291,-0.982568,-0.152520,0.176880,-0.956093,-0.233666,0.173264,-0.910103,-0.376421,
		-0.135581,-0.982508,-0.127658,-0.026610,-0.994407,-0.102211,0.055945,-0.988136,-0.143029,0.094573,-0.969125,-0.227713,0.067529,-0.938075,-0.339787,-0.097972,-0.990687,-0.094555,-0.036892,-0.997137,-0.066004,0.011412,-0.996121,-0.087253,0.036802,-0.989164,-0.142127,0.023627,-0.976772,-0.212975,
		-0.069751,-0.995938,-0.056933,-0.027800,-0.999487,-0.015905,0.000827,-0.999681,0.025231,0.018940,-0.998930,0.042193,0.019186,-0.999763,0.010302
	],

	"faces": [
		32 ,0,1,5 ,0,1,5,
		32 ,5,1,6 ,5,1,6,
		32 ,5,6,10 ,5,6,10,
		32 ,10,6,11 ,10,6,11,
		32 ,10,11,15 ,10,11,15,
		32 ,15,11,16 ,15,11,16,
		32 ,15,16,20 ,15,16,20,
		32 ,20,16,21 ,20,16,21,
		32 ,1,2,6 ,1,2,6,
		32 ,6,2,7 ,6,2,7,
		32 ,6,7,11 ,6,7,11,
		32 ,11,7,12 ,11,7,12,
		32 ,11,12,16 ,11,12,16,
		32 ,16,12,17 ,16,12,17,
		32 ,16,17,21 ,16,17,21,
		32 ,21,17,22 ,21,17,22,
		32 ,2,3,7 ,2,3,7,
		32 ,7,3,8 ,7,3,8,
		32 ,7,8,12 ,7,8,12,
		32 ,12,8,13 ,12,8,13,
		32 ,12,13,17 ,12,13,17,
		32 ,17,13,18 ,17,13,18,
		32 ,17,18,22 ,17,18,22,
		32 ,22,18,23 ,22,18,23,
		32 ,3,4,8 ,3,4,8,
		32 ,8,4,9 ,8,4,9,
		32 ,8,9,13 ,8,9,13,
		32 ,13,9,14 ,13,9,14,
		32 ,13,14,18 ,13,14,18,
		32 ,18,14,19 ,18,14,19,
		32 ,18,19,23 ,18,19,23,
		32 ,23,19,24 ,23,19,24
	]

}
