{
	"metadata" : {
		"formatVersion" : 3,
		"description" : "Exported from LibZinc."
	},

	"vertices" : [
		315.376312,257.209686,-1000.000000,301.925201,242.168121,-999.895813,289.637054,225.262695,-999.914246,280.676666,211.469971,-999.980347,277.208801,205.766495,-1000.018982,318.453461,258.960266,-987.486450,304.958130,244.168823,-988.307190,292.440247,227.302597,-990.686829,282.636322,213.341324,-993.164856,277.282806,207.264725,-994.280823,
		321.599884,260.292236,-974.965637,308.426910,246.371521,-975.834778,296.643494,230.834000,-977.804321,286.318329,217.867493,-979.750366,277.520172,211.659821,-980.549011,324.823517,261.435120,-962.468018,312.044067,248.950104,-962.926025,300.904358,235.667572,-963.514465,290.004364,224.610641,-963.974487,277.944000,218.802383,-964.047424,
		328.132202,262.618500,-950.023926,315.522064,252.078415,-950.028381,303.880524,241.613968,-950.064880,291.976135,233.132919,-950.074951,278.577301,228.542999,-950.000000
	],

	"normals" : [
		-0.681993,0.729831,0.047245,-0.782842,0.616551,0.083806,-0.823197,0.558601,0.101544,-0.844274,0.524110,0.111853,0.000000,0.000000,0.000000,-0.666496,0.741568,0.076547,-0.782787,0.612776,0.108395,-0.820344,0.556841,0.130244,-0.813326,0.578857,0.058525,-0.181648,0.947571,-0.262896,
		-0.643112,0.760375,0.090749,-0.778262,0.619206,0.104370,-0.806651,0.585488,0.080725,-0.725202,0.685227,-0.067424,-0.171987,0.927280,-0.332525,-0.617396,0.781358,0.091116,-0.751994,0.655898,0.065591,-0.759929,0.648654,-0.041902,-0.596829,0.760041,-0.257164,-0.152834,0.877247,-0.455059,
		-0.590979,0.803013,0.076900,-0.671834,0.740230,-0.026411,-0.618089,0.731246,-0.288520,-0.399704,0.724030,-0.562154,-0.104462,0.709581,-0.696838
	],

	"faces": [
		32 ,0,1,5 ,0,1,5,
		32 ,5,1,6 ,5,1,6,
		32 ,5,6,10 ,5,6,10,
		32 ,10,6,11 ,10,6,11,
		32 ,10,11,15 ,10,11,15,
		32 ,15,11,16 ,15,11,16,
		32 ,15,16,20 ,15,16,20,
		32 ,20,16,21 ,20,16,21,
		32 ,1,2,6 ,1,2,6,
		32 ,6,2,7 ,6,2,7,
		32 ,6,7,11 ,6,7,11,
		32 ,11,7,12 ,11,7,12,
		32 ,11,12,16 ,11,12,16,
		32 ,16,12,17 ,16,12,17,
		32 ,16,17,21 ,16,17,21,
		32 ,21,17,22 ,21,17,22,
		32 ,2,3,7 ,2,3,7,
		32 ,7,3,8 ,7,3,8,
		32 ,7,8,12 ,7,8,12,
		32 ,12,8,13 ,12,8,13,
		32 ,12,13,17 ,12,13,17,
		32 ,17,13,18 ,17,13,18,
		32 ,17,18,22 ,17,18,22,
		32 ,22,18,23 ,22,18,23,
		32 ,3,4,8 ,3,4,8,
		32 ,8,4,9 ,8,4,9,
		32 ,8,9,13 ,8,9,13,
		32 ,13,9,14 ,13,9,14,
		32 ,13,14,18 ,13,14,18,
		32 ,18,14,19 ,18,14,19,
		32 ,18,19,23 ,18,19,23,
		32 ,23,19,24 ,23,19,24
	]

}
