{
	"metadata" : {
		"formatVersion" : 3,
		"description" : "Exported from LibZinc."
	},

	"vertices" : [
		355.846985,40.845440,-949.717285,373.969757,40.841442,-948.534180,392.414917,41.260334,-948.673950,410.739990,42.720631,-949.428528,428.502411,45.840858,-950.089905,357.883026,40.806038,-937.025146,375.613831,40.846481,-936.527832,393.940460,40.852257,-936.655273,412.336548,41.668312,-937.107849,430.275696,44.139618,-937.585815,
		358.988556,41.231743,-924.604187,376.893585,41.107941,-924.482727,395.212158,40.896988,-924.483826,413.567200,41.411503,-924.612305,431.581573,43.464111,-924.873169,359.434753,41.758450,-912.274597,377.720337,41.451969,-912.283508,396.108337,41.168125,-912.148499,414.418152,41.600815,-912.035095,432.469208,43.443943,-912.108643,
		359.492706,42.022041,-899.856689,378.005310,41.704716,-899.814758,396.507172,41.439262,-899.638428,414.875580,41.886868,-899.469299,432.987793,43.708721,-899.448914
	],

	"normals" : [
		0.003116,-0.999510,-0.031132,0.006035,-0.999854,-0.015961,0.043186,-0.996945,-0.065076,0.112218,-0.983402,-0.142573,0.223171,-0.950432,-0.216503,0.018715,-0.999663,0.017978,-0.006604,-0.999876,0.014322,0.014386,-0.999804,-0.013588,0.080318,-0.995143,-0.056921,0.196467,-0.974243,-0.110688,
		0.010397,-0.999028,0.042832,-0.016749,-0.999443,0.028871,0.000943,-0.999873,0.015884,0.062760,-0.998023,-0.003269,0.171163,-0.984560,-0.036664,-0.004479,-0.999306,0.036978,-0.022489,-0.999366,0.027608,-0.002449,-0.999685,0.024991,0.055982,-0.998220,0.020548,0.153840,-0.988078,0.005883,
		-0.006646,-0.999978,0.000827,-0.021753,-0.999694,0.011768,-0.001201,-0.999879,0.015537,0.055905,-0.998304,0.016225,0.150457,-0.988450,0.018142
	],

	"faces": [
		32 ,0,1,5 ,0,1,5,
		32 ,5,1,6 ,5,1,6,
		32 ,5,6,10 ,5,6,10,
		32 ,10,6,11 ,10,6,11,
		32 ,10,11,15 ,10,11,15,
		32 ,15,11,16 ,15,11,16,
		32 ,15,16,20 ,15,16,20,
		32 ,20,16,21 ,20,16,21,
		32 ,1,2,6 ,1,2,6,
		32 ,6,2,7 ,6,2,7,
		32 ,6,7,11 ,6,7,11,
		32 ,11,7,12 ,11,7,12,
		32 ,11,12,16 ,11,12,16,
		32 ,16,12,17 ,16,12,17,
		32 ,16,17,21 ,16,17,21,
		32 ,21,17,22 ,21,17,22,
		32 ,2,3,7 ,2,3,7,
		32 ,7,3,8 ,7,3,8,
		32 ,7,8,12 ,7,8,12,
		32 ,12,8,13 ,12,8,13,
		32 ,12,13,17 ,12,13,17,
		32 ,17,13,18 ,17,13,18,
		32 ,17,18,22 ,17,18,22,
		32 ,22,18,23 ,22,18,23,
		32 ,3,4,8 ,3,4,8,
		32 ,8,4,9 ,8,4,9,
		32 ,8,9,13 ,8,9,13,
		32 ,13,9,14 ,13,9,14,
		32 ,13,14,18 ,13,14,18,
		32 ,18,14,19 ,18,14,19,
		32 ,18,19,23 ,18,19,23,
		32 ,23,19,24 ,23,19,24
	]

}
