{
	"metadata" : {
		"formatVersion" : 3,
		"description" : "Exported from LibZinc."
	},

	"vertices" : [
		479.652313,88.910767,-950.149719,485.683838,108.029732,-949.957153,488.789642,129.122467,-949.778687,489.245056,150.933517,-949.664062,487.325287,172.207397,-949.663025,481.003326,87.810699,-937.641113,485.944641,107.583763,-937.481934,487.929657,129.207947,-937.350342,487.526367,151.372055,-937.270996,485.302887,172.764862,-937.268372,
		482.605896,86.924637,-925.085571,486.618713,107.198334,-924.991882,487.417145,129.297806,-924.932495,485.996674,151.808472,-924.902771,483.352875,173.315765,-924.898132,484.069641,86.488861,-912.502991,487.401154,107.091103,-912.487549,487.147034,129.547058,-912.504333,484.734741,152.331421,-912.521973,481.591827,173.918839,-912.509216,
		485.004303,86.739647,-899.913208,487.987122,107.479736,-899.969360,487.014130,130.110794,-900.044983,483.819244,153.029572,-900.091125,480.136292,174.632797,-900.058716
	],

	"normals" : [
		0.913531,-0.390042,-0.115444,0.976104,-0.217280,-0.003324,0.993050,-0.080144,0.086185,0.989385,0.034961,0.141051,0.977824,0.143766,0.152287,0.932049,-0.333308,-0.142094,0.986256,-0.158492,-0.046686,0.998044,-0.031689,0.053897,0.989663,0.063086,0.128791,0.978306,0.140352,0.152378,
		0.945056,-0.296967,-0.136677,0.992550,-0.103544,-0.064215,0.999332,0.021087,0.029833,0.989230,0.097668,0.109017,0.979962,0.139571,0.142107,0.955225,-0.278880,-0.098847,0.996538,-0.059523,-0.058047,0.997569,0.068530,0.012656,0.987799,0.132769,0.081398,0.981959,0.145163,0.121182,
		0.960704,-0.276313,-0.026447,0.999047,-0.032679,-0.028948,0.994738,0.102445,0.001572,0.985537,0.163114,0.045932,0.982927,0.160891,0.089265
	],

	"faces": [
		32 ,0,1,5 ,0,1,5,
		32 ,5,1,6 ,5,1,6,
		32 ,5,6,10 ,5,6,10,
		32 ,10,6,11 ,10,6,11,
		32 ,10,11,15 ,10,11,15,
		32 ,15,11,16 ,15,11,16,
		32 ,15,16,20 ,15,16,20,
		32 ,20,16,21 ,20,16,21,
		32 ,1,2,6 ,1,2,6,
		32 ,6,2,7 ,6,2,7,
		32 ,6,7,11 ,6,7,11,
		32 ,11,7,12 ,11,7,12,
		32 ,11,12,16 ,11,12,16,
		32 ,16,12,17 ,16,12,17,
		32 ,16,17,21 ,16,17,21,
		32 ,21,17,22 ,21,17,22,
		32 ,2,3,7 ,2,3,7,
		32 ,7,3,8 ,7,3,8,
		32 ,7,8,12 ,7,8,12,
		32 ,12,8,13 ,12,8,13,
		32 ,12,13,17 ,12,13,17,
		32 ,17,13,18 ,17,13,18,
		32 ,17,18,22 ,17,18,22,
		32 ,22,18,23 ,22,18,23,
		32 ,3,4,8 ,3,4,8,
		32 ,8,4,9 ,8,4,9,
		32 ,8,9,13 ,8,9,13,
		32 ,13,9,14 ,13,9,14,
		32 ,13,14,18 ,13,14,18,
		32 ,18,14,19 ,18,14,19,
		32 ,18,19,23 ,18,19,23,
		32 ,23,19,24 ,23,19,24
	]

}
