{
	"metadata" : {
		"formatVersion" : 3,
		"description" : "Exported from LibZinc."
	},

	"vertices" : [
		396.807709,284.543610,-949.871887,378.161041,282.825592,-950.060242,359.935089,278.413086,-950.104553,342.976532,271.584564,-950.070557,328.132202,262.618500,-950.023926,397.170563,282.792969,-937.381714,379.179169,281.283325,-937.680786,361.610718,277.449249,-937.888306,345.273926,271.700745,-937.895630,330.977356,264.447662,-937.594177,
		396.956635,280.603851,-925.002014,379.740051,279.404602,-925.317871,362.991455,276.316986,-925.438171,347.222382,271.984436,-925.372375,332.944305,267.050385,-925.129944,396.216980,277.937469,-912.672974,379.813110,277.225433,-912.941467,363.897369,275.102264,-912.886169,348.647644,272.397308,-912.717712,334.241760,269.939911,-912.646729,
		395.002594,274.755188,-900.334778,379.367737,274.781830,-900.521362,364.148590,273.891083,-900.364014,349.375397,272.900970,-900.148376,335.078400,272.629486,-900.159973
	],

	"normals" : [
		-0.016714,0.992286,0.122840,-0.164606,0.978544,0.123925,-0.302482,0.946663,0.111061,-0.441799,0.892794,0.087931,-0.590979,0.803013,0.076900,-0.014298,0.987631,0.156144,-0.151743,0.977659,0.145455,-0.272479,0.955084,0.116488,-0.390344,0.919171,0.052510,-0.518349,0.853153,-0.058685,
		-0.006941,0.981329,0.192210,-0.131005,0.977670,0.164314,-0.226151,0.967521,0.112959,-0.299211,0.954086,0.013863,-0.350468,0.922090,-0.164082,0.008861,0.972899,0.231062,-0.094864,0.978780,0.181634,-0.159517,0.981737,0.103666,-0.180210,0.983417,-0.020376,-0.142163,0.967183,-0.210588,
		0.038198,0.961273,0.272937,-0.035641,0.979233,0.199579,-0.069833,0.993183,0.093332,-0.053067,0.997724,-0.041592,0.028191,0.980937,-0.192269
	],

	"faces": [
		32 ,0,1,5 ,0,1,5,
		32 ,5,1,6 ,5,1,6,
		32 ,5,6,10 ,5,6,10,
		32 ,10,6,11 ,10,6,11,
		32 ,10,11,15 ,10,11,15,
		32 ,15,11,16 ,15,11,16,
		32 ,15,16,20 ,15,16,20,
		32 ,20,16,21 ,20,16,21,
		32 ,1,2,6 ,1,2,6,
		32 ,6,2,7 ,6,2,7,
		32 ,6,7,11 ,6,7,11,
		32 ,11,7,12 ,11,7,12,
		32 ,11,12,16 ,11,12,16,
		32 ,16,12,17 ,16,12,17,
		32 ,16,17,21 ,16,17,21,
		32 ,21,17,22 ,21,17,22,
		32 ,2,3,7 ,2,3,7,
		32 ,7,3,8 ,7,3,8,
		32 ,7,8,12 ,7,8,12,
		32 ,12,8,13 ,12,8,13,
		32 ,12,13,17 ,12,13,17,
		32 ,17,13,18 ,17,13,18,
		32 ,17,18,22 ,17,18,22,
		32 ,22,18,23 ,22,18,23,
		32 ,3,4,8 ,3,4,8,
		32 ,8,4,9 ,8,4,9,
		32 ,8,9,13 ,8,9,13,
		32 ,13,9,14 ,13,9,14,
		32 ,13,14,18 ,13,14,18,
		32 ,18,14,19 ,18,14,19,
		32 ,18,19,23 ,18,19,23,
		32 ,23,19,24 ,23,19,24
	]

}
