{
	"metadata" : {
		"formatVersion" : 3,
		"description" : "Exported from LibZinc."
	},

	"vertices" : [
		328.132202,262.618500,-950.023926,315.522064,252.078415,-950.028381,303.880524,241.613968,-950.064880,291.976135,233.132919,-950.074951,278.577301,228.542999,-950.000000,330.977356,264.447662,-937.594177,318.157501,256.584839,-937.454590,305.504272,249.384277,-937.787842,292.706573,243.821671,-938.245789,279.453278,240.872696,-938.480530,
		332.944305,267.050385,-925.129944,319.732361,262.412384,-925.090942,306.705597,258.648285,-925.442200,293.691528,255.921814,-925.903259,280.517639,254.396683,-926.193726,334.241760,269.939911,-912.646729,320.687012,268.406952,-912.744934,307.638763,267.654785,-912.915894,294.747162,267.281921,-913.118103,281.662262,266.886810,-913.310059,
		335.078400,272.629486,-900.159973,321.461792,273.414429,-900.223999,308.458038,274.652557,-900.096863,295.689575,275.750549,-899.961243,282.778992,276.114990,-900.000000
	],

	"normals" : [
		-0.590979,0.803013,0.076900,-0.671834,0.740230,-0.026411,-0.618089,0.731246,-0.288520,-0.399704,0.724030,-0.562154,-0.104462,0.709581,-0.696838,-0.518349,0.853153,-0.058685,-0.496347,0.823781,-0.273906,-0.380162,0.771584,-0.510034,-0.220092,0.707690,-0.671367,-0.064479,0.669086,-0.740383,
		-0.350468,0.922090,-0.164082,-0.275316,0.871797,-0.405181,-0.178796,0.790802,-0.585375,-0.096743,0.721573,-0.685546,-0.038822,0.687209,-0.725421,-0.142163,0.967183,-0.210588,-0.069365,0.908285,-0.412560,-0.023925,0.836853,-0.546904,-0.009456,0.784526,-0.620024,-0.022448,0.760598,-0.648835,
		0.028191,0.980937,-0.192269,0.077862,0.946396,-0.313484,0.085809,0.917961,-0.387279,0.055888,0.901069,-0.430060,-0.007151,0.891400,-0.453161
	],

	"faces": [
		32 ,0,1,5 ,0,1,5,
		32 ,5,1,6 ,5,1,6,
		32 ,5,6,10 ,5,6,10,
		32 ,10,6,11 ,10,6,11,
		32 ,10,11,15 ,10,11,15,
		32 ,15,11,16 ,15,11,16,
		32 ,15,16,20 ,15,16,20,
		32 ,20,16,21 ,20,16,21,
		32 ,1,2,6 ,1,2,6,
		32 ,6,2,7 ,6,2,7,
		32 ,6,7,11 ,6,7,11,
		32 ,11,7,12 ,11,7,12,
		32 ,11,12,16 ,11,12,16,
		32 ,16,12,17 ,16,12,17,
		32 ,16,17,21 ,16,17,21,
		32 ,21,17,22 ,21,17,22,
		32 ,2,3,7 ,2,3,7,
		32 ,7,3,8 ,7,3,8,
		32 ,7,8,12 ,7,8,12,
		32 ,12,8,13 ,12,8,13,
		32 ,12,13,17 ,12,13,17,
		32 ,17,13,18 ,17,13,18,
		32 ,17,18,22 ,17,18,22,
		32 ,22,18,23 ,22,18,23,
		32 ,3,4,8 ,3,4,8,
		32 ,8,4,9 ,8,4,9,
		32 ,8,9,13 ,8,9,13,
		32 ,13,9,14 ,13,9,14,
		32 ,13,14,18 ,13,14,18,
		32 ,18,14,19 ,18,14,19,
		32 ,18,19,23 ,18,19,23,
		32 ,23,19,24 ,23,19,24
	]

}
