{
	"metadata" : {
		"formatVersion" : 3,
		"description" : "Exported from LibZinc."
	},

	"vertices" : [
		176.118301,262.763794,-900.000000,159.672226,261.351501,-900.130920,142.443665,258.056793,-900.247620,125.371216,252.108124,-900.240479,109.393501,242.733902,-900.000000,178.193329,260.730988,-887.628540,162.326859,258.540833,-887.837219,145.606430,255.170593,-887.944153,128.851059,249.672867,-887.863464,112.879768,241.100296,-887.509094,
		179.729080,259.543671,-875.179871,164.548035,256.280243,-875.442017,148.588272,252.446411,-875.560913,132.436188,247.059280,-875.434448,116.678185,239.136032,-874.960510,180.531662,259.161011,-862.641235,166.180374,254.719437,-862.943665,151.186737,250.158005,-863.104675,135.862228,244.569046,-862.981567,120.518280,237.044876,-862.431702,
		180.407196,259.542114,-850.000000,167.068512,254.008041,-850.340576,153.199417,248.579147,-850.582397,138.864807,242.503860,-850.532959,124.129601,235.030594,-850.000000
	],

	"normals" : [
		-0.046554,0.977800,0.204304,-0.127319,0.955464,0.266231,-0.242284,0.928687,0.280782,-0.395226,0.878968,0.266854,-0.578885,0.779714,0.238615,-0.126174,0.981283,0.145480,-0.155725,0.960571,0.230334,-0.236609,0.931947,0.274757,-0.365284,0.884924,0.288923,-0.534989,0.799099,0.274276,
		-0.221748,0.971662,0.081860,-0.209929,0.960567,0.182320,-0.257149,0.933411,0.250236,-0.354733,0.889761,0.287210,-0.495216,0.819944,0.287146,-0.318981,0.947719,0.008957,-0.283255,0.951870,0.117086,-0.302009,0.931195,0.204122,-0.366279,0.892663,0.262663,-0.468142,0.837711,0.281217,
		-0.405570,0.911014,-0.074614,-0.366561,0.929883,0.030844,-0.368169,0.920410,0.131521,-0.403057,0.890049,0.212975,-0.463940,0.847247,0.258713
	],

	"faces": [
		32 ,0,1,5 ,0,1,5,
		32 ,5,1,6 ,5,1,6,
		32 ,5,6,10 ,5,6,10,
		32 ,10,6,11 ,10,6,11,
		32 ,10,11,15 ,10,11,15,
		32 ,15,11,16 ,15,11,16,
		32 ,15,16,20 ,15,16,20,
		32 ,20,16,21 ,20,16,21,
		32 ,1,2,6 ,1,2,6,
		32 ,6,2,7 ,6,2,7,
		32 ,6,7,11 ,6,7,11,
		32 ,11,7,12 ,11,7,12,
		32 ,11,12,16 ,11,12,16,
		32 ,16,12,17 ,16,12,17,
		32 ,16,17,21 ,16,17,21,
		32 ,21,17,22 ,21,17,22,
		32 ,2,3,7 ,2,3,7,
		32 ,7,3,8 ,7,3,8,
		32 ,7,8,12 ,7,8,12,
		32 ,12,8,13 ,12,8,13,
		32 ,12,13,17 ,12,13,17,
		32 ,17,13,18 ,17,13,18,
		32 ,17,18,22 ,17,18,22,
		32 ,22,18,23 ,22,18,23,
		32 ,3,4,8 ,3,4,8,
		32 ,8,4,9 ,8,4,9,
		32 ,8,9,13 ,8,9,13,
		32 ,13,9,14 ,13,9,14,
		32 ,13,14,18 ,13,14,18,
		32 ,18,14,19 ,18,14,19,
		32 ,18,19,23 ,18,19,23,
		32 ,23,19,24 ,23,19,24
	]

}
