{
	"metadata" : {
		"formatVersion" : 3,
		"description" : "Exported from LibZinc."
	},

	"vertices" : [
		217.197906,39.596230,-900.158325,234.252808,39.830536,-900.138184,251.021164,40.063339,-900.194153,267.902435,40.359993,-900.262085,285.295990,40.785858,-900.277771,217.044785,39.443859,-887.636902,234.101517,39.622311,-887.699890,250.915802,39.875084,-887.745117,267.815277,40.207027,-887.762390,285.127563,40.622986,-887.741333,
		216.906631,39.093102,-875.096313,233.966232,39.296936,-875.153442,250.763535,39.731323,-875.177124,267.648468,40.271313,-875.170288,284.970947,40.791946,-875.135681,216.736938,38.636959,-862.557007,233.799179,38.899475,-862.564453,250.571411,39.572781,-862.561646,267.450317,40.385502,-862.544800,284.832611,41.066257,-862.510010,
		216.489197,38.168419,-850.039185,233.552658,38.474983,-849.998596,250.346497,39.340176,-849.970154,267.269135,40.382244,-849.944885,284.718994,41.219440,-849.913574
	],

	"normals" : [
		0.014825,-0.999889,-0.001565,0.013198,-0.999856,-0.010702,0.015062,-0.999715,-0.018519,0.020435,-0.999467,-0.025460,0.028837,-0.999073,-0.031952,0.008181,-0.999742,-0.021211,0.012649,-0.999682,-0.021795,0.017324,-0.999774,-0.012287,0.021878,-0.999760,-0.001074,0.026054,-0.999654,0.003580,
		0.002565,-0.999440,-0.033352,0.020069,-0.999376,-0.029083,0.030249,-0.999484,-0.010787,0.032303,-0.999430,0.009765,0.026506,-0.999431,0.020847,-0.001946,-0.999271,-0.038133,0.030415,-0.999001,-0.032730,0.046984,-0.998799,-0.013921,0.046348,-0.998899,0.007323,0.029442,-0.999362,0.020213,
		-0.005664,-0.999350,-0.035612,0.038533,-0.998720,-0.032779,0.060488,-0.997930,-0.021850,0.058513,-0.998249,-0.008625,0.034018,-0.999420,0.001630
	],

	"faces": [
		32 ,0,1,5 ,0,1,5,
		32 ,5,1,6 ,5,1,6,
		32 ,5,6,10 ,5,6,10,
		32 ,10,6,11 ,10,6,11,
		32 ,10,11,15 ,10,11,15,
		32 ,15,11,16 ,15,11,16,
		32 ,15,16,20 ,15,16,20,
		32 ,20,16,21 ,20,16,21,
		32 ,1,2,6 ,1,2,6,
		32 ,6,2,7 ,6,2,7,
		32 ,6,7,11 ,6,7,11,
		32 ,11,7,12 ,11,7,12,
		32 ,11,12,16 ,11,12,16,
		32 ,16,12,17 ,16,12,17,
		32 ,16,17,21 ,16,17,21,
		32 ,21,17,22 ,21,17,22,
		32 ,2,3,7 ,2,3,7,
		32 ,7,3,8 ,7,3,8,
		32 ,7,8,12 ,7,8,12,
		32 ,12,8,13 ,12,8,13,
		32 ,12,13,17 ,12,13,17,
		32 ,17,13,18 ,17,13,18,
		32 ,17,18,22 ,17,18,22,
		32 ,22,18,23 ,22,18,23,
		32 ,3,4,8 ,3,4,8,
		32 ,8,4,9 ,8,4,9,
		32 ,8,9,13 ,8,9,13,
		32 ,13,9,14 ,13,9,14,
		32 ,13,14,18 ,13,14,18,
		32 ,18,14,19 ,18,14,19,
		32 ,18,19,23 ,18,19,23,
		32 ,23,19,24 ,23,19,24
	]

}
