{
	"metadata" : {
		"formatVersion" : 3,
		"description" : "Exported from LibZinc."
	},

	"vertices" : [
		285.295990,40.785858,-900.277771,303.427643,41.290195,-900.180603,322.047241,41.721508,-900.015198,340.840393,41.994045,-899.875854,359.492706,42.022041,-899.856689,285.127563,40.622986,-887.741333,303.184875,41.062584,-887.669250,321.842377,41.440868,-887.559021,340.712067,41.725842,-887.439148,359.405914,41.885502,-887.338196,
		284.970947,40.791946,-875.135681,303.041504,41.114082,-875.079956,321.694244,41.242142,-875.008850,340.564148,41.326523,-874.923828,359.286377,41.517628,-874.826233,284.832611,41.066257,-862.510010,302.963409,41.260212,-862.466309,321.613129,41.054718,-862.422607,340.466431,40.841682,-862.375305,359.207886,41.013020,-862.320557,
		284.718994,41.219440,-849.913574,302.916382,41.316494,-849.881714,321.609467,40.807983,-849.858154,340.488678,40.316910,-849.839111,359.244293,40.466270,-849.820923
	],

	"normals" : [
		0.028837,-0.999073,-0.031952,0.026407,-0.999082,-0.033742,0.019758,-0.999427,-0.027474,0.008840,-0.999847,-0.015068,-0.006646,-0.999978,0.000827,0.026054,-0.999654,0.003580,0.022504,-0.999738,-0.004226,0.018005,-0.999677,-0.017952,0.012240,-0.999555,-0.027186,0.004766,-0.999760,-0.021363,
		0.026506,-0.999431,0.020847,0.010821,-0.999888,0.010363,0.004371,-0.999887,-0.014373,0.006145,-0.999341,-0.035771,0.016089,-0.999224,-0.035964,0.029442,-0.999362,0.020213,-0.003879,-0.999938,0.010448,-0.014560,-0.999760,-0.016361,-0.004458,-0.999157,-0.040813,0.026700,-0.998711,-0.043179,
		0.034018,-0.999420,0.001630,-0.016727,-0.999852,-0.004050,-0.031992,-0.999204,-0.023811,-0.014503,-0.999006,-0.042149,0.036416,-0.998403,-0.043191
	],

	"faces": [
		32 ,0,1,5 ,0,1,5,
		32 ,5,1,6 ,5,1,6,
		32 ,5,6,10 ,5,6,10,
		32 ,10,6,11 ,10,6,11,
		32 ,10,11,15 ,10,11,15,
		32 ,15,11,16 ,15,11,16,
		32 ,15,16,20 ,15,16,20,
		32 ,20,16,21 ,20,16,21,
		32 ,1,2,6 ,1,2,6,
		32 ,6,2,7 ,6,2,7,
		32 ,6,7,11 ,6,7,11,
		32 ,11,7,12 ,11,7,12,
		32 ,11,12,16 ,11,12,16,
		32 ,16,12,17 ,16,12,17,
		32 ,16,17,21 ,16,17,21,
		32 ,21,17,22 ,21,17,22,
		32 ,2,3,7 ,2,3,7,
		32 ,7,3,8 ,7,3,8,
		32 ,7,8,12 ,7,8,12,
		32 ,12,8,13 ,12,8,13,
		32 ,12,13,17 ,12,13,17,
		32 ,17,13,18 ,17,13,18,
		32 ,17,18,22 ,17,18,22,
		32 ,22,18,23 ,22,18,23,
		32 ,3,4,8 ,3,4,8,
		32 ,8,4,9 ,8,4,9,
		32 ,8,9,13 ,8,9,13,
		32 ,13,9,14 ,13,9,14,
		32 ,13,14,18 ,13,14,18,
		32 ,18,14,19 ,18,14,19,
		32 ,18,19,23 ,18,19,23,
		32 ,23,19,24 ,23,19,24
	]

}
