{
	"metadata" : {
		"formatVersion" : 3,
		"description" : "Exported from LibZinc."
	},

	"vertices" : [
		359.492706,42.022041,-899.856689,378.005310,41.704716,-899.814758,396.507172,41.439262,-899.638428,414.875580,41.886868,-899.469299,432.987793,43.708721,-899.448914,359.405914,41.885502,-887.338196,377.961182,41.715225,-887.236633,396.562836,41.519451,-887.121765,415.044434,42.029774,-887.031738,433.239502,43.977779,-887.004944,
		359.286377,41.517628,-874.826233,377.895111,41.505119,-874.751465,396.553253,41.416679,-874.719421,415.088776,42.059723,-874.708740,433.329742,44.241665,-874.697815,359.207886,41.013020,-862.320557,377.860199,41.159439,-862.306641,396.542328,41.202965,-862.349670,415.083435,42.032463,-862.397766,433.312683,44.536797,-862.399231,
		359.244293,40.466270,-849.820923,377.909454,40.763218,-849.849854,396.593933,40.950325,-849.930542,415.103149,42.003738,-849.996338,433.242493,44.899590,-849.980713
	],

	"normals" : [
		-0.006646,-0.999978,0.000827,-0.021753,-0.999694,0.011768,-0.001201,-0.999879,0.015537,0.055905,-0.998304,0.016225,0.150457,-0.988450,0.018142,0.004766,-0.999760,-0.021363,-0.016331,-0.999824,-0.009183,0.001914,-0.999996,-0.001874,0.060156,-0.998172,0.005770,0.159654,-0.986996,0.018711,
		0.016089,-0.999224,-0.035964,-0.009850,-0.999676,-0.023487,0.007675,-0.999876,-0.013745,0.069222,-0.997601,-0.000684,0.175716,-0.984206,0.021518,0.026700,-0.998711,-0.043179,-0.002881,-0.999517,-0.030939,0.015408,-0.999685,-0.019809,0.082196,-0.996612,-0.002976,0.197810,-0.979882,0.026490,
		0.036416,-0.998403,-0.043191,0.004128,-0.999495,-0.031522,0.024459,-0.999499,-0.020088,0.098227,-0.995163,-0.001317,0.225326,-0.973718,0.033204
	],

	"faces": [
		32 ,0,1,5 ,0,1,5,
		32 ,5,1,6 ,5,1,6,
		32 ,5,6,10 ,5,6,10,
		32 ,10,6,11 ,10,6,11,
		32 ,10,11,15 ,10,11,15,
		32 ,15,11,16 ,15,11,16,
		32 ,15,16,20 ,15,16,20,
		32 ,20,16,21 ,20,16,21,
		32 ,1,2,6 ,1,2,6,
		32 ,6,2,7 ,6,2,7,
		32 ,6,7,11 ,6,7,11,
		32 ,11,7,12 ,11,7,12,
		32 ,11,12,16 ,11,12,16,
		32 ,16,12,17 ,16,12,17,
		32 ,16,17,21 ,16,17,21,
		32 ,21,17,22 ,21,17,22,
		32 ,2,3,7 ,2,3,7,
		32 ,7,3,8 ,7,3,8,
		32 ,7,8,12 ,7,8,12,
		32 ,12,8,13 ,12,8,13,
		32 ,12,13,17 ,12,13,17,
		32 ,17,13,18 ,17,13,18,
		32 ,17,18,22 ,17,18,22,
		32 ,22,18,23 ,22,18,23,
		32 ,3,4,8 ,3,4,8,
		32 ,8,4,9 ,8,4,9,
		32 ,8,9,13 ,8,9,13,
		32 ,13,9,14 ,13,9,14,
		32 ,13,14,18 ,13,14,18,
		32 ,18,14,19 ,18,14,19,
		32 ,18,19,23 ,18,19,23,
		32 ,23,19,24 ,23,19,24
	]

}
