{
	"metadata" : {
		"formatVersion" : 3,
		"description" : "Exported from LibZinc."
	},

	"vertices" : [
		452.961609,245.457001,-899.931580,440.452972,257.683472,-899.790527,426.190735,266.652222,-899.800537,410.824158,272.347900,-899.976868,395.002594,274.755188,-900.334778,450.274231,244.039215,-887.399536,437.644928,255.250000,-887.331909,423.536713,263.325470,-887.409485,408.566040,268.545044,-887.598450,393.349396,271.188080,-887.864929,
		447.313782,242.382385,-874.846008,434.488983,252.505936,-874.884399,420.581909,259.723816,-874.984070,406.066986,264.563599,-875.115662,391.418701,267.552826,-875.249939,444.099091,240.546692,-862.327698,431.110046,249.629272,-862.471008,417.481171,256.126770,-862.559998,403.498901,260.719818,-862.599365,389.449799,264.089081,-862.593628,
		440.648987,238.592300,-849.901428,427.632996,246.797974,-850.114685,414.389282,252.813751,-850.173035,401.033691,257.329865,-850.120239,387.682007,261.036499,-850.000000
	],

	"normals" : [
		0.754924,0.618898,0.216921,0.597398,0.758801,0.259495,0.419619,0.857399,0.297971,0.232795,0.921884,0.309736,0.038198,0.961273,0.272937,0.719782,0.650541,0.242304,0.553863,0.777831,0.297011,0.385148,0.861304,0.331386,0.228617,0.914379,0.334133,0.085611,0.953519,0.288916,
		0.671593,0.692879,0.262454,0.509019,0.800115,0.317359,0.358171,0.868483,0.342711,0.234804,0.911737,0.337050,0.143043,0.946011,0.290862,0.617121,0.736384,0.277308,0.469654,0.822005,0.322077,0.342757,0.878064,0.333947,0.250969,0.913873,0.319142,0.201085,0.940011,0.275581,
		0.565737,0.772792,0.287636,0.443720,0.839767,0.312895,0.343536,0.888029,0.305595,0.276787,0.919675,0.278545,0.251367,0.937915,0.239018
	],

	"faces": [
		32 ,0,1,5 ,0,1,5,
		32 ,5,1,6 ,5,1,6,
		32 ,5,6,10 ,5,6,10,
		32 ,10,6,11 ,10,6,11,
		32 ,10,11,15 ,10,11,15,
		32 ,15,11,16 ,15,11,16,
		32 ,15,16,20 ,15,16,20,
		32 ,20,16,21 ,20,16,21,
		32 ,1,2,6 ,1,2,6,
		32 ,6,2,7 ,6,2,7,
		32 ,6,7,11 ,6,7,11,
		32 ,11,7,12 ,11,7,12,
		32 ,11,12,16 ,11,12,16,
		32 ,16,12,17 ,16,12,17,
		32 ,16,17,21 ,16,17,21,
		32 ,21,17,22 ,21,17,22,
		32 ,2,3,7 ,2,3,7,
		32 ,7,3,8 ,7,3,8,
		32 ,7,8,12 ,7,8,12,
		32 ,12,8,13 ,12,8,13,
		32 ,12,13,17 ,12,13,17,
		32 ,17,13,18 ,17,13,18,
		32 ,17,18,22 ,17,18,22,
		32 ,22,18,23 ,22,18,23,
		32 ,3,4,8 ,3,4,8,
		32 ,8,4,9 ,8,4,9,
		32 ,8,9,13 ,8,9,13,
		32 ,13,9,14 ,13,9,14,
		32 ,13,14,18 ,13,14,18,
		32 ,18,14,19 ,18,14,19,
		32 ,18,19,23 ,18,19,23,
		32 ,23,19,24 ,23,19,24
	]

}
