{
	"metadata" : {
		"formatVersion" : 3,
		"description" : "Exported from LibZinc."
	},

	"vertices" : [
		335.078400,272.629486,-900.159973,321.461792,273.414429,-900.223999,308.458038,274.652557,-900.096863,295.689575,275.750549,-899.961243,282.778992,276.114990,-900.000000,335.640808,274.329865,-887.703796,322.208374,276.402771,-887.637817,309.211670,278.551941,-887.347534,296.434296,280.248718,-887.062073,283.659790,280.964447,-887.010498,
		336.125183,275.051422,-875.246704,322.915314,277.854889,-875.146301,309.935272,280.417297,-874.922729,297.072540,282.313446,-874.710632,284.214569,283.118225,-874.644531,336.754608,275.506836,-862.706238,323.778687,278.889099,-862.632690,310.763947,281.728638,-862.549011,297.683990,283.717560,-862.469116,284.512299,284.547943,-862.406677,
		337.752289,276.408813,-850.000000,324.994415,280.623657,-849.980103,311.832794,283.965942,-849.952942,298.348328,286.233795,-849.899658,284.621887,287.225189,-849.801514
	],

	"normals" : [
		0.028191,0.980937,-0.192269,0.077862,0.946396,-0.313484,0.085809,0.917961,-0.387279,0.055888,0.901069,-0.430060,-0.007151,0.891400,-0.453161,0.134450,0.986654,-0.091857,0.159622,0.972965,-0.166914,0.145877,0.966444,-0.211436,0.094465,0.967341,-0.235218,0.006399,0.969597,-0.244623,
		0.203658,0.977995,-0.045270,0.203868,0.974400,-0.094779,0.172195,0.978122,-0.116735,0.107684,0.986727,-0.121547,0.009516,0.992824,-0.119204,0.263422,0.962876,-0.058974,0.234402,0.965796,-0.110878,0.183259,0.973991,-0.133261,0.108829,0.984380,-0.138389,0.010601,0.990292,-0.138600,
		0.340348,0.930939,-0.132346,0.275217,0.937713,-0.212012,0.200609,0.945808,-0.255351,0.115004,0.953765,-0.277679,0.017096,0.956196,-0.292226
	],

	"faces": [
		32 ,0,1,5 ,0,1,5,
		32 ,5,1,6 ,5,1,6,
		32 ,5,6,10 ,5,6,10,
		32 ,10,6,11 ,10,6,11,
		32 ,10,11,15 ,10,11,15,
		32 ,15,11,16 ,15,11,16,
		32 ,15,16,20 ,15,16,20,
		32 ,20,16,21 ,20,16,21,
		32 ,1,2,6 ,1,2,6,
		32 ,6,2,7 ,6,2,7,
		32 ,6,7,11 ,6,7,11,
		32 ,11,7,12 ,11,7,12,
		32 ,11,12,16 ,11,12,16,
		32 ,16,12,17 ,16,12,17,
		32 ,16,17,21 ,16,17,21,
		32 ,21,17,22 ,21,17,22,
		32 ,2,3,7 ,2,3,7,
		32 ,7,3,8 ,7,3,8,
		32 ,7,8,12 ,7,8,12,
		32 ,12,8,13 ,12,8,13,
		32 ,12,13,17 ,12,13,17,
		32 ,17,13,18 ,17,13,18,
		32 ,17,18,22 ,17,18,22,
		32 ,22,18,23 ,22,18,23,
		32 ,3,4,8 ,3,4,8,
		32 ,8,4,9 ,8,4,9,
		32 ,8,9,13 ,8,9,13,
		32 ,13,9,14 ,13,9,14,
		32 ,13,14,18 ,13,14,18,
		32 ,18,14,19 ,18,14,19,
		32 ,18,19,23 ,18,19,23,
		32 ,23,19,24 ,23,19,24
	]

}
