{
	"metadata" : {
		"formatVersion" : 3,
		"description" : "Exported from LibZinc."
	},

	"vertices" : [
		86.148560,172.442398,-849.721985,83.076706,150.966125,-850.334351,80.652596,128.207336,-850.626770,80.460182,105.416237,-850.617188,84.083443,83.842957,-850.323608,87.954895,172.591827,-837.197510,84.259125,151.628235,-837.776062,81.727180,129.310196,-838.060547,81.704933,106.878304,-838.049805,85.538254,85.573120,-837.742615,
		89.971054,172.615158,-824.743958,85.778008,152.258545,-825.224182,83.294014,130.516968,-825.477173,83.589600,108.621399,-825.475769,87.735306,87.802811,-825.192444,92.173210,172.593658,-812.343811,87.658470,152.884857,-812.700012,85.312820,131.787735,-812.909851,85.961288,110.519852,-812.923218,90.428894,90.298828,-812.690186,
		94.537529,172.608597,-799.979370,89.925629,153.534973,-800.225037,87.743332,133.082550,-800.391602,88.667091,112.447998,-800.420532,93.373337,92.827950,-800.253113
	],

	"normals" : [
		-0.982562,0.133049,0.129882,-0.988551,0.131890,0.073298,-0.995949,0.067776,0.059093,-0.995070,-0.063980,0.075780,-0.954263,-0.279155,0.107028,-0.972108,0.181901,0.148049,-0.984064,0.148424,0.097923,-0.992961,0.065420,0.098733,-0.988120,-0.074286,0.134541,-0.940969,-0.283286,0.185271,
		-0.959645,0.228832,0.163455,-0.979264,0.159866,0.124436,-0.989118,0.056351,0.135902,-0.979171,-0.091582,0.181212,-0.925178,-0.294049,0.239958,-0.947534,0.267215,0.175429,-0.974129,0.166500,0.152809,-0.984360,0.044433,0.170475,-0.970137,-0.111057,0.215640,-0.911297,-0.308972,0.272166,
		-0.939249,0.289797,0.183925,-0.968579,0.168317,0.183095,-0.978766,0.033964,0.202146,-0.963037,-0.127333,0.237373,-0.902696,-0.324817,0.282195
	],

	"faces": [
		32 ,0,1,5 ,0,1,5,
		32 ,5,1,6 ,5,1,6,
		32 ,5,6,10 ,5,6,10,
		32 ,10,6,11 ,10,6,11,
		32 ,10,11,15 ,10,11,15,
		32 ,15,11,16 ,15,11,16,
		32 ,15,16,20 ,15,16,20,
		32 ,20,16,21 ,20,16,21,
		32 ,1,2,6 ,1,2,6,
		32 ,6,2,7 ,6,2,7,
		32 ,6,7,11 ,6,7,11,
		32 ,11,7,12 ,11,7,12,
		32 ,11,12,16 ,11,12,16,
		32 ,16,12,17 ,16,12,17,
		32 ,16,17,21 ,16,17,21,
		32 ,21,17,22 ,21,17,22,
		32 ,2,3,7 ,2,3,7,
		32 ,7,3,8 ,7,3,8,
		32 ,7,8,12 ,7,8,12,
		32 ,12,8,13 ,12,8,13,
		32 ,12,13,17 ,12,13,17,
		32 ,17,13,18 ,17,13,18,
		32 ,17,18,22 ,17,18,22,
		32 ,22,18,23 ,22,18,23,
		32 ,3,4,8 ,3,4,8,
		32 ,8,4,9 ,8,4,9,
		32 ,8,9,13 ,8,9,13,
		32 ,13,9,14 ,13,9,14,
		32 ,13,14,18 ,13,14,18,
		32 ,18,14,19 ,18,14,19,
		32 ,18,19,23 ,18,19,23,
		32 ,23,19,24 ,23,19,24
	]

}
