{
	"metadata" : {
		"formatVersion" : 3,
		"description" : "Exported from LibZinc."
	},

	"vertices" : [
		84.083443,83.842957,-850.323608,93.632149,65.312935,-850.012512,108.662651,51.120483,-849.911499,126.928741,41.719158,-849.980347,146.184204,37.562500,-850.178772,85.538254,85.573120,-837.742615,95.027565,67.054321,-837.413635,109.711990,52.552212,-837.315552,127.545486,42.663254,-837.414612,146.481995,37.983932,-837.676880,
		87.735306,87.802811,-825.192444,97.124649,69.452728,-824.870789,111.282387,54.650623,-824.764038,128.475922,44.159389,-824.859131,146.972672,38.741924,-825.143066,90.428894,90.298828,-812.690186,99.691223,72.220047,-812.395569,113.239784,57.171036,-812.269653,129.673508,46.057621,-812.330322,147.591293,39.785622,-812.595581,
		93.373337,92.827950,-800.253113,102.495140,75.068153,-799.999512,115.450142,59.868748,-799.845276,131.091660,48.208000,-799.844788,148.272995,41.064171,-800.052490
	],

	"normals" : [
		-0.954263,-0.279155,0.107028,-0.786823,-0.604722,0.123373,-0.569264,-0.816127,0.099372,-0.336287,-0.939964,0.058130,-0.072325,-0.997182,0.019915,-0.940969,-0.283286,0.185271,-0.784135,-0.584083,0.209713,-0.585889,-0.791123,0.175668,-0.363425,-0.924593,0.114235,-0.098231,-0.993873,0.050660,
		-0.925178,-0.294049,0.239958,-0.782979,-0.562047,0.266546,-0.608145,-0.759979,0.229330,-0.400547,-0.902530,0.158121,-0.138066,-0.987363,0.077800,-0.911297,-0.308972,0.272166,-0.785457,-0.543146,0.296731,-0.633444,-0.728122,0.261893,-0.443251,-0.876004,0.190117,-0.188510,-0.976866,0.100981,
		-0.902696,-0.324817,0.282195,-0.791944,-0.530490,0.302335,-0.658709,-0.700392,0.274870,-0.487112,-0.847561,0.210623,-0.247287,-0.961554,0.119429
	],

	"faces": [
		32 ,0,1,5 ,0,1,5,
		32 ,5,1,6 ,5,1,6,
		32 ,5,6,10 ,5,6,10,
		32 ,10,6,11 ,10,6,11,
		32 ,10,11,15 ,10,11,15,
		32 ,15,11,16 ,15,11,16,
		32 ,15,16,20 ,15,16,20,
		32 ,20,16,21 ,20,16,21,
		32 ,1,2,6 ,1,2,6,
		32 ,6,2,7 ,6,2,7,
		32 ,6,7,11 ,6,7,11,
		32 ,11,7,12 ,11,7,12,
		32 ,11,12,16 ,11,12,16,
		32 ,16,12,17 ,16,12,17,
		32 ,16,17,21 ,16,17,21,
		32 ,21,17,22 ,21,17,22,
		32 ,2,3,7 ,2,3,7,
		32 ,7,3,8 ,7,3,8,
		32 ,7,8,12 ,7,8,12,
		32 ,12,8,13 ,12,8,13,
		32 ,12,13,17 ,12,13,17,
		32 ,17,13,18 ,17,13,18,
		32 ,17,18,22 ,17,18,22,
		32 ,22,18,23 ,22,18,23,
		32 ,3,4,8 ,3,4,8,
		32 ,8,4,9 ,8,4,9,
		32 ,8,9,13 ,8,9,13,
		32 ,13,9,14 ,13,9,14,
		32 ,13,14,18 ,13,14,18,
		32 ,18,14,19 ,18,14,19,
		32 ,18,19,23 ,18,19,23,
		32 ,23,19,24 ,23,19,24
	]

}
