{
	"metadata" : {
		"formatVersion" : 3,
		"description" : "Exported from LibZinc."
	},

	"vertices" : [
		433.242493,44.899590,-849.980713,450.200775,51.000969,-849.924316,464.724304,60.982975,-849.913879,475.954773,74.789780,-849.951904,483.033905,92.365547,-850.040710,433.057098,45.534145,-837.426025,449.680145,52.271088,-837.310120,463.734100,62.843460,-837.246155,474.456146,77.066124,-837.252563,481.083496,94.753952,-837.348022,
		432.630585,46.684830,-824.837097,448.749756,54.189430,-824.683350,462.112823,65.427536,-824.595703,472.139618,80.052223,-824.598389,478.250092,97.716568,-824.715515,431.921326,48.448456,-812.262756,447.366638,56.816021,-812.111572,459.882538,68.716484,-812.051880,469.115906,83.662376,-812.091125,474.713623,101.166214,-812.236938,
		430.887695,50.921848,-799.751770,445.487823,60.210888,-799.662598,457.065369,72.691566,-799.703857,465.495728,87.810852,-799.832581,470.654205,105.015701,-800.005798
	],

	"normals" : [
		0.225326,-0.973718,0.033204,0.450518,-0.889170,0.080066,0.669805,-0.732483,0.121782,0.851503,-0.503673,0.145793,0.961345,-0.232388,0.147690,0.258989,-0.963098,0.073258,0.484499,-0.864166,0.135933,0.691053,-0.696374,0.193672,0.853362,-0.469175,0.227263,0.950957,-0.210784,0.226385,
		0.300625,-0.945950,0.121667,0.524720,-0.828300,0.196439,0.714356,-0.649425,0.260657,0.853665,-0.429194,0.295040,0.937878,-0.191953,0.289030,0.350486,-0.919466,0.178161,0.566695,-0.781567,0.260787,0.735429,-0.595694,0.322945,0.851801,-0.388481,0.351451,0.923918,-0.178049,0.338636,
		0.408698,-0.880091,0.241672,0.606313,-0.724607,0.327611,0.750946,-0.539364,0.381009,0.846968,-0.351240,0.399093,0.909739,-0.171525,0.378093
	],

	"faces": [
		32 ,0,1,5 ,0,1,5,
		32 ,5,1,6 ,5,1,6,
		32 ,5,6,10 ,5,6,10,
		32 ,10,6,11 ,10,6,11,
		32 ,10,11,15 ,10,11,15,
		32 ,15,11,16 ,15,11,16,
		32 ,15,16,20 ,15,16,20,
		32 ,20,16,21 ,20,16,21,
		32 ,1,2,6 ,1,2,6,
		32 ,6,2,7 ,6,2,7,
		32 ,6,7,11 ,6,7,11,
		32 ,11,7,12 ,11,7,12,
		32 ,11,12,16 ,11,12,16,
		32 ,16,12,17 ,16,12,17,
		32 ,16,17,21 ,16,17,21,
		32 ,21,17,22 ,21,17,22,
		32 ,2,3,7 ,2,3,7,
		32 ,7,3,8 ,7,3,8,
		32 ,7,8,12 ,7,8,12,
		32 ,12,8,13 ,12,8,13,
		32 ,12,13,17 ,12,13,17,
		32 ,17,13,18 ,17,13,18,
		32 ,17,18,22 ,17,18,22,
		32 ,22,18,23 ,22,18,23,
		32 ,3,4,8 ,3,4,8,
		32 ,8,4,9 ,8,4,9,
		32 ,8,9,13 ,8,9,13,
		32 ,13,9,14 ,13,9,14,
		32 ,13,14,18 ,13,14,18,
		32 ,18,14,19 ,18,14,19,
		32 ,18,19,23 ,18,19,23,
		32 ,23,19,24 ,23,19,24
	]

}
