{
	"metadata" : {
		"formatVersion" : 3,
		"description" : "Exported from LibZinc."
	},

	"vertices" : [
		483.033905,92.365547,-850.040710,485.162323,113.177475,-850.159424,483.257904,135.606384,-850.245789,479.038147,157.966858,-850.240234,474.220612,178.573502,-850.083130,481.083496,94.753952,-837.348022,483.045563,115.389137,-837.515076,481.251648,137.487335,-837.665344,477.158966,159.413559,-837.710571,472.224579,179.532852,-837.562683,
		478.250092,97.716568,-824.715515,480.148743,117.962578,-824.918274,478.653320,139.520996,-825.102478,474.853485,160.827988,-825.179443,469.838989,180.319702,-825.060608,474.713623,101.166214,-812.236938,476.627014,120.851509,-812.442444,475.513855,141.685989,-812.613770,472.080872,162.198563,-812.687988,467.034882,180.918106,-812.601990,
		470.654205,105.015701,-800.005798,472.635559,124.009628,-800.161011,471.884247,143.960922,-800.255859,468.800201,163.513718,-800.277222,463.783295,181.312103,-800.212219
	],

	"normals" : [
		0.961345,-0.232388,0.147690,0.991479,0.008556,0.129985,0.983055,0.145408,0.111619,0.971122,0.214047,0.105382,0.966258,0.227467,0.120848,0.950957,-0.210784,0.226385,0.980772,0.008758,0.194963,0.977446,0.140546,0.157624,0.966909,0.215729,0.136191,0.957237,0.247457,0.149877,
		0.937878,-0.191953,0.289030,0.968417,0.001538,0.249331,0.971101,0.128000,0.201440,0.961880,0.213591,0.170780,0.944964,0.272641,0.180857,0.923918,-0.178049,0.338636,0.955673,-0.010303,0.294250,0.963577,0.111678,0.242997,0.955206,0.209607,0.208917,0.929895,0.299036,0.214180,
		0.909739,-0.171525,0.378093,0.943522,-0.024133,0.330430,0.954650,0.095671,0.281942,0.946045,0.205807,0.250286,0.912889,0.322558,0.250182
	],

	"faces": [
		32 ,0,1,5 ,0,1,5,
		32 ,5,1,6 ,5,1,6,
		32 ,5,6,10 ,5,6,10,
		32 ,10,6,11 ,10,6,11,
		32 ,10,11,15 ,10,11,15,
		32 ,15,11,16 ,15,11,16,
		32 ,15,16,20 ,15,16,20,
		32 ,20,16,21 ,20,16,21,
		32 ,1,2,6 ,1,2,6,
		32 ,6,2,7 ,6,2,7,
		32 ,6,7,11 ,6,7,11,
		32 ,11,7,12 ,11,7,12,
		32 ,11,12,16 ,11,12,16,
		32 ,16,12,17 ,16,12,17,
		32 ,16,17,21 ,16,17,21,
		32 ,21,17,22 ,21,17,22,
		32 ,2,3,7 ,2,3,7,
		32 ,7,3,8 ,7,3,8,
		32 ,7,8,12 ,7,8,12,
		32 ,12,8,13 ,12,8,13,
		32 ,12,13,17 ,12,13,17,
		32 ,17,13,18 ,17,13,18,
		32 ,17,18,22 ,17,18,22,
		32 ,22,18,23 ,22,18,23,
		32 ,3,4,8 ,3,4,8,
		32 ,8,4,9 ,8,4,9,
		32 ,8,9,13 ,8,9,13,
		32 ,13,9,14 ,13,9,14,
		32 ,13,14,18 ,13,14,18,
		32 ,18,14,19 ,18,14,19,
		32 ,18,19,23 ,18,19,23,
		32 ,23,19,24 ,23,19,24
	]

}
