{
	"metadata" : {
		"formatVersion" : 3,
		"description" : "Exported from LibZinc."
	},

	"vertices" : [
		474.220612,178.573502,-850.083130,468.830994,196.946396,-849.855286,461.594635,213.401535,-849.713196,452.278351,227.447342,-849.710632,440.648987,238.592300,-849.901428,472.224579,179.532852,-837.562683,466.385315,197.299683,-837.335815,458.586639,212.991028,-837.226746,448.798706,226.205704,-837.271790,436.991669,236.542542,-837.507019,
		469.838989,180.319702,-825.060608,463.512787,197.368637,-824.865295,455.188751,212.236221,-824.785522,445.072998,224.692123,-824.841248,433.371582,234.505997,-825.052551,467.034882,180.918106,-812.601990,460.301788,197.173935,-812.450256,451.621643,211.247040,-812.379761,441.422363,223.093857,-812.406738,430.131897,232.670792,-812.547241,
		463.783295,181.312103,-800.212219,456.840759,196.736282,-800.096985,448.105988,210.133423,-799.999939,438.167999,221.598129,-799.955933,427.615906,231.225006,-800.000000
	],

	"normals" : [
		0.966258,0.227467,0.120848,0.931150,0.332250,0.150233,0.864143,0.463227,0.196665,0.747413,0.616809,0.246821,0.565737,0.772792,0.287636,0.957237,0.247457,0.149877,0.910669,0.367497,0.188753,0.830738,0.502185,0.240178,0.707630,0.648071,0.281537,0.534364,0.793435,0.291403,
		0.944964,0.272641,0.180857,0.886942,0.406111,0.220018,0.799156,0.539520,0.265081,0.681832,0.671165,0.290934,0.534620,0.798995,0.275296,0.929895,0.299036,0.214180,0.863501,0.440845,0.244992,0.775934,0.568607,0.273152,0.675315,0.683524,0.277029,0.565187,0.789936,0.237831,
		0.912889,0.322558,0.250182,0.845315,0.464017,0.264823,0.768335,0.582240,0.265818,0.692734,0.680313,0.239363,0.623342,0.762502,0.173305
	],

	"faces": [
		32 ,0,1,5 ,0,1,5,
		32 ,5,1,6 ,5,1,6,
		32 ,5,6,10 ,5,6,10,
		32 ,10,6,11 ,10,6,11,
		32 ,10,11,15 ,10,11,15,
		32 ,15,11,16 ,15,11,16,
		32 ,15,16,20 ,15,16,20,
		32 ,20,16,21 ,20,16,21,
		32 ,1,2,6 ,1,2,6,
		32 ,6,2,7 ,6,2,7,
		32 ,6,7,11 ,6,7,11,
		32 ,11,7,12 ,11,7,12,
		32 ,11,12,16 ,11,12,16,
		32 ,16,12,17 ,16,12,17,
		32 ,16,17,21 ,16,17,21,
		32 ,21,17,22 ,21,17,22,
		32 ,2,3,7 ,2,3,7,
		32 ,7,3,8 ,7,3,8,
		32 ,7,8,12 ,7,8,12,
		32 ,12,8,13 ,12,8,13,
		32 ,12,13,17 ,12,13,17,
		32 ,17,13,18 ,17,13,18,
		32 ,17,18,22 ,17,18,22,
		32 ,22,18,23 ,22,18,23,
		32 ,3,4,8 ,3,4,8,
		32 ,8,4,9 ,8,4,9,
		32 ,8,9,13 ,8,9,13,
		32 ,13,9,14 ,13,9,14,
		32 ,13,14,18 ,13,14,18,
		32 ,18,14,19 ,18,14,19,
		32 ,18,19,23 ,18,19,23,
		32 ,23,19,24 ,23,19,24
	]

}
