{
	"metadata" : {
		"formatVersion" : 3,
		"description" : "Exported from LibZinc."
	},

	"vertices" : [
		337.752289,276.408813,-850.000000,324.994415,280.623657,-849.980103,311.832794,283.965942,-849.952942,298.348328,286.233795,-849.899658,284.621887,287.225189,-849.801514,339.471588,278.763947,-837.328369,326.808929,284.092560,-837.366882,313.287018,288.242188,-837.278320,299.159973,291.048309,-837.114075,284.681915,292.346344,-836.925720,
		341.874603,282.567596,-824.859009,329.112946,288.979614,-824.962463,315.041046,294.040253,-824.815796,300.113831,297.508942,-824.543518,284.786255,299.145142,-824.270020,344.597595,287.015320,-812.460083,331.568909,294.377655,-812.636414,316.883728,300.394958,-812.512146,301.140350,304.630981,-812.229248,284.937042,306.649384,-811.929688,
		347.276794,291.302795,-800.000000,333.839203,299.379700,-800.258301,318.603973,306.341248,-800.313904,302.170044,311.429565,-800.212585,285.136292,313.886810,-800.000000
	],

	"normals" : [
		0.340348,0.930939,-0.132346,0.275217,0.937713,-0.212012,0.200609,0.945808,-0.255351,0.115004,0.953765,-0.277679,0.017096,0.956196,-0.292226,0.418158,0.860482,-0.291058,0.317685,0.877937,-0.358195,0.221247,0.890554,-0.397446,0.124899,0.898916,-0.419942,0.024837,0.901545,-0.431972,
		0.475303,0.796465,-0.373806,0.354792,0.831854,-0.426781,0.243985,0.850977,-0.465090,0.137159,0.859997,-0.491520,0.028272,0.862895,-0.504593,0.513997,0.763316,-0.391351,0.393761,0.812501,-0.429876,0.277054,0.836674,-0.472458,0.158492,0.846170,-0.508799,0.031522,0.849299,-0.526970,
		0.533635,0.769923,-0.349931,0.437954,0.819731,-0.369105,0.326131,0.846899,-0.420000,0.194333,0.858991,-0.473675,0.037430,0.864170,-0.501806
	],

	"faces": [
		32 ,0,1,5 ,0,1,5,
		32 ,5,1,6 ,5,1,6,
		32 ,5,6,10 ,5,6,10,
		32 ,10,6,11 ,10,6,11,
		32 ,10,11,15 ,10,11,15,
		32 ,15,11,16 ,15,11,16,
		32 ,15,16,20 ,15,16,20,
		32 ,20,16,21 ,20,16,21,
		32 ,1,2,6 ,1,2,6,
		32 ,6,2,7 ,6,2,7,
		32 ,6,7,11 ,6,7,11,
		32 ,11,7,12 ,11,7,12,
		32 ,11,12,16 ,11,12,16,
		32 ,16,12,17 ,16,12,17,
		32 ,16,17,21 ,16,17,21,
		32 ,21,17,22 ,21,17,22,
		32 ,2,3,7 ,2,3,7,
		32 ,7,3,8 ,7,3,8,
		32 ,7,8,12 ,7,8,12,
		32 ,12,8,13 ,12,8,13,
		32 ,12,13,17 ,12,13,17,
		32 ,17,13,18 ,17,13,18,
		32 ,17,18,22 ,17,18,22,
		32 ,22,18,23 ,22,18,23,
		32 ,3,4,8 ,3,4,8,
		32 ,8,4,9 ,8,4,9,
		32 ,8,9,13 ,8,9,13,
		32 ,13,9,14 ,13,9,14,
		32 ,13,14,18 ,13,14,18,
		32 ,18,14,19 ,18,14,19,
		32 ,18,19,23 ,18,19,23,
		32 ,23,19,24 ,23,19,24
	]

}
