{
	"metadata" : {
		"formatVersion" : 3,
		"description" : "Exported from LibZinc."
	},

	"vertices" : [
		285.136292,313.886810,-800.000000,267.434082,313.842407,-799.943237,249.358444,311.839569,-800.101562,232.053894,307.740997,-800.209167,216.664902,301.409393,-800.000000,285.322784,319.149750,-788.025757,266.751526,319.172699,-787.957092,247.771866,317.236572,-788.024658,229.681259,313.041534,-788.009644,213.777222,306.287720,-787.693176,
		285.431885,321.910614,-775.594666,266.174164,322.097961,-775.542053,246.429001,320.716156,-775.581116,227.618759,317.054138,-775.533020,211.165771,310.400909,-775.219055,285.460663,322.967072,-762.866150,265.665894,323.363434,-762.836548,245.304565,322.777710,-762.891663,225.875732,319.974976,-762.876343,208.878448,313.720184,-762.635498,
		285.406189,323.116791,-750.000000,265.190735,323.714325,-749.979065,244.373245,323.920746,-750.077209,224.461456,322.000183,-750.136780,206.963104,316.216797,-750.000000
	],

	"normals" : [
		0.037430,0.864170,-0.501806,-0.045155,0.863525,-0.502280,-0.140519,0.858695,-0.492846,-0.263790,0.839598,-0.474858,-0.432816,0.784409,-0.444267,0.044374,0.952106,-0.302532,-0.044696,0.948699,-0.313006,-0.147836,0.926463,-0.346137,-0.280577,0.881300,-0.380246,-0.464134,0.794510,-0.391578,
		0.038034,0.989479,-0.139584,-0.023769,0.987517,-0.155707,-0.119005,0.968571,-0.218420,-0.261972,0.920224,-0.290789,-0.473198,0.814943,-0.334592,0.024761,0.999023,-0.036602,0.005561,0.998572,-0.053129,-0.072840,0.989662,-0.123544,-0.223973,0.951595,-0.210482,-0.468714,0.840330,-0.272311,
		0.011067,0.999934,0.003010,0.033297,0.999397,-0.009797,-0.027120,0.997328,-0.067839,-0.182892,0.972645,-0.143223,-0.458137,0.865125,-0.204132
	],

	"faces": [
		32 ,0,1,5 ,0,1,5,
		32 ,5,1,6 ,5,1,6,
		32 ,5,6,10 ,5,6,10,
		32 ,10,6,11 ,10,6,11,
		32 ,10,11,15 ,10,11,15,
		32 ,15,11,16 ,15,11,16,
		32 ,15,16,20 ,15,16,20,
		32 ,20,16,21 ,20,16,21,
		32 ,1,2,6 ,1,2,6,
		32 ,6,2,7 ,6,2,7,
		32 ,6,7,11 ,6,7,11,
		32 ,11,7,12 ,11,7,12,
		32 ,11,12,16 ,11,12,16,
		32 ,16,12,17 ,16,12,17,
		32 ,16,17,21 ,16,17,21,
		32 ,21,17,22 ,21,17,22,
		32 ,2,3,7 ,2,3,7,
		32 ,7,3,8 ,7,3,8,
		32 ,7,8,12 ,7,8,12,
		32 ,12,8,13 ,12,8,13,
		32 ,12,13,17 ,12,13,17,
		32 ,17,13,18 ,17,13,18,
		32 ,17,18,22 ,17,18,22,
		32 ,22,18,23 ,22,18,23,
		32 ,3,4,8 ,3,4,8,
		32 ,8,4,9 ,8,4,9,
		32 ,8,9,13 ,8,9,13,
		32 ,13,9,14 ,13,9,14,
		32 ,13,14,18 ,13,14,18,
		32 ,18,14,19 ,18,14,19,
		32 ,18,19,23 ,18,19,23,
		32 ,23,19,24 ,23,19,24
	]

}
