{
	"metadata" : {
		"formatVersion" : 3,
		"description" : "Exported from LibZinc."
	},

	"vertices" : [
		171.677795,266.567413,-800.000000,161.624649,257.845612,-800.214417,151.991043,249.404297,-800.268494,142.198090,240.557114,-800.188354,131.666901,230.617798,-800.000000,168.662521,268.691772,-787.575806,158.931381,259.552612,-787.763062,149.819519,250.707352,-787.737488,140.741226,241.417648,-787.593933,131.110794,230.945145,-787.427246,
		165.690338,270.728455,-775.063416,156.322296,261.155212,-775.220825,147.665558,251.988693,-775.191528,139.121765,242.412430,-775.068787,130.092590,231.609985,-774.945923,162.904572,272.604492,-762.519348,153.916794,262.596680,-762.629944,145.679657,253.153381,-762.621948,137.616287,243.365540,-762.555725,129.149780,232.324127,-762.491577,
		160.448502,274.246887,-750.000000,151.834213,263.820221,-750.032471,144.012360,254.106476,-750.019836,136.501404,244.101074,-749.997314,128.819794,232.799393,-750.000000
	],

	"normals" : [
		-0.625714,0.728937,-0.277728,-0.634619,0.734235,-0.241159,-0.652157,0.734880,-0.186124,-0.674437,0.729965,-0.110838,-0.694789,0.719121,-0.011580,-0.650323,0.707755,-0.275975,-0.668770,0.704793,-0.236671,-0.692790,0.694727,-0.193381,-0.719324,0.679872,-0.142644,-0.743896,0.663375,-0.080946,
		-0.682383,0.681285,-0.264961,-0.700742,0.677545,-0.223370,-0.723807,0.664372,-0.186316,-0.749322,0.645429,-0.148116,-0.773153,0.625724,-0.103460,-0.718010,0.652043,-0.243520,-0.731525,0.651571,-0.200815,-0.751508,0.638725,-0.165126,-0.776524,0.617132,-0.127120,-0.801517,0.592958,-0.077273,
		-0.753556,0.622855,-0.210251,-0.761541,0.625881,-0.168309,-0.780968,0.610958,-0.129691,-0.810273,0.580651,-0.079387,-0.840238,0.542218,-0.000808
	],

	"faces": [
		32 ,0,1,5 ,0,1,5,
		32 ,5,1,6 ,5,1,6,
		32 ,5,6,10 ,5,6,10,
		32 ,10,6,11 ,10,6,11,
		32 ,10,11,15 ,10,11,15,
		32 ,15,11,16 ,15,11,16,
		32 ,15,16,20 ,15,16,20,
		32 ,20,16,21 ,20,16,21,
		32 ,1,2,6 ,1,2,6,
		32 ,6,2,7 ,6,2,7,
		32 ,6,7,11 ,6,7,11,
		32 ,11,7,12 ,11,7,12,
		32 ,11,12,16 ,11,12,16,
		32 ,16,12,17 ,16,12,17,
		32 ,16,17,21 ,16,17,21,
		32 ,21,17,22 ,21,17,22,
		32 ,2,3,7 ,2,3,7,
		32 ,7,3,8 ,7,3,8,
		32 ,7,8,12 ,7,8,12,
		32 ,12,8,13 ,12,8,13,
		32 ,12,13,17 ,12,13,17,
		32 ,17,13,18 ,17,13,18,
		32 ,17,18,22 ,17,18,22,
		32 ,22,18,23 ,22,18,23,
		32 ,3,4,8 ,3,4,8,
		32 ,8,4,9 ,8,4,9,
		32 ,8,9,13 ,8,9,13,
		32 ,13,9,14 ,13,9,14,
		32 ,13,14,18 ,13,14,18,
		32 ,18,14,19 ,18,14,19,
		32 ,18,19,23 ,18,19,23,
		32 ,23,19,24 ,23,19,24
	]

}
