{
	"metadata" : {
		"formatVersion" : 3,
		"description" : "Exported from LibZinc."
	},

	"vertices" : [
		430.887695,50.921848,-799.751770,445.487823,60.210888,-799.662598,457.065369,72.691566,-799.703857,465.495728,87.810852,-799.832581,470.654205,105.015701,-800.005798,429.611969,53.982452,-787.245422,443.336121,64.109238,-787.222473,454.051971,77.035339,-787.349304,461.791443,92.199097,-787.544983,466.586426,109.038864,-787.728394,
		428.259369,57.341698,-774.700134,441.221466,68.124016,-774.695374,451.250549,81.374451,-774.818970,458.452515,96.523293,-775.000427,462.933319,113.000824,-775.169434,426.912842,60.847393,-762.187622,439.231567,72.131813,-762.176270,448.709686,85.606339,-762.251831,455.495514,100.689865,-762.376099,459.737427,116.801323,-762.510742,
		425.655396,64.347343,-749.779785,437.454102,76.009254,-749.759949,446.477936,89.628433,-749.786987,452.937012,104.605255,-749.848877,457.041290,120.340103,-749.933777
	],

	"normals" : [
		0.408698,-0.880091,0.241672,0.606313,-0.724607,0.327611,0.750946,-0.539364,0.381009,0.846968,-0.351240,0.399093,0.909739,-0.171525,0.378093,0.469470,-0.841641,0.266905,0.651717,-0.683212,0.329372,0.783343,-0.506509,0.360309,0.869728,-0.333783,0.363541,0.923402,-0.173040,0.342617,
		0.520381,-0.807038,0.279094,0.688006,-0.650131,0.322456,0.808403,-0.482359,0.337363,0.887638,-0.321070,0.330172,0.936055,-0.171720,0.307104,0.562648,-0.778032,0.279453,0.717817,-0.624662,0.307468,0.828573,-0.464966,0.311886,0.901798,-0.312826,0.298163,0.947037,-0.171925,0.271224,
		0.596909,-0.755993,0.268654,0.743491,-0.605399,0.284102,0.846021,-0.451918,0.282876,0.913088,-0.308660,0.266458,0.955550,-0.178587,0.234587
	],

	"faces": [
		32 ,0,1,5 ,0,1,5,
		32 ,5,1,6 ,5,1,6,
		32 ,5,6,10 ,5,6,10,
		32 ,10,6,11 ,10,6,11,
		32 ,10,11,15 ,10,11,15,
		32 ,15,11,16 ,15,11,16,
		32 ,15,16,20 ,15,16,20,
		32 ,20,16,21 ,20,16,21,
		32 ,1,2,6 ,1,2,6,
		32 ,6,2,7 ,6,2,7,
		32 ,6,7,11 ,6,7,11,
		32 ,11,7,12 ,11,7,12,
		32 ,11,12,16 ,11,12,16,
		32 ,16,12,17 ,16,12,17,
		32 ,16,17,21 ,16,17,21,
		32 ,21,17,22 ,21,17,22,
		32 ,2,3,7 ,2,3,7,
		32 ,7,3,8 ,7,3,8,
		32 ,7,8,12 ,7,8,12,
		32 ,12,8,13 ,12,8,13,
		32 ,12,13,17 ,12,13,17,
		32 ,17,13,18 ,17,13,18,
		32 ,17,18,22 ,17,18,22,
		32 ,22,18,23 ,22,18,23,
		32 ,3,4,8 ,3,4,8,
		32 ,8,4,9 ,8,4,9,
		32 ,8,9,13 ,8,9,13,
		32 ,13,9,14 ,13,9,14,
		32 ,13,14,18 ,13,14,18,
		32 ,18,14,19 ,18,14,19,
		32 ,18,19,23 ,18,19,23,
		32 ,23,19,24 ,23,19,24
	]

}
