{
	"metadata" : {
		"formatVersion" : 3,
		"description" : "Exported from LibZinc."
	},

	"vertices" : [
		470.654205,105.015701,-800.005798,472.635559,124.009628,-800.161011,471.884247,143.960922,-800.255859,468.800201,163.513718,-800.277222,463.783295,181.312103,-800.212219,466.586426,109.038864,-787.728394,468.583984,127.290207,-787.833252,468.062653,146.269699,-787.862366,465.251648,164.787231,-787.838135,460.380157,181.652695,-787.783020,
		462.933319,113.000824,-775.169434,464.866913,130.525665,-775.267029,464.459167,148.540482,-775.295410,461.864014,166.061722,-775.276001,457.235352,182.105774,-775.230225,459.737427,116.801323,-762.510742,461.616943,133.638443,-762.608765,461.292908,150.758270,-762.653870,458.879486,167.368729,-762.653442,454.490936,182.677689,-762.615051,
		457.041290,120.340103,-749.933777,458.966797,136.550995,-750.005005,458.782959,152.908066,-750.036743,456.540222,168.739822,-750.033203,452.288910,183.374802,-749.998718
	],

	"normals" : [
		0.909739,-0.171525,0.378093,0.943522,-0.024133,0.330430,0.954650,0.095671,0.281942,0.946045,0.205807,0.250286,0.912889,0.322558,0.250182,0.923402,-0.173040,0.342617,0.951113,-0.034351,0.306927,0.958502,0.086203,0.271742,0.947633,0.204901,0.244964,0.912323,0.338820,0.229931,
		0.936055,-0.171720,0.307104,0.960343,-0.038566,0.276142,0.965495,0.082234,0.247099,0.953162,0.204118,0.223199,0.917634,0.342035,0.202385,0.947037,-0.171925,0.271224,0.970367,-0.042050,0.237947,0.974905,0.079856,0.207807,0.961476,0.204109,0.184131,0.924844,0.342345,0.165721,
		0.955550,-0.178587,0.234587,0.980119,-0.050962,0.191754,0.985452,0.074412,0.152800,0.970461,0.205717,0.126044,0.928660,0.351803,0.117581
	],

	"faces": [
		32 ,0,1,5 ,0,1,5,
		32 ,5,1,6 ,5,1,6,
		32 ,5,6,10 ,5,6,10,
		32 ,10,6,11 ,10,6,11,
		32 ,10,11,15 ,10,11,15,
		32 ,15,11,16 ,15,11,16,
		32 ,15,16,20 ,15,16,20,
		32 ,20,16,21 ,20,16,21,
		32 ,1,2,6 ,1,2,6,
		32 ,6,2,7 ,6,2,7,
		32 ,6,7,11 ,6,7,11,
		32 ,11,7,12 ,11,7,12,
		32 ,11,12,16 ,11,12,16,
		32 ,16,12,17 ,16,12,17,
		32 ,16,17,21 ,16,17,21,
		32 ,21,17,22 ,21,17,22,
		32 ,2,3,7 ,2,3,7,
		32 ,7,3,8 ,7,3,8,
		32 ,7,8,12 ,7,8,12,
		32 ,12,8,13 ,12,8,13,
		32 ,12,13,17 ,12,13,17,
		32 ,17,13,18 ,17,13,18,
		32 ,17,18,22 ,17,18,22,
		32 ,22,18,23 ,22,18,23,
		32 ,3,4,8 ,3,4,8,
		32 ,8,4,9 ,8,4,9,
		32 ,8,9,13 ,8,9,13,
		32 ,13,9,14 ,13,9,14,
		32 ,13,14,18 ,13,14,18,
		32 ,18,14,19 ,18,14,19,
		32 ,18,19,23 ,18,19,23,
		32 ,23,19,24 ,23,19,24
	]

}
