{
	"metadata" : {
		"formatVersion" : 3,
		"description" : "Exported from LibZinc."
	},

	"vertices" : [
		-11.082730,65.212914,-956.773315,-12.290934,68.088058,-958.056824,-14.306637,70.320465,-959.014038,-16.955872,71.450363,-959.699341,-20.064671,71.017967,-960.167175,-11.853848,69.476822,-952.845581,-13.202914,72.175377,-954.181519,-15.472601,74.333076,-955.282227,-18.352846,75.518860,-956.070557,-21.533590,75.301689,-956.469421,
		-11.435527,73.538033,-949.149536,-13.038081,75.605164,-950.337219,-15.965415,77.688889,-951.715088,-19.319300,79.183235,-952.877197,-22.201504,79.482246,-953.417725,-10.319263,77.196571,-944.965088,-12.273865,78.599754,-945.980896,-16.214231,80.746712,-947.734802,-20.342249,82.705894,-949.409485,-22.859798,83.545738,-950.187805,
		-8.996551,80.252457,-939.572205,-11.387693,81.381493,-940.569519,-16.648205,83.865356,-942.763672,-21.908718,86.349228,-944.957764,-24.299860,87.478256,-945.955078
	],

	"normals" : [
		0.960152,0.270088,0.071837,0.866814,0.467640,-0.173052,0.627675,0.635471,-0.449668,0.233288,0.713741,-0.660416,-0.183532,0.645225,-0.741620,0.967570,0.178794,-0.178441,0.823986,0.434019,-0.364245,0.597337,0.621646,-0.506700,0.257846,0.672116,-0.694101,-0.146659,0.580115,-0.801223,
		0.926720,0.140016,-0.348692,0.718858,0.494209,-0.488878,0.575054,0.644115,-0.504410,0.383354,0.672007,-0.633598,-0.090793,0.578570,-0.810564,0.881784,0.229174,-0.412234,0.603475,0.630083,-0.488685,0.550573,0.702098,-0.451584,0.493519,0.711747,-0.499855,0.020126,0.670723,-0.741435,
		-0.896312,0.443318,-0.009677,0.522955,0.750309,-0.404418,0.519817,0.764950,-0.380319,0.517770,0.773293,-0.365968,-0.881520,-0.472125,-0.004596
	],

	"faces": [
		32 ,0,1,5 ,0,1,5,
		32 ,5,1,6 ,5,1,6,
		32 ,5,6,10 ,5,6,10,
		32 ,10,6,11 ,10,6,11,
		32 ,10,11,15 ,10,11,15,
		32 ,15,11,16 ,15,11,16,
		32 ,15,16,20 ,15,16,20,
		32 ,20,16,21 ,20,16,21,
		32 ,1,2,6 ,1,2,6,
		32 ,6,2,7 ,6,2,7,
		32 ,6,7,11 ,6,7,11,
		32 ,11,7,12 ,11,7,12,
		32 ,11,12,16 ,11,12,16,
		32 ,16,12,17 ,16,12,17,
		32 ,16,17,21 ,16,17,21,
		32 ,21,17,22 ,21,17,22,
		32 ,2,3,7 ,2,3,7,
		32 ,7,3,8 ,7,3,8,
		32 ,7,8,12 ,7,8,12,
		32 ,12,8,13 ,12,8,13,
		32 ,12,13,17 ,12,13,17,
		32 ,17,13,18 ,17,13,18,
		32 ,17,18,22 ,17,18,22,
		32 ,22,18,23 ,22,18,23,
		32 ,3,4,8 ,3,4,8,
		32 ,8,4,9 ,8,4,9,
		32 ,8,9,13 ,8,9,13,
		32 ,13,9,14 ,13,9,14,
		32 ,13,14,18 ,13,14,18,
		32 ,18,14,19 ,18,14,19,
		32 ,18,19,23 ,18,19,23,
		32 ,23,19,24 ,23,19,24
	]

}
