{
	"metadata" : {
		"formatVersion" : 3,
		"description" : "Exported from LibZinc."
	},

	"vertices" : [
		-20.064671,71.017967,-960.167175,-22.909525,68.784386,-960.198303,-24.851164,65.325340,-959.609863,-25.841965,61.403015,-958.511230,-25.834311,57.779579,-957.011719,-21.533590,75.301689,-956.469421,-24.452747,73.169579,-956.186768,-26.646450,69.501900,-955.146179,-27.951973,65.204651,-953.593872,-28.206583,61.183811,-951.775879,
		-22.201504,79.482246,-953.417725,-24.758184,77.498962,-952.800293,-27.315620,73.393341,-951.117798,-29.245773,68.429817,-948.908264,-29.920609,63.872803,-946.709656,-22.859798,83.545738,-950.187805,-24.800858,81.618622,-949.269653,-27.608105,76.995201,-946.960571,-30.096468,71.321350,-944.101746,-31.080873,66.242950,-941.534180,
		-24.299860,87.478256,-945.955078,-25.555790,85.374649,-944.825317,-28.273338,80.303001,-942.110352,-30.877151,74.122078,-938.821594,-31.791870,68.690643,-935.970581
	],

	"normals" : [
		-0.183532,0.645225,-0.741620,-0.586347,0.403377,-0.702485,-0.794538,0.175596,-0.581270,-0.899558,-0.031930,-0.435632,-0.922290,-0.284754,-0.261336,-0.146659,0.580115,-0.801223,-0.653629,0.406483,-0.638390,-0.864056,0.225834,-0.449895,-0.936244,0.035338,-0.349568,-0.944245,-0.215596,-0.248837,
		-0.090793,0.578570,-0.810564,-0.745721,0.409679,-0.525418,-0.890313,0.290026,-0.351038,-0.947420,0.134136,-0.290523,-0.968949,-0.143191,-0.201581,0.020126,0.670723,-0.741435,-0.817179,0.376352,-0.436552,-0.896175,0.311465,-0.316006,-0.947219,0.196134,-0.253588,-0.986882,-0.101462,-0.125578,
		0.717021,0.663985,-0.212144,-0.863770,0.270386,-0.425198,-0.903026,0.263482,-0.339294,-0.952270,0.187078,-0.241214,-0.992196,-0.119732,-0.034799
	],

	"faces": [
		32 ,0,1,5 ,0,1,5,
		32 ,5,1,6 ,5,1,6,
		32 ,5,6,10 ,5,6,10,
		32 ,10,6,11 ,10,6,11,
		32 ,10,11,15 ,10,11,15,
		32 ,15,11,16 ,15,11,16,
		32 ,15,16,20 ,15,16,20,
		32 ,20,16,21 ,20,16,21,
		32 ,1,2,6 ,1,2,6,
		32 ,6,2,7 ,6,2,7,
		32 ,6,7,11 ,6,7,11,
		32 ,11,7,12 ,11,7,12,
		32 ,11,12,16 ,11,12,16,
		32 ,16,12,17 ,16,12,17,
		32 ,16,17,21 ,16,17,21,
		32 ,21,17,22 ,21,17,22,
		32 ,2,3,7 ,2,3,7,
		32 ,7,3,8 ,7,3,8,
		32 ,7,8,12 ,7,8,12,
		32 ,12,8,13 ,12,8,13,
		32 ,12,13,17 ,12,13,17,
		32 ,17,13,18 ,17,13,18,
		32 ,17,18,22 ,17,18,22,
		32 ,22,18,23 ,22,18,23,
		32 ,3,4,8 ,3,4,8,
		32 ,8,4,9 ,8,4,9,
		32 ,8,9,13 ,8,9,13,
		32 ,13,9,14 ,13,9,14,
		32 ,13,14,18 ,13,14,18,
		32 ,18,14,19 ,18,14,19,
		32 ,18,19,23 ,18,19,23,
		32 ,23,19,24 ,23,19,24
	]

}
