{
	"metadata" : {
		"formatVersion" : 3,
		"description" : "Exported from LibZinc."
	},

	"vertices" : [
		-25.834311,57.779579,-957.011719,-24.665880,54.923439,-955.238892,-22.472176,53.010391,-953.510864,-19.652308,52.363708,-952.222717,-16.605391,53.306648,-951.769287,-28.206583,61.183811,-951.775879,-27.147429,57.960381,-949.913635,-24.902328,55.738712,-948.295288,-21.894560,54.949799,-947.267029,-18.547409,56.024643,-947.175232,
		-29.920609,63.872803,-946.709656,-28.945360,60.292706,-944.821655,-26.640617,57.771870,-943.363342,-23.451351,56.842617,-942.601990,-19.822538,58.037258,-942.804932,-31.080873,66.242950,-941.534180,-30.060787,62.357021,-939.630127,-27.627813,59.569550,-938.316406,-24.235100,58.489861,-937.766296,-20.335783,59.727272,-938.153076,
		-31.791870,68.690643,-935.970581,-30.494814,64.589935,-934.006226,-27.804693,61.591427,-932.755859,-24.158228,60.339230,-932.298828,-19.992140,61.477459,-932.714172
	],

	"normals" : [
		-0.922290,-0.284754,-0.261336,-0.802325,-0.596208,-0.028468,-0.545909,-0.812656,0.203897,-0.115943,-0.880345,0.459945,0.420601,-0.657565,0.625063,-0.944245,-0.215596,-0.248837,-0.830458,-0.553354,-0.064335,-0.553908,-0.819754,0.145563,-0.055374,-0.916290,0.396669,0.506955,-0.672515,0.539185,
		-0.968949,-0.143191,-0.201581,-0.867314,-0.496065,-0.041057,-0.575461,-0.805673,0.140482,-0.019400,-0.941444,0.336611,0.559943,-0.721899,0.406602,-0.986882,-0.101462,-0.125578,-0.893350,-0.447187,0.044160,-0.595081,-0.777143,0.204762,-0.015065,-0.949899,0.312193,0.567041,-0.777775,0.271166,
		-0.992196,-0.119732,-0.034799,-0.888188,-0.429335,0.163690,-0.594190,-0.742164,0.310049,-0.041733,-0.940768,0.336472,0.530768,-0.825621,0.191402
	],

	"faces": [
		32 ,0,1,5 ,0,1,5,
		32 ,5,1,6 ,5,1,6,
		32 ,5,6,10 ,5,6,10,
		32 ,10,6,11 ,10,6,11,
		32 ,10,11,15 ,10,11,15,
		32 ,15,11,16 ,15,11,16,
		32 ,15,16,20 ,15,16,20,
		32 ,20,16,21 ,20,16,21,
		32 ,1,2,6 ,1,2,6,
		32 ,6,2,7 ,6,2,7,
		32 ,6,7,11 ,6,7,11,
		32 ,11,7,12 ,11,7,12,
		32 ,11,12,16 ,11,12,16,
		32 ,16,12,17 ,16,12,17,
		32 ,16,17,21 ,16,17,21,
		32 ,21,17,22 ,21,17,22,
		32 ,2,3,7 ,2,3,7,
		32 ,7,3,8 ,7,3,8,
		32 ,7,8,12 ,7,8,12,
		32 ,12,8,13 ,12,8,13,
		32 ,12,13,17 ,12,13,17,
		32 ,17,13,18 ,17,13,18,
		32 ,17,18,22 ,17,18,22,
		32 ,22,18,23 ,22,18,23,
		32 ,3,4,8 ,3,4,8,
		32 ,8,4,9 ,8,4,9,
		32 ,8,9,13 ,8,9,13,
		32 ,13,9,14 ,13,9,14,
		32 ,13,14,18 ,13,14,18,
		32 ,18,14,19 ,18,14,19,
		32 ,18,19,23 ,18,19,23,
		32 ,23,19,24 ,23,19,24
	]

}
