{
	"metadata" : {
		"formatVersion" : 3,
		"description" : "Exported from LibZinc."
	},

	"vertices" : [
		26.968229,52.224602,-998.364319,26.968229,52.224602,-998.364319,26.968229,52.224602,-998.364319,26.968229,52.224602,-998.364319,26.968229,52.224602,-998.364319,29.088053,54.029140,-997.117981,29.289494,54.708160,-997.512146,29.158991,54.948624,-997.947449,28.761187,54.844780,-998.387939,28.160730,54.490871,-998.797607,
		30.097620,55.920887,-995.855164,30.321301,56.997829,-996.556458,30.035820,57.288456,-997.279114,29.355793,57.011284,-997.984009,28.395828,56.384830,-998.631897,29.647652,58.420849,-993.971680,29.753208,59.763992,-994.950745,29.279314,60.030266,-995.889526,28.371847,59.557037,-996.763855,27.176687,58.681667,-997.549500,
		27.388861,62.050049,-990.863403,27.274775,63.677040,-992.148499,26.570061,63.960232,-993.308899,25.429150,63.314960,-994.338867,24.006470,62.156570,-995.232727
	],

	"normals" : [
		0.680066,-0.501399,-0.534891,0.680066,-0.501399,-0.534891,0.680066,-0.501399,-0.534891,0.680066,-0.501399,-0.534891,0.680066,-0.501399,-0.534891,0.790788,-0.479022,-0.381040,0.787480,-0.446428,-0.424943,0.756976,-0.400529,-0.516297,0.696997,-0.353972,-0.623618,0.615408,-0.320224,-0.720229,
		0.955630,-0.255505,0.146591,0.991087,-0.057059,-0.120381,0.802585,0.185850,-0.566849,0.488374,0.304518,-0.817777,0.292912,0.322415,-0.900139,0.892153,0.025564,0.451010,0.926393,0.366925,0.084634,0.560424,0.620251,-0.548829,0.207659,0.587314,-0.782266,0.064708,0.547804,-0.834101,
		0.847546,0.192189,0.494701,0.830847,0.547303,0.100763,0.434433,0.720543,-0.540449,0.108810,0.622195,-0.775264,-0.021976,0.560372,-0.827949
	],

	"faces": [
		32 ,0,1,5 ,0,1,5,
		32 ,5,1,6 ,5,1,6,
		32 ,5,6,10 ,5,6,10,
		32 ,10,6,11 ,10,6,11,
		32 ,10,11,15 ,10,11,15,
		32 ,15,11,16 ,15,11,16,
		32 ,15,16,20 ,15,16,20,
		32 ,20,16,21 ,20,16,21,
		32 ,1,2,6 ,1,2,6,
		32 ,6,2,7 ,6,2,7,
		32 ,6,7,11 ,6,7,11,
		32 ,11,7,12 ,11,7,12,
		32 ,11,12,16 ,11,12,16,
		32 ,16,12,17 ,16,12,17,
		32 ,16,17,21 ,16,17,21,
		32 ,21,17,22 ,21,17,22,
		32 ,2,3,7 ,2,3,7,
		32 ,7,3,8 ,7,3,8,
		32 ,7,8,12 ,7,8,12,
		32 ,12,8,13 ,12,8,13,
		32 ,12,13,17 ,12,13,17,
		32 ,17,13,18 ,17,13,18,
		32 ,17,18,22 ,17,18,22,
		32 ,22,18,23 ,22,18,23,
		32 ,3,4,8 ,3,4,8,
		32 ,8,4,9 ,8,4,9,
		32 ,8,9,13 ,8,9,13,
		32 ,13,9,14 ,13,9,14,
		32 ,13,14,18 ,13,14,18,
		32 ,18,14,19 ,18,14,19,
		32 ,18,19,23 ,18,19,23,
		32 ,23,19,24 ,23,19,24
	]

}
