{
	"metadata" : {
		"formatVersion" : 3,
		"description" : "Exported from LibZinc."
	},

	"vertices" : [
		17.737209,54.990379,-996.425415,17.214729,52.645565,-995.439514,17.219816,50.547306,-994.041260,17.966953,49.387913,-992.445251,19.670630,49.859699,-990.865784,11.921375,58.214523,-992.280334,11.631461,55.590027,-991.080994,11.978976,53.422585,-989.409973,13.109175,52.393559,-987.535950,15.167312,53.184319,-985.727478,
		4.753582,62.387043,-986.638794,4.871347,59.641483,-985.228638,5.763083,57.593765,-983.319763,7.402405,56.822220,-981.252991,9.762928,57.905182,-979.368896,-2.559146,67.033012,-980.238953,-2.021631,64.183357,-978.605530,-0.546461,62.274921,-976.509644,1.633961,61.766727,-974.358337,4.287228,63.117802,-972.558777,
		-8.809784,71.677498,-973.818787,-8.003495,68.599075,-971.934998,-6.068254,66.680130,-969.718506,-3.408843,66.319916,-967.613892,-0.430042,67.917686,-966.065613
	],

	"normals" : [
		-0.579332,-0.071948,-0.811910,-0.647415,-0.288954,-0.705237,-0.657370,-0.565750,-0.497787,-0.402421,-0.914740,0.036160,0.157368,-0.802330,0.575762,-0.637211,-0.117556,-0.761671,-0.706303,-0.360561,-0.609206,-0.699266,-0.636795,-0.324839,-0.399641,-0.889142,0.222966,0.135590,-0.748528,0.649093,
		-0.689916,-0.186371,-0.699486,-0.735743,-0.479520,-0.478271,-0.661300,-0.738231,-0.133029,-0.326561,-0.878884,0.347735,0.160827,-0.715889,0.679439,-0.745669,-0.245607,-0.619399,-0.743458,-0.579350,-0.334102,-0.589492,-0.807260,0.028804,-0.234222,-0.872518,0.428779,0.224823,-0.684058,0.693916,
		-0.816876,-0.255088,-0.517343,-0.761902,-0.609234,-0.219861,-0.536052,-0.836183,0.115955,-0.135690,-0.877006,0.460921,0.332703,-0.651184,0.682105
	],

	"faces": [
		32 ,0,1,5 ,0,1,5,
		32 ,5,1,6 ,5,1,6,
		32 ,5,6,10 ,5,6,10,
		32 ,10,6,11 ,10,6,11,
		32 ,10,11,15 ,10,11,15,
		32 ,15,11,16 ,15,11,16,
		32 ,15,16,20 ,15,16,20,
		32 ,20,16,21 ,20,16,21,
		32 ,1,2,6 ,1,2,6,
		32 ,6,2,7 ,6,2,7,
		32 ,6,7,11 ,6,7,11,
		32 ,11,7,12 ,11,7,12,
		32 ,11,12,16 ,11,12,16,
		32 ,16,12,17 ,16,12,17,
		32 ,16,17,21 ,16,17,21,
		32 ,21,17,22 ,21,17,22,
		32 ,2,3,7 ,2,3,7,
		32 ,7,3,8 ,7,3,8,
		32 ,7,8,12 ,7,8,12,
		32 ,12,8,13 ,12,8,13,
		32 ,12,13,17 ,12,13,17,
		32 ,17,13,18 ,17,13,18,
		32 ,17,18,22 ,17,18,22,
		32 ,22,18,23 ,22,18,23,
		32 ,3,4,8 ,3,4,8,
		32 ,8,4,9 ,8,4,9,
		32 ,8,9,13 ,8,9,13,
		32 ,13,9,14 ,13,9,14,
		32 ,13,14,18 ,13,14,18,
		32 ,18,14,19 ,18,14,19,
		32 ,18,19,23 ,18,19,23,
		32 ,23,19,24 ,23,19,24
	]

}
