{
	"metadata" : {
		"formatVersion" : 3,
		"description" : "Exported from LibZinc."
	},

	"vertices" : [
		-8.809784,71.677498,-973.818787,-8.003495,68.599075,-971.934998,-6.068254,66.680130,-969.718506,-3.408843,66.319916,-967.613892,-0.430042,67.917686,-966.065613,-13.828299,75.945229,-966.925659,-12.877930,73.037453,-965.069092,-10.412371,71.003784,-962.878479,-7.270147,70.393349,-960.899109,-4.289782,71.755280,-959.676331,
		-18.166077,79.889397,-959.299255,-16.982443,77.766830,-957.831116,-13.700109,75.636719,-955.767517,-9.953012,74.382385,-953.869507,-7.375085,74.887138,-952.898193,-21.698229,83.677811,-951.966736,-20.073788,82.349869,-950.900757,-15.816908,80.087669,-948.893311,-11.358504,78.105576,-946.950989,-9.129494,77.617958,-946.080444,
		-24.299860,87.478256,-945.955078,-21.908718,86.349228,-944.957764,-16.648205,83.865356,-942.763672,-11.387693,81.381493,-940.569519,-8.996551,80.252457,-939.572205
	],

	"normals" : [
		-0.816876,-0.255088,-0.517343,-0.761902,-0.609234,-0.219861,-0.536052,-0.836183,0.115955,-0.135690,-0.877006,0.460921,0.332703,-0.651184,0.682105,-0.873538,-0.189781,-0.448234,-0.774801,-0.626801,-0.082481,-0.550191,-0.805202,0.221223,-0.155648,-0.883007,0.442801,0.477503,-0.649259,0.591992,
		-0.893050,-0.024884,-0.449270,-0.709079,-0.697980,0.100153,-0.546778,-0.781547,0.300364,-0.308620,-0.868164,0.388646,0.623980,-0.612063,0.485827,-0.696623,0.447610,-0.560679,-0.592703,-0.756189,0.277274,-0.535641,-0.761963,0.364008,-0.464259,-0.803994,0.371560,0.874626,-0.399846,0.274140,
		0.918079,-0.015739,0.396084,-0.522492,-0.752639,0.400671,-0.524789,-0.740356,0.420083,-0.525756,-0.734548,0.428976,0.947987,-0.313189,-0.056859
	],

	"faces": [
		32 ,0,1,5 ,0,1,5,
		32 ,5,1,6 ,5,1,6,
		32 ,5,6,10 ,5,6,10,
		32 ,10,6,11 ,10,6,11,
		32 ,10,11,15 ,10,11,15,
		32 ,15,11,16 ,15,11,16,
		32 ,15,16,20 ,15,16,20,
		32 ,20,16,21 ,20,16,21,
		32 ,1,2,6 ,1,2,6,
		32 ,6,2,7 ,6,2,7,
		32 ,6,7,11 ,6,7,11,
		32 ,11,7,12 ,11,7,12,
		32 ,11,12,16 ,11,12,16,
		32 ,16,12,17 ,16,12,17,
		32 ,16,17,21 ,16,17,21,
		32 ,21,17,22 ,21,17,22,
		32 ,2,3,7 ,2,3,7,
		32 ,7,3,8 ,7,3,8,
		32 ,7,8,12 ,7,8,12,
		32 ,12,8,13 ,12,8,13,
		32 ,12,13,17 ,12,13,17,
		32 ,17,13,18 ,17,13,18,
		32 ,17,18,22 ,17,18,22,
		32 ,22,18,23 ,22,18,23,
		32 ,3,4,8 ,3,4,8,
		32 ,8,4,9 ,8,4,9,
		32 ,8,9,13 ,8,9,13,
		32 ,13,9,14 ,13,9,14,
		32 ,13,14,18 ,13,14,18,
		32 ,18,14,19 ,18,14,19,
		32 ,18,19,23 ,18,19,23,
		32 ,23,19,24 ,23,19,24
	]

}
