{
	"metadata" : {
		"formatVersion" : 3,
		"description" : "Exported from LibZinc."
	},

	"vertices" : [
		50.199680,64.288811,-995.430298,50.199680,64.288811,-995.430298,50.199680,64.288811,-995.430298,50.199680,64.288811,-995.430298,50.199680,64.288811,-995.430298,49.978622,61.697609,-994.044800,50.641045,62.045250,-993.346252,51.322762,62.669872,-992.903503,51.895786,63.471733,-992.795166,52.232128,64.351097,-993.099976,
		49.123783,60.046875,-992.675659,50.356171,60.746552,-991.479431,51.613953,61.980698,-990.734924,52.660332,63.509716,-990.558350,53.258530,65.094017,-991.066162,47.042458,59.904736,-991.016785,48.787262,60.963589,-989.501404,50.517361,62.761639,-988.579163,51.925617,64.944077,-988.381470,52.704906,67.156120,-989.039917,
		43.141949,61.839321,-988.761780,45.376522,63.267239,-987.083679,47.477104,65.553047,-986.091064,49.123940,68.316154,-985.926331,49.997280,71.175980,-986.731873
	],

	"normals" : [
		0.686919,-0.354688,-0.634302,0.686919,-0.354688,-0.634302,0.686919,-0.354688,-0.634302,0.686919,-0.354688,-0.634302,0.686919,-0.354688,-0.634302,0.758472,-0.438778,-0.481866,0.743221,-0.445511,-0.499142,0.735029,-0.454194,-0.503429,0.734450,-0.457587,-0.501196,0.739288,-0.450513,-0.500491,
		0.462058,-0.872543,-0.158652,0.614232,-0.789106,0.005553,0.746599,-0.658286,0.096172,0.879622,-0.466053,0.095189,0.978201,-0.205559,-0.029465,-0.037449,-0.940194,0.338576,0.193255,-0.754989,0.626613,0.401585,-0.529647,0.747130,0.634219,-0.254375,0.730109,0.870206,0.108084,0.480687,
		-0.198722,-0.795408,0.572569,0.022726,-0.594937,0.803451,0.230669,-0.380261,0.895653,0.458878,-0.118767,0.880526,0.714871,0.221458,0.663262
	],

	"faces": [
		32 ,0,1,5 ,0,1,5,
		32 ,5,1,6 ,5,1,6,
		32 ,5,6,10 ,5,6,10,
		32 ,10,6,11 ,10,6,11,
		32 ,10,11,15 ,10,11,15,
		32 ,15,11,16 ,15,11,16,
		32 ,15,16,20 ,15,16,20,
		32 ,20,16,21 ,20,16,21,
		32 ,1,2,6 ,1,2,6,
		32 ,6,2,7 ,6,2,7,
		32 ,6,7,11 ,6,7,11,
		32 ,11,7,12 ,11,7,12,
		32 ,11,12,16 ,11,12,16,
		32 ,16,12,17 ,16,12,17,
		32 ,16,17,21 ,16,17,21,
		32 ,21,17,22 ,21,17,22,
		32 ,2,3,7 ,2,3,7,
		32 ,7,3,8 ,7,3,8,
		32 ,7,8,12 ,7,8,12,
		32 ,12,8,13 ,12,8,13,
		32 ,12,13,17 ,12,13,17,
		32 ,17,13,18 ,17,13,18,
		32 ,17,18,22 ,17,18,22,
		32 ,22,18,23 ,22,18,23,
		32 ,3,4,8 ,3,4,8,
		32 ,8,4,9 ,8,4,9,
		32 ,8,9,13 ,8,9,13,
		32 ,13,9,14 ,13,9,14,
		32 ,13,14,18 ,13,14,18,
		32 ,18,14,19 ,18,14,19,
		32 ,18,19,23 ,18,19,23,
		32 ,23,19,24 ,23,19,24
	]

}
