{
	"metadata" : {
		"formatVersion" : 3,
		"description" : "Exported from LibZinc."
	},

	"vertices" : [
		56.837429,81.324532,-988.885315,56.837429,81.324532,-988.885315,56.837429,81.324532,-988.885315,56.837429,81.324532,-988.885315,56.837429,81.324532,-988.885315,57.813442,84.197632,-989.957520,56.921307,84.298050,-990.410706,55.938049,83.948387,-990.653137,55.073544,83.094475,-990.616394,54.537655,81.682144,-990.231995,
		58.006828,86.777596,-990.323425,56.482494,86.855721,-991.041138,54.861816,86.160225,-991.309753,53.472137,84.745285,-991.147034,52.640808,82.665092,-990.570862,56.987091,90.063370,-989.773987,54.982784,90.025795,-990.689392,52.954048,88.978767,-990.923828,51.262390,87.143715,-990.637451,50.269306,84.742065,-989.990234,
		54.323738,95.053909,-988.100281,51.883949,94.836571,-989.268311,49.560059,93.422775,-989.564270,47.673466,91.156509,-989.247864,46.545570,88.381737,-988.578613
	],

	"normals" : [
		0.468295,-0.472789,-0.746438,0.468295,-0.472789,-0.746438,0.468295,-0.472789,-0.746438,0.468295,-0.472789,-0.746438,0.468295,-0.472789,-0.746438,0.431630,-0.354894,-0.829305,0.360790,-0.351567,-0.863847,0.319220,-0.346387,-0.882108,0.286514,-0.345688,-0.893538,0.272854,-0.352341,-0.895213,
		0.588759,0.089201,-0.803371,0.281597,0.037196,-0.958812,0.048482,-0.024166,-0.998532,-0.134911,-0.119065,-0.983678,-0.250956,-0.256412,-0.933421,0.595945,0.446503,-0.667446,0.161736,0.307641,-0.937656,-0.140127,0.147207,-0.979129,-0.332137,0.000181,-0.943231,-0.462267,-0.165674,-0.871127,
		0.553519,0.556519,-0.619599,0.120303,0.386000,-0.914621,-0.178854,0.176209,-0.967968,-0.348700,0.016242,-0.937094,-0.460750,-0.127382,-0.878341
	],

	"faces": [
		32 ,0,1,5 ,0,1,5,
		32 ,5,1,6 ,5,1,6,
		32 ,5,6,10 ,5,6,10,
		32 ,10,6,11 ,10,6,11,
		32 ,10,11,15 ,10,11,15,
		32 ,15,11,16 ,15,11,16,
		32 ,15,16,20 ,15,16,20,
		32 ,20,16,21 ,20,16,21,
		32 ,1,2,6 ,1,2,6,
		32 ,6,2,7 ,6,2,7,
		32 ,6,7,11 ,6,7,11,
		32 ,11,7,12 ,11,7,12,
		32 ,11,12,16 ,11,12,16,
		32 ,16,12,17 ,16,12,17,
		32 ,16,17,21 ,16,17,21,
		32 ,21,17,22 ,21,17,22,
		32 ,2,3,7 ,2,3,7,
		32 ,7,3,8 ,7,3,8,
		32 ,7,8,12 ,7,8,12,
		32 ,12,8,13 ,12,8,13,
		32 ,12,13,17 ,12,13,17,
		32 ,17,13,18 ,17,13,18,
		32 ,17,18,22 ,17,18,22,
		32 ,22,18,23 ,22,18,23,
		32 ,3,4,8 ,3,4,8,
		32 ,8,4,9 ,8,4,9,
		32 ,8,9,13 ,8,9,13,
		32 ,13,9,14 ,13,9,14,
		32 ,13,14,18 ,13,14,18,
		32 ,18,14,19 ,18,14,19,
		32 ,18,19,23 ,18,19,23,
		32 ,23,19,24 ,23,19,24
	]

}
