{
	"metadata" : {
		"formatVersion" : 3,
		"description" : "Exported from LibZinc."
	},

	"vertices" : [
		56.837429,81.324532,-988.885315,56.837429,81.324532,-988.885315,56.837429,81.324532,-988.885315,56.837429,81.324532,-988.885315,56.837429,81.324532,-988.885315,54.537655,81.682144,-990.231995,54.587498,80.241104,-989.637878,55.146862,79.270172,-989.047729,55.925652,78.668861,-988.507263,56.633774,78.336670,-988.062012,
		52.640808,82.665092,-990.570862,52.701061,80.386208,-989.735535,53.526459,78.443329,-988.827576,54.754829,76.992836,-987.913086,56.024010,76.191116,-987.058167,50.269306,84.742065,-989.990234,50.273048,81.984138,-989.101379,51.136353,79.254524,-988.027466,52.567440,77.036110,-986.834717,54.274532,75.811768,-985.589172,
		46.545570,88.381737,-988.578613,46.398384,85.259163,-987.658508,47.136673,82.114296,-986.450134,48.605953,79.538345,-985.003967,50.651741,78.122513,-983.370483
	],

	"normals" : [
		0.526590,-0.257870,-0.810065,0.526590,-0.257870,-0.810065,0.526590,-0.257870,-0.810065,0.526590,-0.257870,-0.810065,0.526590,-0.257870,-0.810065,0.272854,-0.352341,-0.895213,0.296837,-0.358298,-0.885161,0.338816,-0.337925,-0.878072,0.371542,-0.316803,-0.872693,0.434294,-0.314166,-0.844209,
		-0.250956,-0.256412,-0.933421,-0.285181,-0.422503,-0.860327,-0.185404,-0.552161,-0.812862,-0.018161,-0.626450,-0.779250,0.201429,-0.713605,-0.670965,-0.462267,-0.165674,-0.871127,-0.545938,-0.359175,-0.756931,-0.552998,-0.542256,-0.632576,-0.500371,-0.747508,-0.436875,-0.305010,-0.952336,-0.004998,
		-0.460750,-0.127382,-0.878341,-0.559319,-0.310648,-0.768544,-0.633905,-0.506014,-0.584906,-0.659025,-0.720539,-0.215661,-0.479522,-0.810048,0.337463
	],

	"faces": [
		32 ,0,1,5 ,0,1,5,
		32 ,5,1,6 ,5,1,6,
		32 ,5,6,10 ,5,6,10,
		32 ,10,6,11 ,10,6,11,
		32 ,10,11,15 ,10,11,15,
		32 ,15,11,16 ,15,11,16,
		32 ,15,16,20 ,15,16,20,
		32 ,20,16,21 ,20,16,21,
		32 ,1,2,6 ,1,2,6,
		32 ,6,2,7 ,6,2,7,
		32 ,6,7,11 ,6,7,11,
		32 ,11,7,12 ,11,7,12,
		32 ,11,12,16 ,11,12,16,
		32 ,16,12,17 ,16,12,17,
		32 ,16,17,21 ,16,17,21,
		32 ,21,17,22 ,21,17,22,
		32 ,2,3,7 ,2,3,7,
		32 ,7,3,8 ,7,3,8,
		32 ,7,8,12 ,7,8,12,
		32 ,12,8,13 ,12,8,13,
		32 ,12,13,17 ,12,13,17,
		32 ,17,13,18 ,17,13,18,
		32 ,17,18,22 ,17,18,22,
		32 ,22,18,23 ,22,18,23,
		32 ,3,4,8 ,3,4,8,
		32 ,8,4,9 ,8,4,9,
		32 ,8,9,13 ,8,9,13,
		32 ,13,9,14 ,13,9,14,
		32 ,13,14,18 ,13,14,18,
		32 ,18,14,19 ,18,14,19,
		32 ,18,19,23 ,18,19,23,
		32 ,23,19,24 ,23,19,24
	]

}
