{
	"metadata" : {
		"formatVersion" : 3,
		"description" : "Exported from LibZinc."
	},

	"vertices" : [
		46.545570,88.381737,-988.578613,46.398384,85.259163,-987.658508,47.136673,82.114296,-986.450134,48.605953,79.538345,-985.003967,50.651741,78.122513,-983.370483,40.747826,94.079247,-985.963135,40.439304,90.703644,-985.029968,41.014011,87.508179,-983.759705,42.434227,84.979202,-982.169250,44.662224,83.603065,-980.275452,
		33.518864,101.177521,-982.094055,33.119507,97.735863,-981.246887,33.585140,94.644203,-980.051758,34.937321,92.276543,-978.484314,37.197601,91.006866,-976.520081,26.027950,108.416916,-977.544617,25.576141,104.969032,-976.844421,26.005461,102.016670,-975.775818,27.339483,99.827293,-974.288940,29.601782,98.668365,-972.333984,
		19.444349,114.537804,-972.887817,18.946350,111.016373,-972.357666,19.430376,108.119881,-971.381348,20.864973,106.028404,-969.923035,23.218691,104.921997,-967.946716
	],

	"normals" : [
		-0.460750,-0.127382,-0.878341,-0.559319,-0.310648,-0.768544,-0.633905,-0.506014,-0.584906,-0.659025,-0.720539,-0.215661,-0.479522,-0.810048,0.337463,-0.506343,-0.080346,-0.858581,-0.613226,-0.269047,-0.742676,-0.701637,-0.490803,-0.516544,-0.704122,-0.705184,-0.083242,-0.511717,-0.747568,0.423424,
		-0.525163,-0.041817,-0.849974,-0.630529,-0.231902,-0.740713,-0.726913,-0.478625,-0.492458,-0.710384,-0.703400,-0.024140,-0.513221,-0.736083,0.441346,-0.539445,0.007961,-0.841983,-0.645373,-0.196302,-0.738214,-0.743198,-0.477090,-0.469086,-0.698235,-0.715747,0.013208,-0.498617,-0.753388,0.428705,
		-0.570207,0.081901,-0.817409,-0.679049,-0.164671,-0.715386,-0.756148,-0.494604,-0.428493,-0.662104,-0.749094,0.021831,-0.455268,-0.810752,0.367985
	],

	"faces": [
		32 ,0,1,5 ,0,1,5,
		32 ,5,1,6 ,5,1,6,
		32 ,5,6,10 ,5,6,10,
		32 ,10,6,11 ,10,6,11,
		32 ,10,11,15 ,10,11,15,
		32 ,15,11,16 ,15,11,16,
		32 ,15,16,20 ,15,16,20,
		32 ,20,16,21 ,20,16,21,
		32 ,1,2,6 ,1,2,6,
		32 ,6,2,7 ,6,2,7,
		32 ,6,7,11 ,6,7,11,
		32 ,11,7,12 ,11,7,12,
		32 ,11,12,16 ,11,12,16,
		32 ,16,12,17 ,16,12,17,
		32 ,16,17,21 ,16,17,21,
		32 ,21,17,22 ,21,17,22,
		32 ,2,3,7 ,2,3,7,
		32 ,7,3,8 ,7,3,8,
		32 ,7,8,12 ,7,8,12,
		32 ,12,8,13 ,12,8,13,
		32 ,12,13,17 ,12,13,17,
		32 ,17,13,18 ,17,13,18,
		32 ,17,18,22 ,17,18,22,
		32 ,22,18,23 ,22,18,23,
		32 ,3,4,8 ,3,4,8,
		32 ,8,4,9 ,8,4,9,
		32 ,8,9,13 ,8,9,13,
		32 ,13,9,14 ,13,9,14,
		32 ,13,14,18 ,13,14,18,
		32 ,18,14,19 ,18,14,19,
		32 ,18,19,23 ,18,19,23,
		32 ,23,19,24 ,23,19,24
	]

}
