{
	"metadata" : {
		"formatVersion" : 3,
		"description" : "Exported from LibZinc."
	},

	"vertices" : [
		29.793440,127.941902,-970.147583,26.143660,126.340210,-972.076904,23.145184,122.935760,-972.958435,20.883564,118.683365,-973.119568,19.444349,114.537804,-972.887817,25.171665,133.356522,-964.504089,21.198561,131.282257,-966.590759,17.939671,127.356026,-967.814087,15.512876,122.777313,-968.367493,14.036057,118.745598,-968.444092,
		21.929552,137.699951,-958.390869,17.559956,135.196014,-960.665771,13.725030,130.458603,-962.376404,10.849906,125.381386,-963.466187,9.359715,121.857964,-963.878723,20.024391,141.235260,-951.822754,15.192931,138.750122,-954.332825,10.581639,133.428345,-956.533691,7.065017,127.959625,-958.118896,5.517569,125.033653,-958.782166,
		19.413481,144.225494,-944.814514,14.062579,142.613266,-947.622559,8.589873,137.450089,-950.174316,4.328567,131.976089,-952.028748,2.611864,129.431396,-952.744873
	],

	"normals" : [
		0.294527,0.768347,-0.568240,-0.148196,0.588957,-0.794460,-0.397982,0.362562,-0.842709,-0.512952,0.202268,-0.834247,-0.570207,0.081901,-0.817409,0.186621,0.816319,-0.546622,-0.268633,0.660654,-0.700979,-0.486993,0.456300,-0.744733,-0.556493,0.292339,-0.777723,-0.593224,0.147080,-0.791487,
		0.126085,0.867272,-0.481603,-0.376956,0.705124,-0.600587,-0.555624,0.535994,-0.635604,-0.599167,0.406197,-0.689930,-0.653395,0.221483,-0.723893,0.183712,0.900908,-0.393210,-0.410598,0.747770,-0.521774,-0.568527,0.597649,-0.565325,-0.601474,0.503596,-0.620177,-0.690352,0.332078,-0.642759,
		0.408945,0.850235,-0.331457,-0.305782,0.800243,-0.515857,-0.486598,0.649665,-0.584087,-0.536218,0.565625,-0.626529,0.926398,0.375320,0.030350
	],

	"faces": [
		32 ,0,1,5 ,0,1,5,
		32 ,5,1,6 ,5,1,6,
		32 ,5,6,10 ,5,6,10,
		32 ,10,6,11 ,10,6,11,
		32 ,10,11,15 ,10,11,15,
		32 ,15,11,16 ,15,11,16,
		32 ,15,16,20 ,15,16,20,
		32 ,20,16,21 ,20,16,21,
		32 ,1,2,6 ,1,2,6,
		32 ,6,2,7 ,6,2,7,
		32 ,6,7,11 ,6,7,11,
		32 ,11,7,12 ,11,7,12,
		32 ,11,12,16 ,11,12,16,
		32 ,16,12,17 ,16,12,17,
		32 ,16,17,21 ,16,17,21,
		32 ,21,17,22 ,21,17,22,
		32 ,2,3,7 ,2,3,7,
		32 ,7,3,8 ,7,3,8,
		32 ,7,8,12 ,7,8,12,
		32 ,12,8,13 ,12,8,13,
		32 ,12,13,17 ,12,13,17,
		32 ,17,13,18 ,17,13,18,
		32 ,17,18,22 ,17,18,22,
		32 ,22,18,23 ,22,18,23,
		32 ,3,4,8 ,3,4,8,
		32 ,8,4,9 ,8,4,9,
		32 ,8,9,13 ,8,9,13,
		32 ,13,9,14 ,13,9,14,
		32 ,13,14,18 ,13,14,18,
		32 ,18,14,19 ,18,14,19,
		32 ,18,19,23 ,18,19,23,
		32 ,23,19,24 ,23,19,24
	]

}
