{
	"metadata" : {
		"formatVersion" : 3,
		"description" : "Exported from LibZinc."
	},

	"vertices" : [
		48.546391,120.902496,-962.349182,48.546391,120.902496,-962.349182,48.546391,120.902496,-962.349182,48.546391,120.902496,-962.349182,48.546391,120.902496,-962.349182,50.670135,119.995857,-959.326721,50.645042,121.009331,-959.466736,50.184151,121.985367,-959.691833,49.391834,122.824997,-960.020203,48.372482,123.429214,-960.470215,
		52.632370,119.337479,-956.246399,52.528591,121.260696,-956.554077,51.559814,123.085678,-957.035461,50.007805,124.623535,-957.679810,48.154339,125.685402,-958.476501,54.183949,119.232559,-952.852234,54.030678,121.926453,-953.343933,52.637856,124.429054,-954.080139,50.460419,126.489128,-955.000671,47.953297,127.855438,-956.045349,
		55.075741,119.986298,-948.888184,54.984947,123.276428,-949.568848,53.382748,126.241142,-950.525818,50.815784,128.612778,-951.655457,47.830700,130.123703,-952.854187
	],

	"normals" : [
		0.815402,0.360286,-0.453116,0.815402,0.360286,-0.453116,0.815402,0.360286,-0.453116,0.815402,0.360286,-0.453116,0.815402,0.360286,-0.453116,0.766769,-0.236542,-0.596752,0.809360,0.105856,-0.577695,0.742815,0.348222,-0.571810,0.639240,0.488728,-0.593731,0.530758,0.556277,-0.639416,
		0.831400,-0.241021,-0.500683,0.848922,0.154724,-0.505363,0.755470,0.407483,-0.513052,0.639655,0.548501,-0.538506,0.515439,0.628301,-0.582719,0.920494,-0.249157,-0.301016,0.901603,0.199131,-0.384003,0.771350,0.458645,-0.441208,0.635408,0.601816,-0.483812,0.485759,0.699170,-0.524594,
		0.967986,-0.248799,-0.033191,0.947003,0.217650,-0.236249,0.789321,0.486724,-0.374262,0.626535,0.639511,-0.445511,0.441020,0.757076,-0.482014
	],

	"faces": [
		32 ,0,1,5 ,0,1,5,
		32 ,5,1,6 ,5,1,6,
		32 ,5,6,10 ,5,6,10,
		32 ,10,6,11 ,10,6,11,
		32 ,10,11,15 ,10,11,15,
		32 ,15,11,16 ,15,11,16,
		32 ,15,16,20 ,15,16,20,
		32 ,20,16,21 ,20,16,21,
		32 ,1,2,6 ,1,2,6,
		32 ,6,2,7 ,6,2,7,
		32 ,6,7,11 ,6,7,11,
		32 ,11,7,12 ,11,7,12,
		32 ,11,12,16 ,11,12,16,
		32 ,16,12,17 ,16,12,17,
		32 ,16,17,21 ,16,17,21,
		32 ,21,17,22 ,21,17,22,
		32 ,2,3,7 ,2,3,7,
		32 ,7,3,8 ,7,3,8,
		32 ,7,8,12 ,7,8,12,
		32 ,12,8,13 ,12,8,13,
		32 ,12,13,17 ,12,13,17,
		32 ,17,13,18 ,17,13,18,
		32 ,17,18,22 ,17,18,22,
		32 ,22,18,23 ,22,18,23,
		32 ,3,4,8 ,3,4,8,
		32 ,8,4,9 ,8,4,9,
		32 ,8,9,13 ,8,9,13,
		32 ,13,9,14 ,13,9,14,
		32 ,13,14,18 ,13,14,18,
		32 ,18,14,19 ,18,14,19,
		32 ,18,19,23 ,18,19,23,
		32 ,23,19,24 ,23,19,24
	]

}
