{
	"metadata" : {
		"formatVersion" : 3,
		"description" : "Exported from LibZinc."
	},

	"vertices" : [
		52.655430,129.582901,-930.574829,53.623577,133.145569,-931.203735,53.113091,136.515350,-932.030090,51.213535,139.229507,-932.992432,48.014462,140.825302,-934.029480,51.301502,131.272385,-925.473999,52.651360,134.971725,-925.946289,52.410969,138.585846,-926.725037,50.626598,141.561859,-927.712891,47.344498,143.346893,-928.812256,
		50.079124,132.144012,-920.001892,51.613255,136.166626,-920.353333,51.579056,140.196808,-921.133911,49.926376,143.616653,-922.202698,46.605061,145.808212,-923.418762,49.136673,132.435638,-914.139648,50.661137,136.871735,-914.404053,50.681870,141.414917,-915.208923,49.068275,145.384827,-916.365784,45.689747,148.101120,-917.686279,
		48.622509,132.385101,-907.868530,49.946861,137.228546,-908.077576,49.783924,142.306839,-908.902405,48.007694,146.857361,-910.106201,44.492149,150.117493,-911.452209
	],

	"normals" : [
		0.844673,-0.361230,0.395019,0.983286,-0.021716,0.180770,0.934807,0.352065,-0.046755,0.689874,0.679291,-0.250275,0.307018,0.871192,-0.383099,0.822130,-0.473823,0.315584,0.971275,-0.105184,0.213451,0.954163,0.297052,0.036512,0.723958,0.664428,-0.185527,0.321954,0.870604,-0.372015,
		0.838869,-0.501375,0.211949,0.969142,-0.150056,0.195566,0.968130,0.233580,0.090362,0.777181,0.620649,-0.103848,0.380476,0.867740,-0.319789,0.874284,-0.471628,0.114871,0.977314,-0.150312,0.149208,0.973838,0.198329,0.110927,0.817325,0.575600,-0.025782,0.446966,0.862659,-0.236729,
		0.910176,-0.413399,0.026105,0.990416,-0.107667,0.086515,0.972002,0.209343,0.106713,0.831778,0.553809,0.037948,0.497943,0.856384,-0.136599
	],

	"faces": [
		32 ,0,1,5 ,0,1,5,
		32 ,5,1,6 ,5,1,6,
		32 ,5,6,10 ,5,6,10,
		32 ,10,6,11 ,10,6,11,
		32 ,10,11,15 ,10,11,15,
		32 ,15,11,16 ,15,11,16,
		32 ,15,16,20 ,15,16,20,
		32 ,20,16,21 ,20,16,21,
		32 ,1,2,6 ,1,2,6,
		32 ,6,2,7 ,6,2,7,
		32 ,6,7,11 ,6,7,11,
		32 ,11,7,12 ,11,7,12,
		32 ,11,12,16 ,11,12,16,
		32 ,16,12,17 ,16,12,17,
		32 ,16,17,21 ,16,17,21,
		32 ,21,17,22 ,21,17,22,
		32 ,2,3,7 ,2,3,7,
		32 ,7,3,8 ,7,3,8,
		32 ,7,8,12 ,7,8,12,
		32 ,12,8,13 ,12,8,13,
		32 ,12,13,17 ,12,13,17,
		32 ,17,13,18 ,17,13,18,
		32 ,17,18,22 ,17,18,22,
		32 ,22,18,23 ,22,18,23,
		32 ,3,4,8 ,3,4,8,
		32 ,8,4,9 ,8,4,9,
		32 ,8,9,13 ,8,9,13,
		32 ,13,9,14 ,13,9,14,
		32 ,13,14,18 ,13,14,18,
		32 ,18,14,19 ,18,14,19,
		32 ,18,19,23 ,18,19,23,
		32 ,23,19,24 ,23,19,24
	]

}
