{
	"metadata" : {
		"formatVersion" : 3,
		"description" : "Exported from LibZinc."
	},

	"vertices" : [
		48.014462,140.825302,-934.029480,43.883408,140.830887,-934.888184,39.589302,139.308563,-935.348633,35.823792,136.596817,-935.399292,33.278519,133.034103,-935.028870,47.344498,143.346893,-928.812256,42.902321,143.500732,-929.767090,38.159592,142.231842,-930.388367,33.945354,139.960342,-930.679382,31.088665,137.106369,-930.643372,
		46.605061,145.808212,-923.418762,41.685516,146.282043,-924.633057,36.125050,145.390213,-925.713989,31.203856,143.777084,-926.547180,28.202129,142.087021,-927.018005,45.689747,148.101120,-917.686279,40.308113,149.048920,-919.175476,33.969658,148.689117,-920.753235,28.470469,147.805084,-922.103516,25.606621,147.180145,-922.910217,
		44.492149,150.117493,-911.452209,38.845238,151.675461,-913.083862,32.177399,152.034027,-914.933838,26.616358,151.802399,-916.449280,24.289850,151.589798,-917.077271
	],

	"normals" : [
		0.307018,0.871192,-0.383099,-0.097695,0.886349,-0.452594,-0.383012,0.787633,-0.482634,-0.621833,0.612706,-0.487765,-0.843346,0.304096,-0.443050,0.321954,0.870604,-0.372015,-0.035971,0.875611,-0.481676,-0.247447,0.767270,-0.591664,-0.390294,0.579115,-0.715748,-0.560086,0.303507,-0.770835,
		0.380476,0.867740,-0.319789,0.047128,0.886332,-0.460646,-0.093390,0.800007,-0.592677,-0.157747,0.656001,-0.738091,-0.282851,0.443176,-0.850641,0.446966,0.862659,-0.236729,0.126944,0.907948,-0.399393,0.025431,0.850095,-0.526014,0.007774,0.772379,-0.635115,0.130480,0.720688,-0.680870,
		0.497943,0.856384,-0.136599,0.209367,0.927256,-0.310423,0.114524,0.892355,-0.436563,0.070690,0.862592,-0.500937,-0.997729,0.025328,-0.062406
	],

	"faces": [
		32 ,0,1,5 ,0,1,5,
		32 ,5,1,6 ,5,1,6,
		32 ,5,6,10 ,5,6,10,
		32 ,10,6,11 ,10,6,11,
		32 ,10,11,15 ,10,11,15,
		32 ,15,11,16 ,15,11,16,
		32 ,15,16,20 ,15,16,20,
		32 ,20,16,21 ,20,16,21,
		32 ,1,2,6 ,1,2,6,
		32 ,6,2,7 ,6,2,7,
		32 ,6,7,11 ,6,7,11,
		32 ,11,7,12 ,11,7,12,
		32 ,11,12,16 ,11,12,16,
		32 ,16,12,17 ,16,12,17,
		32 ,16,17,21 ,16,17,21,
		32 ,21,17,22 ,21,17,22,
		32 ,2,3,7 ,2,3,7,
		32 ,7,3,8 ,7,3,8,
		32 ,7,8,12 ,7,8,12,
		32 ,12,8,13 ,12,8,13,
		32 ,12,13,17 ,12,13,17,
		32 ,17,13,18 ,17,13,18,
		32 ,17,18,22 ,17,18,22,
		32 ,22,18,23 ,22,18,23,
		32 ,3,4,8 ,3,4,8,
		32 ,8,4,9 ,8,4,9,
		32 ,8,9,13 ,8,9,13,
		32 ,13,9,14 ,13,9,14,
		32 ,13,14,18 ,13,14,18,
		32 ,18,14,19 ,18,14,19,
		32 ,18,19,23 ,18,19,23,
		32 ,23,19,24 ,23,19,24
	]

}
