{
	"metadata" : {
		"formatVersion" : 3,
		"description" : "Exported from LibZinc."
	},

	"vertices" : [
		33.278519,133.034103,-935.028870,32.563118,129.144348,-934.158752,33.592731,125.524033,-932.891907,36.017265,122.620453,-931.489319,39.486629,120.880898,-930.211914,31.088665,137.106369,-930.643372,30.326122,133.300003,-930.044922,31.458693,128.769897,-928.883179,33.911983,124.834053,-927.513306,37.111599,122.810432,-926.290588,
		28.202129,142.087021,-927.018005,27.858564,138.425873,-926.674500,29.422892,132.352875,-925.512207,31.941866,126.692497,-924.088013,34.462242,124.269218,-922.958801,25.606621,147.180145,-922.910217,26.034039,143.398773,-922.602600,28.295328,135.442413,-921.322876,31.016600,127.689941,-919.824463,32.823963,124.520172,-918.860718,
		24.289850,151.589798,-917.077271,25.726149,147.095490,-916.384033,28.886005,137.207993,-914.858887,32.045860,127.320511,-913.333740,33.482159,122.826202,-912.640503
	],

	"normals" : [
		-0.843346,0.304096,-0.443050,-0.955269,-0.130765,-0.265257,-0.869500,-0.490228,-0.060382,-0.647842,-0.755294,0.099156,-0.312387,-0.915054,0.255127,-0.560086,0.303507,-0.770835,-0.890517,-0.148995,-0.429859,-0.895452,-0.421995,-0.141725,-0.728755,-0.683475,-0.042165,-0.258547,-0.922764,0.285764,
		-0.282851,0.443176,-0.850641,-0.925523,-0.185674,-0.330048,-0.931143,-0.347495,-0.110544,-0.831360,-0.536952,-0.143260,-0.030468,-0.967620,0.250566,0.130480,0.720688,-0.680870,-0.971722,-0.234958,-0.023460,-0.954421,-0.289986,0.070623,-0.928362,-0.371520,0.010786,0.553301,-0.832690,-0.022059,
		-0.999010,-0.010788,-0.043152,-0.944093,-0.273266,0.184430,-0.937390,-0.264648,0.226411,-0.937049,-0.264251,0.228279,-0.895356,-0.435121,0.094902
	],

	"faces": [
		32 ,0,1,5 ,0,1,5,
		32 ,5,1,6 ,5,1,6,
		32 ,5,6,10 ,5,6,10,
		32 ,10,6,11 ,10,6,11,
		32 ,10,11,15 ,10,11,15,
		32 ,15,11,16 ,15,11,16,
		32 ,15,16,20 ,15,16,20,
		32 ,20,16,21 ,20,16,21,
		32 ,1,2,6 ,1,2,6,
		32 ,6,2,7 ,6,2,7,
		32 ,6,7,11 ,6,7,11,
		32 ,11,7,12 ,11,7,12,
		32 ,11,12,16 ,11,12,16,
		32 ,16,12,17 ,16,12,17,
		32 ,16,17,21 ,16,17,21,
		32 ,21,17,22 ,21,17,22,
		32 ,2,3,7 ,2,3,7,
		32 ,7,3,8 ,7,3,8,
		32 ,7,8,12 ,7,8,12,
		32 ,12,8,13 ,12,8,13,
		32 ,12,13,17 ,12,13,17,
		32 ,17,13,18 ,17,13,18,
		32 ,17,18,22 ,17,18,22,
		32 ,22,18,23 ,22,18,23,
		32 ,3,4,8 ,3,4,8,
		32 ,8,4,9 ,8,4,9,
		32 ,8,9,13 ,8,9,13,
		32 ,13,9,14 ,13,9,14,
		32 ,13,14,18 ,13,14,18,
		32 ,18,14,19 ,18,14,19,
		32 ,18,19,23 ,18,19,23,
		32 ,23,19,24 ,23,19,24
	]

}
