{
	"metadata" : {
		"formatVersion" : 3,
		"description" : "Exported from LibZinc."
	},

	"vertices" : [
		-19.992140,61.477459,-932.714172,-15.866397,65.844383,-934.279663,-12.354183,72.139030,-936.582214,-9.912051,77.796646,-938.665283,-8.996551,80.252457,-939.572205,-18.738974,63.381271,-926.373169,-14.504455,67.641754,-927.745422,-11.136057,73.879242,-929.840698,-8.784384,79.708832,-931.820374,-7.600040,82.745636,-932.845764,
		-16.929354,65.167076,-919.475281,-12.633014,69.055267,-920.498779,-9.591173,74.675125,-922.155029,-7.497230,80.428513,-923.935425,-6.044577,84.717308,-925.331482,-15.076848,66.670013,-912.205933,-10.713902,70.062691,-912.830200,-7.965021,74.974419,-914.023621,-6.126580,80.558800,-915.585693,-4.494954,85.969406,-917.315796,
		-13.695020,67.725227,-904.750488,-9.208947,70.641777,-905.029968,-6.503087,75.224869,-905.945007,-4.748428,80.702805,-907.346375,-3.115961,86.303871,-909.085022
	],

	"normals" : [
		0.530768,-0.825621,0.191402,0.835301,-0.547731,0.047571,0.905284,-0.424340,0.019885,0.931832,-0.362857,0.004936,-0.856461,0.513958,-0.048184,0.484378,-0.865743,0.125961,0.815737,-0.574664,-0.065842,0.894053,-0.435962,-0.102983,0.923290,-0.373371,-0.090163,0.837574,-0.546315,-0.003015,
		0.449702,-0.888860,0.087724,0.791157,-0.601534,-0.110577,0.891855,-0.424426,-0.156390,0.928068,-0.345927,-0.137928,0.909075,-0.404792,-0.098622,0.400876,-0.913522,0.069112,0.763770,-0.635971,-0.110442,0.899007,-0.406031,-0.164090,0.936770,-0.314488,-0.153490,0.920817,-0.367347,-0.130965,
		0.306049,-0.950206,0.058671,0.737930,-0.670377,-0.077804,0.907998,-0.398131,-0.130504,0.942592,-0.299958,-0.146782,0.919513,-0.364694,-0.146607
	],

	"faces": [
		32 ,0,1,5 ,0,1,5,
		32 ,5,1,6 ,5,1,6,
		32 ,5,6,10 ,5,6,10,
		32 ,10,6,11 ,10,6,11,
		32 ,10,11,15 ,10,11,15,
		32 ,15,11,16 ,15,11,16,
		32 ,15,16,20 ,15,16,20,
		32 ,20,16,21 ,20,16,21,
		32 ,1,2,6 ,1,2,6,
		32 ,6,2,7 ,6,2,7,
		32 ,6,7,11 ,6,7,11,
		32 ,11,7,12 ,11,7,12,
		32 ,11,12,16 ,11,12,16,
		32 ,16,12,17 ,16,12,17,
		32 ,16,17,21 ,16,17,21,
		32 ,21,17,22 ,21,17,22,
		32 ,2,3,7 ,2,3,7,
		32 ,7,3,8 ,7,3,8,
		32 ,7,8,12 ,7,8,12,
		32 ,12,8,13 ,12,8,13,
		32 ,12,13,17 ,12,13,17,
		32 ,17,13,18 ,17,13,18,
		32 ,17,18,22 ,17,18,22,
		32 ,22,18,23 ,22,18,23,
		32 ,3,4,8 ,3,4,8,
		32 ,8,4,9 ,8,4,9,
		32 ,8,9,13 ,8,9,13,
		32 ,13,9,14 ,13,9,14,
		32 ,13,14,18 ,13,14,18,
		32 ,18,14,19 ,18,14,19,
		32 ,18,19,23 ,18,19,23,
		32 ,23,19,24 ,23,19,24
	]

}
