{
	"metadata" : {
		"formatVersion" : 3,
		"description" : "Exported from LibZinc."
	},

	"vertices" : [
		1.287852,99.102173,-946.057983,3.051538,101.674782,-946.187622,6.931646,107.334534,-946.472839,10.811754,112.994286,-946.758057,12.575440,115.566902,-946.887695,1.959849,102.402344,-939.717590,3.909420,105.181114,-939.771301,7.407746,110.496552,-939.812134,10.954233,115.614456,-939.749146,13.048286,117.800606,-939.491455,
		3.226922,105.439934,-933.264282,5.624681,108.837120,-933.531860,8.817705,113.058815,-933.353760,12.099074,116.857941,-932.882568,14.761865,118.987411,-932.270874,4.781670,107.471268,-926.216736,7.619384,111.301979,-926.753296,10.688951,114.327080,-926.457520,13.888371,116.759743,-925.705994,17.115644,118.813164,-924.875244,
		6.316688,107.752701,-918.093811,9.315596,111.234863,-918.719788,12.548909,113.607101,-918.483154,15.964214,115.354889,-917.766907,19.509100,116.963699,-916.953918
	],

	"normals" : [
		0.000000,0.000000,0.000000,0.810858,-0.545168,0.212840,0.801414,-0.536049,0.265304,0.794749,-0.529940,0.295866,-0.995303,-0.096060,-0.012007,0.646062,-0.714639,0.268133,0.826046,-0.543527,0.149083,0.826410,-0.549529,0.122736,0.796520,-0.598419,0.086319,-0.321116,-0.906747,0.273302,
		0.827677,-0.559659,0.041620,0.808476,-0.586020,0.054283,0.783089,-0.621779,-0.012724,0.721656,-0.684583,-0.102753,0.394428,-0.917806,-0.045367,0.835443,-0.542956,-0.085050,0.749800,-0.657799,-0.071408,0.658142,-0.740653,-0.135214,0.590000,-0.772366,-0.235267,0.542696,-0.793023,-0.276759,
		0.787312,-0.588728,-0.183136,0.647622,-0.722176,-0.242997,0.523250,-0.804488,-0.281084,0.455883,-0.832743,-0.314183,0.457958,-0.798537,-0.390656
	],

	"faces": [
		32 ,0,1,5 ,0,1,5,
		32 ,5,1,6 ,5,1,6,
		32 ,5,6,10 ,5,6,10,
		32 ,10,6,11 ,10,6,11,
		32 ,10,11,15 ,10,11,15,
		32 ,15,11,16 ,15,11,16,
		32 ,15,16,20 ,15,16,20,
		32 ,20,16,21 ,20,16,21,
		32 ,1,2,6 ,1,2,6,
		32 ,6,2,7 ,6,2,7,
		32 ,6,7,11 ,6,7,11,
		32 ,11,7,12 ,11,7,12,
		32 ,11,12,16 ,11,12,16,
		32 ,16,12,17 ,16,12,17,
		32 ,16,17,21 ,16,17,21,
		32 ,21,17,22 ,21,17,22,
		32 ,2,3,7 ,2,3,7,
		32 ,7,3,8 ,7,3,8,
		32 ,7,8,12 ,7,8,12,
		32 ,12,8,13 ,12,8,13,
		32 ,12,13,17 ,12,13,17,
		32 ,17,13,18 ,17,13,18,
		32 ,17,18,22 ,17,18,22,
		32 ,22,18,23 ,22,18,23,
		32 ,3,4,8 ,3,4,8,
		32 ,8,4,9 ,8,4,9,
		32 ,8,9,13 ,8,9,13,
		32 ,13,9,14 ,13,9,14,
		32 ,13,14,18 ,13,14,18,
		32 ,18,14,19 ,18,14,19,
		32 ,18,19,23 ,18,19,23,
		32 ,23,19,24 ,23,19,24
	]

}
