{
	"metadata" : {
		"formatVersion" : 3,
		"description" : "Exported from LibZinc."
	},

	"vertices" : [
		12.575440,115.566902,-946.887695,14.066264,116.407379,-946.262329,17.507822,118.696518,-944.831970,21.353741,122.085869,-943.265625,24.057650,126.226997,-942.231995,13.048286,117.800606,-939.491455,15.182094,118.449501,-938.710510,18.877153,120.510193,-937.428528,22.676851,123.580292,-936.080750,25.124569,127.257408,-935.102417,
		14.761865,118.987411,-932.270874,17.799412,120.198051,-931.328064,21.819338,121.995003,-930.014160,25.536148,124.262703,-928.707520,27.664351,126.885567,-927.786499,17.115644,118.813164,-924.875244,20.961842,120.658569,-923.813904,25.301741,122.342819,-922.408264,28.958906,123.892509,-921.091187,30.756910,125.334236,-920.295471,
		19.509100,116.963699,-916.953918,23.713005,118.836609,-915.867188,28.291733,120.745522,-914.430298,31.972408,122.229149,-913.176880,33.482159,122.826202,-912.640503
	],

	"normals" : [
		0.000000,-0.000000,0.000000,0.435083,-0.876099,0.207731,0.540835,-0.823488,0.171359,0.695845,-0.700852,0.156862,0.931458,-0.353163,0.087532,-0.321116,-0.906747,0.273302,0.359193,-0.919876,0.157507,0.542710,-0.839322,0.031704,0.731012,-0.671302,-0.122372,0.931845,-0.270887,-0.241425,
		0.394428,-0.917806,-0.045367,0.375737,-0.926717,0.004253,0.471173,-0.877448,-0.089898,0.655497,-0.704988,-0.270769,0.897453,-0.209581,-0.388141,0.542696,-0.793023,-0.276759,0.429040,-0.872823,-0.232603,0.418536,-0.876161,-0.239101,0.526674,-0.784125,-0.328271,0.891466,-0.188765,-0.411893,
		0.457958,-0.798537,-0.390656,0.458730,-0.775941,-0.432992,0.457288,-0.790982,-0.406491,0.453662,-0.806971,-0.378139,-0.824396,-0.565446,0.025317
	],

	"faces": [
		32 ,0,1,5 ,0,1,5,
		32 ,5,1,6 ,5,1,6,
		32 ,5,6,10 ,5,6,10,
		32 ,10,6,11 ,10,6,11,
		32 ,10,11,15 ,10,11,15,
		32 ,15,11,16 ,15,11,16,
		32 ,15,16,20 ,15,16,20,
		32 ,20,16,21 ,20,16,21,
		32 ,1,2,6 ,1,2,6,
		32 ,6,2,7 ,6,2,7,
		32 ,6,7,11 ,6,7,11,
		32 ,11,7,12 ,11,7,12,
		32 ,11,12,16 ,11,12,16,
		32 ,16,12,17 ,16,12,17,
		32 ,16,17,21 ,16,17,21,
		32 ,21,17,22 ,21,17,22,
		32 ,2,3,7 ,2,3,7,
		32 ,7,3,8 ,7,3,8,
		32 ,7,8,12 ,7,8,12,
		32 ,12,8,13 ,12,8,13,
		32 ,12,13,17 ,12,13,17,
		32 ,17,13,18 ,17,13,18,
		32 ,17,18,22 ,17,18,22,
		32 ,22,18,23 ,22,18,23,
		32 ,3,4,8 ,3,4,8,
		32 ,8,4,9 ,8,4,9,
		32 ,8,9,13 ,8,9,13,
		32 ,13,9,14 ,13,9,14,
		32 ,13,14,18 ,13,14,18,
		32 ,18,14,19 ,18,14,19,
		32 ,18,19,23 ,18,19,23,
		32 ,23,19,24 ,23,19,24
	]

}
