{
	"metadata" : {
		"formatVersion" : 3,
		"description" : "Exported from LibZinc."
	},

	"vertices" : [
		24.057650,126.226997,-942.231995,25.150362,131.281631,-941.806396,24.967087,136.805038,-941.856506,23.168051,141.539047,-942.739990,19.413481,144.225494,-944.814514,25.124569,127.257408,-935.102417,25.916441,131.969711,-934.641174,25.544085,137.559036,-934.741638,23.744091,142.743484,-935.684509,20.253056,146.241211,-937.750488,
		27.664351,126.885567,-927.786499,27.870417,131.297668,-927.557007,26.839493,137.599518,-928.035095,24.814095,143.675278,-929.164612,22.036737,147.409042,-930.889099,30.756910,125.334236,-920.295471,30.188242,129.627319,-920.479309,28.178429,137.343521,-921.489868,25.700600,144.928055,-922.843384,23.727882,148.826172,-924.056091,
		33.482159,122.826202,-912.640503,32.045860,127.320511,-913.333740,28.886005,137.207993,-914.858887,25.726149,147.095490,-916.384033,24.289850,151.589798,-917.077271
	],

	"normals" : [
		0.931458,-0.353163,0.087532,0.995006,-0.094035,0.033474,0.984998,0.170310,-0.027802,0.835599,0.535525,-0.122418,0.408945,0.850235,-0.331457,0.931845,-0.270887,-0.241425,0.977804,-0.037505,-0.206136,0.973296,0.167856,-0.156589,0.877649,0.441891,-0.185646,0.563018,0.778058,-0.278633,
		0.897453,-0.209581,-0.388141,0.953158,0.068701,-0.294567,0.957709,0.204485,-0.202431,0.907158,0.363343,-0.212241,0.627313,0.721480,-0.293164,0.891466,-0.188765,-0.411893,0.951820,0.184221,-0.245156,0.954446,0.254813,-0.155250,0.934155,0.316710,-0.164466,0.651430,0.690414,-0.314591,
		-0.960686,0.000000,0.277638,0.953088,0.292677,-0.077228,0.953381,0.300612,-0.026391,0.953525,0.299089,-0.036560,-0.987076,-0.156323,0.035271
	],

	"faces": [
		32 ,0,1,5 ,0,1,5,
		32 ,5,1,6 ,5,1,6,
		32 ,5,6,10 ,5,6,10,
		32 ,10,6,11 ,10,6,11,
		32 ,10,11,15 ,10,11,15,
		32 ,15,11,16 ,15,11,16,
		32 ,15,16,20 ,15,16,20,
		32 ,20,16,21 ,20,16,21,
		32 ,1,2,6 ,1,2,6,
		32 ,6,2,7 ,6,2,7,
		32 ,6,7,11 ,6,7,11,
		32 ,11,7,12 ,11,7,12,
		32 ,11,12,16 ,11,12,16,
		32 ,16,12,17 ,16,12,17,
		32 ,16,17,21 ,16,17,21,
		32 ,21,17,22 ,21,17,22,
		32 ,2,3,7 ,2,3,7,
		32 ,7,3,8 ,7,3,8,
		32 ,7,8,12 ,7,8,12,
		32 ,12,8,13 ,12,8,13,
		32 ,12,13,17 ,12,13,17,
		32 ,17,13,18 ,17,13,18,
		32 ,17,18,22 ,17,18,22,
		32 ,22,18,23 ,22,18,23,
		32 ,3,4,8 ,3,4,8,
		32 ,8,4,9 ,8,4,9,
		32 ,8,9,13 ,8,9,13,
		32 ,13,9,14 ,13,9,14,
		32 ,13,14,18 ,13,14,18,
		32 ,18,14,19 ,18,14,19,
		32 ,18,19,23 ,18,19,23,
		32 ,23,19,24 ,23,19,24
	]

}
