{
	"metadata" : {
		"formatVersion" : 3,
		"description" : "Exported from LibZinc."
	},

	"vertices" : [
		-32.335892,79.163254,-911.336121,-28.932480,74.159554,-908.976807,-24.463383,69.976448,-906.890137,-19.270323,67.527237,-905.380066,-13.695020,67.725227,-904.750488,-32.731274,80.867561,-903.465393,-28.879883,75.817780,-901.347229,-24.036707,71.541382,-899.416687,-18.565760,68.846214,-897.920837,-12.831057,68.540108,-897.106628,
		-33.276485,82.699181,-895.007019,-29.132158,77.520164,-893.150818,-23.966448,73.165939,-891.488586,-18.232611,70.325157,-890.168457,-12.383904,69.686501,-889.338623,-33.990250,85.016014,-886.690857,-29.751547,79.785339,-885.050476,-24.423166,75.386383,-883.650085,-18.541954,72.434799,-882.530334,-12.644761,71.546242,-881.732056,
		-34.891289,88.175980,-879.246826,-30.800295,83.131935,-877.709229,-25.577423,78.739006,-876.445435,-19.764872,75.645866,-875.413635,-13.904830,74.501183,-874.572327
	],

	"normals" : [
		-0.891019,-0.448841,0.068021,-0.792569,-0.585828,0.169234,-0.619553,-0.750465,0.230121,-0.264657,-0.940649,0.212452,0.306049,-0.950206,0.058671,-0.856722,-0.512577,0.057373,-0.756194,-0.643367,0.119373,-0.599996,-0.781237,0.172262,-0.308247,-0.933481,0.183293,0.190149,-0.976826,0.098260,
		-0.847000,-0.527891,0.062634,-0.734108,-0.669070,0.115891,-0.581352,-0.795510,0.170862,-0.329836,-0.921277,0.206050,0.100876,-0.978437,0.180236,-0.849419,-0.520200,0.088770,-0.725425,-0.670283,0.156459,-0.572844,-0.789261,0.221172,-0.347781,-0.895738,0.276950,0.024924,-0.952704,0.302876,
		-0.851065,-0.503345,0.149443,-0.725491,-0.641845,0.248390,-0.579550,-0.748421,0.322471,-0.376865,-0.839924,0.390514,-0.053727,-0.888049,0.456599
	],

	"faces": [
		32 ,0,1,5 ,0,1,5,
		32 ,5,1,6 ,5,1,6,
		32 ,5,6,10 ,5,6,10,
		32 ,10,6,11 ,10,6,11,
		32 ,10,11,15 ,10,11,15,
		32 ,15,11,16 ,15,11,16,
		32 ,15,16,20 ,15,16,20,
		32 ,20,16,21 ,20,16,21,
		32 ,1,2,6 ,1,2,6,
		32 ,6,2,7 ,6,2,7,
		32 ,6,7,11 ,6,7,11,
		32 ,11,7,12 ,11,7,12,
		32 ,11,12,16 ,11,12,16,
		32 ,16,12,17 ,16,12,17,
		32 ,16,17,21 ,16,17,21,
		32 ,21,17,22 ,21,17,22,
		32 ,2,3,7 ,2,3,7,
		32 ,7,3,8 ,7,3,8,
		32 ,7,8,12 ,7,8,12,
		32 ,12,8,13 ,12,8,13,
		32 ,12,13,17 ,12,13,17,
		32 ,17,13,18 ,17,13,18,
		32 ,17,18,22 ,17,18,22,
		32 ,22,18,23 ,22,18,23,
		32 ,3,4,8 ,3,4,8,
		32 ,8,4,9 ,8,4,9,
		32 ,8,9,13 ,8,9,13,
		32 ,13,9,14 ,13,9,14,
		32 ,13,14,18 ,13,14,18,
		32 ,18,14,19 ,18,14,19,
		32 ,18,19,23 ,18,19,23,
		32 ,23,19,24 ,23,19,24
	]

}
