{
	"metadata" : {
		"formatVersion" : 3,
		"description" : "Exported from LibZinc."
	},

	"vertices" : [
		33.903912,110.823997,-879.598389,37.240005,114.897430,-879.528137,40.217678,120.068916,-879.704651,42.464573,125.864090,-880.038757,43.608330,131.808594,-880.441406,28.283419,113.972771,-871.608459,31.183525,117.605247,-871.715332,33.996246,122.250374,-872.101379,36.175419,127.400940,-872.619507,37.174877,132.549713,-873.122742,
		21.782387,118.779541,-864.247253,24.152817,121.743805,-864.428467,26.550961,125.296227,-864.766602,28.431345,129.223724,-865.195618,29.248501,133.313248,-865.649353,16.658775,122.525848,-855.735291,18.311544,124.996841,-855.972412,19.976845,127.638229,-856.184875,21.282778,130.499664,-856.424866,21.857437,133.630814,-856.744629,
		15.170550,122.493202,-844.293091,15.823362,125.048126,-844.651978,16.368929,127.708160,-844.840637,16.780149,130.395920,-844.965149,17.029930,133.033997,-845.131897
	],

	"normals" : [
		0.626538,-0.658804,0.416447,0.728019,-0.491536,0.477893,0.780808,-0.350277,0.517344,0.817938,-0.207052,0.536756,0.835746,-0.028650,0.548368,0.495504,-0.482727,0.722116,0.577319,-0.355752,0.734945,0.631464,-0.257921,0.731253,0.673971,-0.142244,0.724934,0.692356,0.033025,0.720800,
		0.547860,-0.436223,0.713833,0.580178,-0.376629,0.722180,0.630783,-0.297715,0.716574,0.683576,-0.163790,0.711264,0.707254,0.058432,0.704541,0.790510,-0.455518,0.409386,0.755063,-0.471366,0.455735,0.773676,-0.397356,0.493491,0.818901,-0.226839,0.527206,0.840796,0.040229,0.539856,
		0.946207,-0.293019,-0.137229,0.973229,-0.227450,-0.033044,0.981411,-0.171992,0.085158,0.977939,-0.114073,0.174992,0.977695,-0.042729,0.205635
	],

	"faces": [
		32 ,0,1,5 ,0,1,5,
		32 ,5,1,6 ,5,1,6,
		32 ,5,6,10 ,5,6,10,
		32 ,10,6,11 ,10,6,11,
		32 ,10,11,15 ,10,11,15,
		32 ,15,11,16 ,15,11,16,
		32 ,15,16,20 ,15,16,20,
		32 ,20,16,21 ,20,16,21,
		32 ,1,2,6 ,1,2,6,
		32 ,6,2,7 ,6,2,7,
		32 ,6,7,11 ,6,7,11,
		32 ,11,7,12 ,11,7,12,
		32 ,11,12,16 ,11,12,16,
		32 ,16,12,17 ,16,12,17,
		32 ,16,17,21 ,16,17,21,
		32 ,21,17,22 ,21,17,22,
		32 ,2,3,7 ,2,3,7,
		32 ,7,3,8 ,7,3,8,
		32 ,7,8,12 ,7,8,12,
		32 ,12,8,13 ,12,8,13,
		32 ,12,13,17 ,12,13,17,
		32 ,17,13,18 ,17,13,18,
		32 ,17,18,22 ,17,18,22,
		32 ,22,18,23 ,22,18,23,
		32 ,3,4,8 ,3,4,8,
		32 ,8,4,9 ,8,4,9,
		32 ,8,9,13 ,8,9,13,
		32 ,13,9,14 ,13,9,14,
		32 ,13,14,18 ,13,14,18,
		32 ,18,14,19 ,18,14,19,
		32 ,18,19,23 ,18,19,23,
		32 ,23,19,24 ,23,19,24
	]

}
