{
	"metadata" : {
		"formatVersion" : 3,
		"description" : "Exported from LibZinc."
	},

	"vertices" : [
		-39.486012,111.285500,-883.487427,-40.033829,104.602386,-882.764282,-39.428532,98.717644,-881.876099,-37.703293,93.339455,-880.733398,-34.891289,88.175980,-879.246826,-39.668690,113.346786,-877.407898,-40.203274,106.967636,-876.918152,-39.698025,101.488930,-876.210754,-38.181641,96.561371,-875.202332,-35.682808,91.835686,-873.809448,
		-39.603951,114.794243,-872.952576,-39.997749,108.880112,-872.348145,-39.524815,104.016075,-871.601440,-38.219807,99.676918,-870.650757,-36.117382,95.337440,-869.434326,-39.354931,115.634583,-867.360718,-39.526768,110.325569,-866.385315,-39.056576,106.193108,-865.496033,-37.968777,102.514664,-864.632080,-36.287792,98.567696,-863.732544,
		-38.984772,115.874496,-857.871887,-38.899841,111.289764,-856.360840,-38.440975,107.914070,-855.342346,-37.579521,104.903191,-854.699463,-36.286831,101.412903,-854.315186
	],

	"normals" : [
		-0.985263,0.147775,-0.086139,-0.998721,-0.011725,-0.049174,-0.978957,-0.203924,0.007683,-0.921015,-0.381494,0.078699,-0.851065,-0.503345,0.149443,-0.987014,0.147456,-0.063725,-0.999976,0.002338,0.006568,-0.979435,-0.177647,0.095653,-0.920651,-0.341429,0.189284,-0.855891,-0.453467,0.248634,
		-0.991995,0.126190,0.004789,-0.997295,0.000693,0.073497,-0.975004,-0.165784,0.147926,-0.923112,-0.315754,0.219461,-0.878529,-0.410161,0.244856,-0.995407,0.087731,0.038326,-0.996820,-0.017627,0.077718,-0.977535,-0.175524,0.116690,-0.936343,-0.315984,0.153023,-0.911295,-0.381811,0.154152,
		-0.999060,0.027810,0.033252,-0.997180,-0.051744,0.054362,-0.978985,-0.191706,0.069543,-0.946129,-0.313152,0.082313,-0.934231,-0.347667,0.079622
	],

	"faces": [
		32 ,0,1,5 ,0,1,5,
		32 ,5,1,6 ,5,1,6,
		32 ,5,6,10 ,5,6,10,
		32 ,10,6,11 ,10,6,11,
		32 ,10,11,15 ,10,11,15,
		32 ,15,11,16 ,15,11,16,
		32 ,15,16,20 ,15,16,20,
		32 ,20,16,21 ,20,16,21,
		32 ,1,2,6 ,1,2,6,
		32 ,6,2,7 ,6,2,7,
		32 ,6,7,11 ,6,7,11,
		32 ,11,7,12 ,11,7,12,
		32 ,11,12,16 ,11,12,16,
		32 ,16,12,17 ,16,12,17,
		32 ,16,17,21 ,16,17,21,
		32 ,21,17,22 ,21,17,22,
		32 ,2,3,7 ,2,3,7,
		32 ,7,3,8 ,7,3,8,
		32 ,7,8,12 ,7,8,12,
		32 ,12,8,13 ,12,8,13,
		32 ,12,13,17 ,12,13,17,
		32 ,17,13,18 ,17,13,18,
		32 ,17,18,22 ,17,18,22,
		32 ,22,18,23 ,22,18,23,
		32 ,3,4,8 ,3,4,8,
		32 ,8,4,9 ,8,4,9,
		32 ,8,9,13 ,8,9,13,
		32 ,13,9,14 ,13,9,14,
		32 ,13,14,18 ,13,14,18,
		32 ,18,14,19 ,18,14,19,
		32 ,18,19,23 ,18,19,23,
		32 ,23,19,24 ,23,19,24
	]

}
