{
	"metadata" : {
		"formatVersion" : 3,
		"description" : "Exported from LibZinc."
	},

	"vertices" : [
		-13.904830,74.501183,-874.572327,-8.675593,75.385796,-874.041626,-4.330692,77.633209,-873.949402,-0.775166,80.771072,-874.265137,2.085942,84.327026,-874.958313,-16.155922,78.779434,-869.018250,-10.970037,79.307358,-868.320068,-6.508186,81.175293,-868.018555,-2.733405,83.908287,-868.084167,0.391273,87.031395,-868.487488,
		-18.744429,83.639725,-864.468384,-13.789764,83.775375,-863.721680,-9.384061,85.247902,-863.350159,-5.525420,87.632744,-863.270142,-2.211944,90.505348,-863.398071,-20.993422,88.009819,-858.567505,-16.247742,87.718719,-857.875122,-11.777722,88.662270,-857.544312,-7.707956,90.551117,-857.384338,-4.163034,93.095924,-857.204407,
		-22.225969,90.817467,-848.960388,-17.456930,90.066261,-848.409424,-12.508576,90.229622,-848.201294,-7.837759,91.270081,-847.987854,-3.901324,93.150177,-847.421021
	],

	"normals" : [
		-0.053727,-0.888049,0.456599,0.262983,-0.848445,0.459327,0.536602,-0.745089,0.396107,0.720638,-0.627850,0.294084,0.823100,-0.534292,0.192455,-0.147969,-0.731792,0.665271,0.112847,-0.699278,0.705886,0.342460,-0.625120,0.701389,0.520470,-0.543572,0.658514,0.652112,-0.475173,0.590729,
		-0.212225,-0.747105,0.629916,0.054976,-0.723143,0.688507,0.281765,-0.656401,0.699819,0.450190,-0.588560,0.671510,0.570135,-0.540469,0.618741,-0.258618,-0.884763,0.387701,0.029462,-0.905791,0.422700,0.278841,-0.874783,0.396235,0.473145,-0.819391,0.323626,0.619088,-0.745290,0.247532,
		-0.278969,-0.952957,0.118526,-0.064199,-0.993247,0.096636,0.123029,-0.992282,0.015522,0.322861,-0.940756,-0.103629,0.579331,-0.790033,-0.200558
	],

	"faces": [
		32 ,0,1,5 ,0,1,5,
		32 ,5,1,6 ,5,1,6,
		32 ,5,6,10 ,5,6,10,
		32 ,10,6,11 ,10,6,11,
		32 ,10,11,15 ,10,11,15,
		32 ,15,11,16 ,15,11,16,
		32 ,15,16,20 ,15,16,20,
		32 ,20,16,21 ,20,16,21,
		32 ,1,2,6 ,1,2,6,
		32 ,6,2,7 ,6,2,7,
		32 ,6,7,11 ,6,7,11,
		32 ,11,7,12 ,11,7,12,
		32 ,11,12,16 ,11,12,16,
		32 ,16,12,17 ,16,12,17,
		32 ,16,17,21 ,16,17,21,
		32 ,21,17,22 ,21,17,22,
		32 ,2,3,7 ,2,3,7,
		32 ,7,3,8 ,7,3,8,
		32 ,7,8,12 ,7,8,12,
		32 ,12,8,13 ,12,8,13,
		32 ,12,13,17 ,12,13,17,
		32 ,17,13,18 ,17,13,18,
		32 ,17,18,22 ,17,18,22,
		32 ,22,18,23 ,22,18,23,
		32 ,3,4,8 ,3,4,8,
		32 ,8,4,9 ,8,4,9,
		32 ,8,9,13 ,8,9,13,
		32 ,13,9,14 ,13,9,14,
		32 ,13,14,18 ,13,14,18,
		32 ,18,14,19 ,18,14,19,
		32 ,18,19,23 ,18,19,23,
		32 ,23,19,24 ,23,19,24
	]

}
