{
	"metadata" : {
		"formatVersion" : 3,
		"description" : "Exported from LibZinc."
	},

	"vertices" : [
		2.085942,84.327026,-874.958313,4.434763,87.968117,-875.823181,6.523050,91.552628,-876.664795,8.550195,94.895111,-877.468628,10.715590,97.810112,-878.220093,0.391273,87.031395,-868.487488,3.053213,90.300346,-869.036865,5.460091,93.611343,-869.561462,7.679337,96.700165,-870.063110,9.778383,99.302567,-870.543579,
		-2.211944,90.505348,-863.398071,0.769123,93.580170,-863.603394,3.581518,96.692383,-863.825256,6.153610,99.598473,-864.084290,8.413767,102.054932,-864.401184,-4.163034,93.095924,-857.204407,-0.961681,95.926277,-857.021606,2.084146,98.767166,-856.990356,4.859997,101.472359,-857.126404,7.251423,103.895607,-857.445251,
		-3.901324,93.150177,-847.421021,-0.683370,95.457367,-846.790344,2.164790,97.807152,-846.591125,4.685482,100.204155,-846.783630,6.921032,102.653000,-847.328308
	],

	"normals" : [
		0.823100,-0.534292,0.192455,0.863571,-0.489973,0.119041,0.870424,-0.486534,0.075152,0.842317,-0.536004,0.056593,0.759752,-0.648127,0.052034,0.652112,-0.475173,0.590729,0.720873,-0.462458,0.516212,0.763493,-0.472091,0.440692,0.771211,-0.508126,0.383461,0.726240,-0.584074,0.362538,
		0.570135,-0.540469,0.618741,0.627066,-0.544620,0.556936,0.670260,-0.556131,0.491396,0.693512,-0.573006,0.436699,0.687965,-0.598091,0.411086,0.619088,-0.745290,0.247532,0.656586,-0.728912,0.193858,0.683743,-0.713397,0.153490,0.704781,-0.697267,0.130774,0.724546,-0.676732,0.130643,
		0.579331,-0.790033,-0.200558,0.612625,-0.755908,-0.230854,0.643829,-0.726856,-0.239090,0.677662,-0.698832,-0.228926,0.715868,-0.667585,-0.204606
	],

	"faces": [
		32 ,0,1,5 ,0,1,5,
		32 ,5,1,6 ,5,1,6,
		32 ,5,6,10 ,5,6,10,
		32 ,10,6,11 ,10,6,11,
		32 ,10,11,15 ,10,11,15,
		32 ,15,11,16 ,15,11,16,
		32 ,15,16,20 ,15,16,20,
		32 ,20,16,21 ,20,16,21,
		32 ,1,2,6 ,1,2,6,
		32 ,6,2,7 ,6,2,7,
		32 ,6,7,11 ,6,7,11,
		32 ,11,7,12 ,11,7,12,
		32 ,11,12,16 ,11,12,16,
		32 ,16,12,17 ,16,12,17,
		32 ,16,17,21 ,16,17,21,
		32 ,21,17,22 ,21,17,22,
		32 ,2,3,7 ,2,3,7,
		32 ,7,3,8 ,7,3,8,
		32 ,7,8,12 ,7,8,12,
		32 ,12,8,13 ,12,8,13,
		32 ,12,13,17 ,12,13,17,
		32 ,17,13,18 ,17,13,18,
		32 ,17,18,22 ,17,18,22,
		32 ,22,18,23 ,22,18,23,
		32 ,3,4,8 ,3,4,8,
		32 ,8,4,9 ,8,4,9,
		32 ,8,9,13 ,8,9,13,
		32 ,13,9,14 ,13,9,14,
		32 ,13,14,18 ,13,14,18,
		32 ,18,14,19 ,18,14,19,
		32 ,18,19,23 ,18,19,23,
		32 ,23,19,24 ,23,19,24
	]

}
