{
	"metadata" : {
		"formatVersion" : 3,
		"description" : "Exported from LibZinc."
	},

	"vertices" : [
		10.715590,97.810112,-878.220093,13.063278,99.971695,-878.823547,15.542621,101.436607,-879.198181,18.210989,102.593361,-879.351868,21.125750,103.830498,-879.292480,9.778383,99.302567,-870.543579,11.797907,101.302391,-870.961182,13.768991,102.904533,-871.241028,15.744671,104.326385,-871.335571,17.777985,105.785301,-871.197144,
		8.413767,102.054932,-864.401184,10.226659,104.012184,-864.662659,11.651726,105.725014,-864.731140,12.909490,107.406433,-864.590759,14.220473,109.269463,-864.225647,7.251423,103.895607,-857.445251,8.991172,106.019875,-857.661316,10.116108,108.030594,-857.517761,10.967956,110.085228,-857.073303,11.888438,112.341217,-856.387024,
		6.921032,102.653000,-847.328308,8.733084,105.244240,-847.690430,10.087420,107.953827,-847.450012,11.182580,110.614449,-846.739197,12.217100,113.058800,-845.690308
	],

	"normals" : [
		0.759752,-0.648127,0.052034,0.594323,-0.802523,0.052322,0.442138,-0.893641,0.076938,0.375862,-0.918627,0.121868,0.404196,-0.898317,0.172198,0.726240,-0.584074,0.362538,0.651512,-0.656536,0.380121,0.570242,-0.702879,0.425189,0.502602,-0.719116,0.479858,0.458934,-0.709331,0.535004,
		0.687965,-0.598091,0.411086,0.701197,-0.577582,0.417998,0.695119,-0.554953,0.456987,0.662197,-0.549135,0.509848,0.611151,-0.559416,0.559953,0.724546,-0.676732,0.130643,0.820606,-0.550957,0.151830,0.882671,-0.436241,0.174886,0.893363,-0.402111,0.200524,0.858548,-0.456913,0.232651,
		0.715868,-0.667585,-0.204606,0.855089,-0.497034,-0.147577,0.916012,-0.377419,-0.135927,0.934670,-0.318555,-0.157845,0.922831,-0.338671,-0.183535
	],

	"faces": [
		32 ,0,1,5 ,0,1,5,
		32 ,5,1,6 ,5,1,6,
		32 ,5,6,10 ,5,6,10,
		32 ,10,6,11 ,10,6,11,
		32 ,10,11,15 ,10,11,15,
		32 ,15,11,16 ,15,11,16,
		32 ,15,16,20 ,15,16,20,
		32 ,20,16,21 ,20,16,21,
		32 ,1,2,6 ,1,2,6,
		32 ,6,2,7 ,6,2,7,
		32 ,6,7,11 ,6,7,11,
		32 ,11,7,12 ,11,7,12,
		32 ,11,12,16 ,11,12,16,
		32 ,16,12,17 ,16,12,17,
		32 ,16,17,21 ,16,17,21,
		32 ,21,17,22 ,21,17,22,
		32 ,2,3,7 ,2,3,7,
		32 ,7,3,8 ,7,3,8,
		32 ,7,8,12 ,7,8,12,
		32 ,12,8,13 ,12,8,13,
		32 ,12,13,17 ,12,13,17,
		32 ,17,13,18 ,17,13,18,
		32 ,17,18,22 ,17,18,22,
		32 ,22,18,23 ,22,18,23,
		32 ,3,4,8 ,3,4,8,
		32 ,8,4,9 ,8,4,9,
		32 ,8,9,13 ,8,9,13,
		32 ,13,9,14 ,13,9,14,
		32 ,13,14,18 ,13,14,18,
		32 ,18,14,19 ,18,14,19,
		32 ,18,19,23 ,18,19,23,
		32 ,23,19,24 ,23,19,24
	]

}
