{
	"metadata" : {
		"formatVersion" : 3,
		"description" : "Exported from LibZinc."
	},

	"vertices" : [
		-35.330139,114.200401,-785.351624,-32.445465,105.070732,-785.184204,-27.717432,95.365356,-784.908813,-21.615704,86.655052,-784.532104,-14.609940,80.510597,-784.060730,-33.690380,113.745682,-764.093018,-30.866644,103.976639,-763.950073,-26.084064,93.035530,-763.793701,-19.729933,83.043129,-763.585449,-12.191537,76.120224,-763.286865,
		-31.376451,113.295952,-741.586304,-28.781370,102.804611,-741.285767,-24.250383,91.118385,-740.938232,-17.942980,80.391670,-740.604858,-10.018648,72.778870,-740.346863,-28.759209,113.586464,-718.092834,-26.365818,102.543625,-717.437012,-21.918674,90.585434,-716.786194,-15.520849,79.618103,-716.245239,-7.275417,71.547844,-715.919067,
		-26.209511,115.352501,-693.874084,-23.796154,104.182663,-692.649536,-18.791218,92.408180,-691.781311,-11.729549,81.639847,-691.161377,-3.145989,73.488457,-690.681702
	],

	"normals" : [
		-0.975954,-0.211226,0.053822,-0.927489,-0.371213,0.044317,-0.865129,-0.501323,0.015086,-0.755421,-0.653888,-0.042064,-0.499819,-0.856548,-0.128478,-0.976821,-0.196163,0.085680,-0.939120,-0.338395,0.059521,-0.886959,-0.461419,0.019902,-0.781678,-0.622861,-0.031986,-0.498318,-0.860079,-0.109280,
		-0.980532,-0.165229,0.106094,-0.951664,-0.296014,0.081927,-0.904070,-0.424085,0.053010,-0.800316,-0.599255,0.019703,-0.522859,-0.851610,-0.037125,-0.985627,-0.124833,0.113823,-0.956492,-0.272252,0.104887,-0.904825,-0.412264,0.106440,-0.799232,-0.591371,0.107280,-0.547532,-0.833106,0.078381,
		-0.991569,-0.075488,0.105317,-0.946505,-0.294694,0.131467,-0.872964,-0.451539,0.184518,-0.760844,-0.606097,0.231867,-0.558798,-0.795755,0.233494
	],

	"faces": [
		32 ,0,1,5 ,0,1,5,
		32 ,5,1,6 ,5,1,6,
		32 ,5,6,10 ,5,6,10,
		32 ,10,6,11 ,10,6,11,
		32 ,10,11,15 ,10,11,15,
		32 ,15,11,16 ,15,11,16,
		32 ,15,16,20 ,15,16,20,
		32 ,20,16,21 ,20,16,21,
		32 ,1,2,6 ,1,2,6,
		32 ,6,2,7 ,6,2,7,
		32 ,6,7,11 ,6,7,11,
		32 ,11,7,12 ,11,7,12,
		32 ,11,12,16 ,11,12,16,
		32 ,16,12,17 ,16,12,17,
		32 ,16,17,21 ,16,17,21,
		32 ,21,17,22 ,21,17,22,
		32 ,2,3,7 ,2,3,7,
		32 ,7,3,8 ,7,3,8,
		32 ,7,8,12 ,7,8,12,
		32 ,12,8,13 ,12,8,13,
		32 ,12,13,17 ,12,13,17,
		32 ,17,13,18 ,17,13,18,
		32 ,17,18,22 ,17,18,22,
		32 ,22,18,23 ,22,18,23,
		32 ,3,4,8 ,3,4,8,
		32 ,8,4,9 ,8,4,9,
		32 ,8,9,13 ,8,9,13,
		32 ,13,9,14 ,13,9,14,
		32 ,13,14,18 ,13,14,18,
		32 ,18,14,19 ,18,14,19,
		32 ,18,19,23 ,18,19,23,
		32 ,23,19,24 ,23,19,24
	]

}
