{
	"metadata" : {
		"formatVersion" : 3,
		"description" : "Exported from LibZinc."
	},

	"vertices" : [
		29.952290,122.953300,-782.966797,29.724375,127.198433,-783.170105,29.535831,131.134232,-783.224609,28.588114,135.047607,-783.224304,26.082680,139.225494,-783.262878,35.209671,121.810799,-766.792297,34.594257,126.816940,-767.164795,33.940117,131.653046,-767.393982,32.470379,136.342484,-767.567993,29.408157,140.908676,-767.775146,
		40.586926,123.073051,-750.514648,39.181660,129.039093,-751.267822,37.497883,134.896942,-751.783875,34.987274,140.370651,-752.161133,31.101515,145.184280,-752.497986,46.863281,126.451904,-732.853210,44.387905,133.241043,-734.051331,41.332569,139.745773,-734.781128,37.509838,145.562561,-735.222595,32.732296,150.287949,-735.555542,
		54.817959,131.659195,-712.527222,51.114319,138.798935,-714.087524,46.567627,145.079346,-714.772583,41.409119,150.348694,-714.971130,35.870041,154.455307,-715.071899
	],

	"normals" : [
		0.949808,0.087921,-0.300225,0.952350,0.009158,-0.304871,0.950477,0.105796,-0.292235,0.896560,0.357130,-0.261991,0.763050,0.610619,-0.211894,0.943035,0.129676,-0.306380,0.955426,0.081671,-0.283711,0.950261,0.176106,-0.256886,0.882843,0.398464,-0.248626,0.722508,0.645368,-0.247956,
		0.924527,0.174231,-0.338960,0.930499,0.194758,-0.310227,0.912502,0.299449,-0.278692,0.834218,0.481797,-0.268238,0.662573,0.695440,-0.278138,0.898641,0.213004,-0.383501,0.879723,0.307826,-0.362395,0.841431,0.431373,-0.325440,0.756536,0.585484,-0.291311,0.593615,0.757588,-0.271442,
		0.869855,0.250548,-0.424944,0.804226,0.433263,-0.406821,0.727778,0.591115,-0.347740,0.635904,0.721936,-0.272826,0.516681,0.829396,-0.212467
	],

	"faces": [
		32 ,0,1,5 ,0,1,5,
		32 ,5,1,6 ,5,1,6,
		32 ,5,6,10 ,5,6,10,
		32 ,10,6,11 ,10,6,11,
		32 ,10,11,15 ,10,11,15,
		32 ,15,11,16 ,15,11,16,
		32 ,15,16,20 ,15,16,20,
		32 ,20,16,21 ,20,16,21,
		32 ,1,2,6 ,1,2,6,
		32 ,6,2,7 ,6,2,7,
		32 ,6,7,11 ,6,7,11,
		32 ,11,7,12 ,11,7,12,
		32 ,11,12,16 ,11,12,16,
		32 ,16,12,17 ,16,12,17,
		32 ,16,17,21 ,16,17,21,
		32 ,21,17,22 ,21,17,22,
		32 ,2,3,7 ,2,3,7,
		32 ,7,3,8 ,7,3,8,
		32 ,7,8,12 ,7,8,12,
		32 ,12,8,13 ,12,8,13,
		32 ,12,13,17 ,12,13,17,
		32 ,17,13,18 ,17,13,18,
		32 ,17,18,22 ,17,18,22,
		32 ,22,18,23 ,22,18,23,
		32 ,3,4,8 ,3,4,8,
		32 ,8,4,9 ,8,4,9,
		32 ,8,9,13 ,8,9,13,
		32 ,13,9,14 ,13,9,14,
		32 ,13,14,18 ,13,14,18,
		32 ,18,14,19 ,18,14,19,
		32 ,18,19,23 ,18,19,23,
		32 ,23,19,24 ,23,19,24
	]

}
