{
	"metadata" : {
		"formatVersion" : 3,
		"description" : "Exported from LibZinc."
	},

	"vertices" : [
		35.870041,154.455307,-715.071899,30.768620,157.418411,-715.700256,26.149559,159.418060,-716.691589,21.083805,160.543762,-717.249817,14.642310,160.884995,-716.578918,40.958527,157.532852,-689.794800,35.861359,160.189148,-690.226746,31.346140,162.135559,-691.111572,26.403980,163.478806,-691.587524,20.025997,164.325623,-690.792786,
		47.138096,160.345947,-661.048767,42.052628,163.085541,-661.220886,37.560932,165.315536,-661.877991,32.663609,167.080170,-662.172729,26.361261,168.423676,-661.257690,54.023144,162.598495,-630.823059,48.845356,165.567093,-630.752930,44.279350,168.102951,-631.178711,39.366844,170.204529,-631.298889,33.149563,171.870300,-630.311829,
		61.228062,163.994400,-601.106873,55.742477,167.093338,-600.893005,50.986801,169.642746,-601.201721,46.017830,171.708557,-601.259644,39.892361,173.356705,-600.293396
	],

	"normals" : [
		0.516681,0.829396,-0.212467,0.485138,0.854405,-0.186102,0.336654,0.928812,-0.154832,0.127984,0.984367,-0.121003,-0.025690,0.993636,-0.109666,0.459096,0.867677,-0.190705,0.459786,0.868026,-0.187423,0.358916,0.916460,-0.176860,0.189565,0.968764,-0.159879,0.049400,0.987326,-0.150818,
		0.450142,0.875560,-0.175409,0.481454,0.856857,-0.184387,0.416296,0.890877,-0.181754,0.265102,0.949554,-0.167537,0.115913,0.981404,-0.153002,0.462064,0.871867,-0.162311,0.505283,0.845483,-0.172766,0.457178,0.873584,-0.166851,0.318379,0.936674,-0.145865,0.166319,0.978497,-0.121988,
		0.464393,0.873998,-0.143060,0.491929,0.859068,-0.141451,0.441895,0.889096,-0.119320,0.318521,0.944403,-0.081534,0.192644,0.980178,-0.046261
	],

	"faces": [
		32 ,0,1,5 ,0,1,5,
		32 ,5,1,6 ,5,1,6,
		32 ,5,6,10 ,5,6,10,
		32 ,10,6,11 ,10,6,11,
		32 ,10,11,15 ,10,11,15,
		32 ,15,11,16 ,15,11,16,
		32 ,15,16,20 ,15,16,20,
		32 ,20,16,21 ,20,16,21,
		32 ,1,2,6 ,1,2,6,
		32 ,6,2,7 ,6,2,7,
		32 ,6,7,11 ,6,7,11,
		32 ,11,7,12 ,11,7,12,
		32 ,11,12,16 ,11,12,16,
		32 ,16,12,17 ,16,12,17,
		32 ,16,17,21 ,16,17,21,
		32 ,21,17,22 ,21,17,22,
		32 ,2,3,7 ,2,3,7,
		32 ,7,3,8 ,7,3,8,
		32 ,7,8,12 ,7,8,12,
		32 ,12,8,13 ,12,8,13,
		32 ,12,13,17 ,12,13,17,
		32 ,17,13,18 ,17,13,18,
		32 ,17,18,22 ,17,18,22,
		32 ,22,18,23 ,22,18,23,
		32 ,3,4,8 ,3,4,8,
		32 ,8,4,9 ,8,4,9,
		32 ,8,9,13 ,8,9,13,
		32 ,13,9,14 ,13,9,14,
		32 ,13,14,18 ,13,14,18,
		32 ,18,14,19 ,18,14,19,
		32 ,18,19,23 ,18,19,23,
		32 ,23,19,24 ,23,19,24
	]

}
