{
	"metadata" : {
		"formatVersion" : 3,
		"description" : "Exported from LibZinc."
	},

	"vertices" : [
		39.892361,173.356705,-600.293396,31.917446,174.663208,-598.736084,22.875748,174.954132,-597.480835,14.037470,173.170425,-596.444092,6.672821,168.253006,-595.542603,46.541122,176.085358,-571.475525,38.613640,177.090851,-570.136475,29.834494,177.237915,-569.097107,21.115753,175.503906,-568.601379,13.369482,170.866196,-568.893188,
		53.167114,182.678284,-543.029907,44.629265,182.757980,-542.158508,35.454945,181.772247,-541.435730,26.485188,179.101151,-541.211365,18.561029,174.124771,-541.835266,59.451488,190.955978,-515.642700,49.941093,189.883682,-515.264221,40.046288,187.433899,-514.881348,30.618635,183.435730,-514.779724,22.509699,177.718231,-515.245300,
		65.075394,198.738907,-490.000000,54.525909,196.687088,-489.915710,43.917721,193.099655,-489.818726,33.988953,187.981155,-489.812378,25.477730,181.336105,-490.000000
	],

	"normals" : [
		0.192644,0.980178,-0.046261,0.105835,0.993827,-0.033274,-0.063406,0.997936,-0.010214,-0.351149,0.934947,0.050683,-0.722378,0.674641,0.151755,0.109789,0.974466,-0.195863,0.062592,0.984342,-0.164784,-0.079277,0.990847,-0.109262,-0.338713,0.940458,-0.028516,-0.681285,0.728831,0.068237,
		0.020711,0.961951,-0.272437,-0.059151,0.972690,-0.224445,-0.190427,0.969676,-0.153188,-0.395640,0.915807,-0.069038,-0.666053,0.745741,0.015622,-0.055585,0.955796,-0.288728,-0.178380,0.956375,-0.231358,-0.310155,0.936825,-0.161749,-0.473720,0.876425,-0.086419,-0.678394,0.734561,-0.014201,
		-0.121209,0.962800,-0.241506,-0.251928,0.948613,-0.191481,-0.383287,0.912581,-0.142434,-0.530271,0.843302,-0.087493,-0.699045,0.714451,-0.029918
	],

	"faces": [
		32 ,0,1,5 ,0,1,5,
		32 ,5,1,6 ,5,1,6,
		32 ,5,6,10 ,5,6,10,
		32 ,10,6,11 ,10,6,11,
		32 ,10,11,15 ,10,11,15,
		32 ,15,11,16 ,15,11,16,
		32 ,15,16,20 ,15,16,20,
		32 ,20,16,21 ,20,16,21,
		32 ,1,2,6 ,1,2,6,
		32 ,6,2,7 ,6,2,7,
		32 ,6,7,11 ,6,7,11,
		32 ,11,7,12 ,11,7,12,
		32 ,11,12,16 ,11,12,16,
		32 ,16,12,17 ,16,12,17,
		32 ,16,17,21 ,16,17,21,
		32 ,21,17,22 ,21,17,22,
		32 ,2,3,7 ,2,3,7,
		32 ,7,3,8 ,7,3,8,
		32 ,7,8,12 ,7,8,12,
		32 ,12,8,13 ,12,8,13,
		32 ,12,13,17 ,12,13,17,
		32 ,17,13,18 ,17,13,18,
		32 ,17,18,22 ,17,18,22,
		32 ,22,18,23 ,22,18,23,
		32 ,3,4,8 ,3,4,8,
		32 ,8,4,9 ,8,4,9,
		32 ,8,9,13 ,8,9,13,
		32 ,13,9,14 ,13,9,14,
		32 ,13,14,18 ,13,14,18,
		32 ,18,14,19 ,18,14,19,
		32 ,18,19,23 ,18,19,23,
		32 ,23,19,24 ,23,19,24
	]

}
