{
	"metadata" : {
		"formatVersion" : 3,
		"description" : "Exported from LibZinc."
	},

	"vertices" : [
		2.472574,86.920967,-577.036926,11.900858,79.939552,-576.563538,23.033850,76.371140,-577.692749,35.158043,75.585205,-579.831177,47.559940,76.951248,-582.385620,4.269645,89.369469,-554.566284,11.200087,80.331421,-555.370667,22.578220,75.925201,-556.829712,36.281239,74.999306,-558.264587,50.186337,76.402214,-558.996216,
		6.327106,91.476250,-534.772827,12.680719,81.457863,-535.943115,23.905972,75.887474,-537.098022,37.886387,73.870766,-537.756287,52.505493,74.513397,-537.436829,7.857681,93.054123,-515.602234,14.789954,82.507614,-516.614868,25.985405,75.667892,-517.228516,39.889671,72.176315,-517.254822,54.948391,71.674240,-516.505432,
		8.074089,93.915894,-495.000000,15.974988,82.669434,-495.719543,27.784826,74.676392,-495.952118,42.207279,69.892670,-495.708649,57.946011,68.274200,-495.000000
	],

	"normals" : [
		-0.734284,-0.669540,0.111997,-0.446287,-0.893184,-0.055238,-0.180910,-0.982121,-0.052058,0.028844,-0.999464,-0.015451,0.176290,-0.984278,-0.010875,-0.937864,-0.322272,0.128653,-0.560375,-0.826408,0.055043,-0.188592,-0.982055,-0.001307,0.026762,-0.998733,-0.042620,0.160742,-0.984214,-0.074055,
		-0.959133,-0.255545,0.121493,-0.627733,-0.769618,0.116788,-0.269003,-0.962834,0.024266,-0.037729,-0.997128,-0.065667,0.124410,-0.984041,-0.127223,-0.941919,-0.328581,0.069454,-0.672066,-0.734750,0.092031,-0.369881,-0.928954,0.015215,-0.128086,-0.988469,-0.080762,0.069430,-0.984997,-0.157988,
		-0.919748,-0.391917,-0.021530,-0.690669,-0.723078,-0.011592,-0.431389,-0.901365,-0.038003,-0.200827,-0.975429,-0.090595,0.006207,-0.987274,-0.158909
	],

	"faces": [
		32 ,0,1,5 ,0,1,5,
		32 ,5,1,6 ,5,1,6,
		32 ,5,6,10 ,5,6,10,
		32 ,10,6,11 ,10,6,11,
		32 ,10,11,15 ,10,11,15,
		32 ,15,11,16 ,15,11,16,
		32 ,15,16,20 ,15,16,20,
		32 ,20,16,21 ,20,16,21,
		32 ,1,2,6 ,1,2,6,
		32 ,6,2,7 ,6,2,7,
		32 ,6,7,11 ,6,7,11,
		32 ,11,7,12 ,11,7,12,
		32 ,11,12,16 ,11,12,16,
		32 ,16,12,17 ,16,12,17,
		32 ,16,17,21 ,16,17,21,
		32 ,21,17,22 ,21,17,22,
		32 ,2,3,7 ,2,3,7,
		32 ,7,3,8 ,7,3,8,
		32 ,7,8,12 ,7,8,12,
		32 ,12,8,13 ,12,8,13,
		32 ,12,13,17 ,12,13,17,
		32 ,17,13,18 ,17,13,18,
		32 ,17,18,22 ,17,18,22,
		32 ,22,18,23 ,22,18,23,
		32 ,3,4,8 ,3,4,8,
		32 ,8,4,9 ,8,4,9,
		32 ,8,9,13 ,8,9,13,
		32 ,13,9,14 ,13,9,14,
		32 ,13,14,18 ,13,14,18,
		32 ,18,14,19 ,18,14,19,
		32 ,18,19,23 ,18,19,23,
		32 ,23,19,24 ,23,19,24
	]

}
