{
	"metadata" : {
		"formatVersion" : 3,
		"description" : "Exported from LibZinc."
	},

	"vertices" : [
		87.962257,146.146896,-597.278015,82.198868,153.039749,-598.428406,75.240211,157.586914,-599.927612,67.959023,160.875946,-601.059204,61.228062,163.994400,-601.106873,96.501434,145.731781,-569.567444,91.480042,153.597672,-570.233215,84.911186,159.293823,-571.380493,77.624374,163.609909,-572.312622,70.449120,167.335632,-572.333008,
		104.322357,146.125305,-542.142578,100.666443,155.085236,-542.456665,95.427795,162.685120,-543.194885,89.016922,168.970016,-543.850281,81.844337,173.985031,-543.915955,109.717278,147.003860,-515.465942,107.591003,156.877213,-515.541382,104.146149,166.325821,-515.868225,99.237717,174.734436,-516.206848,92.720757,181.487823,-516.317627,
		110.978401,148.043793,-490.000000,110.086647,158.348343,-489.929993,108.422340,168.780945,-489.898163,105.387810,178.681320,-489.917267,100.385399,187.389206,-490.000000
	],

	"normals" : [
		0.849347,0.470295,-0.239650,0.660485,0.724205,-0.198208,0.475560,0.866621,-0.151033,0.396894,0.908634,-0.129847,0.464393,0.873998,-0.143060,0.885816,0.376090,-0.271819,0.737714,0.615675,-0.276988,0.575250,0.765584,-0.288042,0.463495,0.831621,-0.305908,0.425820,0.846586,-0.319326,
		0.932859,0.265241,-0.243764,0.849149,0.442215,-0.288778,0.734235,0.585166,-0.344208,0.600298,0.699229,-0.388227,0.451532,0.798090,-0.398962,0.978282,0.151888,-0.141044,0.944266,0.262149,-0.199098,0.877548,0.392104,-0.275978,0.758794,0.549744,-0.349303,0.561008,0.728419,-0.393290,
		0.996187,0.069613,0.052589,0.993663,0.111682,0.012707,0.975248,0.213555,-0.057324,0.913401,0.379459,-0.147343,0.763078,0.594296,-0.254017
	],

	"faces": [
		32 ,0,1,5 ,0,1,5,
		32 ,5,1,6 ,5,1,6,
		32 ,5,6,10 ,5,6,10,
		32 ,10,6,11 ,10,6,11,
		32 ,10,11,15 ,10,11,15,
		32 ,15,11,16 ,15,11,16,
		32 ,15,16,20 ,15,16,20,
		32 ,20,16,21 ,20,16,21,
		32 ,1,2,6 ,1,2,6,
		32 ,6,2,7 ,6,2,7,
		32 ,6,7,11 ,6,7,11,
		32 ,11,7,12 ,11,7,12,
		32 ,11,12,16 ,11,12,16,
		32 ,16,12,17 ,16,12,17,
		32 ,16,17,21 ,16,17,21,
		32 ,21,17,22 ,21,17,22,
		32 ,2,3,7 ,2,3,7,
		32 ,7,3,8 ,7,3,8,
		32 ,7,8,12 ,7,8,12,
		32 ,12,8,13 ,12,8,13,
		32 ,12,13,17 ,12,13,17,
		32 ,17,13,18 ,17,13,18,
		32 ,17,18,22 ,17,18,22,
		32 ,22,18,23 ,22,18,23,
		32 ,3,4,8 ,3,4,8,
		32 ,8,4,9 ,8,4,9,
		32 ,8,9,13 ,8,9,13,
		32 ,13,9,14 ,13,9,14,
		32 ,13,14,18 ,13,14,18,
		32 ,18,14,19 ,18,14,19,
		32 ,18,19,23 ,18,19,23,
		32 ,23,19,24 ,23,19,24
	]

}
