{
	"metadata" : {
		"formatVersion" : 3,
		"description" : "Exported from LibZinc."
	},

	"vertices" : [
		6.813861,146.026093,-490.000000,4.885912,133.809998,-491.079956,3.717105,120.645714,-492.443298,4.411733,107.144073,-493.834991,8.074089,93.915894,-495.000000,9.323838,148.993835,-466.287445,6.724220,136.863602,-467.241821,4.595230,123.599007,-468.895782,4.483349,109.824982,-470.622284,7.935056,96.166481,-471.794220,
		13.593524,152.679688,-443.400879,10.244651,140.842926,-444.002350,7.191793,127.687988,-445.269989,6.209759,113.969666,-446.616364,9.073354,100.442741,-447.454041,17.764238,155.537933,-422.063873,13.984217,143.876419,-422.261566,10.542005,130.876999,-422.834076,9.198042,117.412392,-423.477234,11.712769,104.355354,-423.886841,
		19.977301,156.022797,-403.000000,16.479931,144.092575,-402.919464,13.681073,131.130371,-402.856323,13.055276,117.987419,-402.864990,16.077089,105.514999,-403.000000
	],

	"normals" : [
		-0.986126,0.163728,0.027373,-0.991036,0.133209,0.010194,-0.999336,0.032969,-0.015541,-0.989162,-0.143407,-0.031495,-0.919748,-0.391917,-0.021530,-0.973050,0.194448,0.123950,-0.977595,0.190344,0.089874,-0.993675,0.092048,0.064324,-0.992527,-0.107837,0.057115,-0.914673,-0.396628,0.077839,
		-0.955077,0.252932,0.154446,-0.959127,0.255819,0.120966,-0.982005,0.156552,0.105626,-0.992281,-0.056122,0.110582,-0.915356,-0.377624,0.139726,-0.945023,0.298042,0.134549,-0.947922,0.292242,0.126642,-0.972526,0.188586,0.136487,-0.986962,-0.028315,0.158442,-0.910814,-0.367619,0.187816,
		-0.956004,0.288512,0.053080,-0.960420,0.259588,0.101036,-0.976438,0.145344,0.159508,-0.975051,-0.072717,0.209731,-0.886492,-0.403294,0.226905
	],

	"faces": [
		32 ,0,1,5 ,0,1,5,
		32 ,5,1,6 ,5,1,6,
		32 ,5,6,10 ,5,6,10,
		32 ,10,6,11 ,10,6,11,
		32 ,10,11,15 ,10,11,15,
		32 ,15,11,16 ,15,11,16,
		32 ,15,16,20 ,15,16,20,
		32 ,20,16,21 ,20,16,21,
		32 ,1,2,6 ,1,2,6,
		32 ,6,2,7 ,6,2,7,
		32 ,6,7,11 ,6,7,11,
		32 ,11,7,12 ,11,7,12,
		32 ,11,12,16 ,11,12,16,
		32 ,16,12,17 ,16,12,17,
		32 ,16,17,21 ,16,17,21,
		32 ,21,17,22 ,21,17,22,
		32 ,2,3,7 ,2,3,7,
		32 ,7,3,8 ,7,3,8,
		32 ,7,8,12 ,7,8,12,
		32 ,12,8,13 ,12,8,13,
		32 ,12,13,17 ,12,13,17,
		32 ,17,13,18 ,17,13,18,
		32 ,17,18,22 ,17,18,22,
		32 ,22,18,23 ,22,18,23,
		32 ,3,4,8 ,3,4,8,
		32 ,8,4,9 ,8,4,9,
		32 ,8,9,13 ,8,9,13,
		32 ,13,9,14 ,13,9,14,
		32 ,13,14,18 ,13,14,18,
		32 ,18,14,19 ,18,14,19,
		32 ,18,19,23 ,18,19,23,
		32 ,23,19,24 ,23,19,24
	]

}
