{
	"metadata" : {
		"formatVersion" : 3,
		"description" : "Exported from LibZinc."
	},

	"vertices" : [
		108.204002,109.455002,-490.000000,110.871674,120.857971,-489.472534,111.812035,130.185684,-489.559418,111.641975,138.795258,-489.866608,110.978401,148.043793,-490.000000,108.417015,105.700714,-465.453308,109.085472,117.197510,-465.710114,109.709160,128.011703,-466.061798,110.198189,138.497055,-466.370697,110.462654,149.007339,-466.499268,
		106.331215,97.361008,-442.331390,106.157860,107.156075,-443.541962,107.661316,121.084297,-444.270752,109.829453,136.275406,-444.643982,111.650124,149.859146,-444.787903,101.578262,89.568413,-421.062317,102.170113,97.470757,-422.518280,105.985176,114.300766,-423.348816,110.831673,134.017288,-423.753662,114.517807,150.579208,-423.932556,
		93.789810,87.455467,-402.074097,97.203499,94.878693,-402.189301,104.997391,112.558395,-402.458496,113.500717,133.609650,-402.766937,119.042702,151.147507,-403.000000
	],

	"normals" : [
		0.960400,-0.275020,-0.044672,0.984332,-0.166060,0.059276,0.996017,-0.029639,0.084091,0.995438,0.061823,0.072665,0.996187,0.069613,0.052589,0.998278,-0.054896,0.020689,0.994909,-0.056815,0.083238,0.995331,-0.050961,0.081969,0.998534,-0.036547,0.039929,0.999827,-0.011473,-0.014663,
		0.941119,0.240014,0.238093,0.989800,-0.056832,0.130638,0.990544,-0.130547,0.042190,0.989067,-0.144395,-0.029941,0.989734,-0.110172,-0.091046,0.337927,0.871834,0.354558,0.973082,-0.174411,0.150638,0.971619,-0.236447,0.006958,0.966608,-0.235205,-0.101724,0.969462,-0.179247,-0.167374,
		-0.873546,-0.217993,-0.435198,0.871253,-0.390729,0.297067,0.917891,-0.390981,0.067902,0.927232,-0.348244,-0.137720,0.950802,-0.202794,-0.234201
	],

	"faces": [
		32 ,0,1,5 ,0,1,5,
		32 ,5,1,6 ,5,1,6,
		32 ,5,6,10 ,5,6,10,
		32 ,10,6,11 ,10,6,11,
		32 ,10,11,15 ,10,11,15,
		32 ,15,11,16 ,15,11,16,
		32 ,15,16,20 ,15,16,20,
		32 ,20,16,21 ,20,16,21,
		32 ,1,2,6 ,1,2,6,
		32 ,6,2,7 ,6,2,7,
		32 ,6,7,11 ,6,7,11,
		32 ,11,7,12 ,11,7,12,
		32 ,11,12,16 ,11,12,16,
		32 ,16,12,17 ,16,12,17,
		32 ,16,17,21 ,16,17,21,
		32 ,21,17,22 ,21,17,22,
		32 ,2,3,7 ,2,3,7,
		32 ,7,3,8 ,7,3,8,
		32 ,7,8,12 ,7,8,12,
		32 ,12,8,13 ,12,8,13,
		32 ,12,13,17 ,12,13,17,
		32 ,17,13,18 ,17,13,18,
		32 ,17,18,22 ,17,18,22,
		32 ,22,18,23 ,22,18,23,
		32 ,3,4,8 ,3,4,8,
		32 ,8,4,9 ,8,4,9,
		32 ,8,9,13 ,8,9,13,
		32 ,13,9,14 ,13,9,14,
		32 ,13,14,18 ,13,14,18,
		32 ,18,14,19 ,18,14,19,
		32 ,18,19,23 ,18,19,23,
		32 ,23,19,24 ,23,19,24
	]

}
