{
	"metadata" : {
		"formatVersion" : 3,
		"description" : "Exported from LibZinc."
	},

	"vertices" : [
		-22.225969,90.817467,-848.960388,-17.456930,90.066261,-848.409424,-12.508576,90.229622,-848.201294,-7.837759,91.270081,-847.987854,-3.901324,93.150177,-847.421021,-21.843933,91.001053,-835.581482,-16.736975,89.615395,-835.069336,-11.223080,89.063560,-834.781372,-5.889974,89.446022,-834.382812,-1.325384,90.863205,-833.538757,
		-20.073853,88.779106,-820.120239,-14.431481,86.607330,-819.467651,-8.634372,85.705040,-818.804626,-2.953872,86.070206,-818.064636,2.338673,87.700806,-817.181152,-17.475824,84.999619,-802.854126,-11.189349,82.136703,-802.034851,-5.161887,81.106300,-800.960449,0.742616,81.751671,-799.884705,6.660213,83.916061,-799.061218,
		-14.609940,80.510597,-784.060730,-7.659478,77.298149,-783.201416,-1.225057,76.219612,-781.938416,4.971558,77.099434,-780.694336,11.208600,79.762077,-779.891907
	],

	"normals" : [
		-0.278969,-0.952957,0.118526,-0.064199,-0.993247,0.096636,0.123029,-0.992282,0.015522,0.322861,-0.940756,-0.103629,0.579331,-0.790033,-0.200558,-0.344894,-0.937448,-0.047324,-0.171426,-0.979080,-0.109612,-0.009803,-0.987069,-0.159993,0.190805,-0.960386,-0.203106,0.487657,-0.835327,-0.253809,
		-0.442989,-0.889887,-0.108910,-0.233679,-0.954539,-0.185065,-0.017260,-0.972291,-0.233134,0.207286,-0.944608,-0.254457,0.439953,-0.854522,-0.276104,-0.497284,-0.858487,-0.125335,-0.263180,-0.943738,-0.200238,0.021768,-0.965481,-0.259564,0.271143,-0.920350,-0.281845,0.439012,-0.851261,-0.287441,
		-0.499819,-0.856548,-0.128478,-0.270721,-0.945882,-0.178935,0.040717,-0.968898,-0.244088,0.314844,-0.904767,-0.286827,0.476696,-0.829154,-0.292001
	],

	"faces": [
		32 ,0,1,5 ,0,1,5,
		32 ,5,1,6 ,5,1,6,
		32 ,5,6,10 ,5,6,10,
		32 ,10,6,11 ,10,6,11,
		32 ,10,11,15 ,10,11,15,
		32 ,15,11,16 ,15,11,16,
		32 ,15,16,20 ,15,16,20,
		32 ,20,16,21 ,20,16,21,
		32 ,1,2,6 ,1,2,6,
		32 ,6,2,7 ,6,2,7,
		32 ,6,7,11 ,6,7,11,
		32 ,11,7,12 ,11,7,12,
		32 ,11,12,16 ,11,12,16,
		32 ,16,12,17 ,16,12,17,
		32 ,16,17,21 ,16,17,21,
		32 ,21,17,22 ,21,17,22,
		32 ,2,3,7 ,2,3,7,
		32 ,7,3,8 ,7,3,8,
		32 ,7,8,12 ,7,8,12,
		32 ,12,8,13 ,12,8,13,
		32 ,12,13,17 ,12,13,17,
		32 ,17,13,18 ,17,13,18,
		32 ,17,18,22 ,17,18,22,
		32 ,22,18,23 ,22,18,23,
		32 ,3,4,8 ,3,4,8,
		32 ,8,4,9 ,8,4,9,
		32 ,8,9,13 ,8,9,13,
		32 ,13,9,14 ,13,9,14,
		32 ,13,14,18 ,13,14,18,
		32 ,18,14,19 ,18,14,19,
		32 ,18,19,23 ,18,19,23,
		32 ,23,19,24 ,23,19,24
	]

}
