{
	"metadata" : {
		"formatVersion" : 3,
		"description" : "Exported from LibZinc."
	},

	"vertices" : [
		15.170550,122.493202,-844.293091,15.823362,125.048126,-844.651978,16.368929,127.708160,-844.840637,16.780149,130.395920,-844.965149,17.029930,133.033997,-845.131897,16.851183,118.593132,-830.325012,17.003616,121.898155,-830.657227,16.775145,125.276489,-830.819153,16.474810,128.473831,-830.899841,16.411650,131.235870,-830.988525,
		19.668175,113.389748,-815.304565,20.223518,117.675987,-815.417664,20.044962,121.688950,-815.466553,19.592892,125.357140,-815.515320,19.327692,128.609055,-815.628113,23.530533,108.143463,-799.055847,24.730541,113.258186,-799.097290,24.975702,117.740204,-799.158569,24.697006,121.806618,-799.274170,24.325445,125.674530,-799.478333,
		28.347260,104.114700,-781.403015,29.772156,109.521294,-781.860168,30.364689,114.224907,-782.271057,30.349766,118.583069,-782.638916,29.952290,122.953300,-782.966797
	],

	"normals" : [
		0.946207,-0.293019,-0.137229,0.973229,-0.227450,-0.033044,0.981411,-0.171992,0.085158,0.977939,-0.114073,0.174992,0.977695,-0.042729,0.205635,0.964936,-0.163940,-0.204995,0.988131,0.015655,-0.152815,0.988981,0.090061,-0.117496,0.992496,0.074362,-0.097068,0.992194,-0.069079,-0.103821,
		0.929246,-0.237944,-0.282639,0.967104,-0.030217,-0.252580,0.966513,0.096000,-0.237984,0.964131,0.116077,-0.238700,0.966150,-0.008333,-0.257846,0.899519,-0.300131,-0.317470,0.942284,-0.131714,-0.307819,0.952791,0.013999,-0.303304,0.948694,0.083847,-0.304877,0.948621,0.046572,-0.312968,
		0.896782,-0.317589,-0.308090,0.930155,-0.207149,-0.303151,0.949129,-0.079839,-0.304598,0.951605,0.029184,-0.305934,0.949808,0.087921,-0.300225
	],

	"faces": [
		32 ,0,1,5 ,0,1,5,
		32 ,5,1,6 ,5,1,6,
		32 ,5,6,10 ,5,6,10,
		32 ,10,6,11 ,10,6,11,
		32 ,10,11,15 ,10,11,15,
		32 ,15,11,16 ,15,11,16,
		32 ,15,16,20 ,15,16,20,
		32 ,20,16,21 ,20,16,21,
		32 ,1,2,6 ,1,2,6,
		32 ,6,2,7 ,6,2,7,
		32 ,6,7,11 ,6,7,11,
		32 ,11,7,12 ,11,7,12,
		32 ,11,12,16 ,11,12,16,
		32 ,16,12,17 ,16,12,17,
		32 ,16,17,21 ,16,17,21,
		32 ,21,17,22 ,21,17,22,
		32 ,2,3,7 ,2,3,7,
		32 ,7,3,8 ,7,3,8,
		32 ,7,8,12 ,7,8,12,
		32 ,12,8,13 ,12,8,13,
		32 ,12,13,17 ,12,13,17,
		32 ,17,13,18 ,17,13,18,
		32 ,17,18,22 ,17,18,22,
		32 ,22,18,23 ,22,18,23,
		32 ,3,4,8 ,3,4,8,
		32 ,8,4,9 ,8,4,9,
		32 ,8,9,13 ,8,9,13,
		32 ,13,9,14 ,13,9,14,
		32 ,13,14,18 ,13,14,18,
		32 ,18,14,19 ,18,14,19,
		32 ,18,19,23 ,18,19,23,
		32 ,23,19,24 ,23,19,24
	]

}
