{
	"metadata" : {
		"formatVersion" : 3,
		"description" : "Exported from LibZinc."
	},

	"vertices" : [
		6.921032,102.653000,-847.328308,8.733084,105.244240,-847.690430,10.087420,107.953827,-847.450012,11.182580,110.614449,-846.739197,12.217100,113.058800,-845.690308,7.439378,98.139030,-832.936157,9.724281,101.506317,-833.514160,11.718724,105.132286,-833.515015,13.451853,108.627174,-832.968384,14.952814,111.601204,-831.903870,
		8.365107,92.216293,-815.809570,11.628957,96.403069,-816.440063,14.396650,100.886299,-816.896667,16.737070,105.363777,-816.946960,18.719099,109.533302,-816.358704,9.640690,85.789169,-797.583252,14.177208,90.517204,-798.015991,17.896833,95.872498,-798.739014,20.894945,101.486870,-799.340271,23.266926,106.992126,-799.407471,
		11.208600,79.762077,-779.891907,17.099133,84.431427,-779.789856,21.994907,90.747520,-780.186462,25.782194,97.659058,-780.813538,28.347260,104.114700,-781.403015
	],

	"normals" : [
		0.715868,-0.667585,-0.204606,0.855089,-0.497034,-0.147577,0.916012,-0.377419,-0.135927,0.934670,-0.318555,-0.157845,0.922831,-0.338671,-0.183535,0.726924,-0.640498,-0.247678,0.827917,-0.514151,-0.224061,0.873864,-0.430808,-0.225315,0.894695,-0.379168,-0.236121,0.899764,-0.361119,-0.244984,
		0.692029,-0.666341,-0.277642,0.775976,-0.568014,-0.274266,0.829925,-0.483671,-0.278007,0.866996,-0.411317,-0.281311,0.895096,-0.347005,-0.279985,0.617203,-0.726312,-0.302542,0.720486,-0.619960,-0.310723,0.795673,-0.520433,-0.309927,0.851367,-0.426183,-0.305847,0.894486,-0.332047,-0.299399,
		0.474206,-0.821534,-0.316560,0.674724,-0.655742,-0.338748,0.782663,-0.529512,-0.327194,0.848029,-0.425166,-0.316355,0.896782,-0.317589,-0.308090
	],

	"faces": [
		32 ,0,1,5 ,0,1,5,
		32 ,5,1,6 ,5,1,6,
		32 ,5,6,10 ,5,6,10,
		32 ,10,6,11 ,10,6,11,
		32 ,10,11,15 ,10,11,15,
		32 ,15,11,16 ,15,11,16,
		32 ,15,16,20 ,15,16,20,
		32 ,20,16,21 ,20,16,21,
		32 ,1,2,6 ,1,2,6,
		32 ,6,2,7 ,6,2,7,
		32 ,6,7,11 ,6,7,11,
		32 ,11,7,12 ,11,7,12,
		32 ,11,12,16 ,11,12,16,
		32 ,16,12,17 ,16,12,17,
		32 ,16,17,21 ,16,17,21,
		32 ,21,17,22 ,21,17,22,
		32 ,2,3,7 ,2,3,7,
		32 ,7,3,8 ,7,3,8,
		32 ,7,8,12 ,7,8,12,
		32 ,12,8,13 ,12,8,13,
		32 ,12,13,17 ,12,13,17,
		32 ,17,13,18 ,17,13,18,
		32 ,17,18,22 ,17,18,22,
		32 ,22,18,23 ,22,18,23,
		32 ,3,4,8 ,3,4,8,
		32 ,8,4,9 ,8,4,9,
		32 ,8,9,13 ,8,9,13,
		32 ,13,9,14 ,13,9,14,
		32 ,13,14,18 ,13,14,18,
		32 ,18,14,19 ,18,14,19,
		32 ,18,19,23 ,18,19,23,
		32 ,23,19,24 ,23,19,24
	]

}
