{
	"metadata" : {
		"formatVersion" : 3,
		"description" : "Exported from LibZinc."
	},

	"vertices" : [
		16.024210,142.737793,-846.079285,14.214333,145.000412,-846.468506,12.040847,147.132797,-847.011658,9.513162,148.991745,-847.510681,6.640685,150.434097,-847.767578,15.779885,141.102341,-831.959656,13.899954,143.726105,-832.299072,11.501861,146.394684,-832.914612,8.646805,148.767517,-833.542847,5.395984,150.504089,-833.920410,
		17.884352,140.082779,-816.250916,15.433020,143.332062,-816.503113,12.337199,146.493454,-817.086487,8.570011,149.163727,-817.772095,4.104575,150.939667,-818.330872,21.573364,139.512665,-799.752319,18.241385,143.448410,-799.957275,14.034995,147.086212,-800.480408,8.937106,149.937347,-801.140930,2.930626,151.513062,-801.758240,
		26.082680,139.225494,-783.262878,21.752901,143.705276,-783.538147,16.083380,147.830048,-784.049133,9.402416,150.845291,-784.591858,2.038310,151.996506,-784.962097
	],

	"normals" : [
		0.789600,0.583311,0.190473,0.713294,0.679042,0.173534,0.625093,0.767317,0.143122,0.513705,0.852513,0.096590,0.362021,0.930984,0.047007,0.841200,0.540582,-0.012420,0.783155,0.621809,-0.004728,0.698806,0.715309,0.001628,0.566471,0.824036,0.008668,0.355174,0.934714,0.012687,
		0.821645,0.555722,-0.126777,0.766349,0.634044,-0.103429,0.662923,0.745115,-0.073059,0.491050,0.870242,-0.039359,0.241450,0.970316,-0.013704,0.789558,0.584616,-0.186605,0.715950,0.681773,-0.150337,0.587825,0.802285,-0.103925,0.387584,0.919920,-0.059374,0.121080,0.992308,-0.025794,
		0.763050,0.610619,-0.211894,0.658103,0.735777,-0.159789,0.514337,0.851338,-0.103345,0.301196,0.951675,-0.059969,-0.003628,0.999753,-0.021914
	],

	"faces": [
		32 ,0,1,5 ,0,1,5,
		32 ,5,1,6 ,5,1,6,
		32 ,5,6,10 ,5,6,10,
		32 ,10,6,11 ,10,6,11,
		32 ,10,11,15 ,10,11,15,
		32 ,15,11,16 ,15,11,16,
		32 ,15,16,20 ,15,16,20,
		32 ,20,16,21 ,20,16,21,
		32 ,1,2,6 ,1,2,6,
		32 ,6,2,7 ,6,2,7,
		32 ,6,7,11 ,6,7,11,
		32 ,11,7,12 ,11,7,12,
		32 ,11,12,16 ,11,12,16,
		32 ,16,12,17 ,16,12,17,
		32 ,16,17,21 ,16,17,21,
		32 ,21,17,22 ,21,17,22,
		32 ,2,3,7 ,2,3,7,
		32 ,7,3,8 ,7,3,8,
		32 ,7,8,12 ,7,8,12,
		32 ,12,8,13 ,12,8,13,
		32 ,12,13,17 ,12,13,17,
		32 ,17,13,18 ,17,13,18,
		32 ,17,18,22 ,17,18,22,
		32 ,22,18,23 ,22,18,23,
		32 ,3,4,8 ,3,4,8,
		32 ,8,4,9 ,8,4,9,
		32 ,8,9,13 ,8,9,13,
		32 ,13,9,14 ,13,9,14,
		32 ,13,14,18 ,13,14,18,
		32 ,18,14,19 ,18,14,19,
		32 ,18,19,23 ,18,19,23,
		32 ,23,19,24 ,23,19,24
	]

}
