{
	"metadata" : {
		"formatVersion" : 3,
		"description" : "Exported from LibZinc."
	},

	"vertices" : [
		-26.613310,143.244705,-856.604797,-31.173796,137.179184,-857.663635,-35.103718,129.792999,-858.602295,-37.881298,122.290115,-858.859009,-38.984772,115.874496,-857.871887,-27.079378,142.663162,-842.254089,-31.573362,136.690460,-843.368530,-35.317497,129.431183,-844.343994,-37.773819,122.027107,-844.571472,-38.404358,115.620041,-843.442078,
		-27.288052,141.625870,-824.843201,-31.933802,135.749924,-825.766907,-35.491638,129.042419,-826.428223,-37.511204,121.998787,-826.512878,-37.542137,115.114479,-825.706604,-27.300310,140.383621,-805.630493,-32.057518,134.681503,-806.206238,-35.392254,128.619797,-806.415039,-36.977833,121.986710,-806.304871,-36.487576,114.570412,-805.923706,
		-27.177130,139.187195,-785.874512,-31.746908,133.809143,-786.033875,-34.785446,128.156433,-785.864380,-36.058075,121.772408,-785.569275,-35.330139,114.200401,-785.351624
	],

	"normals" : [
		-0.726634,0.686701,-0.021086,-0.846432,0.532200,-0.017766,-0.911910,0.410390,0.000166,-0.961885,0.272986,0.015981,-0.999060,0.027810,0.033252,-0.727814,0.685438,0.021460,-0.850768,0.525531,0.003254,-0.920489,0.390747,-0.004174,-0.974340,0.224798,0.011317,-0.996779,-0.067488,0.043322,
		-0.727343,0.685120,0.039768,-0.837405,0.546270,0.018500,-0.924826,0.380366,0.004331,-0.987718,0.155069,0.019149,-0.986673,-0.156073,0.046017,-0.724439,0.687772,0.046456,-0.819285,0.572511,0.031658,-0.928817,0.369876,0.022159,-0.995618,0.087012,0.034272,-0.978527,-0.200216,0.048964,
		-0.716968,0.695658,0.044905,-0.815786,0.576726,0.043366,-0.936061,0.348033,0.051609,-0.997247,0.047400,0.057028,-0.975954,-0.211226,0.053822
	],

	"faces": [
		32 ,0,1,5 ,0,1,5,
		32 ,5,1,6 ,5,1,6,
		32 ,5,6,10 ,5,6,10,
		32 ,10,6,11 ,10,6,11,
		32 ,10,11,15 ,10,11,15,
		32 ,15,11,16 ,15,11,16,
		32 ,15,16,20 ,15,16,20,
		32 ,20,16,21 ,20,16,21,
		32 ,1,2,6 ,1,2,6,
		32 ,6,2,7 ,6,2,7,
		32 ,6,7,11 ,6,7,11,
		32 ,11,7,12 ,11,7,12,
		32 ,11,12,16 ,11,12,16,
		32 ,16,12,17 ,16,12,17,
		32 ,16,17,21 ,16,17,21,
		32 ,21,17,22 ,21,17,22,
		32 ,2,3,7 ,2,3,7,
		32 ,7,3,8 ,7,3,8,
		32 ,7,8,12 ,7,8,12,
		32 ,12,8,13 ,12,8,13,
		32 ,12,13,17 ,12,13,17,
		32 ,17,13,18 ,17,13,18,
		32 ,17,18,22 ,17,18,22,
		32 ,22,18,23 ,22,18,23,
		32 ,3,4,8 ,3,4,8,
		32 ,8,4,9 ,8,4,9,
		32 ,8,9,13 ,8,9,13,
		32 ,13,9,14 ,13,9,14,
		32 ,13,14,18 ,13,14,18,
		32 ,18,14,19 ,18,14,19,
		32 ,18,19,23 ,18,19,23,
		32 ,23,19,24 ,23,19,24
	]

}
