{
	"metadata" : {
		"formatVersion" : 3,
		"description" : "Exported from LibZinc."
	},

	"vertices" : [
		-38.984772,115.874496,-857.871887,-38.899841,111.289764,-856.360840,-38.440975,107.914070,-855.342346,-37.579521,104.903191,-854.699463,-36.286831,101.412903,-854.315186,-38.404358,115.620041,-843.442078,-38.163418,112.090340,-841.742493,-37.749821,109.489182,-840.629089,-37.109596,107.146027,-840.061584,-36.188786,104.390350,-840.000000,
		-37.542137,115.114479,-825.706604,-37.305309,112.940735,-824.406067,-36.978710,111.180634,-823.302917,-36.548634,109.559723,-822.591431,-36.001373,107.803551,-822.465881,-36.487576,114.570412,-805.923706,-36.347069,113.670403,-805.294312,-36.161026,112.810387,-804.498779,-35.945744,111.992355,-803.838623,-35.717518,111.218307,-803.615540,
		-35.330139,114.200401,-785.351624,-35.310246,114.108795,-785.350403,-35.330139,114.200401,-785.351624,-35.350033,114.292007,-785.352844,-35.330139,114.200401,-785.351624
	],

	"normals" : [
		-0.999060,0.027810,0.033252,-0.997180,-0.051744,0.054362,-0.978985,-0.191706,0.069543,-0.946129,-0.313152,0.082313,-0.934231,-0.347667,0.079622,-0.998810,-0.019645,0.044634,-0.995202,-0.081776,0.053726,-0.979256,-0.192182,0.064224,-0.953465,-0.292577,0.072820,-0.943329,-0.323655,0.073338,
		-0.997387,-0.052494,0.049626,-0.992503,-0.109594,0.054111,-0.980014,-0.189506,0.060495,-0.961555,-0.266462,0.066405,-0.947904,-0.310652,0.070520,-0.993999,-0.096059,0.052331,-0.988769,-0.139118,0.054614,-0.981141,-0.184600,0.057313,-0.969914,-0.235664,0.061067,-0.951725,-0.299162,0.068707,
		-0.979586,-0.193575,0.054213,-0.979586,-0.193575,0.054213,-0.979586,-0.193575,0.054213,-0.979586,-0.193575,0.054213,-0.979586,-0.193575,0.054213
	],

	"faces": [
		32 ,0,1,5 ,0,1,5,
		32 ,5,1,6 ,5,1,6,
		32 ,5,6,10 ,5,6,10,
		32 ,10,6,11 ,10,6,11,
		32 ,10,11,15 ,10,11,15,
		32 ,15,11,16 ,15,11,16,
		32 ,15,16,20 ,15,16,20,
		32 ,20,16,21 ,20,16,21,
		32 ,1,2,6 ,1,2,6,
		32 ,6,2,7 ,6,2,7,
		32 ,6,7,11 ,6,7,11,
		32 ,11,7,12 ,11,7,12,
		32 ,11,12,16 ,11,12,16,
		32 ,16,12,17 ,16,12,17,
		32 ,16,17,21 ,16,17,21,
		32 ,21,17,22 ,21,17,22,
		32 ,2,3,7 ,2,3,7,
		32 ,7,3,8 ,7,3,8,
		32 ,7,8,12 ,7,8,12,
		32 ,12,8,13 ,12,8,13,
		32 ,12,13,17 ,12,13,17,
		32 ,17,13,18 ,17,13,18,
		32 ,17,18,22 ,17,18,22,
		32 ,22,18,23 ,22,18,23,
		32 ,3,4,8 ,3,4,8,
		32 ,8,4,9 ,8,4,9,
		32 ,8,9,13 ,8,9,13,
		32 ,13,9,14 ,13,9,14,
		32 ,13,14,18 ,13,14,18,
		32 ,18,14,19 ,18,14,19,
		32 ,18,19,23 ,18,19,23,
		32 ,23,19,24 ,23,19,24
	]

}
