{
	"metadata" : {
		"formatVersion" : 3,
		"description" : "Exported from LibZinc."
	},

	"vertices" : [
		-36.286831,101.412903,-854.315186,-34.084854,97.729881,-853.470398,-30.761021,94.719971,-851.910095,-26.684875,92.407669,-850.213623,-22.225969,90.817467,-848.960388,-36.188786,104.390350,-840.000000,-33.948360,100.145248,-839.555298,-30.586405,96.371605,-838.254395,-26.439428,93.260010,-836.721680,-21.843933,91.001053,-835.581482,
		-36.001373,107.803551,-822.465881,-33.381023,102.053757,-822.370667,-29.745420,96.758415,-821.757385,-25.255915,92.229530,-820.911987,-20.073853,88.779106,-820.120239,-35.717518,111.218307,-803.615540,-32.755756,103.635544,-803.664307,-28.651340,96.287354,-803.586426,-23.519588,89.849968,-803.332703,-17.475824,84.999619,-802.854126,
		-35.330139,114.200401,-785.351624,-32.445465,105.070732,-785.184204,-27.717432,95.365356,-784.908813,-21.615704,86.655052,-784.532104,-14.609940,80.510597,-784.060730
	],

	"normals" : [
		-0.934231,-0.347667,0.079622,-0.782239,-0.609559,0.128607,-0.615006,-0.775445,0.143011,-0.447101,-0.884892,0.130641,-0.278969,-0.952957,0.118526,-0.938667,-0.336377,0.075856,-0.823564,-0.558912,0.096745,-0.687384,-0.722817,0.070990,-0.527123,-0.849607,0.017583,-0.344894,-0.937448,-0.047324,
		-0.940027,-0.332841,0.074600,-0.870072,-0.486842,0.077201,-0.774354,-0.631368,0.041825,-0.636407,-0.770961,-0.024611,-0.442989,-0.889887,-0.108910,-0.951371,-0.300245,0.068888,-0.903924,-0.423669,0.058535,-0.833849,-0.551387,0.025861,-0.714757,-0.698435,-0.036212,-0.497284,-0.858487,-0.125335,
		-0.975803,-0.211153,0.056774,-0.927845,-0.371658,0.031203,-0.865076,-0.501605,0.006036,-0.755340,-0.653893,-0.043426,-0.499819,-0.856548,-0.128478
	],

	"faces": [
		32 ,0,1,5 ,0,1,5,
		32 ,5,1,6 ,5,1,6,
		32 ,5,6,10 ,5,6,10,
		32 ,10,6,11 ,10,6,11,
		32 ,10,11,15 ,10,11,15,
		32 ,15,11,16 ,15,11,16,
		32 ,15,16,20 ,15,16,20,
		32 ,20,16,21 ,20,16,21,
		32 ,1,2,6 ,1,2,6,
		32 ,6,2,7 ,6,2,7,
		32 ,6,7,11 ,6,7,11,
		32 ,11,7,12 ,11,7,12,
		32 ,11,12,16 ,11,12,16,
		32 ,16,12,17 ,16,12,17,
		32 ,16,17,21 ,16,17,21,
		32 ,21,17,22 ,21,17,22,
		32 ,2,3,7 ,2,3,7,
		32 ,7,3,8 ,7,3,8,
		32 ,7,8,12 ,7,8,12,
		32 ,12,8,13 ,12,8,13,
		32 ,12,13,17 ,12,13,17,
		32 ,17,13,18 ,17,13,18,
		32 ,17,18,22 ,17,18,22,
		32 ,22,18,23 ,22,18,23,
		32 ,3,4,8 ,3,4,8,
		32 ,8,4,9 ,8,4,9,
		32 ,8,9,13 ,8,9,13,
		32 ,13,9,14 ,13,9,14,
		32 ,13,14,18 ,13,14,18,
		32 ,18,14,19 ,18,14,19,
		32 ,18,19,23 ,18,19,23,
		32 ,23,19,24 ,23,19,24
	]

}
