{
	"metadata" : {
		"formatVersion" : 3,
		"description" : "Exported from LibZinc."
	},

	"vertices" : [
		583.845825,41.976028,-983.107117,583.845825,41.976028,-983.107117,583.845825,41.976028,-983.107117,583.845825,41.976028,-983.107117,583.845825,41.976028,-983.107117,585.443237,40.030785,-983.627380,585.650574,40.965065,-983.851440,585.672058,42.218056,-983.800903,585.422974,43.494099,-983.488403,584.818420,44.497528,-982.926453,
		586.984680,38.636513,-983.705811,587.281311,40.427731,-984.063904,587.165771,42.749828,-983.844421,586.606018,45.037903,-983.206299,585.570129,46.727070,-982.308716,588.888062,38.366322,-982.719727,589.179626,40.894344,-983.224365,588.806824,44.045410,-982.901428,587.858643,47.094128,-982.074158,586.424194,49.315098,-981.065613,
		591.571228,39.793301,-980.046570,591.787292,42.895214,-980.812683,591.075256,46.578873,-980.635986,589.644470,50.149437,-979.905212,587.703979,52.912060,-979.008972
	],

	"normals" : [
		-0.193749,0.088422,-0.977058,-0.193749,0.088422,-0.977058,-0.193749,0.088422,-0.977058,-0.193749,0.088422,-0.977058,-0.193749,0.088422,-0.977058,-0.507725,-0.242594,-0.826658,-0.339601,-0.031454,-0.940044,-0.278263,0.112209,-0.953928,-0.314267,0.231143,-0.920766,-0.437189,0.293782,-0.850034,
		-0.060715,-0.445215,-0.893363,0.131072,-0.025561,-0.991043,0.142206,0.203533,-0.968686,0.010620,0.359866,-0.932944,-0.261223,0.423967,-0.867187,0.592038,-0.517132,-0.618115,0.576609,0.000600,-0.817020,0.449718,0.261111,-0.854151,0.257426,0.419619,-0.870432,-0.056807,0.490822,-0.869406,
		0.802616,-0.444267,-0.398037,0.728911,0.013904,-0.684468,0.548424,0.271654,-0.790845,0.354736,0.410684,-0.839941,0.118685,0.468236,-0.875597
	],

	"faces": [
		32 ,0,1,5 ,0,1,5,
		32 ,5,1,6 ,5,1,6,
		32 ,5,6,10 ,5,6,10,
		32 ,10,6,11 ,10,6,11,
		32 ,10,11,15 ,10,11,15,
		32 ,15,11,16 ,15,11,16,
		32 ,15,16,20 ,15,16,20,
		32 ,20,16,21 ,20,16,21,
		32 ,1,2,6 ,1,2,6,
		32 ,6,2,7 ,6,2,7,
		32 ,6,7,11 ,6,7,11,
		32 ,11,7,12 ,11,7,12,
		32 ,11,12,16 ,11,12,16,
		32 ,16,12,17 ,16,12,17,
		32 ,16,17,21 ,16,17,21,
		32 ,21,17,22 ,21,17,22,
		32 ,2,3,7 ,2,3,7,
		32 ,7,3,8 ,7,3,8,
		32 ,7,8,12 ,7,8,12,
		32 ,12,8,13 ,12,8,13,
		32 ,12,13,17 ,12,13,17,
		32 ,17,13,18 ,17,13,18,
		32 ,17,18,22 ,17,18,22,
		32 ,22,18,23 ,22,18,23,
		32 ,3,4,8 ,3,4,8,
		32 ,8,4,9 ,8,4,9,
		32 ,8,9,13 ,8,9,13,
		32 ,13,9,14 ,13,9,14,
		32 ,13,14,18 ,13,14,18,
		32 ,18,14,19 ,18,14,19,
		32 ,18,19,23 ,18,19,23,
		32 ,23,19,24 ,23,19,24
	]

}
