{
	"metadata" : {
		"formatVersion" : 3,
		"description" : "Exported from LibZinc."
	},

	"vertices" : [
		583.845825,41.976028,-983.107117,583.845825,41.976028,-983.107117,583.845825,41.976028,-983.107117,583.845825,41.976028,-983.107117,583.845825,41.976028,-983.107117,584.818420,44.497528,-982.926453,584.076599,44.768936,-982.286133,583.485657,44.292637,-981.741760,583.065674,43.438541,-981.310425,582.836792,42.576580,-981.009277,
		585.570129,46.727070,-982.308716,584.364990,47.113514,-981.335327,583.369568,46.277283,-980.422119,582.659729,44.829247,-979.656311,582.311401,43.380272,-979.125061,586.424194,49.315098,-981.065613,584.864075,49.814804,-979.973145,583.567871,48.711842,-978.808228,582.668579,46.799007,-977.765808,582.299133,44.869087,-977.040588,
		587.703979,52.912060,-979.008972,585.726807,53.677841,-977.917969,584.150879,52.378178,-976.560059,583.132935,49.998692,-975.259827,582.829712,47.525009,-974.341919
	],

	"normals" : [
		-0.791949,0.331392,-0.512831,-0.791949,0.331392,-0.512831,-0.791949,0.331392,-0.512831,-0.791949,0.331392,-0.512831,-0.791949,0.331392,-0.512831,-0.437189,0.293782,-0.850034,-0.673886,0.297801,-0.676160,-0.824622,0.227617,-0.517870,-0.889447,0.142764,-0.434169,-0.922856,0.038537,-0.383212,
		-0.261223,0.423967,-0.867187,-0.662872,0.397039,-0.634791,-0.853178,0.300970,-0.426033,-0.934064,0.199816,-0.295970,-0.983126,0.058775,-0.173229,-0.056807,0.490822,-0.869406,-0.634713,0.459938,-0.620964,-0.867645,0.343383,-0.359557,-0.958357,0.232237,-0.166186,-0.996566,0.054513,0.062326,
		0.118685,0.468236,-0.875597,-0.580600,0.482354,-0.655925,-0.876229,0.349630,-0.331635,-0.971705,0.224224,-0.074244,-0.972654,0.018147,0.231549
	],

	"faces": [
		32 ,0,1,5 ,0,1,5,
		32 ,5,1,6 ,5,1,6,
		32 ,5,6,10 ,5,6,10,
		32 ,10,6,11 ,10,6,11,
		32 ,10,11,15 ,10,11,15,
		32 ,15,11,16 ,15,11,16,
		32 ,15,16,20 ,15,16,20,
		32 ,20,16,21 ,20,16,21,
		32 ,1,2,6 ,1,2,6,
		32 ,6,2,7 ,6,2,7,
		32 ,6,7,11 ,6,7,11,
		32 ,11,7,12 ,11,7,12,
		32 ,11,12,16 ,11,12,16,
		32 ,16,12,17 ,16,12,17,
		32 ,16,17,21 ,16,17,21,
		32 ,21,17,22 ,21,17,22,
		32 ,2,3,7 ,2,3,7,
		32 ,7,3,8 ,7,3,8,
		32 ,7,8,12 ,7,8,12,
		32 ,12,8,13 ,12,8,13,
		32 ,12,13,17 ,12,13,17,
		32 ,17,13,18 ,17,13,18,
		32 ,17,18,22 ,17,18,22,
		32 ,22,18,23 ,22,18,23,
		32 ,3,4,8 ,3,4,8,
		32 ,8,4,9 ,8,4,9,
		32 ,8,9,13 ,8,9,13,
		32 ,13,9,14 ,13,9,14,
		32 ,13,14,18 ,13,14,18,
		32 ,18,14,19 ,18,14,19,
		32 ,18,19,23 ,18,19,23,
		32 ,23,19,24 ,23,19,24
	]

}
