{
	"metadata" : {
		"formatVersion" : 3,
		"description" : "Exported from LibZinc."
	},

	"vertices" : [
		583.845825,41.976028,-983.107117,583.845825,41.976028,-983.107117,583.845825,41.976028,-983.107117,583.845825,41.976028,-983.107117,583.845825,41.976028,-983.107117,582.836792,42.576580,-981.009277,582.793823,41.893986,-980.893921,582.910583,41.314583,-980.982483,583.175964,40.813152,-981.236145,583.578796,40.364491,-981.616028,
		582.311401,43.380272,-979.125061,582.263123,42.226704,-978.911621,582.427490,41.231560,-979.013184,582.841553,40.355717,-979.388245,583.542175,39.560055,-979.995361,582.299133,44.869087,-977.040588,582.314941,43.308399,-976.712585,582.549255,41.948086,-976.726685,583.101929,40.748161,-977.075012,584.072815,39.668640,-977.749756,
		582.829712,47.525009,-974.341919,583.010437,45.473297,-973.849426,583.428467,43.685276,-973.650696,584.216553,42.134911,-973.807983,585.507507,40.796162,-974.383484
	],

	"normals" : [
		-0.887243,-0.209436,-0.411019,-0.887243,-0.209436,-0.411019,-0.887243,-0.209436,-0.411019,-0.887243,-0.209436,-0.411019,-0.887243,-0.209436,-0.411019,-0.922856,0.038537,-0.383212,-0.928659,-0.061458,-0.365807,-0.903673,-0.199737,-0.378788,-0.851201,-0.323829,-0.413027,-0.792478,-0.409185,-0.452267,
		-0.983126,0.058775,-0.173229,-0.992969,-0.053121,-0.105785,-0.959146,-0.276761,-0.058672,-0.845126,-0.532317,-0.048992,-0.697441,-0.713315,-0.068980,-0.996566,0.054513,0.062326,-0.982222,-0.053998,0.179791,-0.900022,-0.310226,0.306136,-0.694254,-0.621134,0.363600,-0.463918,-0.818727,0.338330,
		-0.972654,0.018147,0.231549,-0.934398,-0.070350,0.349215,-0.831206,-0.281079,0.479679,-0.618719,-0.570569,0.540035,-0.362706,-0.787112,0.498898
	],

	"faces": [
		32 ,0,1,5 ,0,1,5,
		32 ,5,1,6 ,5,1,6,
		32 ,5,6,10 ,5,6,10,
		32 ,10,6,11 ,10,6,11,
		32 ,10,11,15 ,10,11,15,
		32 ,15,11,16 ,15,11,16,
		32 ,15,16,20 ,15,16,20,
		32 ,20,16,21 ,20,16,21,
		32 ,1,2,6 ,1,2,6,
		32 ,6,2,7 ,6,2,7,
		32 ,6,7,11 ,6,7,11,
		32 ,11,7,12 ,11,7,12,
		32 ,11,12,16 ,11,12,16,
		32 ,16,12,17 ,16,12,17,
		32 ,16,17,21 ,16,17,21,
		32 ,21,17,22 ,21,17,22,
		32 ,2,3,7 ,2,3,7,
		32 ,7,3,8 ,7,3,8,
		32 ,7,8,12 ,7,8,12,
		32 ,12,8,13 ,12,8,13,
		32 ,12,13,17 ,12,13,17,
		32 ,17,13,18 ,17,13,18,
		32 ,17,18,22 ,17,18,22,
		32 ,22,18,23 ,22,18,23,
		32 ,3,4,8 ,3,4,8,
		32 ,8,4,9 ,8,4,9,
		32 ,8,9,13 ,8,9,13,
		32 ,13,9,14 ,13,9,14,
		32 ,13,14,18 ,13,14,18,
		32 ,18,14,19 ,18,14,19,
		32 ,18,19,23 ,18,19,23,
		32 ,23,19,24 ,23,19,24
	]

}
