{
	"metadata" : {
		"formatVersion" : 3,
		"description" : "Exported from LibZinc."
	},

	"vertices" : [
		530.738281,64.347473,-995.401611,530.738281,64.347473,-995.401611,530.738281,64.347473,-995.401611,530.738281,64.347473,-995.401611,530.738281,64.347473,-995.401611,531.995667,63.461235,-997.452820,531.733887,64.398567,-997.931396,531.318054,65.245377,-998.065552,530.730713,65.908585,-997.756897,529.954468,66.295105,-996.907043,
		533.417908,63.575882,-998.439819,533.024109,65.026970,-999.082581,532.390442,66.331223,-999.187012,531.500244,67.364571,-998.672913,530.336792,68.002975,-997.460388,536.017883,64.927536,-998.326416,535.508972,66.761612,-998.970093,534.699280,68.389961,-998.987488,533.583496,69.698166,-998.358521,532.156494,70.571823,-997.062988,
		540.808289,67.752342,-997.076294,540.088501,70.131393,-997.708679,538.988281,72.206535,-997.688721,537.517151,73.892097,-997.022522,535.684875,75.102402,-995.716125
	],

	"normals" : [
		-0.801929,-0.568920,-0.182317,-0.801929,-0.568920,-0.182317,-0.801929,-0.568920,-0.182317,-0.801929,-0.568920,-0.182317,-0.801929,-0.568920,-0.182317,-0.763927,-0.452012,-0.460544,-0.757004,-0.449004,-0.474701,-0.751920,-0.441683,-0.489420,-0.753947,-0.428910,-0.497595,-0.757795,-0.423857,-0.496076,
		-0.012482,-0.514225,-0.857564,-0.087999,-0.295385,-0.951317,-0.255108,-0.007164,-0.966886,-0.487508,0.247897,-0.837187,-0.681734,0.342481,-0.646487,0.372071,-0.357940,-0.856412,0.262370,-0.084677,-0.961245,0.042005,0.225100,-0.973430,-0.239907,0.462676,-0.853449,-0.483806,0.553505,-0.677911,
		0.405765,-0.251890,-0.878582,0.296568,-0.009413,-0.954965,0.094959,0.239976,-0.966123,-0.151286,0.429952,-0.890087,-0.374185,0.522167,-0.766373
	],

	"faces": [
		32 ,0,1,5 ,0,1,5,
		32 ,5,1,6 ,5,1,6,
		32 ,5,6,10 ,5,6,10,
		32 ,10,6,11 ,10,6,11,
		32 ,10,11,15 ,10,11,15,
		32 ,15,11,16 ,15,11,16,
		32 ,15,16,20 ,15,16,20,
		32 ,20,16,21 ,20,16,21,
		32 ,1,2,6 ,1,2,6,
		32 ,6,2,7 ,6,2,7,
		32 ,6,7,11 ,6,7,11,
		32 ,11,7,12 ,11,7,12,
		32 ,11,12,16 ,11,12,16,
		32 ,16,12,17 ,16,12,17,
		32 ,16,17,21 ,16,17,21,
		32 ,21,17,22 ,21,17,22,
		32 ,2,3,7 ,2,3,7,
		32 ,7,3,8 ,7,3,8,
		32 ,7,8,12 ,7,8,12,
		32 ,12,8,13 ,12,8,13,
		32 ,12,13,17 ,12,13,17,
		32 ,17,13,18 ,17,13,18,
		32 ,17,18,22 ,17,18,22,
		32 ,22,18,23 ,22,18,23,
		32 ,3,4,8 ,3,4,8,
		32 ,8,4,9 ,8,4,9,
		32 ,8,9,13 ,8,9,13,
		32 ,13,9,14 ,13,9,14,
		32 ,13,14,18 ,13,14,18,
		32 ,18,14,19 ,18,14,19,
		32 ,18,19,23 ,18,19,23,
		32 ,23,19,24 ,23,19,24
	]

}
