{
	"metadata" : {
		"formatVersion" : 3,
		"description" : "Exported from LibZinc."
	},

	"vertices" : [
		530.738281,64.347473,-995.401611,530.738281,64.347473,-995.401611,530.738281,64.347473,-995.401611,530.738281,64.347473,-995.401611,530.738281,64.347473,-995.401611,528.765015,64.333145,-993.040466,529.063171,63.513073,-992.731934,529.599243,62.758320,-992.836243,530.245850,62.171993,-993.272034,530.875610,61.857193,-993.958130,
		527.787537,65.032921,-990.989380,528.335938,63.543179,-990.491516,529.316650,62.109394,-990.674561,530.504395,60.952850,-991.410461,531.673767,60.294834,-992.571350,528.337952,67.109947,-988.970642,529.092957,64.990677,-988.342346,530.438171,62.921825,-988.559692,532.090759,61.206341,-989.472900,533.767822,60.147152,-990.932190,
		530.948425,71.227364,-986.706787,531.870483,68.408432,-985.946411,533.511292,65.716766,-986.134766,535.581848,63.448780,-987.115356,537.793030,61.900909,-988.731628
	],

	"normals" : [
		-0.690621,-0.358799,-0.627938,-0.690621,-0.358799,-0.627938,-0.690621,-0.358799,-0.627938,-0.690621,-0.358799,-0.627938,-0.690621,-0.358799,-0.627938,-0.745570,-0.450032,-0.491525,-0.740293,-0.457528,-0.492579,-0.739971,-0.454764,-0.495613,-0.746489,-0.446747,-0.493125,-0.759205,-0.440427,-0.479199,
		-0.981259,-0.190865,-0.026483,-0.880498,-0.461385,0.108848,-0.738964,-0.663849,0.115046,-0.601479,-0.798551,0.023200,-0.452842,-0.879236,-0.147915,-0.872856,0.101092,0.477392,-0.621497,-0.255661,0.740526,-0.379177,-0.531843,0.757211,-0.183856,-0.752075,0.632914,0.004391,-0.935096,0.354367,
		-0.710786,0.193571,0.676250,-0.442006,-0.127258,0.887939,-0.217235,-0.380517,0.898897,-0.035931,-0.587320,0.808556,0.131130,-0.784440,0.606184
	],

	"faces": [
		32 ,0,1,5 ,0,1,5,
		32 ,5,1,6 ,5,1,6,
		32 ,5,6,10 ,5,6,10,
		32 ,10,6,11 ,10,6,11,
		32 ,10,11,15 ,10,11,15,
		32 ,15,11,16 ,15,11,16,
		32 ,15,16,20 ,15,16,20,
		32 ,20,16,21 ,20,16,21,
		32 ,1,2,6 ,1,2,6,
		32 ,6,2,7 ,6,2,7,
		32 ,6,7,11 ,6,7,11,
		32 ,11,7,12 ,11,7,12,
		32 ,11,12,16 ,11,12,16,
		32 ,16,12,17 ,16,12,17,
		32 ,16,17,21 ,16,17,21,
		32 ,21,17,22 ,21,17,22,
		32 ,2,3,7 ,2,3,7,
		32 ,7,3,8 ,7,3,8,
		32 ,7,8,12 ,7,8,12,
		32 ,12,8,13 ,12,8,13,
		32 ,12,13,17 ,12,13,17,
		32 ,17,13,18 ,17,13,18,
		32 ,17,18,22 ,17,18,22,
		32 ,22,18,23 ,22,18,23,
		32 ,3,4,8 ,3,4,8,
		32 ,8,4,9 ,8,4,9,
		32 ,8,9,13 ,8,9,13,
		32 ,13,9,14 ,13,9,14,
		32 ,13,14,18 ,13,14,18,
		32 ,18,14,19 ,18,14,19,
		32 ,18,19,23 ,18,19,23,
		32 ,23,19,24 ,23,19,24
	]

}
