{
	"metadata" : {
		"formatVersion" : 3,
		"description" : "Exported from LibZinc."
	},

	"vertices" : [
		530.738281,64.347473,-995.401611,530.738281,64.347473,-995.401611,530.738281,64.347473,-995.401611,530.738281,64.347473,-995.401611,530.738281,64.347473,-995.401611,530.875610,61.857193,-993.958130,531.411987,61.848030,-994.829407,531.820312,62.111103,-995.788574,532.036316,62.648228,-996.706177,531.995667,63.461235,-997.452820,
		531.673767,60.294834,-992.571350,532.609009,60.340977,-994.070801,533.228088,61.026283,-995.728271,533.506042,62.166130,-997.274414,533.417908,63.575882,-998.439819,533.767822,60.147152,-990.932190,535.084106,60.183655,-992.855713,535.870483,61.272915,-994.995422,536.168030,62.994392,-996.952087,536.017883,64.927536,-998.326416,
		537.793030,61.900909,-988.731628,539.591919,61.733421,-990.913940,540.656311,63.030895,-993.364624,541.042908,65.226234,-995.585022,540.808289,67.752342,-997.076294
	],

	"normals" : [
		-0.885374,-0.232856,-0.402356,-0.885374,-0.232856,-0.402356,-0.885374,-0.232856,-0.402356,-0.885374,-0.232856,-0.402356,-0.885374,-0.232856,-0.402356,-0.759205,-0.440427,-0.479199,-0.772158,-0.440713,-0.457760,-0.774422,-0.447756,-0.446974,-0.769666,-0.454739,-0.448137,-0.763927,-0.452012,-0.460544,
		-0.452842,-0.879236,-0.147915,-0.273906,-0.895586,-0.350572,-0.104922,-0.850197,-0.515903,0.007378,-0.731741,-0.681543,-0.012482,-0.514225,-0.857564,0.004391,-0.935096,0.354367,0.253900,-0.953683,-0.161317,0.369289,-0.803396,-0.467098,0.413157,-0.621854,-0.665281,0.372071,-0.357940,-0.856412,
		0.131130,-0.784440,0.606184,0.404286,-0.914557,-0.011741,0.472895,-0.762976,-0.440725,0.470758,-0.554617,-0.686139,0.405765,-0.251890,-0.878582
	],

	"faces": [
		32 ,0,1,5 ,0,1,5,
		32 ,5,1,6 ,5,1,6,
		32 ,5,6,10 ,5,6,10,
		32 ,10,6,11 ,10,6,11,
		32 ,10,11,15 ,10,11,15,
		32 ,15,11,16 ,15,11,16,
		32 ,15,16,20 ,15,16,20,
		32 ,20,16,21 ,20,16,21,
		32 ,1,2,6 ,1,2,6,
		32 ,6,2,7 ,6,2,7,
		32 ,6,7,11 ,6,7,11,
		32 ,11,7,12 ,11,7,12,
		32 ,11,12,16 ,11,12,16,
		32 ,16,12,17 ,16,12,17,
		32 ,16,17,21 ,16,17,21,
		32 ,21,17,22 ,21,17,22,
		32 ,2,3,7 ,2,3,7,
		32 ,7,3,8 ,7,3,8,
		32 ,7,8,12 ,7,8,12,
		32 ,12,8,13 ,12,8,13,
		32 ,12,13,17 ,12,13,17,
		32 ,17,13,18 ,17,13,18,
		32 ,17,18,22 ,17,18,22,
		32 ,22,18,23 ,22,18,23,
		32 ,3,4,8 ,3,4,8,
		32 ,8,4,9 ,8,4,9,
		32 ,8,9,13 ,8,9,13,
		32 ,13,9,14 ,13,9,14,
		32 ,13,14,18 ,13,14,18,
		32 ,18,14,19 ,18,14,19,
		32 ,18,19,23 ,18,19,23,
		32 ,23,19,24 ,23,19,24
	]

}
