{
	"metadata" : {
		"formatVersion" : 3,
		"description" : "Exported from LibZinc."
	},

	"vertices" : [
		524.120117,81.364700,-988.865723,524.120117,81.364700,-988.865723,524.120117,81.364700,-988.865723,524.120117,81.364700,-988.865723,524.120117,81.364700,-988.865723,523.124573,84.242027,-989.883118,522.624023,83.681641,-989.313171,522.440674,82.771797,-988.688843,522.476379,81.643440,-988.095398,522.632874,80.427521,-987.618225,
		522.935913,86.815674,-990.245911,522.052429,85.880432,-989.224670,521.796814,84.331528,-988.136902,521.939575,82.451241,-987.139648,522.251221,80.521866,-986.390076,523.971619,90.092567,-989.724121,522.755127,88.939232,-988.304321,522.448975,86.930496,-986.862305,522.701355,84.506905,-985.602051,523.160522,82.108978,-984.727600,
		526.648987,95.079674,-988.087708,525.081848,93.836205,-986.256042,524.657776,91.455322,-984.517395,524.953613,88.529236,-983.086243,525.546326,85.650131,-982.177124
	],

	"normals" : [
		-0.314412,-0.435586,-0.843451,-0.314412,-0.435586,-0.843451,-0.314412,-0.435586,-0.843451,-0.314412,-0.435586,-0.843451,-0.314412,-0.435586,-0.843451,-0.441516,-0.349573,-0.826355,-0.550084,-0.368638,-0.749342,-0.603832,-0.384609,-0.698185,-0.626652,-0.373754,-0.683824,-0.657392,-0.318875,-0.682755,
		-0.613880,0.090508,-0.784194,-0.926110,0.071110,-0.370491,-0.999546,-0.007397,-0.029196,-0.987334,-0.068274,0.143212,-0.970437,-0.098882,0.220169,-0.624307,0.449218,-0.639097,-0.929739,0.366857,-0.031653,-0.917947,0.195943,0.344934,-0.853283,0.085696,0.514359,-0.789085,0.011394,0.614178,
		-0.583492,0.559778,-0.588376,-0.888479,0.457987,0.029229,-0.873057,0.245913,0.421067,-0.793590,0.104702,0.599376,-0.700232,-0.003199,0.713908
	],

	"faces": [
		32 ,0,1,5 ,0,1,5,
		32 ,5,1,6 ,5,1,6,
		32 ,5,6,10 ,5,6,10,
		32 ,10,6,11 ,10,6,11,
		32 ,10,11,15 ,10,11,15,
		32 ,15,11,16 ,15,11,16,
		32 ,15,16,20 ,15,16,20,
		32 ,20,16,21 ,20,16,21,
		32 ,1,2,6 ,1,2,6,
		32 ,6,2,7 ,6,2,7,
		32 ,6,7,11 ,6,7,11,
		32 ,11,7,12 ,11,7,12,
		32 ,11,12,16 ,11,12,16,
		32 ,16,12,17 ,16,12,17,
		32 ,16,17,21 ,16,17,21,
		32 ,21,17,22 ,21,17,22,
		32 ,2,3,7 ,2,3,7,
		32 ,7,3,8 ,7,3,8,
		32 ,7,8,12 ,7,8,12,
		32 ,12,8,13 ,12,8,13,
		32 ,12,13,17 ,12,13,17,
		32 ,17,13,18 ,17,13,18,
		32 ,17,18,22 ,17,18,22,
		32 ,22,18,23 ,22,18,23,
		32 ,3,4,8 ,3,4,8,
		32 ,8,4,9 ,8,4,9,
		32 ,8,9,13 ,8,9,13,
		32 ,13,9,14 ,13,9,14,
		32 ,13,14,18 ,13,14,18,
		32 ,18,14,19 ,18,14,19,
		32 ,18,19,23 ,18,19,23,
		32 ,23,19,24 ,23,19,24
	]

}
