{
	"metadata" : {
		"formatVersion" : 3,
		"description" : "Exported from LibZinc."
	},

	"vertices" : [
		524.120117,81.364700,-988.865723,524.120117,81.364700,-988.865723,524.120117,81.364700,-988.865723,524.120117,81.364700,-988.865723,524.120117,81.364700,-988.865723,524.285950,78.430260,-988.090332,525.020020,78.698082,-988.583374,525.805664,79.269142,-989.169617,526.350281,80.235840,-989.763306,526.360901,81.690559,-990.278503,
		524.849915,76.361092,-987.096069,526.186584,77.024704,-988.007080,527.452271,78.435997,-988.983337,528.261292,80.397072,-989.893433,528.228088,82.710022,-990.605957,526.594360,75.994171,-985.607422,528.409668,77.018539,-986.892639,529.910706,79.213745,-988.153137,530.758972,82.005470,-989.235779,530.616089,84.819389,-989.987488,
		530.301819,78.166496,-983.348999,532.479248,79.353539,-984.995728,534.031982,81.950859,-986.525330,534.749023,85.218117,-987.770081,534.419312,88.414948,-988.562317
	],

	"normals" : [
		-0.569081,-0.235274,-0.787904,-0.569081,-0.235274,-0.787904,-0.569081,-0.235274,-0.787904,-0.569081,-0.235274,-0.787904,-0.569081,-0.235274,-0.787904,-0.487247,-0.303350,-0.818883,-0.425502,-0.312679,-0.849223,-0.379838,-0.332416,-0.863263,-0.326628,-0.331893,-0.884964,-0.307446,-0.296783,-0.904100,
		-0.274964,-0.743846,-0.609169,-0.014651,-0.659344,-0.751698,0.177933,-0.565930,-0.805024,0.275948,-0.394120,-0.876654,0.214169,-0.174571,-0.961071,0.205665,-0.971982,0.113816,0.470835,-0.782913,-0.406648,0.540483,-0.550971,-0.635853,0.522969,-0.329478,-0.786097,0.394456,-0.073585,-0.915964,
		0.375582,-0.818778,0.434212,0.625936,-0.752967,-0.203086,0.613666,-0.512964,-0.600235,0.528262,-0.285416,-0.799673,0.380551,-0.041087,-0.923847
	],

	"faces": [
		32 ,0,1,5 ,0,1,5,
		32 ,5,1,6 ,5,1,6,
		32 ,5,6,10 ,5,6,10,
		32 ,10,6,11 ,10,6,11,
		32 ,10,11,15 ,10,11,15,
		32 ,15,11,16 ,15,11,16,
		32 ,15,16,20 ,15,16,20,
		32 ,20,16,21 ,20,16,21,
		32 ,1,2,6 ,1,2,6,
		32 ,6,2,7 ,6,2,7,
		32 ,6,7,11 ,6,7,11,
		32 ,11,7,12 ,11,7,12,
		32 ,11,12,16 ,11,12,16,
		32 ,16,12,17 ,16,12,17,
		32 ,16,17,21 ,16,17,21,
		32 ,21,17,22 ,21,17,22,
		32 ,2,3,7 ,2,3,7,
		32 ,7,3,8 ,7,3,8,
		32 ,7,8,12 ,7,8,12,
		32 ,12,8,13 ,12,8,13,
		32 ,12,13,17 ,12,13,17,
		32 ,17,13,18 ,17,13,18,
		32 ,17,18,22 ,17,18,22,
		32 ,22,18,23 ,22,18,23,
		32 ,3,4,8 ,3,4,8,
		32 ,8,4,9 ,8,4,9,
		32 ,8,9,13 ,8,9,13,
		32 ,13,9,14 ,13,9,14,
		32 ,13,14,18 ,13,14,18,
		32 ,18,14,19 ,18,14,19,
		32 ,18,19,23 ,18,19,23,
		32 ,23,19,24 ,23,19,24
	]

}
