{
	"metadata" : {
		"formatVersion" : 3,
		"description" : "Exported from LibZinc."
	},

	"vertices" : [
		532.452515,120.903503,-962.348816,532.452515,120.903503,-962.348816,532.452515,120.903503,-962.348816,532.452515,120.903503,-962.348816,532.452515,120.903503,-962.348816,530.323669,120.008118,-959.323914,530.750793,119.168419,-959.283691,531.559021,118.605400,-959.429138,532.625671,118.333641,-959.778870,533.828186,118.367737,-960.351318,
		528.362610,119.341934,-956.241211,529.197876,117.741104,-956.148193,530.765564,116.697678,-956.391907,532.787109,116.209900,-956.997498,534.983948,116.276024,-957.990234,526.813904,119.227730,-952.846924,528.018188,116.956116,-952.679749,530.220459,115.493416,-952.972229,533.004883,114.823051,-953.734802,535.955750,114.928429,-954.977844,
		525.922119,119.988297,-948.887207,527.436340,117.148026,-948.615601,530.071838,115.305733,-948.905334,533.346924,114.463898,-949.720764,536.779785,114.625000,-951.026428
	],

	"normals" : [
		-0.500903,-0.673360,-0.543767,-0.500903,-0.673360,-0.543767,-0.500903,-0.673360,-0.543767,-0.500903,-0.673360,-0.543767,-0.500903,-0.673360,-0.543767,-0.768293,-0.232255,-0.596475,-0.610179,-0.510592,-0.605787,-0.443248,-0.654871,-0.612108,-0.322940,-0.709250,-0.626637,-0.251679,-0.718633,-0.648248,
		-0.833356,-0.234104,-0.500712,-0.647730,-0.585261,-0.487767,-0.427953,-0.765796,-0.480014,-0.261510,-0.832360,-0.488660,-0.145618,-0.847690,-0.510116,-0.922644,-0.239390,-0.302359,-0.707848,-0.665222,-0.237553,-0.412178,-0.884091,-0.220210,-0.170539,-0.957460,-0.232781,0.032000,-0.966484,-0.254725,
		-0.970866,-0.236803,-0.036656,-0.732816,-0.674990,0.085845,-0.387848,-0.916755,0.095567,-0.079027,-0.994854,0.063411,0.208946,-0.977346,0.033697
	],

	"faces": [
		32 ,0,1,5 ,0,1,5,
		32 ,5,1,6 ,5,1,6,
		32 ,5,6,10 ,5,6,10,
		32 ,10,6,11 ,10,6,11,
		32 ,10,11,15 ,10,11,15,
		32 ,15,11,16 ,15,11,16,
		32 ,15,16,20 ,15,16,20,
		32 ,20,16,21 ,20,16,21,
		32 ,1,2,6 ,1,2,6,
		32 ,6,2,7 ,6,2,7,
		32 ,6,7,11 ,6,7,11,
		32 ,11,7,12 ,11,7,12,
		32 ,11,12,16 ,11,12,16,
		32 ,16,12,17 ,16,12,17,
		32 ,16,17,21 ,16,17,21,
		32 ,21,17,22 ,21,17,22,
		32 ,2,3,7 ,2,3,7,
		32 ,7,3,8 ,7,3,8,
		32 ,7,8,12 ,7,8,12,
		32 ,12,8,13 ,12,8,13,
		32 ,12,13,17 ,12,13,17,
		32 ,17,13,18 ,17,13,18,
		32 ,17,18,22 ,17,18,22,
		32 ,22,18,23 ,22,18,23,
		32 ,3,4,8 ,3,4,8,
		32 ,8,4,9 ,8,4,9,
		32 ,8,9,13 ,8,9,13,
		32 ,13,9,14 ,13,9,14,
		32 ,13,14,18 ,13,14,18,
		32 ,18,14,19 ,18,14,19,
		32 ,18,19,23 ,18,19,23,
		32 ,23,19,24 ,23,19,24
	]

}
