{
	"metadata" : {
		"formatVersion" : 3,
		"description" : "Exported from LibZinc."
	},

	"vertices" : [
		553.546021,62.111710,-990.833191,554.623413,59.045498,-989.946960,556.522827,55.462475,-989.546936,558.859924,52.159760,-989.789062,561.250305,49.934471,-990.829224,557.859192,67.676460,-986.254272,558.782410,64.079819,-985.152710,560.632568,59.901424,-984.518188,563.048401,56.029587,-984.604431,565.668701,53.352600,-985.664978,
		564.079590,74.178009,-980.567932,564.692932,70.186188,-979.410583,566.225769,65.525368,-978.553162,568.411560,61.187309,-978.380493,570.983826,58.163784,-979.277283,570.855408,80.457283,-974.470215,571.077148,76.216957,-973.309937,572.153809,71.273239,-972.273376,573.983093,66.649666,-971.834656,576.462769,63.369747,-972.467957,
		576.835022,85.355186,-968.657104,576.657288,81.024460,-967.440063,577.267944,76.084000,-966.300232,578.796509,71.433388,-965.684265,581.372375,67.972214,-966.038879
	],

	"normals" : [
		-0.827382,0.061409,0.558273,-0.709919,-0.187389,0.678896,-0.614175,-0.354145,0.705245,-0.467251,-0.540210,0.699892,-0.133494,-0.811729,0.568573,-0.773498,0.166853,0.611441,-0.671764,-0.074602,0.736999,-0.590648,-0.252297,0.766473,-0.457566,-0.462549,0.759395,-0.114192,-0.756249,0.644242,
		-0.756262,0.205453,0.621174,-0.688318,0.001798,0.725407,-0.631550,-0.163652,0.757868,-0.514005,-0.383323,0.767374,-0.152179,-0.719380,0.677742,-0.760905,0.233098,0.605548,-0.729075,0.066422,0.681203,-0.694431,-0.088341,0.714116,-0.589421,-0.313790,0.744391,-0.227735,-0.684072,0.692952,
		-0.788301,0.275315,0.550257,-0.794460,0.123329,0.594662,-0.776259,-0.043395,0.628919,-0.666551,-0.288295,0.687456,-0.325685,-0.659715,0.677278
	],

	"faces": [
		32 ,0,1,5 ,0,1,5,
		32 ,5,1,6 ,5,1,6,
		32 ,5,6,10 ,5,6,10,
		32 ,10,6,11 ,10,6,11,
		32 ,10,11,15 ,10,11,15,
		32 ,15,11,16 ,15,11,16,
		32 ,15,16,20 ,15,16,20,
		32 ,20,16,21 ,20,16,21,
		32 ,1,2,6 ,1,2,6,
		32 ,6,2,7 ,6,2,7,
		32 ,6,7,11 ,6,7,11,
		32 ,11,7,12 ,11,7,12,
		32 ,11,12,16 ,11,12,16,
		32 ,16,12,17 ,16,12,17,
		32 ,16,17,21 ,16,17,21,
		32 ,21,17,22 ,21,17,22,
		32 ,2,3,7 ,2,3,7,
		32 ,7,3,8 ,7,3,8,
		32 ,7,8,12 ,7,8,12,
		32 ,12,8,13 ,12,8,13,
		32 ,12,13,17 ,12,13,17,
		32 ,17,13,18 ,17,13,18,
		32 ,17,18,22 ,17,18,22,
		32 ,22,18,23 ,22,18,23,
		32 ,3,4,8 ,3,4,8,
		32 ,8,4,9 ,8,4,9,
		32 ,8,9,13 ,8,9,13,
		32 ,13,9,14 ,13,9,14,
		32 ,13,14,18 ,13,14,18,
		32 ,18,14,19 ,18,14,19,
		32 ,18,19,23 ,18,19,23,
		32 ,23,19,24 ,23,19,24
	]

}
