{
	"metadata" : {
		"formatVersion" : 3,
		"description" : "Exported from LibZinc."
	},

	"vertices" : [
		526.648987,95.079674,-988.087708,525.081848,93.836205,-986.256042,524.657776,91.455322,-984.517395,524.953613,88.529236,-983.086243,525.546326,85.650131,-982.177124,531.535522,102.557449,-985.021423,529.618408,101.262604,-982.786438,528.985291,98.518837,-980.722961,529.217896,95.065987,-979.086243,529.897827,91.643921,-978.131653,
		538.089233,111.580696,-980.686462,535.854004,110.239594,-978.134216,534.962402,107.142448,-975.740601,535.056641,103.189346,-973.859863,535.778931,99.280357,-972.846375,545.063416,120.567841,-975.567688,542.493347,119.240166,-972.801331,541.302612,115.825684,-970.183472,541.223145,111.404770,-968.156128,541.986633,107.057770,-967.161133,
		551.211426,127.937302,-970.149780,548.241028,126.737305,-967.289795,546.719421,123.068039,-964.664978,546.470398,118.217705,-962.724060,547.317871,113.474503,-961.915588
	],

	"normals" : [
		-0.583492,0.559778,-0.588376,-0.888479,0.457987,0.029229,-0.873057,0.245913,0.421067,-0.793590,0.104702,0.599376,-0.700232,-0.003199,0.713908,-0.540656,0.626014,-0.561958,-0.844732,0.532277,0.055767,-0.837083,0.301934,0.456211,-0.759120,0.127747,0.638293,-0.648325,-0.029552,0.760790,
		-0.498572,0.664034,-0.557212,-0.821954,0.567913,0.043216,-0.835772,0.336421,0.433942,-0.763200,0.144894,0.629708,-0.625083,-0.059619,0.778278,-0.435123,0.704306,-0.560911,-0.803369,0.595270,0.015859,-0.846180,0.354557,0.397831,-0.778739,0.145889,0.610150,-0.610260,-0.103355,0.785430,
		-0.318284,0.772697,-0.549212,-0.778379,0.627393,-0.022438,-0.870451,0.349277,0.346873,-0.809874,0.113361,0.575546,-0.611327,-0.175054,0.771774
	],

	"faces": [
		32 ,0,1,5 ,0,1,5,
		32 ,5,1,6 ,5,1,6,
		32 ,5,6,10 ,5,6,10,
		32 ,10,6,11 ,10,6,11,
		32 ,10,11,15 ,10,11,15,
		32 ,15,11,16 ,15,11,16,
		32 ,15,16,20 ,15,16,20,
		32 ,20,16,21 ,20,16,21,
		32 ,1,2,6 ,1,2,6,
		32 ,6,2,7 ,6,2,7,
		32 ,6,7,11 ,6,7,11,
		32 ,11,7,12 ,11,7,12,
		32 ,11,12,16 ,11,12,16,
		32 ,16,12,17 ,16,12,17,
		32 ,16,17,21 ,16,17,21,
		32 ,21,17,22 ,21,17,22,
		32 ,2,3,7 ,2,3,7,
		32 ,7,3,8 ,7,3,8,
		32 ,7,8,12 ,7,8,12,
		32 ,12,8,13 ,12,8,13,
		32 ,12,13,17 ,12,13,17,
		32 ,17,13,18 ,17,13,18,
		32 ,17,18,22 ,17,18,22,
		32 ,22,18,23 ,22,18,23,
		32 ,3,4,8 ,3,4,8,
		32 ,8,4,9 ,8,4,9,
		32 ,8,9,13 ,8,9,13,
		32 ,13,9,14 ,13,9,14,
		32 ,13,14,18 ,13,14,18,
		32 ,18,14,19 ,18,14,19,
		32 ,18,19,23 ,18,19,23,
		32 ,23,19,24 ,23,19,24
	]

}
