{
	"metadata" : {
		"formatVersion" : 3,
		"description" : "Exported from LibZinc."
	},

	"vertices" : [
		525.546326,85.650131,-982.177124,526.173218,82.941483,-981.726624,527.014343,80.461647,-981.650024,528.310364,78.705147,-982.130005,530.301819,78.166496,-983.348999,529.897827,91.643921,-978.131653,530.810913,88.525871,-977.838135,532.113403,85.805458,-978.051819,533.942871,83.953102,-978.828430,536.436890,83.439224,-980.223877,
		535.778931,99.280357,-972.846375,536.980652,95.827209,-972.893860,538.751587,92.946945,-973.736389,541.091614,91.097610,-975.038940,544.000671,90.737259,-976.466248,541.986633,107.057770,-967.161133,543.467407,103.335220,-967.598511,545.639282,100.363022,-969.086975,548.383118,98.584572,-970.896484,551.580139,98.443298,-972.297241,
		547.317871,113.474503,-961.915588,549.056152,109.539658,-962.656738,551.486694,106.530624,-964.486511,554.443909,104.859901,-966.536438,557.762329,104.940002,-967.937927
	],

	"normals" : [
		-0.700232,-0.003199,0.713908,-0.616721,-0.073818,0.783713,-0.423411,-0.265302,0.866221,-0.042577,-0.591619,0.805093,0.375582,-0.818778,0.434212,-0.648325,-0.029552,0.760790,-0.493825,-0.164696,0.853822,-0.236689,-0.341337,0.909652,0.091621,-0.552045,0.828766,0.407750,-0.731031,0.547113,
		-0.625083,-0.059619,0.778278,-0.357200,-0.300302,0.884436,-0.070445,-0.466799,0.881553,0.167677,-0.583356,0.794721,0.380031,-0.695592,0.609696,-0.610260,-0.103355,0.785430,-0.258162,-0.415755,0.872067,0.024264,-0.569468,0.821655,0.205340,-0.641163,0.739423,0.346573,-0.699368,0.625117,
		-0.611327,-0.175054,0.771774,-0.266242,-0.493310,0.828106,-0.006399,-0.658525,0.752531,0.183531,-0.736652,0.650891,0.364220,-0.769903,0.524017
	],

	"faces": [
		32 ,0,1,5 ,0,1,5,
		32 ,5,1,6 ,5,1,6,
		32 ,5,6,10 ,5,6,10,
		32 ,10,6,11 ,10,6,11,
		32 ,10,11,15 ,10,11,15,
		32 ,15,11,16 ,15,11,16,
		32 ,15,16,20 ,15,16,20,
		32 ,20,16,21 ,20,16,21,
		32 ,1,2,6 ,1,2,6,
		32 ,6,2,7 ,6,2,7,
		32 ,6,7,11 ,6,7,11,
		32 ,11,7,12 ,11,7,12,
		32 ,11,12,16 ,11,12,16,
		32 ,16,12,17 ,16,12,17,
		32 ,16,17,21 ,16,17,21,
		32 ,21,17,22 ,21,17,22,
		32 ,2,3,7 ,2,3,7,
		32 ,7,3,8 ,7,3,8,
		32 ,7,8,12 ,7,8,12,
		32 ,12,8,13 ,12,8,13,
		32 ,12,13,17 ,12,13,17,
		32 ,17,13,18 ,17,13,18,
		32 ,17,18,22 ,17,18,22,
		32 ,22,18,23 ,22,18,23,
		32 ,3,4,8 ,3,4,8,
		32 ,8,4,9 ,8,4,9,
		32 ,8,9,13 ,8,9,13,
		32 ,13,9,14 ,13,9,14,
		32 ,13,14,18 ,13,14,18,
		32 ,18,14,19 ,18,14,19,
		32 ,18,19,23 ,18,19,23,
		32 ,23,19,24 ,23,19,24
	]

}
