{
	"metadata" : {
		"formatVersion" : 3,
		"description" : "Exported from LibZinc."
	},

	"vertices" : [
		530.301819,78.166496,-983.348999,532.479248,79.353539,-984.995728,534.031982,81.950859,-986.525330,534.749023,85.218117,-987.770081,534.419312,88.414948,-988.562317,536.436890,83.439224,-980.223877,538.885742,84.664406,-981.966187,540.420288,87.274750,-983.626953,540.938660,90.608910,-985.027405,540.338989,94.005554,-985.988953,
		544.000671,90.737259,-976.466248,546.654907,92.044785,-977.944397,548.189819,94.544899,-979.505554,548.544250,97.714401,-980.974426,547.656860,101.030090,-982.175476,551.580139,98.443298,-972.297241,554.379089,99.857056,-973.421936,555.956665,102.207932,-974.788391,556.235352,105.135651,-976.243835,555.137756,108.279922,-977.635742,
		557.762329,104.940002,-967.937927,560.650940,106.463608,-968.890442,562.336792,108.710480,-970.102417,562.681519,111.473709,-971.468567,561.546570,114.546402,-972.883606
	],

	"normals" : [
		0.375582,-0.818778,0.434212,0.625936,-0.752967,-0.203086,0.613666,-0.512964,-0.600235,0.528262,-0.285416,-0.799673,0.380551,-0.041087,-0.923847,0.407750,-0.731031,0.547113,0.684707,-0.726609,-0.056714,0.699554,-0.496805,-0.513623,0.605465,-0.258139,-0.752846,0.450303,-0.022474,-0.892593,
		0.380031,-0.695592,0.609696,0.695685,-0.717996,0.022430,0.736403,-0.488188,-0.468384,0.646811,-0.245969,-0.721897,0.509030,-0.027866,-0.860298,0.346573,-0.699368,0.625117,0.687731,-0.720339,0.090206,0.766042,-0.489037,-0.417160,0.686885,-0.234066,-0.688042,0.564274,-0.018627,-0.825378,
		0.364220,-0.769903,0.524017,0.670165,-0.730139,0.133327,0.800206,-0.498631,-0.333222,0.745684,-0.207950,-0.633019,0.629299,0.037545,-0.776256
	],

	"faces": [
		32 ,0,1,5 ,0,1,5,
		32 ,5,1,6 ,5,1,6,
		32 ,5,6,10 ,5,6,10,
		32 ,10,6,11 ,10,6,11,
		32 ,10,11,15 ,10,11,15,
		32 ,15,11,16 ,15,11,16,
		32 ,15,16,20 ,15,16,20,
		32 ,20,16,21 ,20,16,21,
		32 ,1,2,6 ,1,2,6,
		32 ,6,2,7 ,6,2,7,
		32 ,6,7,11 ,6,7,11,
		32 ,11,7,12 ,11,7,12,
		32 ,11,12,16 ,11,12,16,
		32 ,16,12,17 ,16,12,17,
		32 ,16,17,21 ,16,17,21,
		32 ,21,17,22 ,21,17,22,
		32 ,2,3,7 ,2,3,7,
		32 ,7,3,8 ,7,3,8,
		32 ,7,8,12 ,7,8,12,
		32 ,12,8,13 ,12,8,13,
		32 ,12,13,17 ,12,13,17,
		32 ,17,13,18 ,17,13,18,
		32 ,17,18,22 ,17,18,22,
		32 ,22,18,23 ,22,18,23,
		32 ,3,4,8 ,3,4,8,
		32 ,8,4,9 ,8,4,9,
		32 ,8,9,13 ,8,9,13,
		32 ,13,9,14 ,13,9,14,
		32 ,13,14,18 ,13,14,18,
		32 ,18,14,19 ,18,14,19,
		32 ,18,19,23 ,18,19,23,
		32 ,23,19,24 ,23,19,24
	]

}
