{
	"metadata" : {
		"formatVersion" : 3,
		"description" : "Exported from LibZinc."
	},

	"vertices" : [
		601.012085,71.067734,-960.142822,598.187561,72.158463,-959.193542,595.344482,71.112244,-958.218933,593.088074,68.594032,-957.357056,592.023682,65.268784,-956.745789,603.083740,74.622932,-956.241516,600.348145,75.258247,-955.436890,597.095337,74.106979,-954.359497,594.323364,71.812302,-953.337402,593.030396,69.017418,-952.698669,
		603.926392,78.678719,-953.279785,601.435242,78.682121,-952.579163,597.587830,77.100967,-951.176758,594.073181,74.851151,-949.793152,592.580200,72.848564,-949.149048,604.549438,82.896721,-950.248596,602.222107,82.240784,-949.518982,597.628784,80.102272,-947.707764,593.200378,77.736160,-945.897583,591.367737,76.397438,-945.171204,
		605.962524,86.938583,-946.139282,603.482056,85.744942,-945.154968,598.025024,83.118927,-942.989380,592.567993,80.492920,-940.823853,590.087524,79.299278,-939.839478
	],

	"normals" : [
		0.361189,0.647509,-0.671025,-0.174488,0.880516,-0.440733,-0.610327,0.776381,-0.157271,-0.857497,0.511617,0.054289,-0.942272,0.111251,0.315825,0.261020,0.570759,-0.778526,-0.281868,0.724514,-0.628991,-0.557771,0.694419,-0.454613,-0.772210,0.516988,-0.369343,-0.996713,0.073767,-0.033502,
		0.360101,0.487859,-0.795186,-0.398538,0.622247,-0.673777,-0.540850,0.622018,-0.566193,-0.650152,0.518080,-0.555783,-0.978290,-0.054650,-0.199903,0.720452,0.343397,-0.602518,-0.488231,0.672919,-0.555708,-0.541168,0.673539,-0.503470,-0.578945,0.624603,-0.524113,-0.762805,-0.610001,0.214538,
		-0.352844,-0.661627,0.661627,-0.513075,0.790614,-0.334190,-0.514408,0.785783,-0.343407,-0.518003,0.771063,-0.370317,0.941580,-0.226346,0.249387
	],

	"faces": [
		32 ,0,1,5 ,0,1,5,
		32 ,5,1,6 ,5,1,6,
		32 ,5,6,10 ,5,6,10,
		32 ,10,6,11 ,10,6,11,
		32 ,10,11,15 ,10,11,15,
		32 ,15,11,16 ,15,11,16,
		32 ,15,16,20 ,15,16,20,
		32 ,20,16,21 ,20,16,21,
		32 ,1,2,6 ,1,2,6,
		32 ,6,2,7 ,6,2,7,
		32 ,6,7,11 ,6,7,11,
		32 ,11,7,12 ,11,7,12,
		32 ,11,12,16 ,11,12,16,
		32 ,16,12,17 ,16,12,17,
		32 ,16,17,21 ,16,17,21,
		32 ,21,17,22 ,21,17,22,
		32 ,2,3,7 ,2,3,7,
		32 ,7,3,8 ,7,3,8,
		32 ,7,8,12 ,7,8,12,
		32 ,12,8,13 ,12,8,13,
		32 ,12,13,17 ,12,13,17,
		32 ,17,13,18 ,17,13,18,
		32 ,17,18,22 ,17,18,22,
		32 ,22,18,23 ,22,18,23,
		32 ,3,4,8 ,3,4,8,
		32 ,8,4,9 ,8,4,9,
		32 ,8,9,13 ,8,9,13,
		32 ,13,9,14 ,13,9,14,
		32 ,13,14,18 ,13,14,18,
		32 ,18,14,19 ,18,14,19,
		32 ,18,19,23 ,18,19,23,
		32 ,23,19,24 ,23,19,24
	]

}
