{
	"metadata" : {
		"formatVersion" : 3,
		"description" : "Exported from LibZinc."
	},

	"vertices" : [
		592.023682,65.268784,-956.745789,592.160950,61.762054,-955.761292,593.115601,58.433331,-954.143005,594.902161,55.548435,-952.573792,597.534973,53.373192,-951.736694,593.030396,69.017418,-952.698669,593.269348,65.782471,-951.755005,594.424255,62.143200,-950.056396,596.489807,58.706219,-948.288330,599.460632,56.078114,-947.136292,
		592.580200,72.848564,-949.149048,593.193115,70.062874,-948.291809,594.813049,65.761841,-946.364990,597.354980,61.308495,-944.233276,600.733826,58.065880,-942.761353,591.367737,76.397438,-945.171204,592.306885,73.991943,-944.346680,594.420654,69.001968,-942.207703,597.480347,63.547173,-939.785583,601.257263,59.747250,-938.111694,
		590.087524,79.299278,-939.839478,590.985413,76.958359,-938.894531,593.385681,71.576309,-936.723572,596.848389,65.614159,-934.322449,600.933472,61.532970,-932.687012
	],

	"normals" : [
		-0.942272,0.111251,0.315825,-0.930874,0.003190,0.365326,-0.879417,-0.134351,0.456701,-0.743187,-0.343472,0.574195,-0.421967,-0.658140,0.623535,-0.996713,0.073767,-0.033502,-0.967042,-0.094871,0.236283,-0.897756,-0.197572,0.393701,-0.780313,-0.376343,0.499478,-0.498919,-0.681441,0.535461,
		-0.978290,-0.054650,-0.199903,-0.963006,-0.235096,0.131718,-0.918806,-0.293521,0.263897,-0.828185,-0.436880,0.351064,-0.525116,-0.747633,0.406568,-0.762805,-0.610001,0.214538,-0.936695,-0.348676,0.032070,-0.916472,-0.387312,0.100339,-0.843809,-0.506337,0.177792,-0.517456,-0.807382,0.283503,
		-0.391032,0.833179,-0.391032,-0.916995,-0.394253,-0.060704,-0.891199,-0.452585,-0.030518,-0.824528,-0.563527,0.050895,-0.503270,-0.837941,0.211126
	],

	"faces": [
		32 ,0,1,5 ,0,1,5,
		32 ,5,1,6 ,5,1,6,
		32 ,5,6,10 ,5,6,10,
		32 ,10,6,11 ,10,6,11,
		32 ,10,11,15 ,10,11,15,
		32 ,15,11,16 ,15,11,16,
		32 ,15,16,20 ,15,16,20,
		32 ,20,16,21 ,20,16,21,
		32 ,1,2,6 ,1,2,6,
		32 ,6,2,7 ,6,2,7,
		32 ,6,7,11 ,6,7,11,
		32 ,11,7,12 ,11,7,12,
		32 ,11,12,16 ,11,12,16,
		32 ,16,12,17 ,16,12,17,
		32 ,16,17,21 ,16,17,21,
		32 ,21,17,22 ,21,17,22,
		32 ,2,3,7 ,2,3,7,
		32 ,7,3,8 ,7,3,8,
		32 ,7,8,12 ,7,8,12,
		32 ,12,8,13 ,12,8,13,
		32 ,12,13,17 ,12,13,17,
		32 ,17,13,18 ,17,13,18,
		32 ,17,18,22 ,17,18,22,
		32 ,22,18,23 ,22,18,23,
		32 ,3,4,8 ,3,4,8,
		32 ,8,4,9 ,8,4,9,
		32 ,8,9,13 ,8,9,13,
		32 ,13,9,14 ,13,9,14,
		32 ,13,14,18 ,13,14,18,
		32 ,18,14,19 ,18,14,19,
		32 ,18,19,23 ,18,19,23,
		32 ,23,19,24 ,23,19,24
	]

}
