{
	"metadata" : {
		"formatVersion" : 3,
		"description" : "Exported from LibZinc."
	},

	"vertices" : [
		597.534973,53.373192,-951.736694,600.599548,52.519207,-952.075378,603.415771,53.200062,-953.320251,605.600159,55.084526,-955.084595,606.768982,57.841381,-956.981384,599.460632,56.078114,-947.136292,602.832275,55.104183,-947.122986,605.838806,55.930561,-948.099487,608.082275,58.115105,-949.743652,609.165039,61.215664,-951.733337,
		600.733826,58.065880,-942.761353,604.379761,57.043358,-942.477417,607.535461,58.007717,-943.183472,609.834351,60.458130,-944.655334,610.909790,63.893764,-946.668762,601.257263,59.747250,-938.111694,605.149963,58.729519,-937.670898,608.480225,59.842793,-938.174805,610.903992,62.538944,-939.494690,612.077332,66.269852,-941.501953,
		600.933472,61.532970,-932.687012,605.050781,60.555450,-932.235718,608.647400,61.847046,-932.676025,611.339111,64.782883,-933.936829,612.741699,68.738098,-935.947327
	],

	"normals" : [
		-0.421967,-0.658140,0.623535,0.119734,-0.883707,0.452466,0.545648,-0.814467,0.197259,0.795892,-0.604824,-0.027284,0.919257,-0.306208,-0.247393,-0.498919,-0.681441,0.535461,0.065596,-0.914574,0.399062,0.556325,-0.816973,0.151845,0.825560,-0.561858,-0.052599,0.940202,-0.244671,-0.236973,
		-0.525116,-0.747633,0.406568,0.039349,-0.938561,0.342863,0.577073,-0.802213,0.153105,0.859887,-0.509986,-0.022567,0.964291,-0.193678,-0.180642,-0.517456,-0.807382,0.283503,0.040507,-0.948207,0.315060,0.594900,-0.775232,0.212387,0.883044,-0.465489,0.059604,0.982490,-0.159452,-0.096374,
		-0.503270,-0.837941,0.211126,0.063284,-0.942078,0.329370,0.595678,-0.743135,0.304824,0.879534,-0.445442,0.167336,0.988700,-0.149779,-0.006213
	],

	"faces": [
		32 ,0,1,5 ,0,1,5,
		32 ,5,1,6 ,5,1,6,
		32 ,5,6,10 ,5,6,10,
		32 ,10,6,11 ,10,6,11,
		32 ,10,11,15 ,10,11,15,
		32 ,15,11,16 ,15,11,16,
		32 ,15,16,20 ,15,16,20,
		32 ,20,16,21 ,20,16,21,
		32 ,1,2,6 ,1,2,6,
		32 ,6,2,7 ,6,2,7,
		32 ,6,7,11 ,6,7,11,
		32 ,11,7,12 ,11,7,12,
		32 ,11,12,16 ,11,12,16,
		32 ,16,12,17 ,16,12,17,
		32 ,16,17,21 ,16,17,21,
		32 ,21,17,22 ,21,17,22,
		32 ,2,3,7 ,2,3,7,
		32 ,7,3,8 ,7,3,8,
		32 ,7,8,12 ,7,8,12,
		32 ,12,8,13 ,12,8,13,
		32 ,12,13,17 ,12,13,17,
		32 ,17,13,18 ,17,13,18,
		32 ,17,18,22 ,17,18,22,
		32 ,22,18,23 ,22,18,23,
		32 ,3,4,8 ,3,4,8,
		32 ,8,4,9 ,8,4,9,
		32 ,8,9,13 ,8,9,13,
		32 ,13,9,14 ,13,9,14,
		32 ,13,14,18 ,13,14,18,
		32 ,18,14,19 ,18,14,19,
		32 ,18,19,23 ,18,19,23,
		32 ,23,19,24 ,23,19,24
	]

}
