{
	"metadata" : {
		"formatVersion" : 3,
		"description" : "Exported from LibZinc."
	},

	"vertices" : [
		584.242188,86.474960,-974.809021,581.986145,88.558830,-973.606812,579.738220,89.164932,-971.887817,577.890503,88.146103,-970.091370,576.835022,85.355186,-968.657104,588.549927,91.644028,-969.267700,586.152466,93.150177,-968.141174,583.637146,93.126831,-966.456055,581.508362,91.687004,-964.669067,580.270752,88.943726,-963.237061,
		591.221069,97.108589,-963.992798,588.820251,97.533913,-962.892639,585.597778,96.465363,-961.028809,582.662231,94.490555,-959.084167,581.122375,92.197136,-957.741394,593.291992,102.620598,-958.586426,590.903564,101.904015,-957.496216,586.657776,99.663406,-955.370972,582.555969,97.073669,-953.206909,580.599243,95.309700,-952.000305,
		595.799011,107.931999,-952.650391,593.316467,106.454453,-951.586914,587.854919,103.203857,-949.247192,582.393311,99.953262,-946.907471,579.910828,98.475723,-945.843994
	],

	"normals" : [
		0.368948,0.507139,-0.778902,0.017887,0.759092,-0.650738,-0.371356,0.862857,-0.342889,-0.698618,0.699345,0.151157,-0.788301,0.275315,0.550257,0.340487,0.549714,-0.762812,-0.120627,0.795046,-0.594434,-0.481996,0.823605,-0.298923,-0.781292,0.622931,-0.039241,-0.951908,0.239593,0.190961,
		0.281289,0.601422,-0.747776,-0.372344,0.786760,-0.492309,-0.567900,0.764558,-0.304863,-0.746408,0.620312,-0.241015,-0.980435,0.168611,-0.101571,0.155739,0.677967,-0.718405,-0.534159,0.748674,-0.392634,-0.592205,0.739898,-0.319130,-0.658854,0.675562,-0.330949,-0.969698,0.135454,-0.203318,
		0.000000,-0.777165,0.629297,-0.579636,0.757256,-0.300973,-0.580564,0.753649,-0.308152,-0.584338,0.736462,-0.340840,0.998181,0.051727,0.030973
	],

	"faces": [
		32 ,0,1,5 ,0,1,5,
		32 ,5,1,6 ,5,1,6,
		32 ,5,6,10 ,5,6,10,
		32 ,10,6,11 ,10,6,11,
		32 ,10,11,15 ,10,11,15,
		32 ,15,11,16 ,15,11,16,
		32 ,15,16,20 ,15,16,20,
		32 ,20,16,21 ,20,16,21,
		32 ,1,2,6 ,1,2,6,
		32 ,6,2,7 ,6,2,7,
		32 ,6,7,11 ,6,7,11,
		32 ,11,7,12 ,11,7,12,
		32 ,11,12,16 ,11,12,16,
		32 ,16,12,17 ,16,12,17,
		32 ,16,17,21 ,16,17,21,
		32 ,21,17,22 ,21,17,22,
		32 ,2,3,7 ,2,3,7,
		32 ,7,3,8 ,7,3,8,
		32 ,7,8,12 ,7,8,12,
		32 ,12,8,13 ,12,8,13,
		32 ,12,13,17 ,12,13,17,
		32 ,17,13,18 ,17,13,18,
		32 ,17,18,22 ,17,18,22,
		32 ,22,18,23 ,22,18,23,
		32 ,3,4,8 ,3,4,8,
		32 ,8,4,9 ,8,4,9,
		32 ,8,9,13 ,8,9,13,
		32 ,13,9,14 ,13,9,14,
		32 ,13,14,18 ,13,14,18,
		32 ,18,14,19 ,18,14,19,
		32 ,18,19,23 ,18,19,23,
		32 ,23,19,24 ,23,19,24
	]

}
