{
	"metadata" : {
		"formatVersion" : 3,
		"description" : "Exported from LibZinc."
	},

	"vertices" : [
		576.835022,85.355186,-968.657104,576.657288,81.024460,-967.440063,577.267944,76.084000,-966.300232,578.796509,71.433388,-965.684265,581.372375,67.972214,-966.038879,580.270752,88.943726,-963.237061,580.139099,84.769226,-961.941895,580.971069,79.716515,-960.596741,582.735596,74.919838,-959.705139,585.401245,71.513405,-959.770691,
		581.122375,92.197136,-957.741394,581.593506,88.401756,-956.458435,583.462891,82.849167,-954.748657,585.996765,77.519119,-953.377930,588.461609,74.391357,-953.112000,580.599243,95.309700,-952.000305,581.790771,91.959373,-950.832214,584.789978,85.800110,-948.811768,588.083069,79.791092,-946.977295,590.156128,76.891510,-946.366882,
		579.910828,98.475723,-945.843994,581.500916,95.479401,-944.905823,584.999146,88.887497,-942.841736,588.497375,82.295601,-940.777710,590.087524,79.299278,-939.839478
	],

	"normals" : [
		-0.788301,0.275315,0.550257,-0.794460,0.123329,0.594662,-0.776259,-0.043395,0.628919,-0.666551,-0.288295,0.687456,-0.325685,-0.659715,0.677278,-0.951908,0.239593,0.190961,-0.927951,0.039676,0.370584,-0.853566,-0.097229,0.511831,-0.742234,-0.315619,0.591162,-0.405304,-0.713806,0.571148,
		-0.980435,0.168611,-0.101571,-0.957327,-0.171875,0.232347,-0.882654,-0.238342,0.405111,-0.801139,-0.361779,0.476752,-0.388673,-0.801625,0.454235,-0.969698,0.135454,-0.203318,-0.918718,-0.348322,0.186088,-0.884296,-0.363203,0.293436,-0.850228,-0.412035,0.327626,-0.211567,-0.910437,0.355450,
		-0.996333,0.038262,-0.076524,-0.890302,-0.411237,0.195567,-0.891201,-0.417188,0.178085,-0.891956,-0.436751,0.116886,-0.957343,0.173086,-0.231376
	],

	"faces": [
		32 ,0,1,5 ,0,1,5,
		32 ,5,1,6 ,5,1,6,
		32 ,5,6,10 ,5,6,10,
		32 ,10,6,11 ,10,6,11,
		32 ,10,11,15 ,10,11,15,
		32 ,15,11,16 ,15,11,16,
		32 ,15,16,20 ,15,16,20,
		32 ,20,16,21 ,20,16,21,
		32 ,1,2,6 ,1,2,6,
		32 ,6,2,7 ,6,2,7,
		32 ,6,7,11 ,6,7,11,
		32 ,11,7,12 ,11,7,12,
		32 ,11,12,16 ,11,12,16,
		32 ,16,12,17 ,16,12,17,
		32 ,16,17,21 ,16,17,21,
		32 ,21,17,22 ,21,17,22,
		32 ,2,3,7 ,2,3,7,
		32 ,7,3,8 ,7,3,8,
		32 ,7,8,12 ,7,8,12,
		32 ,12,8,13 ,12,8,13,
		32 ,12,13,17 ,12,13,17,
		32 ,17,13,18 ,17,13,18,
		32 ,17,18,22 ,17,18,22,
		32 ,22,18,23 ,22,18,23,
		32 ,3,4,8 ,3,4,8,
		32 ,8,4,9 ,8,4,9,
		32 ,8,9,13 ,8,9,13,
		32 ,13,9,14 ,13,9,14,
		32 ,13,14,18 ,13,14,18,
		32 ,18,14,19 ,18,14,19,
		32 ,18,19,23 ,18,19,23,
		32 ,23,19,24 ,23,19,24
	]

}
