{
	"metadata" : {
		"formatVersion" : 3,
		"description" : "Exported from LibZinc."
	},

	"vertices" : [
		564.357971,108.277496,-978.393982,561.311707,109.046440,-976.940186,559.264038,107.579849,-975.564331,558.161011,104.572685,-974.311829,557.948486,100.719902,-973.228210,569.645447,114.232712,-972.494568,566.615845,114.776802,-971.225403,564.414917,112.953735,-969.954346,563.091187,109.640511,-968.757751,562.693054,105.714096,-967.711792,
		573.428467,119.645325,-966.157166,571.026917,119.379799,-965.075684,568.591431,116.768425,-963.684937,566.667786,113.096687,-962.316223,565.801880,109.650093,-961.300781,576.287903,124.815567,-959.566467,574.545471,123.499168,-958.609497,571.683167,119.792717,-956.921631,568.947632,115.600754,-955.223145,567.585632,112.827820,-954.234680,
		578.804688,130.043701,-952.906982,577.171875,127.778625,-951.945435,573.579773,122.795448,-949.830017,569.987610,117.812279,-947.714539,568.354797,115.547203,-946.752991
	],

	"normals" : [
		0.055230,0.632067,-0.772943,-0.412813,0.771165,-0.484655,-0.793966,0.596002,0.120000,-0.799301,0.315767,0.511283,-0.723416,0.126747,0.678678,0.138262,0.678518,-0.721454,-0.424692,0.830840,-0.359641,-0.786514,0.592693,0.173522,-0.864630,0.316907,0.389852,-0.867668,0.099053,0.487176,
		0.186215,0.717355,-0.671361,-0.597624,0.786757,-0.154461,-0.790681,0.595591,0.141757,-0.885939,0.416368,0.204328,-0.953951,0.119848,0.274981,0.197045,0.736820,-0.646738,-0.759342,0.648850,-0.048926,-0.806942,0.588737,0.047269,-0.853753,0.519643,0.032829,-0.976070,0.200602,0.083940,
		-0.896404,-0.107501,0.430005,-0.827503,0.551242,-0.106636,-0.827232,0.552141,-0.104060,-0.828464,0.547836,-0.116293,0.264128,-0.916843,0.299391
	],

	"faces": [
		32 ,0,1,5 ,0,1,5,
		32 ,5,1,6 ,5,1,6,
		32 ,5,6,10 ,5,6,10,
		32 ,10,6,11 ,10,6,11,
		32 ,10,11,15 ,10,11,15,
		32 ,15,11,16 ,15,11,16,
		32 ,15,16,20 ,15,16,20,
		32 ,20,16,21 ,20,16,21,
		32 ,1,2,6 ,1,2,6,
		32 ,6,2,7 ,6,2,7,
		32 ,6,7,11 ,6,7,11,
		32 ,11,7,12 ,11,7,12,
		32 ,11,12,16 ,11,12,16,
		32 ,16,12,17 ,16,12,17,
		32 ,16,17,21 ,16,17,21,
		32 ,21,17,22 ,21,17,22,
		32 ,2,3,7 ,2,3,7,
		32 ,7,3,8 ,7,3,8,
		32 ,7,8,12 ,7,8,12,
		32 ,12,8,13 ,12,8,13,
		32 ,12,13,17 ,12,13,17,
		32 ,17,13,18 ,17,13,18,
		32 ,17,18,22 ,17,18,22,
		32 ,22,18,23 ,22,18,23,
		32 ,3,4,8 ,3,4,8,
		32 ,8,4,9 ,8,4,9,
		32 ,8,9,13 ,8,9,13,
		32 ,13,9,14 ,13,9,14,
		32 ,13,14,18 ,13,14,18,
		32 ,18,14,19 ,18,14,19,
		32 ,18,19,23 ,18,19,23,
		32 ,23,19,24 ,23,19,24
	]

}
