{
	"metadata" : {
		"formatVersion" : 3,
		"description" : "Exported from LibZinc."
	},

	"vertices" : [
		557.948486,100.719902,-973.228210,558.530701,96.221725,-972.269592,559.911072,91.356781,-971.583679,562.184204,86.937576,-971.503052,565.444824,83.776649,-972.360413,562.693054,105.714096,-967.711792,563.400269,101.184128,-966.790283,565.184875,96.115875,-966.090942,567.783752,91.469757,-965.875977,570.933838,88.206184,-966.407532,
		565.801880,109.650093,-961.300781,566.887146,105.555580,-960.553467,569.673340,100.160751,-959.897339,572.990967,95.082108,-959.526184,575.670471,91.936172,-959.633728,567.585632,112.827820,-954.234680,569.103210,109.424622,-953.760010,572.836121,103.717308,-953.225586,576.775085,98.173592,-952.785583,578.910767,95.261169,-952.594177,
		568.354797,115.547203,-946.752991,570.160400,112.879784,-946.610962,574.132812,107.011459,-946.298523,578.105164,101.143135,-945.986023,579.910828,98.475723,-945.843994
	],

	"normals" : [
		-0.723416,0.126747,0.678678,-0.669259,0.001244,0.743028,-0.590004,-0.150812,0.793190,-0.429696,-0.370966,0.823253,-0.120232,-0.668088,0.734304,-0.867668,0.099053,0.487176,-0.776501,-0.094653,0.622967,-0.657658,-0.221150,0.720124,-0.529009,-0.396078,0.750515,-0.275483,-0.699030,0.659899,
		-0.953951,0.119848,0.274981,-0.811216,-0.268683,0.519363,-0.697663,-0.349382,0.625458,-0.622743,-0.429373,0.654087,-0.438381,-0.675264,0.593162,-0.976070,0.200602,0.083940,-0.801681,-0.433923,0.411119,-0.738914,-0.469444,0.483352,-0.718431,-0.485548,0.498097,-0.718687,-0.514352,0.467901,
		0.998670,0.008475,-0.050848,-0.798771,-0.525063,0.293726,-0.804549,-0.530387,0.267190,-0.814001,-0.539557,0.215129,0.654432,-0.658500,0.371612
	],

	"faces": [
		32 ,0,1,5 ,0,1,5,
		32 ,5,1,6 ,5,1,6,
		32 ,5,6,10 ,5,6,10,
		32 ,10,6,11 ,10,6,11,
		32 ,10,11,15 ,10,11,15,
		32 ,15,11,16 ,15,11,16,
		32 ,15,16,20 ,15,16,20,
		32 ,20,16,21 ,20,16,21,
		32 ,1,2,6 ,1,2,6,
		32 ,6,2,7 ,6,2,7,
		32 ,6,7,11 ,6,7,11,
		32 ,11,7,12 ,11,7,12,
		32 ,11,12,16 ,11,12,16,
		32 ,16,12,17 ,16,12,17,
		32 ,16,17,21 ,16,17,21,
		32 ,21,17,22 ,21,17,22,
		32 ,2,3,7 ,2,3,7,
		32 ,7,3,8 ,7,3,8,
		32 ,7,8,12 ,7,8,12,
		32 ,12,8,13 ,12,8,13,
		32 ,12,13,17 ,12,13,17,
		32 ,17,13,18 ,17,13,18,
		32 ,17,18,22 ,17,18,22,
		32 ,22,18,23 ,22,18,23,
		32 ,3,4,8 ,3,4,8,
		32 ,8,4,9 ,8,4,9,
		32 ,8,9,13 ,8,9,13,
		32 ,13,9,14 ,13,9,14,
		32 ,13,14,18 ,13,14,18,
		32 ,18,14,19 ,18,14,19,
		32 ,18,19,23 ,18,19,23,
		32 ,23,19,24 ,23,19,24
	]

}
