{
	"metadata" : {
		"formatVersion" : 3,
		"description" : "Exported from LibZinc."
	},

	"vertices" : [
		565.444824,83.776649,-972.360413,569.401367,82.813911,-973.987671,573.102600,84.106392,-975.791870,575.653259,87.142281,-977.468323,576.158325,91.409760,-978.712219,570.933838,88.206184,-966.407532,574.828186,87.360718,-967.814087,578.950134,88.856468,-969.688293,581.972473,91.985222,-971.488220,582.567871,96.038750,-972.672241,
		575.670471,91.936172,-959.633728,578.874084,91.744873,-960.807739,583.264038,93.720551,-962.887146,586.920715,96.765320,-964.942200,587.924683,99.781303,-966.043274,578.910767,95.261169,-952.594177,581.431641,95.948395,-953.621338,586.185242,98.551926,-955.902222,590.651062,101.561951,-958.188843,592.308472,103.468651,-959.233337,
		579.910828,98.475723,-945.843994,582.393311,99.953262,-946.907471,587.854919,103.203857,-949.247192,593.316467,106.454453,-951.586914,595.799011,107.931999,-952.650391
	],

	"normals" : [
		-0.120232,-0.668088,0.734304,0.250803,-0.860784,0.442886,0.568427,-0.822711,0.006136,0.722671,-0.512037,-0.464288,0.644643,-0.038395,-0.763519,-0.275483,-0.699030,0.659899,0.257078,-0.878189,0.403355,0.583539,-0.799963,0.139794,0.786654,-0.550109,-0.280279,0.715073,0.064087,-0.696105,
		-0.438381,-0.675264,0.593162,0.373314,-0.862275,0.342226,0.595310,-0.769650,0.230748,0.762866,-0.645820,-0.030846,0.745531,0.196274,-0.636914,-0.718687,-0.514352,0.467901,0.519489,-0.788926,0.328218,0.601391,-0.736243,0.310284,0.666712,-0.717763,0.200775,0.643337,0.437859,-0.628011,
		-0.113675,0.883360,-0.454701,0.590141,-0.690585,0.418123,0.589180,-0.702154,0.399808,0.586369,-0.724687,0.361939,0.009951,-0.779480,0.626348
	],

	"faces": [
		32 ,0,1,5 ,0,1,5,
		32 ,5,1,6 ,5,1,6,
		32 ,5,6,10 ,5,6,10,
		32 ,10,6,11 ,10,6,11,
		32 ,10,11,15 ,10,11,15,
		32 ,15,11,16 ,15,11,16,
		32 ,15,16,20 ,15,16,20,
		32 ,20,16,21 ,20,16,21,
		32 ,1,2,6 ,1,2,6,
		32 ,6,2,7 ,6,2,7,
		32 ,6,7,11 ,6,7,11,
		32 ,11,7,12 ,11,7,12,
		32 ,11,12,16 ,11,12,16,
		32 ,16,12,17 ,16,12,17,
		32 ,16,17,21 ,16,17,21,
		32 ,21,17,22 ,21,17,22,
		32 ,2,3,7 ,2,3,7,
		32 ,7,3,8 ,7,3,8,
		32 ,7,8,12 ,7,8,12,
		32 ,12,8,13 ,12,8,13,
		32 ,12,13,17 ,12,13,17,
		32 ,17,13,18 ,17,13,18,
		32 ,17,18,22 ,17,18,22,
		32 ,22,18,23 ,22,18,23,
		32 ,3,4,8 ,3,4,8,
		32 ,8,4,9 ,8,4,9,
		32 ,8,9,13 ,8,9,13,
		32 ,13,9,14 ,13,9,14,
		32 ,13,14,18 ,13,14,18,
		32 ,18,14,19 ,18,14,19,
		32 ,18,19,23 ,18,19,23,
		32 ,23,19,24 ,23,19,24
	]

}
