{
	"metadata" : {
		"formatVersion" : 3,
		"description" : "Exported from LibZinc."
	},

	"vertices" : [
		551.211426,127.937302,-970.149780,548.241028,126.737305,-967.289795,546.719421,123.068039,-964.664978,546.470398,118.217705,-962.724060,547.317871,113.474503,-961.915588,555.821716,133.334717,-964.491028,552.514038,132.247208,-961.748962,550.763550,128.344925,-959.462830,550.433838,123.115150,-957.934937,551.388550,118.045189,-957.467590,
		559.052307,137.653076,-958.354919,555.565857,136.428223,-955.902161,553.753540,132.263138,-954.185791,553.448242,126.752205,-953.255188,554.483032,121.489838,-953.159790,560.960266,141.181732,-951.784302,557.355835,139.466599,-949.612061,555.554565,135.019302,-948.443787,555.316406,129.386505,-948.076904,556.401123,124.114845,-948.308960,
		561.602783,144.210098,-944.822083,557.843384,141.548538,-942.741211,556.031921,136.809998,-941.846619,555.840881,131.275635,-941.792236,556.942688,126.226601,-942.232117
	],

	"normals" : [
		-0.318284,0.772697,-0.549212,-0.778379,0.627393,-0.022438,-0.870451,0.349277,0.346873,-0.809874,0.113361,0.575546,-0.611327,-0.175054,0.771774,-0.207127,0.821198,-0.531725,-0.762043,0.645211,-0.054707,-0.889495,0.320444,0.325751,-0.820113,0.059557,0.569094,-0.618541,-0.240790,0.747949,
		-0.147182,0.869892,-0.470770,-0.769904,0.634682,-0.066533,-0.931554,0.255642,0.258562,-0.884910,-0.018544,0.465394,-0.725721,-0.305132,0.616622,-0.201038,0.898250,-0.390807,-0.799587,0.593865,-0.089362,-0.974048,0.195844,0.113474,-0.967321,-0.077060,0.241561,-0.865662,-0.351382,0.356593,
		-0.405355,0.848637,-0.339856,-0.835424,0.530624,-0.143191,-0.983529,0.169046,-0.063993,-0.995733,-0.091819,-0.009237,-0.930940,-0.357893,0.072549
	],

	"faces": [
		32 ,0,1,5 ,0,1,5,
		32 ,5,1,6 ,5,1,6,
		32 ,5,6,10 ,5,6,10,
		32 ,10,6,11 ,10,6,11,
		32 ,10,11,15 ,10,11,15,
		32 ,15,11,16 ,15,11,16,
		32 ,15,16,20 ,15,16,20,
		32 ,20,16,21 ,20,16,21,
		32 ,1,2,6 ,1,2,6,
		32 ,6,2,7 ,6,2,7,
		32 ,6,7,11 ,6,7,11,
		32 ,11,7,12 ,11,7,12,
		32 ,11,12,16 ,11,12,16,
		32 ,16,12,17 ,16,12,17,
		32 ,16,17,21 ,16,17,21,
		32 ,21,17,22 ,21,17,22,
		32 ,2,3,7 ,2,3,7,
		32 ,7,3,8 ,7,3,8,
		32 ,7,8,12 ,7,8,12,
		32 ,12,8,13 ,12,8,13,
		32 ,12,13,17 ,12,13,17,
		32 ,17,13,18 ,17,13,18,
		32 ,17,18,22 ,17,18,22,
		32 ,22,18,23 ,22,18,23,
		32 ,3,4,8 ,3,4,8,
		32 ,8,4,9 ,8,4,9,
		32 ,8,9,13 ,8,9,13,
		32 ,13,9,14 ,13,9,14,
		32 ,13,14,18 ,13,14,18,
		32 ,18,14,19 ,18,14,19,
		32 ,18,19,23 ,18,19,23,
		32 ,23,19,24 ,23,19,24
	]

}
