{
	"metadata" : {
		"formatVersion" : 3,
		"description" : "Exported from LibZinc."
	},

	"vertices" : [
		547.317871,113.474503,-961.915588,549.056152,109.539658,-962.656738,551.486694,106.530624,-964.486511,554.443909,104.859901,-966.536438,557.762329,104.940002,-967.937927,551.388550,118.045189,-957.467590,553.419617,113.969498,-958.397705,556.151550,110.927437,-960.294373,559.196899,109.213646,-962.308350,562.168396,109.122742,-963.590393,
		554.483032,121.489838,-953.159790,556.839966,117.349571,-954.213135,560.027344,114.233673,-956.113403,563.167358,112.279640,-957.986877,565.382080,111.624977,-958.959900,556.401123,124.114845,-948.308960,559.016296,119.963417,-949.401184,562.628235,116.730034,-951.191956,565.884827,114.519470,-952.844543,567.433960,113.436523,-953.522156,
		556.942688,126.226601,-942.232117,559.647827,122.094574,-943.260010,563.468262,118.697235,-944.778381,566.878967,116.394730,-946.153809,568.354797,115.547203,-946.752991
	],

	"normals" : [
		-0.611327,-0.175054,0.771774,-0.266242,-0.493310,0.828106,-0.006399,-0.658525,0.752531,0.183531,-0.736652,0.650891,0.364220,-0.769903,0.524017,-0.618541,-0.240790,0.747949,-0.293911,-0.539345,0.789128,-0.061793,-0.694499,0.716835,0.098333,-0.798773,0.593542,0.333841,-0.877320,0.344761,
		-0.725721,-0.305132,0.616622,-0.398842,-0.619339,0.676272,-0.193920,-0.751758,0.630281,-0.094652,-0.837503,0.538173,0.079539,-0.938605,0.335701,-0.865662,-0.351382,0.356593,-0.558007,-0.695265,0.453028,-0.381410,-0.810965,0.443692,-0.338127,-0.850242,0.403434,-0.866359,-0.378162,0.326215,
		-0.930940,-0.357893,0.072549,-0.692980,-0.699767,0.173506,-0.542580,-0.819636,0.183861,-0.444245,-0.871559,0.207441,-0.221953,-0.919749,0.323725
	],

	"faces": [
		32 ,0,1,5 ,0,1,5,
		32 ,5,1,6 ,5,1,6,
		32 ,5,6,10 ,5,6,10,
		32 ,10,6,11 ,10,6,11,
		32 ,10,11,15 ,10,11,15,
		32 ,15,11,16 ,15,11,16,
		32 ,15,16,20 ,15,16,20,
		32 ,20,16,21 ,20,16,21,
		32 ,1,2,6 ,1,2,6,
		32 ,6,2,7 ,6,2,7,
		32 ,6,7,11 ,6,7,11,
		32 ,11,7,12 ,11,7,12,
		32 ,11,12,16 ,11,12,16,
		32 ,16,12,17 ,16,12,17,
		32 ,16,17,21 ,16,17,21,
		32 ,21,17,22 ,21,17,22,
		32 ,2,3,7 ,2,3,7,
		32 ,7,3,8 ,7,3,8,
		32 ,7,8,12 ,7,8,12,
		32 ,12,8,13 ,12,8,13,
		32 ,12,13,17 ,12,13,17,
		32 ,17,13,18 ,17,13,18,
		32 ,17,18,22 ,17,18,22,
		32 ,22,18,23 ,22,18,23,
		32 ,3,4,8 ,3,4,8,
		32 ,8,4,9 ,8,4,9,
		32 ,8,9,13 ,8,9,13,
		32 ,13,9,14 ,13,9,14,
		32 ,13,14,18 ,13,14,18,
		32 ,18,14,19 ,18,14,19,
		32 ,18,19,23 ,18,19,23,
		32 ,23,19,24 ,23,19,24
	]

}
