{
	"metadata" : {
		"formatVersion" : 3,
		"description" : "Exported from LibZinc."
	},

	"vertices" : [
		557.762329,104.940002,-967.937927,560.650940,106.463608,-968.890442,562.336792,108.710480,-970.102417,562.681519,111.473709,-971.468567,561.546570,114.546402,-972.883606,562.168396,109.122742,-963.590393,564.783142,110.601875,-964.486694,566.724915,113.070213,-965.745605,567.556030,116.030403,-967.121704,566.838989,118.985092,-968.369324,
		565.382080,111.624977,-958.959900,567.371826,112.986885,-959.754517,569.749878,116.105667,-961.256226,571.507690,119.653465,-962.836853,571.636658,122.302437,-963.867920,567.433960,113.436523,-953.522156,568.934265,114.947426,-954.296326,571.879028,118.964767,-956.121826,574.668762,123.262878,-957.987000,575.703857,125.616081,-958.880188,
		568.354797,115.547203,-946.752991,569.987610,117.812279,-947.714539,573.579773,122.795448,-949.830017,577.171875,127.778625,-951.945435,578.804688,130.043701,-952.906982
	],

	"normals" : [
		0.364220,-0.769903,0.524017,0.670165,-0.730139,0.133327,0.800206,-0.498631,-0.333222,0.745684,-0.207950,-0.633019,0.629299,0.037545,-0.776256,0.333841,-0.877320,0.344761,0.664063,-0.747361,0.021724,0.807709,-0.538257,-0.240593,0.783370,-0.280322,-0.554753,0.628746,0.063001,-0.775054,
		0.079539,-0.938605,0.335701,0.719144,-0.694701,-0.014921,0.819303,-0.563759,-0.104493,0.840652,-0.424411,-0.336422,0.659241,0.154216,-0.735947,-0.866359,-0.378162,0.326215,0.795082,-0.603624,0.059015,0.830016,-0.556249,0.040762,0.848369,-0.525824,-0.061480,0.670418,0.320794,-0.669052,
		0.998949,-0.020500,-0.040999,0.831887,-0.530447,0.163066,0.831760,-0.531388,0.160635,0.830801,-0.537377,0.144897,0.384949,0.640377,-0.664629
	],

	"faces": [
		32 ,0,1,5 ,0,1,5,
		32 ,5,1,6 ,5,1,6,
		32 ,5,6,10 ,5,6,10,
		32 ,10,6,11 ,10,6,11,
		32 ,10,11,15 ,10,11,15,
		32 ,15,11,16 ,15,11,16,
		32 ,15,16,20 ,15,16,20,
		32 ,20,16,21 ,20,16,21,
		32 ,1,2,6 ,1,2,6,
		32 ,6,2,7 ,6,2,7,
		32 ,6,7,11 ,6,7,11,
		32 ,11,7,12 ,11,7,12,
		32 ,11,12,16 ,11,12,16,
		32 ,16,12,17 ,16,12,17,
		32 ,16,17,21 ,16,17,21,
		32 ,21,17,22 ,21,17,22,
		32 ,2,3,7 ,2,3,7,
		32 ,7,3,8 ,7,3,8,
		32 ,7,8,12 ,7,8,12,
		32 ,12,8,13 ,12,8,13,
		32 ,12,13,17 ,12,13,17,
		32 ,17,13,18 ,17,13,18,
		32 ,17,18,22 ,17,18,22,
		32 ,22,18,23 ,22,18,23,
		32 ,3,4,8 ,3,4,8,
		32 ,8,4,9 ,8,4,9,
		32 ,8,9,13 ,8,9,13,
		32 ,13,9,14 ,13,9,14,
		32 ,13,14,18 ,13,14,18,
		32 ,18,14,19 ,18,14,19,
		32 ,18,19,23 ,18,19,23,
		32 ,23,19,24 ,23,19,24
	]

}
