{
	"metadata" : {
		"formatVersion" : 3,
		"description" : "Exported from LibZinc."
	},

	"vertices" : [
		595.799011,107.931999,-952.650391,593.143616,111.386955,-952.690491,587.301880,118.987846,-952.778687,581.460083,126.588745,-952.866882,578.804688,130.043701,-952.906982,599.006775,113.052559,-946.234863,596.202209,117.100990,-946.478455,590.374573,124.564209,-946.651794,584.359863,131.917786,-946.751343,580.994019,135.637329,-946.773560,
		602.191650,118.072578,-939.480591,598.699707,123.309532,-940.108215,593.181946,130.308365,-940.701599,587.244873,137.011078,-941.062439,582.494995,141.359665,-940.992188,604.907349,122.864868,-932.125916,600.634949,129.174698,-933.067871,595.318787,135.743393,-934.085938,589.401123,141.830215,-934.741150,583.324341,146.694366,-934.594543,
		606.707581,127.302200,-923.909119,602.006714,133.858566,-924.845459,596.380005,140.392380,-925.962524,590.114868,146.336823,-926.728638,583.498779,151.125107,-926.612305
	],

	"normals" : [
		0.000000,0.000000,0.000000,0.587682,0.443822,-0.676500,0.601213,0.454444,-0.657285,0.619832,0.469081,-0.629104,-0.387121,0.784082,-0.485131,0.843825,0.127588,-0.521230,0.593149,0.425259,-0.683615,0.558116,0.434175,-0.707106,0.547675,0.454680,-0.702366,0.382092,0.592801,-0.708938,
		0.767860,0.319055,-0.555513,0.660187,0.426057,-0.618570,0.597454,0.450880,-0.663141,0.544812,0.500469,-0.672838,0.371370,0.636674,-0.675818,0.775993,0.410018,-0.479292,0.734130,0.465173,-0.494639,0.673967,0.520584,-0.524176,0.587942,0.606181,-0.535601,0.421368,0.726156,-0.543274,
		0.803494,0.485655,-0.344291,0.769381,0.549095,-0.326417,0.715119,0.626259,-0.310489,0.621914,0.714724,-0.319988,0.457300,0.823002,-0.336962
	],

	"faces": [
		32 ,0,1,5 ,0,1,5,
		32 ,5,1,6 ,5,1,6,
		32 ,5,6,10 ,5,6,10,
		32 ,10,6,11 ,10,6,11,
		32 ,10,11,15 ,10,11,15,
		32 ,15,11,16 ,15,11,16,
		32 ,15,16,20 ,15,16,20,
		32 ,20,16,21 ,20,16,21,
		32 ,1,2,6 ,1,2,6,
		32 ,6,2,7 ,6,2,7,
		32 ,6,7,11 ,6,7,11,
		32 ,11,7,12 ,11,7,12,
		32 ,11,12,16 ,11,12,16,
		32 ,16,12,17 ,16,12,17,
		32 ,16,17,21 ,16,17,21,
		32 ,21,17,22 ,21,17,22,
		32 ,2,3,7 ,2,3,7,
		32 ,7,3,8 ,7,3,8,
		32 ,7,8,12 ,7,8,12,
		32 ,12,8,13 ,12,8,13,
		32 ,12,13,17 ,12,13,17,
		32 ,17,13,18 ,17,13,18,
		32 ,17,18,22 ,17,18,22,
		32 ,22,18,23 ,22,18,23,
		32 ,3,4,8 ,3,4,8,
		32 ,8,4,9 ,8,4,9,
		32 ,8,9,13 ,8,9,13,
		32 ,13,9,14 ,13,9,14,
		32 ,13,14,18 ,13,14,18,
		32 ,18,14,19 ,18,14,19,
		32 ,18,19,23 ,18,19,23,
		32 ,23,19,24 ,23,19,24
	]

}
