{
	"metadata" : {
		"formatVersion" : 3,
		"description" : "Exported from LibZinc."
	},

	"vertices" : [
		541.509216,120.884903,-930.209900,545.020142,122.599411,-931.419861,547.472717,125.519371,-932.793945,548.498291,129.157791,-934.081543,547.728271,133.027695,-935.031982,543.835144,122.821632,-926.357300,546.987244,124.775429,-927.431091,549.451355,128.720795,-928.762756,550.616577,133.276382,-929.981323,549.871887,137.060883,-930.716064,
		546.489868,124.481842,-923.226929,548.811340,126.778038,-924.114380,551.340027,132.370407,-925.486267,553.009399,138.399338,-926.728577,552.752869,142.005203,-927.227051,548.096497,124.897858,-919.376648,549.668030,127.923546,-920.095947,552.410278,135.531174,-921.516541,554.805664,143.363022,-922.834045,555.336853,147.061371,-923.244080,
		547.278076,123.101997,-913.364319,548.732971,127.528267,-914.002136,551.933777,137.266052,-915.405334,555.134521,147.003830,-916.808594,556.589417,151.430099,-917.446411
	],

	"normals" : [
		0.288850,-0.926516,0.241111,0.640210,-0.763079,0.088554,0.871378,-0.487908,-0.051433,0.961703,-0.121772,-0.245559,0.843226,0.315428,-0.435287,0.226056,-0.906269,0.357177,0.737145,-0.675728,-0.002866,0.902558,-0.417481,-0.105354,0.899846,-0.159624,-0.405952,0.576864,0.277113,-0.768399,
		-0.060191,-0.921463,0.383774,0.844014,-0.526043,-0.104496,0.932894,-0.353393,-0.069447,0.931613,-0.210087,-0.296582,0.325399,0.402028,-0.855855,-0.827109,-0.560086,0.046836,0.929960,-0.367206,0.018280,0.949582,-0.302740,0.081507,0.966648,-0.256086,-0.003405,-0.098351,0.712258,-0.694993,
		-0.791483,0.611191,0.000000,0.937541,-0.278037,0.209075,0.937658,-0.278178,0.208364,0.941479,-0.283094,0.182963,0.769783,0.553805,-0.317385
	],

	"faces": [
		32 ,0,1,5 ,0,1,5,
		32 ,5,1,6 ,5,1,6,
		32 ,5,6,10 ,5,6,10,
		32 ,10,6,11 ,10,6,11,
		32 ,10,11,15 ,10,11,15,
		32 ,15,11,16 ,15,11,16,
		32 ,15,16,20 ,15,16,20,
		32 ,20,16,21 ,20,16,21,
		32 ,1,2,6 ,1,2,6,
		32 ,6,2,7 ,6,2,7,
		32 ,6,7,11 ,6,7,11,
		32 ,11,7,12 ,11,7,12,
		32 ,11,12,16 ,11,12,16,
		32 ,16,12,17 ,16,12,17,
		32 ,16,17,21 ,16,17,21,
		32 ,21,17,22 ,21,17,22,
		32 ,2,3,7 ,2,3,7,
		32 ,7,3,8 ,7,3,8,
		32 ,7,8,12 ,7,8,12,
		32 ,12,8,13 ,12,8,13,
		32 ,12,13,17 ,12,13,17,
		32 ,17,13,18 ,17,13,18,
		32 ,17,18,22 ,17,18,22,
		32 ,22,18,23 ,22,18,23,
		32 ,3,4,8 ,3,4,8,
		32 ,8,4,9 ,8,4,9,
		32 ,8,9,13 ,8,9,13,
		32 ,13,9,14 ,13,9,14,
		32 ,13,14,18 ,13,14,18,
		32 ,18,14,19 ,18,14,19,
		32 ,18,19,23 ,18,19,23,
		32 ,23,19,24 ,23,19,24
	]

}
