{
	"metadata" : {
		"formatVersion" : 3,
		"description" : "Exported from LibZinc."
	},

	"vertices" : [
		533.001526,140.810196,-934.036926,529.814514,139.180344,-933.041687,527.922729,136.471069,-932.102112,527.407593,133.123123,-931.265137,528.350525,129.577301,-930.577576,533.702820,143.331528,-928.824707,530.412231,141.512466,-927.755493,528.624695,138.537476,-926.791687,528.373962,134.931854,-926.002930,529.693542,131.220932,-925.458740,
		534.439331,145.792160,-923.431396,531.116882,143.578720,-922.221191,529.463196,140.157410,-921.162964,529.414185,136.128510,-920.378113,530.905701,132.092300,-919.988159,535.338745,148.083679,-917.697021,531.972839,145.360214,-916.358093,530.362549,141.388412,-915.195068,530.367798,136.845001,-914.392761,531.848572,132.406631,-914.135742,
		536.528809,150.097702,-911.461914,533.024414,146.838043,-910.085388,531.246948,142.288040,-908.867188,531.074158,137.213226,-908.048706,532.383728,132.379196,-907.871399
	],

	"normals" : [
		-0.315719,0.870039,-0.378620,-0.691131,0.679091,-0.247332,-0.934465,0.352845,-0.047700,-0.984058,-0.017272,0.177007,-0.854760,-0.349739,0.383495,-0.330371,0.868576,-0.369366,-0.723796,0.664768,-0.184940,-0.953610,0.298844,0.036329,-0.972458,-0.099096,0.210962,-0.833516,-0.456997,0.310492,
		-0.386865,0.865383,-0.318509,-0.778069,0.619478,-0.104193,-0.967875,0.234828,0.089857,-0.970437,-0.143324,0.194192,-0.847595,-0.486113,0.212783,-0.451037,0.860705,-0.236122,-0.818854,0.573383,-0.026639,-0.973909,0.198949,0.109181,-0.978301,-0.144819,0.148174,-0.879280,-0.461228,0.118890,
		-0.499962,0.855423,-0.135240,-0.832314,0.553084,0.036751,-0.972288,0.209950,0.102849,-0.990805,-0.105864,0.084254,-0.910573,-0.412107,0.032013
	],

	"faces": [
		32 ,0,1,5 ,0,1,5,
		32 ,5,1,6 ,5,1,6,
		32 ,5,6,10 ,5,6,10,
		32 ,10,6,11 ,10,6,11,
		32 ,10,11,15 ,10,11,15,
		32 ,15,11,16 ,15,11,16,
		32 ,15,16,20 ,15,16,20,
		32 ,20,16,21 ,20,16,21,
		32 ,1,2,6 ,1,2,6,
		32 ,6,2,7 ,6,2,7,
		32 ,6,7,11 ,6,7,11,
		32 ,11,7,12 ,11,7,12,
		32 ,11,12,16 ,11,12,16,
		32 ,16,12,17 ,16,12,17,
		32 ,16,17,21 ,16,17,21,
		32 ,21,17,22 ,21,17,22,
		32 ,2,3,7 ,2,3,7,
		32 ,7,3,8 ,7,3,8,
		32 ,7,8,12 ,7,8,12,
		32 ,12,8,13 ,12,8,13,
		32 ,12,13,17 ,12,13,17,
		32 ,17,13,18 ,17,13,18,
		32 ,17,18,22 ,17,18,22,
		32 ,22,18,23 ,22,18,23,
		32 ,3,4,8 ,3,4,8,
		32 ,8,4,9 ,8,4,9,
		32 ,8,9,13 ,8,9,13,
		32 ,13,9,14 ,13,9,14,
		32 ,13,14,18 ,13,14,18,
		32 ,18,14,19 ,18,14,19,
		32 ,18,19,23 ,18,19,23,
		32 ,23,19,24 ,23,19,24
	]

}
