{
	"metadata" : {
		"formatVersion" : 3,
		"description" : "Exported from LibZinc."
	},

	"vertices" : [
		528.350525,129.577301,-930.577576,530.627808,126.073555,-929.988464,533.820801,123.007454,-929.572998,537.568298,121.053177,-929.567932,541.509216,120.884903,-930.209900,529.693542,131.220932,-925.458740,532.476074,127.796745,-925.220886,536.176086,124.978271,-925.298035,540.170288,123.181305,-925.680176,543.835144,122.821632,-926.357300,
		530.905701,132.092300,-919.988159,534.251770,128.800507,-920.326050,538.886780,126.519737,-921.311279,543.427307,125.122635,-922.444580,546.489868,124.481842,-923.226929,531.848572,132.406631,-914.135742,535.518921,129.027832,-914.979187,540.818237,126.931038,-916.744507,545.694763,125.694847,-918.515686,548.096497,124.897858,-919.376648,
		532.383728,132.379196,-907.871399,535.841553,128.421753,-908.855530,540.835876,125.511368,-910.729736,545.327698,123.715599,-912.547974,547.278076,123.101997,-913.364319
	],

	"normals" : [
		-0.854760,-0.349739,0.383495,-0.714292,-0.511576,0.477574,-0.541853,-0.682769,0.490125,-0.231942,-0.873408,0.428208,0.288850,-0.926516,0.241111,-0.833516,-0.456997,0.310492,-0.627307,-0.647006,0.433438,-0.388236,-0.703268,0.595556,-0.135290,-0.758709,0.637226,0.226056,-0.906269,0.357177,
		-0.847595,-0.486113,0.212783,-0.496991,-0.828344,0.258547,-0.244739,-0.890224,0.384193,-0.096631,-0.878566,0.467745,-0.060191,-0.921463,0.383774,-0.879280,-0.461228,0.118890,-0.472935,-0.879980,0.044359,-0.284576,-0.958622,-0.007813,-0.245134,-0.968650,-0.040318,-0.827109,-0.560086,0.046836,
		-0.910573,-0.412107,0.032013,-0.627971,-0.763996,-0.148198,-0.508808,-0.773424,-0.378060,-0.457867,-0.735994,-0.498668,0.415973,0.779385,0.468536
	],

	"faces": [
		32 ,0,1,5 ,0,1,5,
		32 ,5,1,6 ,5,1,6,
		32 ,5,6,10 ,5,6,10,
		32 ,10,6,11 ,10,6,11,
		32 ,10,11,15 ,10,11,15,
		32 ,15,11,16 ,15,11,16,
		32 ,15,16,20 ,15,16,20,
		32 ,20,16,21 ,20,16,21,
		32 ,1,2,6 ,1,2,6,
		32 ,6,2,7 ,6,2,7,
		32 ,6,7,11 ,6,7,11,
		32 ,11,7,12 ,11,7,12,
		32 ,11,12,16 ,11,12,16,
		32 ,16,12,17 ,16,12,17,
		32 ,16,17,21 ,16,17,21,
		32 ,21,17,22 ,21,17,22,
		32 ,2,3,7 ,2,3,7,
		32 ,7,3,8 ,7,3,8,
		32 ,7,8,12 ,7,8,12,
		32 ,12,8,13 ,12,8,13,
		32 ,12,13,17 ,12,13,17,
		32 ,17,13,18 ,17,13,18,
		32 ,17,18,22 ,17,18,22,
		32 ,22,18,23 ,22,18,23,
		32 ,3,4,8 ,3,4,8,
		32 ,8,4,9 ,8,4,9,
		32 ,8,9,13 ,8,9,13,
		32 ,13,9,14 ,13,9,14,
		32 ,13,14,18 ,13,14,18,
		32 ,18,14,19 ,18,14,19,
		32 ,18,19,23 ,18,19,23,
		32 ,23,19,24 ,23,19,24
	]

}
