{
	"metadata" : {
		"formatVersion" : 3,
		"description" : "Exported from LibZinc."
	},

	"vertices" : [
		568.354797,115.547203,-946.752991,570.160400,112.879784,-946.610962,574.132812,107.011459,-946.298523,578.105164,101.143135,-945.986023,579.910828,98.475723,-945.843994,567.907166,117.747032,-939.368103,570.044739,115.485008,-939.596497,573.664490,110.215851,-939.650208,577.221436,104.752357,-939.608032,579.170349,101.907310,-939.548523,
		566.222900,118.942032,-932.185974,568.908630,116.753639,-932.756653,572.224731,112.865616,-933.227112,575.450989,108.566193,-933.421387,577.867249,105.143593,-933.163330,563.886169,118.796028,-924.836487,567.113708,116.698257,-925.617126,570.311279,114.230377,-926.370361,573.393494,111.188644,-926.692261,576.274658,107.369324,-926.178894,
		561.481323,116.972801,-916.949524,565.021606,115.331459,-917.703735,568.422180,113.579750,-918.421021,571.648438,111.223694,-918.686584,574.665771,107.769302,-918.085693
	],

	"normals" : [
		0.000000,0.000000,0.000000,-0.798771,-0.525063,0.293726,-0.804549,-0.530387,0.267190,-0.814001,-0.539557,0.215129,0.114158,0.888580,-0.444290,0.291218,-0.917835,0.269760,-0.799209,-0.594589,0.087912,-0.828451,-0.545866,0.125293,-0.829180,-0.537838,0.152286,-0.672789,-0.689678,0.267766,
		-0.401894,-0.914634,-0.043888,-0.726376,-0.679851,-0.100903,-0.786164,-0.617930,-0.010376,-0.809409,-0.584085,0.060844,-0.826092,-0.560682,0.056628,-0.544689,-0.792179,-0.275256,-0.595889,-0.768250,-0.233899,-0.661851,-0.737990,-0.131620,-0.748131,-0.660427,-0.064315,-0.829758,-0.552953,-0.075789,
		-0.457476,-0.798396,-0.391509,-0.458678,-0.831508,-0.313383,-0.524812,-0.804350,-0.278555,-0.646004,-0.724159,-0.241399,-0.780493,-0.596187,-0.188128
	],

	"faces": [
		32 ,0,1,5 ,0,1,5,
		32 ,5,1,6 ,5,1,6,
		32 ,5,6,10 ,5,6,10,
		32 ,10,6,11 ,10,6,11,
		32 ,10,11,15 ,10,11,15,
		32 ,15,11,16 ,15,11,16,
		32 ,15,16,20 ,15,16,20,
		32 ,20,16,21 ,20,16,21,
		32 ,1,2,6 ,1,2,6,
		32 ,6,2,7 ,6,2,7,
		32 ,6,7,11 ,6,7,11,
		32 ,11,7,12 ,11,7,12,
		32 ,11,12,16 ,11,12,16,
		32 ,16,12,17 ,16,12,17,
		32 ,16,17,21 ,16,17,21,
		32 ,21,17,22 ,21,17,22,
		32 ,2,3,7 ,2,3,7,
		32 ,7,3,8 ,7,3,8,
		32 ,7,8,12 ,7,8,12,
		32 ,12,8,13 ,12,8,13,
		32 ,12,13,17 ,12,13,17,
		32 ,17,13,18 ,17,13,18,
		32 ,17,18,22 ,17,18,22,
		32 ,22,18,23 ,22,18,23,
		32 ,3,4,8 ,3,4,8,
		32 ,8,4,9 ,8,4,9,
		32 ,8,9,13 ,8,9,13,
		32 ,13,9,14 ,13,9,14,
		32 ,13,14,18 ,13,14,18,
		32 ,18,14,19 ,18,14,19,
		32 ,18,19,23 ,18,19,23,
		32 ,23,19,24 ,23,19,24
	]

}
