{
	"metadata" : {
		"formatVersion" : 3,
		"description" : "Exported from LibZinc."
	},

	"vertices" : [
		583.498779,151.125107,-926.612305,575.527893,153.434723,-924.766846,566.696289,153.288239,-921.661987,559.538574,152.136429,-918.740784,556.589417,151.430099,-917.446411,583.088928,154.223541,-916.424622,575.602173,156.084335,-915.046143,567.332214,156.100006,-912.758057,560.554749,155.375931,-910.680420,557.545410,155.017456,-909.933289,
		582.502930,156.065857,-904.893127,575.818420,157.898193,-904.172668,569.093872,158.421265,-903.124695,563.361694,158.222229,-902.193909,559.654114,157.888229,-901.824707,582.264221,156.892426,-893.273193,576.505737,158.751389,-893.170044,571.443604,159.721573,-893.291626,566.851318,159.924347,-893.418396,562.502380,159.481110,-893.331055,
		582.896179,156.943604,-882.820129,577.993469,158.518997,-883.061951,573.843872,159.470474,-883.788391,569.915710,159.731308,-884.491211,565.677185,159.234802,-884.662415
	],

	"normals" : [
		0.457300,0.823002,-0.336962,-0.010000,0.945686,-0.324926,-0.221230,0.921199,-0.320078,-0.341584,0.866244,-0.364611,-0.129480,-0.875764,0.465051,0.426638,0.887842,-0.172384,0.037696,0.976859,-0.210537,-0.140854,0.957357,-0.252245,-0.218597,0.928743,-0.299420,0.656083,0.637525,-0.403877,
		0.384664,0.919167,-0.084650,0.136937,0.982699,-0.124702,-0.020957,0.982440,-0.185398,-0.105794,0.967982,-0.227637,-0.078305,0.966205,-0.245595,0.352773,0.934993,-0.036590,0.251272,0.966407,-0.054035,0.119965,0.988468,-0.092411,-0.030450,0.995758,-0.086832,-0.167938,0.985409,-0.027661,
		0.322929,0.946275,-0.016756,0.272912,0.961693,0.025792,0.134563,0.986188,0.096567,-0.048024,0.984913,0.166252,-0.176217,0.960681,0.214569
	],

	"faces": [
		32 ,0,1,5 ,0,1,5,
		32 ,5,1,6 ,5,1,6,
		32 ,5,6,10 ,5,6,10,
		32 ,10,6,11 ,10,6,11,
		32 ,10,11,15 ,10,11,15,
		32 ,15,11,16 ,15,11,16,
		32 ,15,16,20 ,15,16,20,
		32 ,20,16,21 ,20,16,21,
		32 ,1,2,6 ,1,2,6,
		32 ,6,2,7 ,6,2,7,
		32 ,6,7,11 ,6,7,11,
		32 ,11,7,12 ,11,7,12,
		32 ,11,12,16 ,11,12,16,
		32 ,16,12,17 ,16,12,17,
		32 ,16,17,21 ,16,17,21,
		32 ,21,17,22 ,21,17,22,
		32 ,2,3,7 ,2,3,7,
		32 ,7,3,8 ,7,3,8,
		32 ,7,8,12 ,7,8,12,
		32 ,12,8,13 ,12,8,13,
		32 ,12,13,17 ,12,13,17,
		32 ,17,13,18 ,17,13,18,
		32 ,17,18,22 ,17,18,22,
		32 ,22,18,23 ,22,18,23,
		32 ,3,4,8 ,3,4,8,
		32 ,8,4,9 ,8,4,9,
		32 ,8,9,13 ,8,9,13,
		32 ,13,9,14 ,13,9,14,
		32 ,13,14,18 ,13,14,18,
		32 ,18,14,19 ,18,14,19,
		32 ,18,19,23 ,18,19,23,
		32 ,23,19,24 ,23,19,24
	]

}
