{
	"metadata" : {
		"formatVersion" : 3,
		"description" : "Exported from LibZinc."
	},

	"vertices" : [
		561.481323,116.972801,-916.949524,565.021606,115.331459,-917.703735,568.422180,113.579750,-918.421021,571.648438,111.223694,-918.686584,574.665771,107.769302,-918.085693,559.447144,113.260262,-908.155151,563.127686,112.121696,-908.700562,566.748230,110.586052,-909.147217,570.112000,108.510719,-909.215271,573.022095,105.753075,-908.625000,
		558.165344,108.753059,-898.638062,561.903564,107.730873,-898.956299,565.420227,106.488319,-899.135681,568.628479,104.777214,-898.994629,571.441284,102.349373,-898.351562,558.134583,105.075127,-888.860046,561.674988,103.961716,-888.993652,564.845825,102.906212,-888.955933,567.720215,101.459328,-888.649170,570.371216,99.171753,-887.975830,
		559.853271,103.850403,-879.282776,562.767639,102.616959,-879.335205,565.432495,101.459419,-879.177185,567.909302,99.993210,-878.803406,570.259521,97.833748,-878.208496
	],

	"normals" : [
		-0.457476,-0.798396,-0.391509,-0.458678,-0.831508,-0.313383,-0.524812,-0.804350,-0.278555,-0.646004,-0.724159,-0.241399,-0.780493,-0.596187,-0.188128,-0.290671,-0.842071,-0.454342,-0.359001,-0.832464,-0.422046,-0.442188,-0.808610,-0.388098,-0.548646,-0.758358,-0.351966,-0.678176,-0.664944,-0.312932,
		-0.262517,-0.872760,-0.411552,-0.290728,-0.866931,-0.404856,-0.366665,-0.849528,-0.379286,-0.492494,-0.796966,-0.349707,-0.647335,-0.690742,-0.322231,-0.327286,-0.916455,-0.230205,-0.283939,-0.924055,-0.255933,-0.340793,-0.905625,-0.252396,-0.501509,-0.832159,-0.236644,-0.692451,-0.688397,-0.215922,
		-0.402581,-0.899165,0.171557,-0.376191,-0.918586,0.121158,-0.443177,-0.893138,0.076807,-0.594445,-0.802422,0.052484,-0.757995,-0.650272,0.050887
	],

	"faces": [
		32 ,0,1,5 ,0,1,5,
		32 ,5,1,6 ,5,1,6,
		32 ,5,6,10 ,5,6,10,
		32 ,10,6,11 ,10,6,11,
		32 ,10,11,15 ,10,11,15,
		32 ,15,11,16 ,15,11,16,
		32 ,15,16,20 ,15,16,20,
		32 ,20,16,21 ,20,16,21,
		32 ,1,2,6 ,1,2,6,
		32 ,6,2,7 ,6,2,7,
		32 ,6,7,11 ,6,7,11,
		32 ,11,7,12 ,11,7,12,
		32 ,11,12,16 ,11,12,16,
		32 ,16,12,17 ,16,12,17,
		32 ,16,17,21 ,16,17,21,
		32 ,21,17,22 ,21,17,22,
		32 ,2,3,7 ,2,3,7,
		32 ,7,3,8 ,7,3,8,
		32 ,7,8,12 ,7,8,12,
		32 ,12,8,13 ,12,8,13,
		32 ,12,13,17 ,12,13,17,
		32 ,17,13,18 ,17,13,18,
		32 ,17,18,22 ,17,18,22,
		32 ,22,18,23 ,22,18,23,
		32 ,3,4,8 ,3,4,8,
		32 ,8,4,9 ,8,4,9,
		32 ,8,9,13 ,8,9,13,
		32 ,13,9,14 ,13,9,14,
		32 ,13,14,18 ,13,14,18,
		32 ,18,14,19 ,18,14,19,
		32 ,18,19,23 ,18,19,23,
		32 ,23,19,24 ,23,19,24
	]

}
