{
	"metadata" : {
		"formatVersion" : 3,
		"description" : "Exported from LibZinc."
	},

	"vertices" : [
		620.478821,111.292297,-883.484070,618.544617,118.927269,-884.123657,615.256409,126.994041,-884.619995,611.012268,134.764114,-884.897217,606.210083,141.509003,-884.879211,620.675964,113.350739,-877.404480,618.733459,120.806290,-877.816528,615.363770,128.764267,-878.143066,611.036804,136.406479,-878.242004,606.222168,142.914780,-877.971252,
		620.621338,114.800316,-872.949341,618.867249,121.973892,-873.342590,615.595215,129.718002,-873.432129,611.305054,137.177399,-873.208374,606.496460,143.496811,-872.661743,620.371460,115.641960,-867.358276,618.926392,122.459297,-867.936768,615.872986,130.009033,-867.798218,611.720947,137.344101,-867.198364,606.979919,143.517441,-866.393066,
		619.982483,115.876602,-857.870911,618.891296,122.291725,-858.833862,616.119385,129.791077,-858.552246,612.188293,137.173782,-857.614136,607.619385,143.238998,-856.607605
	],

	"normals" : [
		0.985415,0.146071,-0.087299,0.944639,0.309282,-0.109554,0.898795,0.422671,-0.116263,0.843785,0.522447,-0.122786,0.762464,0.634054,-0.128938,0.986614,0.148695,-0.066950,0.938246,0.320586,-0.130071,0.888591,0.435331,-0.144547,0.831613,0.537327,-0.140355,0.744335,0.655137,-0.129461,
		0.992172,0.124819,0.003814,0.944087,0.319916,-0.079708,0.889334,0.444674,-0.106538,0.827900,0.551109,-0.104211,0.736139,0.671412,-0.085472,0.995741,0.083096,0.039937,0.953015,0.302788,-0.009010,0.898338,0.437826,-0.036021,0.832929,0.551269,-0.048293,0.731520,0.680679,-0.039429,
		0.999033,0.025693,0.035691,0.962137,0.271952,0.018287,0.911887,0.410439,-0.001161,0.845835,0.533032,-0.020986,0.725990,0.687350,-0.022104
	],

	"faces": [
		32 ,0,1,5 ,0,1,5,
		32 ,5,1,6 ,5,1,6,
		32 ,5,6,10 ,5,6,10,
		32 ,10,6,11 ,10,6,11,
		32 ,10,11,15 ,10,11,15,
		32 ,15,11,16 ,15,11,16,
		32 ,15,16,20 ,15,16,20,
		32 ,20,16,21 ,20,16,21,
		32 ,1,2,6 ,1,2,6,
		32 ,6,2,7 ,6,2,7,
		32 ,6,7,11 ,6,7,11,
		32 ,11,7,12 ,11,7,12,
		32 ,11,12,16 ,11,12,16,
		32 ,16,12,17 ,16,12,17,
		32 ,16,17,21 ,16,17,21,
		32 ,21,17,22 ,21,17,22,
		32 ,2,3,7 ,2,3,7,
		32 ,7,3,8 ,7,3,8,
		32 ,7,8,12 ,7,8,12,
		32 ,12,8,13 ,12,8,13,
		32 ,12,13,17 ,12,13,17,
		32 ,17,13,18 ,17,13,18,
		32 ,17,18,22 ,17,18,22,
		32 ,22,18,23 ,22,18,23,
		32 ,3,4,8 ,3,4,8,
		32 ,8,4,9 ,8,4,9,
		32 ,8,9,13 ,8,9,13,
		32 ,13,9,14 ,13,9,14,
		32 ,13,14,18 ,13,14,18,
		32 ,18,14,19 ,18,14,19,
		32 ,18,19,23 ,18,19,23,
		32 ,23,19,24 ,23,19,24
	]

}
