{
	"metadata" : {
		"formatVersion" : 3,
		"description" : "Exported from LibZinc."
	},

	"vertices" : [
		617.277283,101.421898,-854.310791,618.566284,104.910744,-854.699768,619.425659,107.918602,-855.348389,619.887146,111.291794,-856.368225,619.982483,115.876602,-857.870911,617.170349,104.391068,-839.996399,618.084595,107.148033,-840.061951,618.724976,109.489388,-840.632568,619.138123,112.088860,-841.746887,619.370605,115.620155,-843.443604,
		616.986023,107.800850,-822.464355,617.523438,109.554642,-822.590759,617.947693,111.176552,-823.301575,618.266296,112.940659,-824.405396,618.486633,115.121056,-825.710693,616.712341,111.214088,-803.616516,616.931458,111.982925,-803.838196,617.137329,112.803482,-804.495605,617.312439,113.670570,-805.291626,617.439331,114.578979,-805.928955,
		616.337280,114.193604,-785.354919,616.357239,114.285202,-785.356140,616.337280,114.193604,-785.354919,616.317383,114.101997,-785.353638,616.337280,114.193604,-785.354919
	],

	"normals" : [
		0.934473,-0.346842,0.080382,0.946375,-0.312119,0.083397,0.978974,-0.191577,0.070063,0.997077,-0.053203,0.054838,0.999033,0.025693,0.035691,0.944662,-0.319906,0.072618,0.953685,-0.291831,0.072934,0.979151,-0.192536,0.064759,0.995273,-0.080291,0.054644,0.998798,-0.015234,0.046586,
		0.949916,-0.304785,0.069036,0.962533,-0.263106,0.065609,0.980696,-0.186039,0.060210,0.993155,-0.103423,0.054291,0.997816,-0.042570,0.050511,0.954162,-0.291732,0.066837,0.972130,-0.226854,0.059170,0.983177,-0.173974,0.055645,0.990645,-0.125633,0.053278,0.995579,-0.078586,0.051448,
		0.983847,-0.171790,0.050320,0.983847,-0.171790,0.050320,0.983847,-0.171790,0.050320,0.983847,-0.171790,0.050320,0.983847,-0.171790,0.050320
	],

	"faces": [
		32 ,0,1,5 ,0,1,5,
		32 ,5,1,6 ,5,1,6,
		32 ,5,6,10 ,5,6,10,
		32 ,10,6,11 ,10,6,11,
		32 ,10,11,15 ,10,11,15,
		32 ,15,11,16 ,15,11,16,
		32 ,15,16,20 ,15,16,20,
		32 ,20,16,21 ,20,16,21,
		32 ,1,2,6 ,1,2,6,
		32 ,6,2,7 ,6,2,7,
		32 ,6,7,11 ,6,7,11,
		32 ,11,7,12 ,11,7,12,
		32 ,11,12,16 ,11,12,16,
		32 ,16,12,17 ,16,12,17,
		32 ,16,17,21 ,16,17,21,
		32 ,21,17,22 ,21,17,22,
		32 ,2,3,7 ,2,3,7,
		32 ,7,3,8 ,7,3,8,
		32 ,7,8,12 ,7,8,12,
		32 ,12,8,13 ,12,8,13,
		32 ,12,13,17 ,12,13,17,
		32 ,17,13,18 ,17,13,18,
		32 ,17,18,22 ,17,18,22,
		32 ,22,18,23 ,22,18,23,
		32 ,3,4,8 ,3,4,8,
		32 ,8,4,9 ,8,4,9,
		32 ,8,9,13 ,8,9,13,
		32 ,13,9,14 ,13,9,14,
		32 ,13,14,18 ,13,14,18,
		32 ,18,14,19 ,18,14,19,
		32 ,18,19,23 ,18,19,23,
		32 ,23,19,24 ,23,19,24
	]

}
