{
	"metadata" : {
		"formatVersion" : 3,
		"description" : "Exported from LibZinc."
	},

	"vertices" : [
		586.787720,154.046005,-851.611572,582.987061,153.529556,-849.852722,579.940063,152.673737,-848.667664,577.211731,151.599274,-847.994385,574.366882,150.426895,-847.771118,585.369324,153.517609,-837.396423,582.301086,153.013550,-835.682922,579.915771,152.351822,-834.599548,577.815979,151.514206,-834.046204,575.604248,150.482468,-833.922852,
		583.311890,152.960968,-820.468750,581.366333,152.606079,-819.381958,579.749756,152.150192,-818.713013,578.309631,151.587402,-818.387878,576.893555,150.911804,-818.332397,581.036438,152.433945,-802.450378,580.212769,152.276642,-802.093323,579.434814,152.040482,-801.877686,578.715820,151.765213,-801.775635,578.068787,151.490555,-801.759277,
		578.963928,151.994400,-784.963074,578.870178,151.994797,-784.960449,578.963928,151.994400,-784.963074,579.057617,151.994003,-784.965759,578.963928,151.994400,-784.963074
	],

	"normals" : [
		-0.053587,0.997917,0.035929,-0.190817,0.980948,0.036476,-0.321484,0.946443,0.029894,-0.383537,0.922935,0.033016,-0.360634,0.931479,0.047851,-0.108029,0.993897,0.022312,-0.203880,0.978827,0.018201,-0.319821,0.947373,0.014116,-0.405298,0.914068,0.014614,-0.427762,0.903667,0.020164,
		-0.131866,0.991166,0.014184,-0.221085,0.975228,0.007208,-0.319233,0.947668,0.004039,-0.402927,0.915226,0.003486,-0.450570,0.892726,0.005204,-0.116834,0.993071,0.012613,-0.245811,0.969317,-0.000958,-0.330552,0.943781,-0.003550,-0.380327,0.924846,-0.003297,-0.395197,0.918573,-0.006634,
		-0.290550,0.956805,-0.010291,-0.290550,0.956805,-0.010291,-0.290550,0.956805,-0.010291,-0.290550,0.956805,-0.010291,-0.290550,0.956805,-0.010291
	],

	"faces": [
		32 ,0,1,5 ,0,1,5,
		32 ,5,1,6 ,5,1,6,
		32 ,5,6,10 ,5,6,10,
		32 ,10,6,11 ,10,6,11,
		32 ,10,11,15 ,10,11,15,
		32 ,15,11,16 ,15,11,16,
		32 ,15,16,20 ,15,16,20,
		32 ,20,16,21 ,20,16,21,
		32 ,1,2,6 ,1,2,6,
		32 ,6,2,7 ,6,2,7,
		32 ,6,7,11 ,6,7,11,
		32 ,11,7,12 ,11,7,12,
		32 ,11,12,16 ,11,12,16,
		32 ,16,12,17 ,16,12,17,
		32 ,16,17,21 ,16,17,21,
		32 ,21,17,22 ,21,17,22,
		32 ,2,3,7 ,2,3,7,
		32 ,7,3,8 ,7,3,8,
		32 ,7,8,12 ,7,8,12,
		32 ,12,8,13 ,12,8,13,
		32 ,12,13,17 ,12,13,17,
		32 ,17,13,18 ,17,13,18,
		32 ,17,18,22 ,17,18,22,
		32 ,22,18,23 ,22,18,23,
		32 ,3,4,8 ,3,4,8,
		32 ,8,4,9 ,8,4,9,
		32 ,8,9,13 ,8,9,13,
		32 ,13,9,14 ,13,9,14,
		32 ,13,14,18 ,13,14,18,
		32 ,18,14,19 ,18,14,19,
		32 ,18,19,23 ,18,19,23,
		32 ,23,19,24 ,23,19,24
	]

}
