{
	"metadata" : {
		"formatVersion" : 3,
		"description" : "Exported from LibZinc."
	},

	"vertices" : [
		574.366882,150.426895,-847.771118,571.481079,148.990479,-847.570312,568.937317,147.136383,-847.113953,566.761719,145.004150,-846.563721,564.980530,142.733307,-846.081482,575.604248,150.482468,-833.922852,572.366821,148.679626,-833.708252,569.452820,146.341843,-833.148132,567.002686,143.731903,-832.485901,565.156738,141.112579,-831.964966,
		576.893555,150.911804,-818.332397,572.537292,148.950424,-818.061096,568.677063,146.347626,-817.448486,565.453186,143.327271,-816.761902,563.006226,140.113251,-816.268494,578.068787,151.490555,-801.759277,572.291687,149.702713,-801.437927,567.100586,146.916794,-800.848267,562.708252,143.431793,-800.217773,559.327393,139.546646,-799.774048,
		578.963928,151.994400,-784.963074,571.928955,150.836273,-784.648010,565.213989,147.812439,-784.180603,559.362671,143.687012,-783.679565,554.918823,139.224106,-783.263611
	],

	"normals" : [
		-0.360634,0.931479,0.047851,-0.511324,0.853922,0.096776,-0.624006,0.768624,0.140831,-0.714972,0.678438,0.168931,-0.794746,0.577784,0.185861,-0.396592,0.917834,0.017187,-0.561722,0.827125,0.018227,-0.680218,0.732969,0.007747,-0.775173,0.631719,-0.006124,-0.862345,0.505877,-0.021229,
		-0.324978,0.945700,-0.006329,-0.492045,0.870022,-0.030891,-0.630544,0.773492,-0.064220,-0.747181,0.657130,-0.099503,-0.847182,0.513778,-0.135333,-0.194774,0.980614,-0.021441,-0.393723,0.917233,-0.060540,-0.557253,0.824516,-0.098189,-0.693496,0.706550,-0.140894,-0.809142,0.556262,-0.189373,
		0.003523,0.999714,-0.023654,-0.306754,0.948448,-0.079675,-0.505684,0.855820,-0.108889,-0.645834,0.749259,-0.146663,-0.767269,0.608396,-0.202862
	],

	"faces": [
		32 ,0,1,5 ,0,1,5,
		32 ,5,1,6 ,5,1,6,
		32 ,5,6,10 ,5,6,10,
		32 ,10,6,11 ,10,6,11,
		32 ,10,11,15 ,10,11,15,
		32 ,15,11,16 ,15,11,16,
		32 ,15,16,20 ,15,16,20,
		32 ,20,16,21 ,20,16,21,
		32 ,1,2,6 ,1,2,6,
		32 ,6,2,7 ,6,2,7,
		32 ,6,7,11 ,6,7,11,
		32 ,11,7,12 ,11,7,12,
		32 ,11,12,16 ,11,12,16,
		32 ,16,12,17 ,16,12,17,
		32 ,16,17,21 ,16,17,21,
		32 ,21,17,22 ,21,17,22,
		32 ,2,3,7 ,2,3,7,
		32 ,7,3,8 ,7,3,8,
		32 ,7,8,12 ,7,8,12,
		32 ,12,8,13 ,12,8,13,
		32 ,12,13,17 ,12,13,17,
		32 ,17,13,18 ,17,13,18,
		32 ,17,18,22 ,17,18,22,
		32 ,22,18,23 ,22,18,23,
		32 ,3,4,8 ,3,4,8,
		32 ,8,4,9 ,8,4,9,
		32 ,8,9,13 ,8,9,13,
		32 ,13,9,14 ,13,9,14,
		32 ,13,14,18 ,13,14,18,
		32 ,18,14,19 ,18,14,19,
		32 ,18,19,23 ,18,19,23,
		32 ,23,19,24 ,23,19,24
	]

}
