{
	"metadata" : {
		"formatVersion" : 3,
		"description" : "Exported from LibZinc."
	},

	"vertices" : [
		565.822876,122.499397,-844.290100,566.464722,120.058662,-844.009644,567.099365,117.682632,-844.150635,567.832703,115.357727,-844.710022,568.770630,113.070396,-845.684570,564.042725,119.005585,-830.266235,564.175598,116.957245,-829.971191,564.501282,115.216545,-830.155396,565.070923,113.624367,-830.785461,565.935486,112.021584,-831.828186,
		561.058594,114.496956,-815.138794,561.029785,113.255272,-814.946045,561.147095,112.333115,-815.075134,561.456482,111.530190,-815.496033,562.004089,110.646202,-816.178589,557.160278,109.396973,-798.863525,557.153992,108.951157,-798.797485,557.153564,108.736053,-798.843994,557.222107,108.564072,-798.986877,557.422729,108.247597,-799.209839,
		552.637573,104.129097,-781.395996,552.674683,104.043304,-781.388672,552.637573,104.129097,-781.395996,552.600525,104.214890,-781.403320,552.637573,104.129097,-781.395996
	],

	"normals" : [
		-0.947947,-0.287598,-0.136690,-0.951423,-0.250536,-0.178957,-0.950668,-0.240503,-0.195929,-0.942801,-0.269271,-0.196519,-0.922016,-0.340765,-0.183753,-0.980895,-0.067410,-0.182487,-0.969997,-0.120274,-0.211282,-0.952620,-0.196707,-0.231994,-0.926612,-0.289058,-0.240490,-0.894997,-0.378163,-0.236585,
		-0.976416,0.004006,-0.215862,-0.972175,-0.039798,-0.230849,-0.954889,-0.150346,-0.256092,-0.917579,-0.289204,-0.272781,-0.881532,-0.384147,-0.274466,-0.961407,-0.072542,-0.265394,-0.971761,0.039567,-0.232627,-0.969564,0.006206,-0.244760,-0.914736,-0.274228,-0.296743,-0.872298,-0.381286,-0.306133,
		0.000000,0.000000,0.000000,0.000000,0.000000,0.000000,0.000000,0.000000,0.000000,0.000000,0.000000,0.000000,0.000000,0.000000,0.000000
	],

	"faces": [
		32 ,0,1,5 ,0,1,5,
		32 ,5,1,6 ,5,1,6,
		32 ,5,6,10 ,5,6,10,
		32 ,10,6,11 ,10,6,11,
		32 ,10,11,15 ,10,11,15,
		32 ,15,11,16 ,15,11,16,
		32 ,15,16,20 ,15,16,20,
		32 ,20,16,21 ,20,16,21,
		32 ,1,2,6 ,1,2,6,
		32 ,6,2,7 ,6,2,7,
		32 ,6,7,11 ,6,7,11,
		32 ,11,7,12 ,11,7,12,
		32 ,11,12,16 ,11,12,16,
		32 ,16,12,17 ,16,12,17,
		32 ,16,17,21 ,16,17,21,
		32 ,21,17,22 ,21,17,22,
		32 ,2,3,7 ,2,3,7,
		32 ,7,3,8 ,7,3,8,
		32 ,7,8,12 ,7,8,12,
		32 ,12,8,13 ,12,8,13,
		32 ,12,13,17 ,12,13,17,
		32 ,17,13,18 ,17,13,18,
		32 ,17,18,22 ,17,18,22,
		32 ,22,18,23 ,22,18,23,
		32 ,3,4,8 ,3,4,8,
		32 ,8,4,9 ,8,4,9,
		32 ,8,9,13 ,8,9,13,
		32 ,13,9,14 ,13,9,14,
		32 ,13,14,18 ,13,14,18,
		32 ,18,14,19 ,18,14,19,
		32 ,18,19,23 ,18,19,23,
		32 ,23,19,24 ,23,19,24
	]

}
