{
	"metadata" : {
		"formatVersion" : 3,
		"description" : "Exported from LibZinc."
	},

	"vertices" : [
		568.770630,113.070396,-845.684570,569.808960,110.632034,-846.738586,570.904968,107.974518,-847.450317,572.256226,105.264984,-847.687988,574.060425,102.670601,-847.319580,565.935486,112.021584,-831.828186,567.408325,108.964172,-832.810181,569.093994,105.230629,-833.300598,571.104736,101.427612,-833.329285,573.552979,98.161758,-832.925903,
		562.004089,110.646202,-816.178589,563.913147,106.254135,-816.529114,566.102112,101.128029,-816.317322,568.897705,96.159599,-815.941101,572.626526,92.240547,-815.798462,557.422729,108.247597,-799.209839,559.775879,102.529678,-798.868408,562.562805,96.191811,-798.079468,566.259949,90.273186,-797.446228,571.343689,85.812981,-797.571838,
		552.637573,104.129097,-781.395996,555.449097,97.818550,-780.800964,559.109375,90.947090,-780.166199,563.816162,84.580635,-779.767517,569.767090,79.785057,-779.880676
	],

	"normals" : [
		-0.922016,-0.340765,-0.183753,-0.934309,-0.319893,-0.157273,-0.916139,-0.377718,-0.134231,-0.856187,-0.495895,-0.145021,-0.718403,-0.665475,-0.202584,-0.893386,-0.382010,-0.236494,-0.905625,-0.355973,-0.230491,-0.885614,-0.403601,-0.229768,-0.823897,-0.513676,-0.239439,-0.663658,-0.699782,-0.264316,
		-0.880223,-0.387153,-0.274445,-0.891877,-0.362309,-0.270716,-0.863720,-0.424127,-0.272222,-0.776638,-0.562584,-0.283429,-0.561051,-0.769181,-0.305913,-0.868789,-0.388891,-0.306545,-0.874093,-0.383135,-0.298613,-0.838467,-0.458712,-0.294204,-0.733282,-0.609412,-0.301520,-0.497630,-0.805721,-0.321214,
		-0.853017,-0.397518,-0.338144,-0.842188,-0.430252,-0.324966,-0.801363,-0.514624,-0.304927,-0.697661,-0.651376,-0.298293,-0.474213,-0.821446,-0.316779
	],

	"faces": [
		32 ,0,1,5 ,0,1,5,
		32 ,5,1,6 ,5,1,6,
		32 ,5,6,10 ,5,6,10,
		32 ,10,6,11 ,10,6,11,
		32 ,10,11,15 ,10,11,15,
		32 ,15,11,16 ,15,11,16,
		32 ,15,16,20 ,15,16,20,
		32 ,20,16,21 ,20,16,21,
		32 ,1,2,6 ,1,2,6,
		32 ,6,2,7 ,6,2,7,
		32 ,6,7,11 ,6,7,11,
		32 ,11,7,12 ,11,7,12,
		32 ,11,12,16 ,11,12,16,
		32 ,16,12,17 ,16,12,17,
		32 ,16,17,21 ,16,17,21,
		32 ,21,17,22 ,21,17,22,
		32 ,2,3,7 ,2,3,7,
		32 ,7,3,8 ,7,3,8,
		32 ,7,8,12 ,7,8,12,
		32 ,12,8,13 ,12,8,13,
		32 ,12,13,17 ,12,13,17,
		32 ,17,13,18 ,17,13,18,
		32 ,17,18,22 ,17,18,22,
		32 ,22,18,23 ,22,18,23,
		32 ,3,4,8 ,3,4,8,
		32 ,8,4,9 ,8,4,9,
		32 ,8,9,13 ,8,9,13,
		32 ,13,9,14 ,13,9,14,
		32 ,13,14,18 ,13,14,18,
		32 ,18,14,19 ,18,14,19,
		32 ,18,19,23 ,18,19,23,
		32 ,23,19,24 ,23,19,24
	]

}
