{
	"metadata" : {
		"formatVersion" : 3,
		"description" : "Exported from LibZinc."
	},

	"vertices" : [
		603.206787,90.835602,-848.951477,607.662964,92.427368,-850.228943,611.744019,94.736191,-851.923523,615.074158,97.741295,-853.471924,617.277283,101.421898,-854.310791,602.778931,90.955482,-835.575439,607.372803,93.208176,-836.781128,611.536682,96.311516,-838.309204,614.919495,100.095734,-839.575623,617.170349,104.391068,-839.996399,
		600.978455,88.696449,-820.128235,606.141724,92.080460,-821.029480,610.645813,96.537804,-821.865845,614.318115,101.850571,-822.417480,616.986023,107.800850,-822.464355,598.389954,84.928581,-802.868591,604.401184,89.589516,-803.483398,609.512573,95.803490,-803.723206,613.643188,103.151382,-803.722717,616.712341,111.214088,-803.616516,
		595.598022,80.521973,-784.055176,602.582825,86.280647,-784.652588,608.577942,94.497009,-785.011108,613.267944,104.143761,-785.216614,616.337280,114.193604,-785.354919
	],

	"normals" : [
		0.280866,-0.952954,0.113985,0.446242,-0.885700,0.128078,0.613191,-0.777105,0.141792,0.781120,-0.611043,0.128366,0.934473,-0.346842,0.080382,0.344744,-0.937371,-0.049868,0.524094,-0.851539,0.014385,0.684323,-0.726011,0.067888,0.823136,-0.559877,0.094791,0.940519,-0.331384,0.074887,
		0.437940,-0.892170,-0.110643,0.627551,-0.778000,-0.029928,0.769138,-0.638061,0.036128,0.870368,-0.486862,0.073657,0.943211,-0.324162,0.072602,0.486332,-0.864441,-0.127370,0.700377,-0.712313,-0.045625,0.828271,-0.560081,0.016626,0.905373,-0.421273,0.053184,0.954574,-0.290433,0.066619,
		0.479471,-0.867723,-0.131009,0.735008,-0.675530,-0.058503,0.860118,-0.510028,-0.008281,0.930747,-0.364913,0.023415,0.975798,-0.211356,0.056094
	],

	"faces": [
		32 ,0,1,5 ,0,1,5,
		32 ,5,1,6 ,5,1,6,
		32 ,5,6,10 ,5,6,10,
		32 ,10,6,11 ,10,6,11,
		32 ,10,11,15 ,10,11,15,
		32 ,15,11,16 ,15,11,16,
		32 ,15,16,20 ,15,16,20,
		32 ,20,16,21 ,20,16,21,
		32 ,1,2,6 ,1,2,6,
		32 ,6,2,7 ,6,2,7,
		32 ,6,7,11 ,6,7,11,
		32 ,11,7,12 ,11,7,12,
		32 ,11,12,16 ,11,12,16,
		32 ,16,12,17 ,16,12,17,
		32 ,16,17,21 ,16,17,21,
		32 ,21,17,22 ,21,17,22,
		32 ,2,3,7 ,2,3,7,
		32 ,7,3,8 ,7,3,8,
		32 ,7,8,12 ,7,8,12,
		32 ,12,8,13 ,12,8,13,
		32 ,12,13,17 ,12,13,17,
		32 ,17,13,18 ,17,13,18,
		32 ,17,18,22 ,17,18,22,
		32 ,22,18,23 ,22,18,23,
		32 ,3,4,8 ,3,4,8,
		32 ,8,4,9 ,8,4,9,
		32 ,8,9,13 ,8,9,13,
		32 ,13,9,14 ,13,9,14,
		32 ,13,14,18 ,13,14,18,
		32 ,18,14,19 ,18,14,19,
		32 ,18,19,23 ,18,19,23,
		32 ,23,19,24 ,23,19,24
	]

}
