{
	"metadata" : {
		"formatVersion" : 3,
		"description" : "Exported from LibZinc."
	},

	"vertices" : [
		608.181824,139.182800,-785.876587,602.268555,144.270889,-785.738342,595.102051,148.320511,-785.501343,587.170959,151.004181,-785.223572,578.963928,151.994400,-784.963074,606.838257,138.715775,-766.027832,601.192322,143.772919,-766.816467,594.297607,148.019257,-767.897583,586.532837,151.210480,-768.848633,578.276672,153.102310,-769.247070,
		603.957092,139.444260,-745.494751,598.155762,144.865204,-747.514099,591.134338,149.665070,-750.177185,583.380249,153.318039,-752.627747,575.380859,155.298294,-754.009460,600.331970,141.831955,-723.949463,594.181641,147.650726,-727.162720,586.806519,152.785080,-731.172913,578.892273,156.501266,-734.872131,571.124451,158.065536,-737.152405,
		596.756226,146.342606,-701.063904,590.292480,152.232407,-705.093933,582.508423,156.906372,-709.717529,574.248047,159.934616,-713.892822,566.355408,160.887207,-716.577881
	],

	"normals" : [
		0.731167,0.680832,0.043157,0.572816,0.818338,0.046948,0.410116,0.910372,0.055032,0.227292,0.972797,0.044767,0.003523,0.999714,-0.023654,0.733615,0.674842,0.079985,0.588476,0.806497,0.057083,0.451110,0.892287,0.018007,0.307501,0.950840,-0.036690,0.136424,0.986002,-0.095859,
		0.730693,0.679112,0.069959,0.615620,0.787124,0.038053,0.502333,0.864636,-0.008091,0.357742,0.931259,-0.069116,0.128830,0.983069,-0.130297,0.739493,0.672798,0.022188,0.634904,0.772516,-0.010804,0.520738,0.852770,-0.040190,0.355174,0.931411,-0.079533,0.054973,0.988467,-0.141103,
		0.766567,0.640330,-0.048495,0.626251,0.774452,-0.089629,0.471985,0.876978,-0.090221,0.277014,0.957193,-0.083933,-0.005671,0.993223,-0.116086
	],

	"faces": [
		32 ,0,1,5 ,0,1,5,
		32 ,5,1,6 ,5,1,6,
		32 ,5,6,10 ,5,6,10,
		32 ,10,6,11 ,10,6,11,
		32 ,10,11,15 ,10,11,15,
		32 ,15,11,16 ,15,11,16,
		32 ,15,16,20 ,15,16,20,
		32 ,20,16,21 ,20,16,21,
		32 ,1,2,6 ,1,2,6,
		32 ,6,2,7 ,6,2,7,
		32 ,6,7,11 ,6,7,11,
		32 ,11,7,12 ,11,7,12,
		32 ,11,12,16 ,11,12,16,
		32 ,16,12,17 ,16,12,17,
		32 ,16,17,21 ,16,17,21,
		32 ,21,17,22 ,21,17,22,
		32 ,2,3,7 ,2,3,7,
		32 ,7,3,8 ,7,3,8,
		32 ,7,8,12 ,7,8,12,
		32 ,12,8,13 ,12,8,13,
		32 ,12,13,17 ,12,13,17,
		32 ,17,13,18 ,17,13,18,
		32 ,17,18,22 ,17,18,22,
		32 ,22,18,23 ,22,18,23,
		32 ,3,4,8 ,3,4,8,
		32 ,8,4,9 ,8,4,9,
		32 ,8,9,13 ,8,9,13,
		32 ,13,9,14 ,13,9,14,
		32 ,13,14,18 ,13,14,18,
		32 ,18,14,19 ,18,14,19,
		32 ,18,19,23 ,18,19,23,
		32 ,23,19,24 ,23,19,24
	]

}
