{
	"metadata" : {
		"formatVersion" : 3,
		"description" : "Exported from LibZinc."
	},

	"vertices" : [
		551.042480,122.958199,-782.964417,550.593262,118.536118,-782.688843,550.401550,114.119659,-782.314148,550.929077,109.415199,-781.872498,552.637573,104.129097,-781.395996,545.736572,121.858391,-766.800964,544.933044,116.718948,-766.111023,544.533752,111.416092,-765.078674,544.919861,105.869469,-763.930237,546.472595,99.998749,-762.891846,
		540.362427,123.114449,-750.524536,538.804138,117.153053,-749.192505,537.497742,111.028961,-747.262390,537.040344,104.618561,-745.191223,538.028992,97.798264,-743.435791,534.113831,126.467033,-732.859009,531.615784,119.634621,-730.888489,529.211914,112.615067,-728.234863,527.772949,105.200119,-725.397888,528.169617,97.181526,-722.877197,
		526.184570,131.656799,-712.528320,522.777283,123.959846,-710.154358,519.594788,115.831215,-707.365723,517.600281,107.151779,-704.292664,517.757080,97.802391,-701.065430
	],

	"normals" : [
		-0.948702,0.074320,-0.307312,-0.949520,0.063114,-0.307293,-0.951069,-0.047158,-0.305358,-0.921216,-0.223773,-0.318256,-0.853017,-0.397518,-0.338144,-0.941843,0.135956,-0.307323,-0.942801,0.063914,-0.327172,-0.934541,-0.060978,-0.350593,-0.901629,-0.217643,-0.373760,-0.841186,-0.372840,-0.391659,
		-0.923433,0.181324,-0.338221,-0.923799,0.133234,-0.358949,-0.922461,0.016688,-0.385729,-0.901396,-0.145713,-0.407741,-0.851960,-0.315790,-0.417661,-0.898603,0.215537,-0.382174,-0.894485,0.197560,-0.401082,-0.903191,0.095015,-0.418590,-0.900783,-0.075635,-0.427633,-0.865037,-0.275247,-0.419465,
		-0.870223,0.250319,-0.424325,-0.867509,0.235250,-0.438275,-0.887561,0.136013,-0.440155,-0.902937,-0.042460,-0.427670,-0.878497,-0.272048,-0.392726
	],

	"faces": [
		32 ,0,1,5 ,0,1,5,
		32 ,5,1,6 ,5,1,6,
		32 ,5,6,10 ,5,6,10,
		32 ,10,6,11 ,10,6,11,
		32 ,10,11,15 ,10,11,15,
		32 ,15,11,16 ,15,11,16,
		32 ,15,16,20 ,15,16,20,
		32 ,20,16,21 ,20,16,21,
		32 ,1,2,6 ,1,2,6,
		32 ,6,2,7 ,6,2,7,
		32 ,6,7,11 ,6,7,11,
		32 ,11,7,12 ,11,7,12,
		32 ,11,12,16 ,11,12,16,
		32 ,16,12,17 ,16,12,17,
		32 ,16,17,21 ,16,17,21,
		32 ,21,17,22 ,21,17,22,
		32 ,2,3,7 ,2,3,7,
		32 ,7,3,8 ,7,3,8,
		32 ,7,8,12 ,7,8,12,
		32 ,12,8,13 ,12,8,13,
		32 ,12,13,17 ,12,13,17,
		32 ,17,13,18 ,17,13,18,
		32 ,17,18,22 ,17,18,22,
		32 ,22,18,23 ,22,18,23,
		32 ,3,4,8 ,3,4,8,
		32 ,8,4,9 ,8,4,9,
		32 ,8,9,13 ,8,9,13,
		32 ,13,9,14 ,13,9,14,
		32 ,13,14,18 ,13,14,18,
		32 ,18,14,19 ,18,14,19,
		32 ,18,19,23 ,18,19,23,
		32 ,23,19,24 ,23,19,24
	]

}
