{
	"metadata" : {
		"formatVersion" : 3,
		"description" : "Exported from LibZinc."
	},

	"vertices" : [
		595.598022,80.521973,-784.055176,602.582825,86.280647,-784.652588,608.577942,94.497009,-785.011108,613.267944,104.143761,-785.216614,616.337280,114.193604,-785.354919,593.228027,76.179581,-763.261230,600.750793,82.807991,-763.801575,606.953918,92.456116,-764.154297,611.678223,103.344421,-764.267883,614.764343,113.693420,-764.090759,
		591.023499,72.791092,-740.327942,598.988403,80.240921,-740.845215,605.320801,90.772705,-741.250671,609.867981,102.414635,-741.507629,612.477234,113.194908,-741.579407,588.246399,71.506691,-715.916443,596.578308,79.531189,-716.440186,603.165710,90.425209,-716.927307,607.692993,102.353210,-717.451904,609.844360,113.479660,-718.088440,
		584.158630,73.476540,-690.687622,592.802917,81.630562,-691.243347,599.975769,92.392044,-691.811157,605.008911,104.158966,-692.616638,607.234070,115.329300,-693.885498
	],

	"normals" : [
		0.479471,-0.867723,-0.131009,0.735939,-0.675529,-0.045329,0.860262,-0.509006,0.029372,0.929305,-0.363708,0.064095,0.976123,-0.211516,0.049444,0.476593,-0.871700,-0.114007,0.773215,-0.633309,-0.032518,0.887346,-0.460678,0.019844,0.939319,-0.338469,0.055844,0.969941,-0.229289,0.081487,
		0.513161,-0.857358,-0.040049,0.792728,-0.609263,0.019511,0.901492,-0.430195,0.047368,0.952399,-0.296363,0.071450,0.981234,-0.161272,0.105694,0.550808,-0.830965,0.078153,0.790634,-0.602807,0.107342,0.898697,-0.425876,0.104750,0.957589,-0.269610,0.101655,0.990548,-0.075958,0.114215,
		0.562744,-0.792645,0.234592,0.756522,-0.611388,0.232119,0.867900,-0.456735,0.195302,0.945837,-0.288850,0.148180,0.993561,-0.041446,0.105443
	],

	"faces": [
		32 ,0,1,5 ,0,1,5,
		32 ,5,1,6 ,5,1,6,
		32 ,5,6,10 ,5,6,10,
		32 ,10,6,11 ,10,6,11,
		32 ,10,11,15 ,10,11,15,
		32 ,15,11,16 ,15,11,16,
		32 ,15,16,20 ,15,16,20,
		32 ,20,16,21 ,20,16,21,
		32 ,1,2,6 ,1,2,6,
		32 ,6,2,7 ,6,2,7,
		32 ,6,7,11 ,6,7,11,
		32 ,11,7,12 ,11,7,12,
		32 ,11,12,16 ,11,12,16,
		32 ,16,12,17 ,16,12,17,
		32 ,16,17,21 ,16,17,21,
		32 ,21,17,22 ,21,17,22,
		32 ,2,3,7 ,2,3,7,
		32 ,7,3,8 ,7,3,8,
		32 ,7,8,12 ,7,8,12,
		32 ,12,8,13 ,12,8,13,
		32 ,12,13,17 ,12,13,17,
		32 ,17,13,18 ,17,13,18,
		32 ,17,18,22 ,17,18,22,
		32 ,22,18,23 ,22,18,23,
		32 ,3,4,8 ,3,4,8,
		32 ,8,4,9 ,8,4,9,
		32 ,8,9,13 ,8,9,13,
		32 ,13,9,14 ,13,9,14,
		32 ,13,14,18 ,13,14,18,
		32 ,18,14,19 ,18,14,19,
		32 ,18,19,23 ,18,19,23,
		32 ,23,19,24 ,23,19,24
	]

}
