{
	"metadata" : {
		"formatVersion" : 3,
		"description" : "Exported from LibZinc."
	},

	"vertices" : [
		596.756226,146.342606,-701.063904,590.292480,152.232407,-705.093933,582.508423,156.906372,-709.717529,574.248047,159.934616,-713.892822,566.355408,160.887207,-716.577881,592.817444,152.576996,-676.166321,586.190430,158.319016,-680.330627,577.958313,162.095184,-684.566345,569.194031,164.050461,-688.258240,560.970398,164.329773,-690.791321,
		587.669312,159.067795,-649.541565,580.913513,164.694962,-653.155273,572.226013,167.784439,-656.363892,563.001221,168.856232,-659.089783,554.633667,168.430374,-661.255615,581.454346,164.676468,-622.296204,574.488464,170.076645,-624.788757,565.532959,172.551270,-626.777222,556.135681,172.888916,-628.528442,547.844360,171.878189,-630.309204,
		574.315002,168.264496,-595.536926,566.942078,173.180511,-596.451965,558.100769,174.972855,-597.473572,549.063232,174.685501,-598.715210,541.101624,173.362396,-600.290588
	],

	"normals" : [
		0.766567,0.640330,-0.048495,0.626251,0.774452,-0.089629,0.471985,0.876978,-0.090221,0.277014,0.957193,-0.083933,-0.005671,0.993223,-0.116086,0.783367,0.621268,-0.019000,0.565887,0.818391,-0.100045,0.361265,0.924022,-0.125182,0.171392,0.976547,-0.130310,-0.032467,0.988530,-0.147492,
		0.791690,0.610364,0.026125,0.499104,0.862521,-0.083385,0.249363,0.960119,-0.126449,0.063608,0.988306,-0.138585,-0.094824,0.984299,-0.148877,0.775642,0.625963,0.080934,0.427892,0.903104,-0.036204,0.150597,0.984405,-0.090921,-0.030325,0.993499,-0.109731,-0.161293,0.979467,-0.120953,
		0.720890,0.676309,0.151407,0.351581,0.934793,0.050522,0.064256,0.997887,-0.009664,-0.106500,0.993777,-0.032631,-0.196908,0.979292,-0.047070
	],

	"faces": [
		32 ,0,1,5 ,0,1,5,
		32 ,5,1,6 ,5,1,6,
		32 ,5,6,10 ,5,6,10,
		32 ,10,6,11 ,10,6,11,
		32 ,10,11,15 ,10,11,15,
		32 ,15,11,16 ,15,11,16,
		32 ,15,16,20 ,15,16,20,
		32 ,20,16,21 ,20,16,21,
		32 ,1,2,6 ,1,2,6,
		32 ,6,2,7 ,6,2,7,
		32 ,6,7,11 ,6,7,11,
		32 ,11,7,12 ,11,7,12,
		32 ,11,12,16 ,11,12,16,
		32 ,16,12,17 ,16,12,17,
		32 ,16,17,21 ,16,17,21,
		32 ,21,17,22 ,21,17,22,
		32 ,2,3,7 ,2,3,7,
		32 ,7,3,8 ,7,3,8,
		32 ,7,8,12 ,7,8,12,
		32 ,12,8,13 ,12,8,13,
		32 ,12,13,17 ,12,13,17,
		32 ,17,13,18 ,17,13,18,
		32 ,17,18,22 ,17,18,22,
		32 ,22,18,23 ,22,18,23,
		32 ,3,4,8 ,3,4,8,
		32 ,8,4,9 ,8,4,9,
		32 ,8,9,13 ,8,9,13,
		32 ,13,9,14 ,13,9,14,
		32 ,13,14,18 ,13,14,18,
		32 ,18,14,19 ,18,14,19,
		32 ,18,19,23 ,18,19,23,
		32 ,23,19,24 ,23,19,24
	]

}
