{
	"metadata" : {
		"formatVersion" : 3,
		"description" : "Exported from LibZinc."
	},

	"vertices" : [
		566.355408,160.887207,-716.577881,559.917236,160.409561,-717.265503,554.846008,159.305725,-716.693542,550.224182,157.383621,-715.687744,545.134216,154.451202,-715.073914,560.970398,164.329773,-690.791321,554.493713,163.532623,-691.605347,549.551025,162.147568,-691.130737,545.086304,160.153122,-690.237976,540.043701,157.527786,-689.797607,
		554.633667,168.430374,-661.255615,548.246826,167.150879,-662.201172,543.345215,165.345490,-661.900269,538.894470,163.059875,-661.226196,533.860352,160.339645,-661.052368,547.844360,171.878189,-630.309204,541.602356,170.220306,-631.331665,536.682312,168.105392,-631.194397,532.125732,165.555405,-630.743835,526.974182,162.592300,-630.826538,
		541.101624,173.362396,-600.290588,534.986023,171.696915,-601.275696,530.015869,169.633179,-601.205505,525.257019,167.091278,-600.882385,519.775208,163.991302,-601.108521
	],

	"normals" : [
		-0.005671,0.993223,-0.116086,-0.134873,0.981452,-0.136240,-0.326074,0.931080,-0.163601,-0.475438,0.859779,-0.186384,-0.519933,0.827277,-0.212795,-0.032467,0.988530,-0.147492,-0.189558,0.968233,-0.163070,-0.372200,0.910241,-0.181461,-0.468363,0.863035,-0.189226,-0.450096,0.872664,-0.189398,
		-0.094824,0.984299,-0.148877,-0.263813,0.950205,-0.165872,-0.428964,0.884633,-0.182796,-0.490778,0.851209,-0.185956,-0.442165,0.879886,-0.174044,-0.161293,0.979467,-0.120953,-0.318664,0.936931,-0.143574,-0.460647,0.871976,-0.165719,-0.508088,0.843734,-0.173089,-0.460662,0.872659,-0.162040,
		-0.196908,0.979292,-0.047070,-0.319465,0.944018,-0.082294,-0.440903,0.889586,-0.119342,-0.491252,0.859513,-0.141099,-0.465422,0.873417,-0.143265
	],

	"faces": [
		32 ,0,1,5 ,0,1,5,
		32 ,5,1,6 ,5,1,6,
		32 ,5,6,10 ,5,6,10,
		32 ,10,6,11 ,10,6,11,
		32 ,10,11,15 ,10,11,15,
		32 ,15,11,16 ,15,11,16,
		32 ,15,16,20 ,15,16,20,
		32 ,20,16,21 ,20,16,21,
		32 ,1,2,6 ,1,2,6,
		32 ,6,2,7 ,6,2,7,
		32 ,6,7,11 ,6,7,11,
		32 ,11,7,12 ,11,7,12,
		32 ,11,12,16 ,11,12,16,
		32 ,16,12,17 ,16,12,17,
		32 ,16,17,21 ,16,17,21,
		32 ,21,17,22 ,21,17,22,
		32 ,2,3,7 ,2,3,7,
		32 ,7,3,8 ,7,3,8,
		32 ,7,8,12 ,7,8,12,
		32 ,12,8,13 ,12,8,13,
		32 ,12,13,17 ,12,13,17,
		32 ,17,13,18 ,17,13,18,
		32 ,17,18,22 ,17,18,22,
		32 ,22,18,23 ,22,18,23,
		32 ,3,4,8 ,3,4,8,
		32 ,8,4,9 ,8,4,9,
		32 ,8,9,13 ,8,9,13,
		32 ,13,9,14 ,13,9,14,
		32 ,13,14,18 ,13,14,18,
		32 ,18,14,19 ,18,14,19,
		32 ,18,19,23 ,18,19,23,
		32 ,23,19,24 ,23,19,24
	]

}
