{
	"metadata" : {
		"formatVersion" : 3,
		"description" : "Exported from LibZinc."
	},

	"vertices" : [
		545.134216,154.451202,-715.073914,539.606262,150.330078,-714.994019,534.443787,145.063614,-714.791382,529.889099,138.792343,-714.093628,526.184570,131.656799,-712.528320,540.043701,157.527786,-689.797607,534.101196,154.196747,-689.901489,528.000793,149.922485,-689.789612,522.282349,144.439560,-689.054688,517.485596,137.482498,-687.289612,
		533.860352,160.339645,-661.052368,527.738037,157.341171,-661.132080,521.155151,153.769135,-660.618958,514.775818,148.991653,-659.486938,509.264130,142.376816,-657.709900,526.974182,162.592300,-630.826538,520.670105,159.614136,-630.814636,513.785645,156.391129,-629.821777,507.056519,152.003479,-628.306641,501.218658,145.531326,-626.727966,
		519.775208,163.991302,-601.108521,513.050781,160.866379,-601.078064,505.770813,157.576019,-599.940369,498.811127,153.029877,-598.430237,493.047607,146.137604,-597.282593
	],

	"normals" : [
		-0.519933,0.827277,-0.212795,-0.635706,0.721156,-0.275340,-0.726969,0.591478,-0.348813,-0.804070,0.433811,-0.406546,-0.870223,0.250319,-0.424325,-0.450096,0.872664,-0.189398,-0.509477,0.832162,-0.218949,-0.614296,0.742748,-0.266393,-0.747122,0.587380,-0.311117,-0.870686,0.361375,-0.333636,
		-0.442165,0.879886,-0.174044,-0.439036,0.880360,-0.179479,-0.532284,0.819542,-0.212190,-0.688228,0.679745,-0.253554,-0.845309,0.452992,-0.283285,-0.460662,0.872659,-0.162040,-0.408091,0.900208,-0.151946,-0.485131,0.856754,-0.174984,-0.652797,0.726108,-0.215924,-0.829496,0.499205,-0.250462,
		-0.465422,0.873417,-0.143265,-0.397397,0.908341,-0.130351,-0.475734,0.866450,-0.151466,-0.660465,0.724169,-0.198405,-0.849236,0.470512,-0.239619
	],

	"faces": [
		32 ,0,1,5 ,0,1,5,
		32 ,5,1,6 ,5,1,6,
		32 ,5,6,10 ,5,6,10,
		32 ,10,6,11 ,10,6,11,
		32 ,10,11,15 ,10,11,15,
		32 ,15,11,16 ,15,11,16,
		32 ,15,16,20 ,15,16,20,
		32 ,20,16,21 ,20,16,21,
		32 ,1,2,6 ,1,2,6,
		32 ,6,2,7 ,6,2,7,
		32 ,6,7,11 ,6,7,11,
		32 ,11,7,12 ,11,7,12,
		32 ,11,12,16 ,11,12,16,
		32 ,16,12,17 ,16,12,17,
		32 ,16,17,21 ,16,17,21,
		32 ,21,17,22 ,21,17,22,
		32 ,2,3,7 ,2,3,7,
		32 ,7,3,8 ,7,3,8,
		32 ,7,8,12 ,7,8,12,
		32 ,12,8,13 ,12,8,13,
		32 ,12,13,17 ,12,13,17,
		32 ,17,13,18 ,17,13,18,
		32 ,17,18,22 ,17,18,22,
		32 ,22,18,23 ,22,18,23,
		32 ,3,4,8 ,3,4,8,
		32 ,8,4,9 ,8,4,9,
		32 ,8,9,13 ,8,9,13,
		32 ,13,9,14 ,13,9,14,
		32 ,13,14,18 ,13,14,18,
		32 ,18,14,19 ,18,14,19,
		32 ,18,19,23 ,18,19,23,
		32 ,23,19,24 ,23,19,24
	]

}
