{
	"metadata" : {
		"formatVersion" : 3,
		"description" : "Exported from LibZinc."
	},

	"vertices" : [
		546.281128,66.302254,-691.450928,556.306152,64.875626,-690.531128,565.817871,65.519432,-690.149353,575.030518,68.348213,-690.227539,584.158630,73.476540,-690.687622,541.603516,68.858566,-665.144287,552.005676,67.917305,-663.148926,561.585754,69.099892,-662.259949,570.959106,72.280106,-662.333923,580.740967,77.331726,-663.227539,
		538.460876,72.336296,-636.917603,548.996704,71.567764,-633.708252,558.680298,72.901245,-632.032043,568.530884,76.091797,-631.921326,579.567505,80.894493,-633.408264,536.018860,75.458527,-608.691528,547.028503,74.547035,-605.005188,557.384827,75.719612,-602.750854,567.875916,78.922455,-602.248901,579.289917,84.101761,-603.819763,
		533.443115,76.948341,-582.387024,545.850403,75.575142,-579.835876,557.982788,76.351120,-577.701477,569.124451,79.911240,-576.576111,578.559692,86.890457,-577.051880
	],

	"normals" : [
		-0.229323,-0.973268,0.012663,-0.047308,-0.995580,0.081133,0.176885,-0.972790,0.149636,0.394590,-0.895741,0.204809,0.562744,-0.792645,0.234592,-0.201525,-0.975640,0.086679,-0.003265,-0.992533,0.121930,0.220052,-0.963335,0.153501,0.402043,-0.900440,0.166041,0.511832,-0.846794,0.144800,
		-0.199525,-0.974633,0.101389,0.003023,-0.992908,0.118850,0.220098,-0.967091,0.127638,0.370052,-0.920803,0.123219,0.433783,-0.894521,0.107999,-0.193244,-0.978450,0.072742,-0.009774,-0.996739,0.080096,0.198781,-0.977486,0.070760,0.363563,-0.929363,0.064082,0.466983,-0.878932,0.096982,
		-0.176554,-0.984230,-0.010995,-0.029125,-0.999418,-0.017764,0.179999,-0.982273,-0.052337,0.445559,-0.893687,-0.052928,0.734164,-0.669657,0.112087
	],

	"faces": [
		32 ,0,1,5 ,0,1,5,
		32 ,5,1,6 ,5,1,6,
		32 ,5,6,10 ,5,6,10,
		32 ,10,6,11 ,10,6,11,
		32 ,10,11,15 ,10,11,15,
		32 ,15,11,16 ,15,11,16,
		32 ,15,16,20 ,15,16,20,
		32 ,20,16,21 ,20,16,21,
		32 ,1,2,6 ,1,2,6,
		32 ,6,2,7 ,6,2,7,
		32 ,6,7,11 ,6,7,11,
		32 ,11,7,12 ,11,7,12,
		32 ,11,12,16 ,11,12,16,
		32 ,16,12,17 ,16,12,17,
		32 ,16,17,21 ,16,17,21,
		32 ,21,17,22 ,21,17,22,
		32 ,2,3,7 ,2,3,7,
		32 ,7,3,8 ,7,3,8,
		32 ,7,8,12 ,7,8,12,
		32 ,12,8,13 ,12,8,13,
		32 ,12,13,17 ,12,13,17,
		32 ,17,13,18 ,17,13,18,
		32 ,17,18,22 ,17,18,22,
		32 ,22,18,23 ,22,18,23,
		32 ,3,4,8 ,3,4,8,
		32 ,8,4,9 ,8,4,9,
		32 ,8,9,13 ,8,9,13,
		32 ,13,9,14 ,13,9,14,
		32 ,13,14,18 ,13,14,18,
		32 ,18,14,19 ,18,14,19,
		32 ,18,19,23 ,18,19,23,
		32 ,23,19,24 ,23,19,24
	]

}
