{
	"metadata" : {
		"formatVersion" : 3,
		"description" : "Exported from LibZinc."
	},

	"vertices" : [
		541.101624,173.362396,-600.290588,534.986023,171.696915,-601.275696,530.015869,169.633179,-601.205505,525.257019,167.091278,-600.882385,519.775208,163.991302,-601.108521,534.453369,176.088669,-571.469849,527.960510,174.796097,-572.271667,522.338196,173.010529,-572.272217,516.800415,170.575638,-572.088806,510.561035,167.335037,-572.338501,
		527.827942,182.681717,-543.019653,520.278503,181.918182,-543.552307,513.243103,180.327133,-543.689331,506.334686,177.738876,-543.719360,499.166077,173.983749,-543.930847,521.545105,190.959229,-515.632263,512.650635,190.796539,-515.888000,504.086639,189.300812,-516.083740,495.936951,186.265915,-516.229431,488.285553,181.485718,-516.334900,
		515.924622,198.738907,-490.000000,505.787720,199.164551,-490.049164,496.224792,197.649445,-490.082306,487.684265,193.841644,-490.074310,480.614594,187.389206,-490.000000
	],

	"normals" : [
		-0.196908,0.979292,-0.047070,-0.319465,0.944018,-0.082294,-0.440903,0.889586,-0.119342,-0.491252,0.859513,-0.141099,-0.465422,0.873417,-0.143265,-0.110451,0.974375,-0.195945,-0.229016,0.943945,-0.237737,-0.351498,0.892698,-0.282027,-0.419774,0.851814,-0.313372,-0.425399,0.846818,-0.319273,
		-0.020876,0.961942,-0.272454,-0.136772,0.939068,-0.315347,-0.265262,0.895022,-0.358569,-0.374770,0.840513,-0.391261,-0.451020,0.798389,-0.398945,0.055291,0.955792,-0.288797,-0.076761,0.938930,-0.335437,-0.231464,0.897014,-0.376551,-0.397460,0.825026,-0.401694,-0.560650,0.728701,-0.393277,
		0.120977,0.962822,-0.241535,-0.045375,0.954100,-0.296031,-0.257963,0.906674,-0.333763,-0.512109,0.793294,-0.329285,-0.763091,0.594281,-0.254011
	],

	"faces": [
		32 ,0,1,5 ,0,1,5,
		32 ,5,1,6 ,5,1,6,
		32 ,5,6,10 ,5,6,10,
		32 ,10,6,11 ,10,6,11,
		32 ,10,11,15 ,10,11,15,
		32 ,15,11,16 ,15,11,16,
		32 ,15,16,20 ,15,16,20,
		32 ,20,16,21 ,20,16,21,
		32 ,1,2,6 ,1,2,6,
		32 ,6,2,7 ,6,2,7,
		32 ,6,7,11 ,6,7,11,
		32 ,11,7,12 ,11,7,12,
		32 ,11,12,16 ,11,12,16,
		32 ,16,12,17 ,16,12,17,
		32 ,16,17,21 ,16,17,21,
		32 ,21,17,22 ,21,17,22,
		32 ,2,3,7 ,2,3,7,
		32 ,7,3,8 ,7,3,8,
		32 ,7,8,12 ,7,8,12,
		32 ,12,8,13 ,12,8,13,
		32 ,12,13,17 ,12,13,17,
		32 ,17,13,18 ,17,13,18,
		32 ,17,18,22 ,17,18,22,
		32 ,22,18,23 ,22,18,23,
		32 ,3,4,8 ,3,4,8,
		32 ,8,4,9 ,8,4,9,
		32 ,8,9,13 ,8,9,13,
		32 ,13,9,14 ,13,9,14,
		32 ,13,14,18 ,13,14,18,
		32 ,18,14,19 ,18,14,19,
		32 ,18,19,23 ,18,19,23,
		32 ,23,19,24 ,23,19,24
	]

}
