{
	"metadata" : {
		"formatVersion" : 3,
		"description" : "Exported from LibZinc."
	},

	"vertices" : [
		519.775208,163.991302,-601.108521,513.050781,160.866379,-601.078064,505.770813,157.576019,-599.940369,498.811127,153.029877,-598.430237,493.047607,146.137604,-597.282593,510.561035,167.335037,-572.338501,503.380035,163.607437,-572.320190,496.092377,159.288971,-571.387146,489.524689,153.589432,-570.238281,484.503510,145.718613,-569.572510,
		499.166077,173.983749,-543.930847,491.986176,168.968323,-543.863647,485.573486,162.682114,-543.204407,480.335297,155.079926,-542.462219,476.678955,146.116501,-542.146240,488.285553,181.485718,-516.334900,481.765076,174.731873,-516.224365,476.855011,166.323380,-515.879089,473.409363,156.874985,-515.544922,471.282196,147.001480,-515.467529,
		480.614594,187.389206,-490.000000,475.612579,178.681015,-489.918427,472.577911,168.780670,-489.898346,470.913330,158.348236,-489.929077,470.021606,148.043793,-490.000000
	],

	"normals" : [
		-0.465422,0.873417,-0.143265,-0.397397,0.908341,-0.130351,-0.475734,0.866450,-0.151466,-0.660465,0.724169,-0.198405,-0.849236,0.470512,-0.239619,-0.425399,0.846818,-0.319273,-0.463518,0.831556,-0.306048,-0.575513,0.765292,-0.288294,-0.737946,0.615289,-0.277229,-0.885806,0.376008,-0.271966,
		-0.451020,0.798389,-0.398945,-0.600226,0.699251,-0.388300,-0.734377,0.584929,-0.344309,-0.849252,0.441936,-0.288900,-0.932808,0.265299,-0.243896,-0.560650,0.728701,-0.393277,-0.758780,0.549774,-0.349288,-0.877601,0.391996,-0.275961,-0.944272,0.262103,-0.199127,-0.978251,0.152045,-0.141095,
		-0.763091,0.594281,-0.254011,-0.913399,0.379445,-0.147392,-0.975239,0.213575,-0.057401,-0.993661,0.111703,0.012692,-0.996186,0.069568,0.052669
	],

	"faces": [
		32 ,0,1,5 ,0,1,5,
		32 ,5,1,6 ,5,1,6,
		32 ,5,6,10 ,5,6,10,
		32 ,10,6,11 ,10,6,11,
		32 ,10,11,15 ,10,11,15,
		32 ,15,11,16 ,15,11,16,
		32 ,15,16,20 ,15,16,20,
		32 ,20,16,21 ,20,16,21,
		32 ,1,2,6 ,1,2,6,
		32 ,6,2,7 ,6,2,7,
		32 ,6,7,11 ,6,7,11,
		32 ,11,7,12 ,11,7,12,
		32 ,11,12,16 ,11,12,16,
		32 ,16,12,17 ,16,12,17,
		32 ,16,17,21 ,16,17,21,
		32 ,21,17,22 ,21,17,22,
		32 ,2,3,7 ,2,3,7,
		32 ,7,3,8 ,7,3,8,
		32 ,7,8,12 ,7,8,12,
		32 ,12,8,13 ,12,8,13,
		32 ,12,13,17 ,12,13,17,
		32 ,17,13,18 ,17,13,18,
		32 ,17,18,22 ,17,18,22,
		32 ,22,18,23 ,22,18,23,
		32 ,3,4,8 ,3,4,8,
		32 ,8,4,9 ,8,4,9,
		32 ,8,9,13 ,8,9,13,
		32 ,13,9,14 ,13,9,14,
		32 ,13,14,18 ,13,14,18,
		32 ,18,14,19 ,18,14,19,
		32 ,18,19,23 ,18,19,23,
		32 ,23,19,24 ,23,19,24
	]

}
