{
	"metadata" : {
		"formatVersion" : 3,
		"description" : "Exported from LibZinc."
	},

	"vertices" : [
		555.522278,181.336105,-490.000000,547.009277,187.979889,-489.813965,537.080811,193.099792,-489.818390,526.473633,196.688553,-489.913605,515.924622,198.738907,-490.000000,552.667786,183.444000,-465.806458,544.011780,191.030746,-465.780853,534.042175,197.320877,-465.744598,523.210022,201.970062,-465.733337,511.966675,204.633957,-465.782654,
		549.293396,184.296097,-442.523956,540.978455,192.728073,-442.563904,531.433228,200.516678,-442.560272,520.817078,206.501938,-442.581085,509.289520,209.523834,-442.694366,545.484497,186.261612,-421.229462,537.428711,195.311234,-421.259064,528.199707,204.347458,-421.275665,517.776917,211.431747,-421.339050,506.139862,214.625595,-421.508911,
		541.326721,191.709702,-403.000000,532.882080,201.019623,-402.962158,523.287292,210.473480,-402.901031,512.571655,217.907089,-402.889374,500.764404,221.156296,-403.000000
	],

	"normals" : [
		0.698730,0.714760,-0.029926,0.530274,0.843293,-0.087557,0.383426,0.912534,-0.142358,0.251979,0.948626,-0.191354,0.120977,0.962822,-0.241535,0.717656,0.693596,0.062410,0.597531,0.801821,0.006284,0.465131,0.882022,-0.075435,0.313457,0.937403,-0.151722,0.135402,0.971459,-0.194766,
		0.734893,0.672502,0.087594,0.679321,0.732777,0.039511,0.573075,0.818098,-0.047961,0.386367,0.911265,-0.142539,0.097332,0.975260,-0.198478,0.746686,0.664008,0.039405,0.734929,0.677906,0.017957,0.648393,0.759514,-0.052208,0.439498,0.884121,-0.158653,0.052575,0.964054,-0.260454,
		0.727992,0.671887,-0.136365,0.729709,0.676557,-0.098972,0.650220,0.750970,-0.115143,0.441342,0.870587,-0.217476,0.038667,0.916403,-0.398385
	],

	"faces": [
		32 ,0,1,5 ,0,1,5,
		32 ,5,1,6 ,5,1,6,
		32 ,5,6,10 ,5,6,10,
		32 ,10,6,11 ,10,6,11,
		32 ,10,11,15 ,10,11,15,
		32 ,15,11,16 ,15,11,16,
		32 ,15,16,20 ,15,16,20,
		32 ,20,16,21 ,20,16,21,
		32 ,1,2,6 ,1,2,6,
		32 ,6,2,7 ,6,2,7,
		32 ,6,7,11 ,6,7,11,
		32 ,11,7,12 ,11,7,12,
		32 ,11,12,16 ,11,12,16,
		32 ,16,12,17 ,16,12,17,
		32 ,16,17,21 ,16,17,21,
		32 ,21,17,22 ,21,17,22,
		32 ,2,3,7 ,2,3,7,
		32 ,7,3,8 ,7,3,8,
		32 ,7,8,12 ,7,8,12,
		32 ,12,8,13 ,12,8,13,
		32 ,12,13,17 ,12,13,17,
		32 ,17,13,18 ,17,13,18,
		32 ,17,18,22 ,17,18,22,
		32 ,22,18,23 ,22,18,23,
		32 ,3,4,8 ,3,4,8,
		32 ,8,4,9 ,8,4,9,
		32 ,8,9,13 ,8,9,13,
		32 ,13,9,14 ,13,9,14,
		32 ,13,14,18 ,13,14,18,
		32 ,18,14,19 ,18,14,19,
		32 ,18,19,23 ,18,19,23,
		32 ,23,19,24 ,23,19,24
	]

}
