{
	"metadata" : {
		"formatVersion" : 3,
		"description" : "Exported from LibZinc."
	},

	"vertices" : [
		515.924622,198.738907,-490.000000,505.787720,199.164551,-490.049164,496.224792,197.649445,-490.082306,487.684265,193.841644,-490.074310,480.614594,187.389206,-490.000000,511.966675,204.633957,-465.782654,500.618408,204.441650,-465.692871,489.915863,201.166748,-465.374512,480.976532,195.431610,-465.028381,474.917999,187.858566,-464.855286,
		509.289520,209.523834,-442.694366,496.785522,207.357086,-442.527435,484.543365,200.528992,-441.948914,474.677490,192.008499,-441.388702,469.302277,184.764526,-441.276642,506.139862,214.625595,-421.508911,493.070740,210.608917,-421.399689,480.151215,200.777771,-420.880951,470.059875,190.267853,-420.394836,465.475433,184.214905,-420.383667,
		500.764404,221.156296,-403.000000,488.255798,216.895264,-403.156494,476.783203,206.954712,-403.245941,468.396484,196.905243,-403.286407,465.145386,192.317505,-403.295898
	],

	"normals" : [
		0.120977,0.962822,-0.241535,-0.045375,0.954100,-0.296031,-0.257963,0.906674,-0.333763,-0.512109,0.793294,-0.329285,-0.763091,0.594281,-0.254011,0.135402,0.971459,-0.194766,-0.162813,0.970586,-0.177353,-0.418836,0.899656,-0.123266,-0.658236,0.743425,-0.118511,-0.877203,0.449147,-0.169652,
		0.097332,0.975260,-0.198478,-0.365133,0.915901,-0.166740,-0.583237,0.807310,-0.089915,-0.724292,0.685959,-0.069729,-0.904916,0.397650,-0.151666,0.052575,0.964054,-0.260454,-0.486956,0.827329,-0.280002,-0.667266,0.711808,-0.219283,-0.752517,0.634914,-0.174937,-0.888972,0.424969,-0.170674,
		0.038667,0.916403,-0.398385,-0.457551,0.710743,-0.534315,-0.620351,0.586269,-0.521011,-0.710905,0.532271,-0.459675,0.338211,-0.695570,0.633873
	],

	"faces": [
		32 ,0,1,5 ,0,1,5,
		32 ,5,1,6 ,5,1,6,
		32 ,5,6,10 ,5,6,10,
		32 ,10,6,11 ,10,6,11,
		32 ,10,11,15 ,10,11,15,
		32 ,15,11,16 ,15,11,16,
		32 ,15,16,20 ,15,16,20,
		32 ,20,16,21 ,20,16,21,
		32 ,1,2,6 ,1,2,6,
		32 ,6,2,7 ,6,2,7,
		32 ,6,7,11 ,6,7,11,
		32 ,11,7,12 ,11,7,12,
		32 ,11,12,16 ,11,12,16,
		32 ,16,12,17 ,16,12,17,
		32 ,16,17,21 ,16,17,21,
		32 ,21,17,22 ,21,17,22,
		32 ,2,3,7 ,2,3,7,
		32 ,7,3,8 ,7,3,8,
		32 ,7,8,12 ,7,8,12,
		32 ,12,8,13 ,12,8,13,
		32 ,12,13,17 ,12,13,17,
		32 ,17,13,18 ,17,13,18,
		32 ,17,18,22 ,17,18,22,
		32 ,22,18,23 ,22,18,23,
		32 ,3,4,8 ,3,4,8,
		32 ,8,4,9 ,8,4,9,
		32 ,8,9,13 ,8,9,13,
		32 ,13,9,14 ,13,9,14,
		32 ,13,14,18 ,13,14,18,
		32 ,18,14,19 ,18,14,19,
		32 ,18,19,23 ,18,19,23,
		32 ,23,19,24 ,23,19,24
	]

}
