{
	"metadata" : {
		"formatVersion" : 3,
		"description" : "Exported from LibZinc."
	},

	"vertices" : [
		470.021606,148.043793,-490.000000,469.358032,138.795258,-489.867889,469.187683,130.185684,-489.560272,470.127899,120.857979,-489.472504,472.795990,109.455002,-490.000000,470.538330,149.006516,-466.498779,470.690643,138.327454,-466.349335,471.004456,127.549553,-466.071045,471.691223,116.757103,-465.940399,472.962463,106.034416,-466.233887,
		469.350586,149.858643,-444.787506,470.891022,135.869400,-444.573181,472.621490,119.964844,-444.249268,474.315674,106.156219,-444.077026,475.747253,98.454811,-444.317719,466.482269,150.579254,-423.932495,469.909943,133.706863,-423.669067,474.345947,113.411911,-423.307495,478.447418,96.922485,-423.090576,480.871490,91.466682,-423.261200,
		461.957306,151.147507,-403.000000,467.698212,134.125641,-402.766632,476.484955,113.871117,-402.458221,484.532654,96.923042,-402.189209,488.056305,89.820549,-402.074097
	],

	"normals" : [
		-0.996186,0.069568,0.052669,-0.995435,0.061847,0.072692,-0.996026,-0.029600,0.084001,-0.984339,-0.166063,0.059161,-0.960382,-0.275070,-0.044762,-0.999804,-0.013392,-0.014576,-0.999302,-0.017603,0.032961,-0.997183,-0.041490,0.062494,-0.994633,-0.087327,0.055494,-0.987970,-0.152785,0.023923,
		-0.989043,-0.116427,-0.090772,-0.993747,-0.107110,-0.031518,-0.993221,-0.111331,0.033441,-0.987140,-0.138247,0.080260,-0.934834,-0.352608,0.041871,-0.967598,-0.189611,-0.166739,-0.974627,-0.206229,-0.087015,-0.973897,-0.222510,0.044871,-0.950322,-0.271297,0.152597,0.824453,-0.443153,-0.351984,
		-0.948389,-0.214772,-0.233304,-0.924975,-0.371339,-0.080805,-0.888153,-0.404701,0.217717,-0.819848,-0.394423,0.415065,0.896338,-0.328653,-0.297600
	],

	"faces": [
		32 ,0,1,5 ,0,1,5,
		32 ,5,1,6 ,5,1,6,
		32 ,5,6,10 ,5,6,10,
		32 ,10,6,11 ,10,6,11,
		32 ,10,11,15 ,10,11,15,
		32 ,15,11,16 ,15,11,16,
		32 ,15,16,20 ,15,16,20,
		32 ,20,16,21 ,20,16,21,
		32 ,1,2,6 ,1,2,6,
		32 ,6,2,7 ,6,2,7,
		32 ,6,7,11 ,6,7,11,
		32 ,11,7,12 ,11,7,12,
		32 ,11,12,16 ,11,12,16,
		32 ,16,12,17 ,16,12,17,
		32 ,16,17,21 ,16,17,21,
		32 ,21,17,22 ,21,17,22,
		32 ,2,3,7 ,2,3,7,
		32 ,7,3,8 ,7,3,8,
		32 ,7,8,12 ,7,8,12,
		32 ,12,8,13 ,12,8,13,
		32 ,12,13,17 ,12,13,17,
		32 ,17,13,18 ,17,13,18,
		32 ,17,18,22 ,17,18,22,
		32 ,22,18,23 ,22,18,23,
		32 ,3,4,8 ,3,4,8,
		32 ,8,4,9 ,8,4,9,
		32 ,8,9,13 ,8,9,13,
		32 ,13,9,14 ,13,9,14,
		32 ,13,14,18 ,13,14,18,
		32 ,18,14,19 ,18,14,19,
		32 ,18,19,23 ,18,19,23,
		32 ,23,19,24 ,23,19,24
	]

}
