{
	"metadata" : {
		"formatVersion" : 3,
		"description" : "Exported from LibZinc."
	},

	"vertices" : [
		523.054016,68.274200,-495.000000,538.794495,69.896324,-495.708160,553.219421,74.678444,-495.951416,565.029602,82.668861,-495.718964,572.925903,93.915894,-495.000000,523.124390,66.487030,-471.390869,538.982544,69.270477,-471.970917,553.641785,75.407867,-472.366577,565.718445,84.599899,-472.431763,573.828735,96.547287,-472.020355,
		527.012695,67.348183,-446.561554,541.733582,71.349144,-447.124573,555.318359,78.984039,-447.777893,566.487000,89.327660,-448.221680,573.959656,101.454811,-448.156158,529.979614,69.548340,-422.951477,542.992737,74.289360,-423.430908,554.904541,82.756538,-424.086029,564.752197,93.605690,-424.614471,571.572937,105.492653,-424.713898,
		527.285889,71.778198,-403.000000,538.705139,76.248146,-403.151764,549.055908,84.074921,-403.191772,557.930908,94.187531,-403.135895,564.922913,105.514999,-403.000000
	],

	"normals" : [
		-0.005717,-0.987301,-0.158761,0.200804,-0.975410,-0.090852,0.431184,-0.901463,-0.038000,0.690657,-0.723095,-0.011242,0.919994,-0.391339,-0.021548,0.062144,-0.997924,-0.016908,0.280024,-0.959862,0.015863,0.493400,-0.867747,0.059769,0.714304,-0.695514,0.077655,0.917673,-0.395273,0.040436,
		0.126405,-0.990782,0.048714,0.385562,-0.920511,0.063255,0.587598,-0.802122,0.106435,0.761266,-0.634424,0.134093,0.918511,-0.379316,0.111607,0.181692,-0.978288,0.099699,0.476774,-0.870075,0.125126,0.662568,-0.729046,0.171744,0.792004,-0.573828,0.208451,0.901108,-0.379547,0.209638,
		0.201521,-0.962194,0.183227,0.483571,-0.833192,0.268236,0.653619,-0.692025,0.306404,0.761014,-0.561648,0.324668,0.841370,-0.434557,0.321336
	],

	"faces": [
		32 ,0,1,5 ,0,1,5,
		32 ,5,1,6 ,5,1,6,
		32 ,5,6,10 ,5,6,10,
		32 ,10,6,11 ,10,6,11,
		32 ,10,11,15 ,10,11,15,
		32 ,15,11,16 ,15,11,16,
		32 ,15,16,20 ,15,16,20,
		32 ,20,16,21 ,20,16,21,
		32 ,1,2,6 ,1,2,6,
		32 ,6,2,7 ,6,2,7,
		32 ,6,7,11 ,6,7,11,
		32 ,11,7,12 ,11,7,12,
		32 ,11,12,16 ,11,12,16,
		32 ,16,12,17 ,16,12,17,
		32 ,16,17,21 ,16,17,21,
		32 ,21,17,22 ,21,17,22,
		32 ,2,3,7 ,2,3,7,
		32 ,7,3,8 ,7,3,8,
		32 ,7,8,12 ,7,8,12,
		32 ,12,8,13 ,12,8,13,
		32 ,12,13,17 ,12,13,17,
		32 ,17,13,18 ,17,13,18,
		32 ,17,18,22 ,17,18,22,
		32 ,22,18,23 ,22,18,23,
		32 ,3,4,8 ,3,4,8,
		32 ,8,4,9 ,8,4,9,
		32 ,8,9,13 ,8,9,13,
		32 ,13,9,14 ,13,9,14,
		32 ,13,14,18 ,13,14,18,
		32 ,18,14,19 ,18,14,19,
		32 ,18,19,23 ,18,19,23,
		32 ,23,19,24 ,23,19,24
	]

}
