{
	"metadata" : {
		"formatVersion" : 3,
		"description" : "Exported from LibZinc."
	},

	"vertices" : [
		572.925903,93.915894,-495.000000,576.585815,107.146446,-493.834961,577.284485,120.648460,-492.442383,576.118896,133.811737,-491.078583,574.186218,146.026093,-490.000000,573.828735,96.547287,-472.020355,577.149780,110.091805,-470.805420,576.855103,123.825516,-468.999359,574.555298,137.074524,-467.264923,571.861084,149.164963,-466.264862,
		573.959656,101.454811,-448.156158,576.495728,114.663124,-447.190613,575.020081,128.273621,-445.600983,571.500854,141.396179,-444.087402,567.906189,153.140640,-443.349976,571.572937,105.492653,-424.713898,573.790344,118.141846,-424.161652,571.851929,131.479843,-423.231842,567.830872,144.465622,-422.367096,563.800415,156.058212,-422.010101,
		564.922913,105.514999,-403.000000,568.200378,117.809418,-402.889709,567.423157,130.931198,-402.876495,564.420715,143.971832,-402.925049,561.022705,156.022797,-403.000000
	],

	"normals" : [
		0.919994,-0.391339,-0.021548,0.989139,-0.143512,-0.031748,0.999353,0.032581,-0.015253,0.991040,0.133120,0.010912,0.985962,0.164675,0.027582,0.917673,-0.395273,0.040436,0.995719,-0.091596,0.012431,0.993480,0.110415,0.028392,0.976828,0.203774,0.065452,0.974004,0.199266,0.107744,
		0.918511,-0.379316,0.111607,0.997336,-0.022025,0.069539,0.978105,0.195769,0.070610,0.953665,0.284926,0.096648,0.954814,0.262644,0.139098,0.901108,-0.379547,0.209638,0.984347,0.004501,0.176183,0.961603,0.228740,0.151651,0.936636,0.320793,0.140733,0.942945,0.299527,0.145391,
		0.841370,-0.434557,0.321336,0.940430,-0.070568,0.332584,0.947586,0.157660,0.277892,0.944058,0.261682,0.200689,0.959425,0.255389,0.119501
	],

	"faces": [
		32 ,0,1,5 ,0,1,5,
		32 ,5,1,6 ,5,1,6,
		32 ,5,6,10 ,5,6,10,
		32 ,10,6,11 ,10,6,11,
		32 ,10,11,15 ,10,11,15,
		32 ,15,11,16 ,15,11,16,
		32 ,15,16,20 ,15,16,20,
		32 ,20,16,21 ,20,16,21,
		32 ,1,2,6 ,1,2,6,
		32 ,6,2,7 ,6,2,7,
		32 ,6,7,11 ,6,7,11,
		32 ,11,7,12 ,11,7,12,
		32 ,11,12,16 ,11,12,16,
		32 ,16,12,17 ,16,12,17,
		32 ,16,17,21 ,16,17,21,
		32 ,21,17,22 ,21,17,22,
		32 ,2,3,7 ,2,3,7,
		32 ,7,3,8 ,7,3,8,
		32 ,7,8,12 ,7,8,12,
		32 ,12,8,13 ,12,8,13,
		32 ,12,13,17 ,12,13,17,
		32 ,17,13,18 ,17,13,18,
		32 ,17,18,22 ,17,18,22,
		32 ,22,18,23 ,22,18,23,
		32 ,3,4,8 ,3,4,8,
		32 ,8,4,9 ,8,4,9,
		32 ,8,9,13 ,8,9,13,
		32 ,13,9,14 ,13,9,14,
		32 ,13,14,18 ,13,14,18,
		32 ,18,14,19 ,18,14,19,
		32 ,18,19,23 ,18,19,23,
		32 ,23,19,24 ,23,19,24
	]

}
