{
	"metadata" : {
		"formatVersion" : 3,
		"description" : "Exported from LibZinc."
	},

	"vertices" : [
		265.590302,230.563507,-249.830002,260.976898,228.789078,-249.351791,256.092316,226.212952,-249.331558,251.022278,223.466431,-249.525894,245.852493,221.180801,-249.691406,266.837433,229.534836,-241.770569,262.507141,227.876511,-241.379013,257.999512,225.250168,-241.451385,253.365997,222.300232,-241.747894,248.658173,219.671082,-242.028687,
		267.358276,229.504013,-235.545746,263.243866,227.861160,-235.276123,258.937073,225.264465,-235.433212,254.493118,222.317810,-235.789139,249.967194,219.625122,-236.116043,267.458191,230.089111,-229.915985,263.475677,228.471558,-229.775818,259.250732,225.949615,-230.012878,254.858902,223.086578,-230.409744,250.375763,220.445740,-230.748993,
		267.442413,230.908203,-223.641800,263.491180,229.436172,-223.610779,259.286102,226.999405,-223.926224,254.918594,224.173935,-224.369781,250.480103,221.535797,-224.723099
	],

	"normals" : [
		-0.212932,0.954865,0.207108,-0.412483,0.882301,0.226722,-0.472097,0.839365,0.269427,-0.441037,0.836480,0.325252,-0.315406,0.873476,0.370890,-0.206280,0.974322,0.090256,-0.446729,0.885843,0.125359,-0.533142,0.830729,0.160152,-0.526228,0.828032,0.193514,-0.427267,0.877604,0.217380,
		-0.240371,0.969550,-0.046853,-0.465646,0.884789,-0.017921,-0.547771,0.836617,-0.004383,-0.544596,0.838686,-0.004581,-0.460558,0.887501,-0.015135,-0.257472,0.957764,-0.128046,-0.459667,0.879379,-0.124092,-0.530105,0.838256,-0.127729,-0.524445,0.839921,-0.139609,-0.449219,0.879695,-0.156011,
		-0.212240,0.970873,-0.111170,-0.439074,0.888293,-0.134721,-0.520733,0.842445,-0.138284,-0.525091,0.840729,-0.132111,-0.459207,0.879732,-0.123290
	],

	"faces": [
		32 ,0,1,5 ,0,1,5,
		32 ,5,1,6 ,5,1,6,
		32 ,5,6,10 ,5,6,10,
		32 ,10,6,11 ,10,6,11,
		32 ,10,11,15 ,10,11,15,
		32 ,15,11,16 ,15,11,16,
		32 ,15,16,20 ,15,16,20,
		32 ,20,16,21 ,20,16,21,
		32 ,1,2,6 ,1,2,6,
		32 ,6,2,7 ,6,2,7,
		32 ,6,7,11 ,6,7,11,
		32 ,11,7,12 ,11,7,12,
		32 ,11,12,16 ,11,12,16,
		32 ,16,12,17 ,16,12,17,
		32 ,16,17,21 ,16,17,21,
		32 ,21,17,22 ,21,17,22,
		32 ,2,3,7 ,2,3,7,
		32 ,7,3,8 ,7,3,8,
		32 ,7,8,12 ,7,8,12,
		32 ,12,8,13 ,12,8,13,
		32 ,12,13,17 ,12,13,17,
		32 ,17,13,18 ,17,13,18,
		32 ,17,18,22 ,17,18,22,
		32 ,22,18,23 ,22,18,23,
		32 ,3,4,8 ,3,4,8,
		32 ,8,4,9 ,8,4,9,
		32 ,8,9,13 ,8,9,13,
		32 ,13,9,14 ,13,9,14,
		32 ,13,14,18 ,13,14,18,
		32 ,18,14,19 ,18,14,19,
		32 ,18,19,23 ,18,19,23,
		32 ,23,19,24 ,23,19,24
	]

}
