{
	"metadata" : {
		"formatVersion" : 3,
		"description" : "Exported from LibZinc."
	},

	"vertices" : [
		204.999496,191.830200,-250.000000,194.191589,188.368408,-250.782913,179.587036,184.713745,-251.459824,163.903549,180.153214,-251.406830,149.858795,173.973801,-250.000000,212.010437,191.123505,-240.515488,204.806137,187.509659,-242.427002,193.801590,183.351486,-244.594467,181.562073,178.450302,-246.037384,170.652847,172.607452,-245.775238,
		215.956741,190.880035,-235.236328,211.008804,186.842651,-237.323288,203.602722,182.406693,-239.758255,195.338211,177.480927,-241.605545,187.815002,171.974152,-241.929489,217.985306,191.218033,-231.389404,214.454712,186.771393,-233.034836,210.234268,182.202255,-234.938553,205.761475,177.365402,-236.462662,201.473831,172.115616,-236.969254,
		219.242996,192.255707,-226.201599,216.798920,187.699921,-227.124725,214.940063,183.061081,-228.122772,213.361404,178.224014,-228.960083,211.757904,173.073502,-229.401001
	],

	"normals" : [
		-0.407134,0.843222,0.351025,-0.256157,0.886790,0.384692,-0.218390,0.794928,0.566035,-0.182133,0.622036,0.761511,-0.144319,0.514150,0.845471,-0.620824,0.589702,0.516554,-0.413070,0.668039,0.618948,-0.320768,0.510206,0.797996,-0.229872,0.390918,0.891259,-0.154950,0.429096,0.889869,
		-0.754935,0.409763,0.512023,-0.570345,0.495495,0.655127,-0.436974,0.351089,0.828125,-0.324079,0.293818,0.899246,-0.235001,0.381899,0.893828,-0.833826,0.508536,0.214771,-0.766280,0.511937,0.388246,-0.665275,0.377912,0.643889,-0.542314,0.306322,0.782344,-0.433637,0.351364,0.829760,
		-0.851391,0.522369,0.047580,-0.905785,0.370835,0.205022,-0.888716,0.234203,0.394123,-0.822192,0.180973,0.539675,-0.733489,0.215884,0.644506
	],

	"faces": [
		32 ,0,1,5 ,0,1,5,
		32 ,5,1,6 ,5,1,6,
		32 ,5,6,10 ,5,6,10,
		32 ,10,6,11 ,10,6,11,
		32 ,10,11,15 ,10,11,15,
		32 ,15,11,16 ,15,11,16,
		32 ,15,16,20 ,15,16,20,
		32 ,20,16,21 ,20,16,21,
		32 ,1,2,6 ,1,2,6,
		32 ,6,2,7 ,6,2,7,
		32 ,6,7,11 ,6,7,11,
		32 ,11,7,12 ,11,7,12,
		32 ,11,12,16 ,11,12,16,
		32 ,16,12,17 ,16,12,17,
		32 ,16,17,21 ,16,17,21,
		32 ,21,17,22 ,21,17,22,
		32 ,2,3,7 ,2,3,7,
		32 ,7,3,8 ,7,3,8,
		32 ,7,8,12 ,7,8,12,
		32 ,12,8,13 ,12,8,13,
		32 ,12,13,17 ,12,13,17,
		32 ,17,13,18 ,17,13,18,
		32 ,17,18,22 ,17,18,22,
		32 ,22,18,23 ,22,18,23,
		32 ,3,4,8 ,3,4,8,
		32 ,8,4,9 ,8,4,9,
		32 ,8,9,13 ,8,9,13,
		32 ,13,9,14 ,13,9,14,
		32 ,13,14,18 ,13,14,18,
		32 ,18,14,19 ,18,14,19,
		32 ,18,19,23 ,18,19,23,
		32 ,23,19,24 ,23,19,24
	]

}
