{
	"metadata" : {
		"formatVersion" : 3,
		"description" : "Exported from LibZinc."
	},

	"vertices" : [
		190.917892,86.844978,-250.000000,212.088272,81.288155,-249.440842,236.064407,80.001091,-249.344818,261.050323,80.943077,-249.576370,285.250000,82.073410,-250.000000,202.752136,95.318916,-242.493134,221.182861,89.945419,-241.373779,242.182327,87.639267,-240.661011,264.085999,87.165016,-240.331772,285.229401,87.287216,-240.363052,
		215.444611,104.610191,-236.976974,230.376068,98.599266,-234.826508,248.047165,94.674751,-233.303757,266.881622,92.493195,-232.403076,285.303162,91.711159,-232.118744,226.994263,112.791908,-231.293274,238.599136,105.851746,-228.264496,253.208496,100.484947,-226.228195,269.310760,96.976730,-225.065781,285.394379,95.612312,-224.658661,
		235.399994,117.937202,-223.283798,244.783295,110.304916,-220.153244,257.215820,104.447273,-218.389404,271.246948,100.664726,-217.595398,285.425995,99.257751,-217.374298
	],

	"normals" : [
		-0.279548,-0.562370,0.778199,-0.103490,-0.697948,0.708631,0.007565,-0.784114,0.620570,0.054082,-0.841308,0.537843,0.030341,-0.879099,0.475672,-0.215635,-0.321219,0.922128,-0.133914,-0.525894,0.839942,-0.055187,-0.702863,0.709181,-0.002620,-0.826044,0.563600,0.005169,-0.879854,0.475216,
		-0.273420,-0.171605,0.946463,-0.224293,-0.429589,0.874726,-0.154890,-0.660299,0.734857,-0.079646,-0.822029,0.563849,-0.009239,-0.883010,0.469262,-0.449276,-0.154046,0.880012,-0.371200,-0.476815,0.796780,-0.269096,-0.705556,0.655575,-0.152183,-0.842050,0.517486,-0.013305,-0.889676,0.456399,
		-0.731969,-0.374352,0.569283,-0.530829,-0.707569,0.466441,-0.342441,-0.845204,0.410323,-0.177195,-0.891664,0.416578,-0.009901,-0.898872,0.438100
	],

	"faces": [
		32 ,0,1,5 ,0,1,5,
		32 ,5,1,6 ,5,1,6,
		32 ,5,6,10 ,5,6,10,
		32 ,10,6,11 ,10,6,11,
		32 ,10,11,15 ,10,11,15,
		32 ,15,11,16 ,15,11,16,
		32 ,15,16,20 ,15,16,20,
		32 ,20,16,21 ,20,16,21,
		32 ,1,2,6 ,1,2,6,
		32 ,6,2,7 ,6,2,7,
		32 ,6,7,11 ,6,7,11,
		32 ,11,7,12 ,11,7,12,
		32 ,11,12,16 ,11,12,16,
		32 ,16,12,17 ,16,12,17,
		32 ,16,17,21 ,16,17,21,
		32 ,21,17,22 ,21,17,22,
		32 ,2,3,7 ,2,3,7,
		32 ,7,3,8 ,7,3,8,
		32 ,7,8,12 ,7,8,12,
		32 ,12,8,13 ,12,8,13,
		32 ,12,13,17 ,12,13,17,
		32 ,17,13,18 ,17,13,18,
		32 ,17,18,22 ,17,18,22,
		32 ,22,18,23 ,22,18,23,
		32 ,3,4,8 ,3,4,8,
		32 ,8,4,9 ,8,4,9,
		32 ,8,9,13 ,8,9,13,
		32 ,13,9,14 ,13,9,14,
		32 ,13,14,18 ,13,14,18,
		32 ,18,14,19 ,18,14,19,
		32 ,18,19,23 ,18,19,23,
		32 ,23,19,24 ,23,19,24
	]

}
