{
	"metadata" : {
		"formatVersion" : 3,
		"description" : "Exported from LibZinc."
	},

	"vertices" : [
		305.409698,230.315598,-249.830002,301.145416,231.239075,-250.197708,296.009277,231.313156,-250.218948,290.533417,231.009354,-250.088211,285.250000,230.799194,-250.000000,304.056061,229.289642,-241.779739,299.964172,230.263184,-242.290588,295.267029,230.586014,-242.743561,290.317017,230.562561,-243.065445,285.466644,230.497208,-243.183090,
		303.494476,229.250153,-235.559036,299.283295,230.329407,-235.967346,294.790222,230.729843,-236.409409,290.158356,230.737991,-236.761597,285.530731,230.640320,-236.900269,303.386200,229.837723,-229.930740,298.952637,230.955154,-230.130753,294.510712,231.282303,-230.348831,290.036926,231.170700,-230.522842,285.507812,230.971878,-230.590652,
		303.392487,230.692993,-223.657700,298.822144,231.657852,-223.683609,294.360321,231.781021,-223.694199,289.932312,231.495728,-223.695435,285.463409,231.235199,-223.693298
	],

	"normals" : [
		0.338828,0.913082,0.226886,0.079337,0.978209,0.191865,-0.032956,0.987756,0.152489,-0.057940,0.991919,0.112873,-0.001189,0.996493,0.083665,0.340982,0.933838,0.108066,0.125033,0.989695,0.069793,0.017530,0.999293,0.033272,-0.019688,0.999747,0.010865,0.003254,0.999979,0.005613,
		0.354883,0.934167,-0.037271,0.161720,0.985128,-0.058051,0.040183,0.996903,-0.067597,-0.016442,0.998095,-0.059465,-0.012104,0.998910,-0.045090,0.346275,0.929530,-0.126758,0.152694,0.981281,-0.117357,0.015439,0.995259,-0.096032,-0.045362,0.996586,-0.068985,-0.027459,0.998251,-0.052357,
		0.311319,0.943342,-0.114832,0.104162,0.991366,-0.079643,-0.034474,0.998422,-0.044329,-0.077554,0.996759,-0.021398,-0.022978,0.999544,-0.019566
	],

	"faces": [
		32 ,0,1,5 ,0,1,5,
		32 ,5,1,6 ,5,1,6,
		32 ,5,6,10 ,5,6,10,
		32 ,10,6,11 ,10,6,11,
		32 ,10,11,15 ,10,11,15,
		32 ,15,11,16 ,15,11,16,
		32 ,15,16,20 ,15,16,20,
		32 ,20,16,21 ,20,16,21,
		32 ,1,2,6 ,1,2,6,
		32 ,6,2,7 ,6,2,7,
		32 ,6,7,11 ,6,7,11,
		32 ,11,7,12 ,11,7,12,
		32 ,11,12,16 ,11,12,16,
		32 ,16,12,17 ,16,12,17,
		32 ,16,17,21 ,16,17,21,
		32 ,21,17,22 ,21,17,22,
		32 ,2,3,7 ,2,3,7,
		32 ,7,3,8 ,7,3,8,
		32 ,7,8,12 ,7,8,12,
		32 ,12,8,13 ,12,8,13,
		32 ,12,13,17 ,12,13,17,
		32 ,17,13,18 ,17,13,18,
		32 ,17,18,22 ,17,18,22,
		32 ,22,18,23 ,22,18,23,
		32 ,3,4,8 ,3,4,8,
		32 ,8,4,9 ,8,4,9,
		32 ,8,9,13 ,8,9,13,
		32 ,13,9,14 ,13,9,14,
		32 ,13,14,18 ,13,14,18,
		32 ,18,14,19 ,18,14,19,
		32 ,18,19,23 ,18,19,23,
		32 ,23,19,24 ,23,19,24
	]

}
