{
	"metadata" : {
		"formatVersion" : 3,
		"description" : "Exported from LibZinc."
	},

	"vertices" : [
		233.878693,209.179504,-225.215302,229.912476,205.302261,-225.218094,226.014175,201.139252,-225.304916,222.389221,196.765411,-225.593491,219.242996,192.255707,-226.201599,234.790298,209.573746,-218.563904,230.892258,205.793488,-218.708450,226.965927,201.882599,-218.896774,223.373871,197.806137,-219.143570,220.478653,193.529175,-219.463516,
		235.878632,209.764008,-211.945831,231.950241,206.223877,-212.201736,227.967957,202.638474,-212.448166,224.353104,198.843079,-212.641006,221.527039,194.672913,-212.736130,236.679657,210.500916,-205.260468,232.690460,207.126450,-205.561386,228.634125,203.758453,-205.832001,224.971634,200.124634,-205.977219,222.164001,195.952682,-205.901947,
		236.729294,212.535095,-198.407196,232.716980,209.034256,-198.650848,228.578323,205.594116,-198.921173,224.874146,201.899246,-199.043579,222.165298,197.634201,-198.843399
	],

	"normals" : [
		-0.686184,0.727320,-0.012559,-0.712907,0.701135,0.013150,-0.748309,0.663334,0.004730,-0.793214,0.608942,0.000607,-0.851391,0.522369,0.047580,-0.702025,0.705589,0.096459,-0.694617,0.715442,0.075162,-0.722665,0.689857,0.043040,-0.784489,0.619377,0.030813,-0.875456,0.478071,0.070887,
		-0.689417,0.721031,0.069412,-0.660681,0.750019,0.031199,-0.687421,0.726252,-0.003226,-0.768553,0.639730,-0.008473,-0.887016,0.460336,0.035968,-0.667723,0.739159,-0.088266,-0.621309,0.775822,-0.109891,-0.650866,0.749317,-0.122054,-0.753704,0.648504,-0.106647,-0.897471,0.438793,-0.044800,
		-0.647370,0.685537,-0.333093,-0.589834,0.745435,-0.310519,-0.622264,0.729060,-0.285060,-0.742654,0.623406,-0.244602,-0.911123,0.382300,-0.153954
	],

	"faces": [
		32 ,0,1,5 ,0,1,5,
		32 ,5,1,6 ,5,1,6,
		32 ,5,6,10 ,5,6,10,
		32 ,10,6,11 ,10,6,11,
		32 ,10,11,15 ,10,11,15,
		32 ,15,11,16 ,15,11,16,
		32 ,15,16,20 ,15,16,20,
		32 ,20,16,21 ,20,16,21,
		32 ,1,2,6 ,1,2,6,
		32 ,6,2,7 ,6,2,7,
		32 ,6,7,11 ,6,7,11,
		32 ,11,7,12 ,11,7,12,
		32 ,11,12,16 ,11,12,16,
		32 ,16,12,17 ,16,12,17,
		32 ,16,17,21 ,16,17,21,
		32 ,21,17,22 ,21,17,22,
		32 ,2,3,7 ,2,3,7,
		32 ,7,3,8 ,7,3,8,
		32 ,7,8,12 ,7,8,12,
		32 ,12,8,13 ,12,8,13,
		32 ,12,13,17 ,12,13,17,
		32 ,17,13,18 ,17,13,18,
		32 ,17,18,22 ,17,18,22,
		32 ,22,18,23 ,22,18,23,
		32 ,3,4,8 ,3,4,8,
		32 ,8,4,9 ,8,4,9,
		32 ,8,9,13 ,8,9,13,
		32 ,13,9,14 ,13,9,14,
		32 ,13,14,18 ,13,14,18,
		32 ,18,14,19 ,18,14,19,
		32 ,18,19,23 ,18,19,23,
		32 ,23,19,24 ,23,19,24
	]

}
