{
	"metadata" : {
		"formatVersion" : 3,
		"description" : "Exported from LibZinc."
	},

	"vertices" : [
		211.757904,173.073502,-229.401001,210.432541,167.793030,-229.589920,210.050980,162.388992,-229.766052,210.852158,156.480591,-229.836075,213.074997,149.686996,-229.706604,217.826965,174.447891,-220.478683,217.718475,169.382736,-220.600021,217.952332,164.373535,-220.513779,218.889938,158.924835,-220.248901,220.892731,152.541214,-219.834305,
		220.078857,175.800430,-212.180756,220.355499,170.721664,-212.066132,220.704147,165.637039,-211.777115,221.534027,160.081650,-211.334564,223.254303,153.590637,-210.759384,220.499283,177.115143,-204.100449,220.681580,171.842636,-203.692932,220.922089,166.416794,-203.239960,221.603622,160.468979,-202.702881,223.108994,153.630554,-202.043045,
		221.073898,178.376099,-195.830994,221.034744,172.778442,-195.185059,221.221817,166.950104,-194.586227,221.917969,160.604767,-193.963669,223.406097,153.456207,-193.246506
	],

	"normals" : [
		-0.733489,0.215884,0.644506,-0.673020,0.086324,0.734569,-0.641186,-0.038487,0.766420,-0.622354,-0.143986,0.769379,-0.609709,-0.222624,0.760719,-0.913022,0.009431,0.407801,-0.885382,-0.001631,0.464861,-0.869687,-0.071685,0.488371,-0.855234,-0.177959,0.486729,-0.837982,-0.285395,0.465119,
		-0.988457,-0.070721,0.133982,-0.989940,-0.042824,0.134852,-0.987409,-0.088925,0.130829,-0.975478,-0.188166,0.114178,-0.950426,-0.300364,0.080454,-0.998312,-0.050571,0.028562,-0.999602,-0.028107,-0.002535,-0.997301,-0.071767,-0.015493,-0.986209,-0.163039,-0.028478,-0.961280,-0.270578,-0.052239,
		-0.988477,0.028744,0.148614,-0.991460,0.009327,0.130080,-0.989012,-0.050836,0.138820,-0.978491,-0.137530,0.153756,-0.959523,-0.231800,0.159951
	],

	"faces": [
		32 ,0,1,5 ,0,1,5,
		32 ,5,1,6 ,5,1,6,
		32 ,5,6,10 ,5,6,10,
		32 ,10,6,11 ,10,6,11,
		32 ,10,11,15 ,10,11,15,
		32 ,15,11,16 ,15,11,16,
		32 ,15,16,20 ,15,16,20,
		32 ,20,16,21 ,20,16,21,
		32 ,1,2,6 ,1,2,6,
		32 ,6,2,7 ,6,2,7,
		32 ,6,7,11 ,6,7,11,
		32 ,11,7,12 ,11,7,12,
		32 ,11,12,16 ,11,12,16,
		32 ,16,12,17 ,16,12,17,
		32 ,16,17,21 ,16,17,21,
		32 ,21,17,22 ,21,17,22,
		32 ,2,3,7 ,2,3,7,
		32 ,7,3,8 ,7,3,8,
		32 ,7,8,12 ,7,8,12,
		32 ,12,8,13 ,12,8,13,
		32 ,12,13,17 ,12,13,17,
		32 ,17,13,18 ,17,13,18,
		32 ,17,18,22 ,17,18,22,
		32 ,22,18,23 ,22,18,23,
		32 ,3,4,8 ,3,4,8,
		32 ,8,4,9 ,8,4,9,
		32 ,8,9,13 ,8,9,13,
		32 ,13,9,14 ,13,9,14,
		32 ,13,14,18 ,13,14,18,
		32 ,18,14,19 ,18,14,19,
		32 ,18,19,23 ,18,19,23,
		32 ,23,19,24 ,23,19,24
	]

}
