{
	"metadata" : {
		"formatVersion" : 3,
		"description" : "Exported from LibZinc."
	},

	"vertices" : [
		213.074997,149.686996,-229.706604,216.875443,142.162994,-229.296509,222.056610,134.340271,-228.338150,228.328217,126.253464,-226.458298,235.399994,117.937202,-223.283798,220.892731,152.541214,-219.834305,224.120987,145.173904,-219.284348,228.449615,137.222000,-218.369522,233.811966,128.861832,-216.753067,240.141373,120.269699,-214.098145,
		223.254303,153.590637,-210.759384,226.229233,146.081390,-210.039291,230.493301,138.004272,-209.070358,235.961151,129.693893,-207.736038,242.547379,121.484863,-205.919739,223.108994,153.630554,-202.043045,225.981140,145.857162,-201.198547,230.413330,137.660873,-200.199997,236.263885,129.507675,-199.147476,243.391113,121.863525,-198.141083,
		223.406097,153.456207,-193.246506,226.157730,145.472931,-192.399307,230.435364,137.165634,-191.517761,236.208252,129.061188,-190.727646,243.445694,121.686501,-190.154694
	],

	"normals" : [
		-0.609709,-0.222624,0.760719,-0.603457,-0.296755,0.740119,-0.628474,-0.336364,0.701341,-0.675796,-0.360192,0.643087,-0.731969,-0.374352,0.569283,-0.837982,-0.285395,0.465119,-0.823543,-0.367913,0.431760,-0.813029,-0.423324,0.399725,-0.801366,-0.457652,0.385184,-0.786783,-0.462343,0.408916,
		-0.950426,-0.300364,0.080454,-0.908282,-0.414665,0.055474,-0.862723,-0.501931,0.061442,-0.813794,-0.571828,0.103688,-0.759104,-0.618488,0.203061,-0.961280,-0.270578,-0.052239,-0.904133,-0.420807,-0.073926,-0.841090,-0.535785,-0.074173,-0.770961,-0.635320,-0.044582,-0.685656,-0.727165,0.033272,
		-0.959523,-0.231800,0.159951,-0.916705,-0.377967,0.129589,-0.856165,-0.512482,0.065911,-0.768793,-0.639498,-0.000751,-0.649721,-0.759145,-0.039518
	],

	"faces": [
		32 ,0,1,5 ,0,1,5,
		32 ,5,1,6 ,5,1,6,
		32 ,5,6,10 ,5,6,10,
		32 ,10,6,11 ,10,6,11,
		32 ,10,11,15 ,10,11,15,
		32 ,15,11,16 ,15,11,16,
		32 ,15,16,20 ,15,16,20,
		32 ,20,16,21 ,20,16,21,
		32 ,1,2,6 ,1,2,6,
		32 ,6,2,7 ,6,2,7,
		32 ,6,7,11 ,6,7,11,
		32 ,11,7,12 ,11,7,12,
		32 ,11,12,16 ,11,12,16,
		32 ,16,12,17 ,16,12,17,
		32 ,16,17,21 ,16,17,21,
		32 ,21,17,22 ,21,17,22,
		32 ,2,3,7 ,2,3,7,
		32 ,7,3,8 ,7,3,8,
		32 ,7,8,12 ,7,8,12,
		32 ,12,8,13 ,12,8,13,
		32 ,12,13,17 ,12,13,17,
		32 ,17,13,18 ,17,13,18,
		32 ,17,18,22 ,17,18,22,
		32 ,22,18,23 ,22,18,23,
		32 ,3,4,8 ,3,4,8,
		32 ,8,4,9 ,8,4,9,
		32 ,8,9,13 ,8,9,13,
		32 ,13,9,14 ,13,9,14,
		32 ,13,14,18 ,13,14,18,
		32 ,18,14,19 ,18,14,19,
		32 ,18,19,23 ,18,19,23,
		32 ,23,19,24 ,23,19,24
	]

}
