{
	"metadata" : {
		"formatVersion" : 3,
		"description" : "Exported from LibZinc."
	},

	"vertices" : [
		235.399994,117.937202,-223.283798,244.783295,110.304916,-220.153244,257.215820,104.447273,-218.389404,271.246948,100.664726,-217.595398,285.425995,99.257751,-217.374298,240.141373,120.269699,-214.098145,248.685013,112.609520,-211.654739,259.904114,106.995972,-210.548904,272.553101,103.531570,-210.257889,285.386505,102.318832,-210.258957,
		242.547379,121.484863,-205.919739,251.006561,114.279259,-204.358719,261.553528,108.886978,-203.648987,273.293182,105.504402,-203.462112,285.330414,104.327904,-203.469650,243.391113,121.863525,-198.141083,252.097870,115.210701,-197.372223,262.381531,109.980278,-196.915939,273.642212,106.561470,-196.697830,285.280060,105.343483,-196.643509,
		243.445694,121.686501,-190.154694,252.308807,115.300385,-189.802322,262.605530,110.135834,-189.576019,273.775330,106.681015,-189.454819,285.257690,105.424103,-189.417694
	],

	"normals" : [
		-0.731969,-0.374352,0.569283,-0.530829,-0.707569,0.466441,-0.342441,-0.845204,0.410323,-0.177195,-0.891664,0.416578,-0.009901,-0.898872,0.438100,-0.786783,-0.462343,0.408916,-0.549568,-0.730434,0.405514,-0.342793,-0.864065,0.368625,-0.169509,-0.923307,0.344632,-0.004705,-0.938952,0.344017,
		-0.759104,-0.618488,0.203061,-0.548451,-0.788651,0.277903,-0.359303,-0.894142,0.267231,-0.184188,-0.955389,0.230882,-0.000744,-0.976090,0.217363,-0.685656,-0.727165,0.033272,-0.532363,-0.839798,0.106438,-0.374881,-0.920176,0.112871,-0.202207,-0.975233,0.089630,0.001062,-0.997026,0.077063,
		-0.649721,-0.759145,-0.039518,-0.516400,-0.855141,-0.045452,-0.374929,-0.926081,-0.042456,-0.208256,-0.977118,-0.043243,0.000423,-0.998817,-0.048621
	],

	"faces": [
		32 ,0,1,5 ,0,1,5,
		32 ,5,1,6 ,5,1,6,
		32 ,5,6,10 ,5,6,10,
		32 ,10,6,11 ,10,6,11,
		32 ,10,11,15 ,10,11,15,
		32 ,15,11,16 ,15,11,16,
		32 ,15,16,20 ,15,16,20,
		32 ,20,16,21 ,20,16,21,
		32 ,1,2,6 ,1,2,6,
		32 ,6,2,7 ,6,2,7,
		32 ,6,7,11 ,6,7,11,
		32 ,11,7,12 ,11,7,12,
		32 ,11,12,16 ,11,12,16,
		32 ,16,12,17 ,16,12,17,
		32 ,16,17,21 ,16,17,21,
		32 ,21,17,22 ,21,17,22,
		32 ,2,3,7 ,2,3,7,
		32 ,7,3,8 ,7,3,8,
		32 ,7,8,12 ,7,8,12,
		32 ,12,8,13 ,12,8,13,
		32 ,12,13,17 ,12,13,17,
		32 ,17,13,18 ,17,13,18,
		32 ,17,18,22 ,17,18,22,
		32 ,22,18,23 ,22,18,23,
		32 ,3,4,8 ,3,4,8,
		32 ,8,4,9 ,8,4,9,
		32 ,8,9,13 ,8,9,13,
		32 ,13,9,14 ,13,9,14,
		32 ,13,14,18 ,13,14,18,
		32 ,18,14,19 ,18,14,19,
		32 ,18,19,23 ,18,19,23,
		32 ,23,19,24 ,23,19,24
	]

}
