{
	"metadata" : {
		"formatVersion" : 3,
		"description" : "Exported from LibZinc."
	},

	"vertices" : [
		356.302795,149.762100,-229.619293,358.403259,156.437454,-229.685410,359.248810,162.188889,-229.543579,359.034760,167.455750,-229.268799,357.956512,172.677399,-228.936096,349.743042,152.984802,-219.923935,351.694977,159.324707,-220.205566,352.685944,164.693008,-220.352478,352.984314,169.589859,-220.374344,352.858490,174.515350,-220.280853,
		347.662628,154.069809,-210.863541,349.349060,160.548126,-211.338470,350.195831,166.062500,-211.708710,350.549866,171.067444,-211.981171,350.758209,176.017456,-212.162689,347.601776,153.945969,-202.114655,349.071808,160.780426,-202.747101,349.732178,166.708344,-203.284485,349.956543,172.092163,-203.760391,350.118561,177.294357,-204.208420,
		347.100586,153.542206,-193.353806,348.569489,160.694290,-194.094513,349.248749,167.041519,-194.751984,349.429413,172.867737,-195.383102,349.402405,178.456696,-196.044800
	],

	"normals" : [
		0.650940,-0.230238,0.723372,0.672827,-0.163758,0.721447,0.705414,-0.065416,0.705770,0.745004,0.057139,0.664609,0.792899,0.177664,0.582878,0.859298,-0.288649,0.422242,0.875155,-0.200134,0.440510,0.891630,-0.098697,0.441877,0.907741,-0.011062,0.419386,0.929770,0.034620,0.366509,
		0.953014,-0.291651,0.081873,0.974561,-0.190573,0.117953,0.985299,-0.094330,0.142432,0.987740,-0.038035,0.151405,0.988298,-0.044938,0.145768,0.964473,-0.262804,-0.026938,0.987646,-0.156699,0.000151,0.997634,-0.066069,0.018992,0.999167,-0.022002,0.034358,0.997295,-0.043642,0.059149,
		0.960015,-0.229249,0.160677,0.979058,-0.134049,0.153222,0.989601,-0.048262,0.135502,0.992116,0.009101,0.124994,0.988990,0.024268,0.145976
	],

	"faces": [
		32 ,0,1,5 ,0,1,5,
		32 ,5,1,6 ,5,1,6,
		32 ,5,6,10 ,5,6,10,
		32 ,10,6,11 ,10,6,11,
		32 ,10,11,15 ,10,11,15,
		32 ,15,11,16 ,15,11,16,
		32 ,15,16,20 ,15,16,20,
		32 ,20,16,21 ,20,16,21,
		32 ,1,2,6 ,1,2,6,
		32 ,6,2,7 ,6,2,7,
		32 ,6,7,11 ,6,7,11,
		32 ,11,7,12 ,11,7,12,
		32 ,11,12,16 ,11,12,16,
		32 ,16,12,17 ,16,12,17,
		32 ,16,17,21 ,16,17,21,
		32 ,21,17,22 ,21,17,22,
		32 ,2,3,7 ,2,3,7,
		32 ,7,3,8 ,7,3,8,
		32 ,7,8,12 ,7,8,12,
		32 ,12,8,13 ,12,8,13,
		32 ,12,13,17 ,12,13,17,
		32 ,17,13,18 ,17,13,18,
		32 ,17,18,22 ,17,18,22,
		32 ,22,18,23 ,22,18,23,
		32 ,3,4,8 ,3,4,8,
		32 ,8,4,9 ,8,4,9,
		32 ,8,9,13 ,8,9,13,
		32 ,13,9,14 ,13,9,14,
		32 ,13,14,18 ,13,14,18,
		32 ,18,14,19 ,18,14,19,
		32 ,18,19,23 ,18,19,23,
		32 ,23,19,24 ,23,19,24
	]

}
