{
	"metadata" : {
		"formatVersion" : 3,
		"description" : "Exported from LibZinc."
	},

	"vertices" : [
		351.024292,192.124207,-226.107300,347.997040,196.669861,-225.678360,344.510986,201.053009,-225.460968,340.731293,205.196945,-225.369385,336.822998,209.024994,-225.317902,349.732452,193.368759,-219.376480,346.946320,197.735336,-219.131882,343.491180,201.841293,-218.950638,339.687225,205.733627,-218.802277,335.854614,209.459351,-218.656342,
		348.818329,194.568161,-212.685547,346.049469,198.803345,-212.603424,342.510681,202.616989,-212.451111,338.600250,206.185440,-212.246002,334.716431,209.684998,-212.005432,348.348419,195.924973,-205.894547,345.545532,200.111160,-205.950195,341.892731,203.743179,-205.816330,337.849823,207.097595,-205.568466,333.876495,210.450974,-205.282166,
		348.389191,197.641800,-198.863495,345.673523,201.896072,-199.029434,341.960510,205.582916,-198.900208,337.815277,209.015335,-198.637634,333.802795,212.506302,-198.403503
	],

	"normals" : [
		0.860382,0.502346,0.085978,0.806908,0.590110,0.025887,0.759864,0.649854,0.017212,0.718463,0.695349,0.017349,0.680986,0.732194,-0.012225,0.887099,0.456746,0.066627,0.800104,0.599109,0.030029,0.735092,0.676523,0.044239,0.699942,0.710036,0.077013,0.697971,0.709531,0.096959,
		0.894511,0.446915,0.010840,0.778051,0.627813,-0.022082,0.694531,0.719425,-0.007352,0.663088,0.747870,0.031696,0.686805,0.723501,0.069602,0.897627,0.435831,-0.065701,0.753757,0.646360,-0.118616,0.650980,0.748564,-0.126002,0.620969,0.776107,-0.109792,0.666941,0.739940,-0.087626,
		0.910723,0.386450,-0.145742,0.741442,0.626568,-0.240159,0.621179,0.730554,-0.283598,0.589021,0.746011,-0.310679,0.646997,0.686007,-0.332850
	],

	"faces": [
		32 ,0,1,5 ,0,1,5,
		32 ,5,1,6 ,5,1,6,
		32 ,5,6,10 ,5,6,10,
		32 ,10,6,11 ,10,6,11,
		32 ,10,11,15 ,10,11,15,
		32 ,15,11,16 ,15,11,16,
		32 ,15,16,20 ,15,16,20,
		32 ,20,16,21 ,20,16,21,
		32 ,1,2,6 ,1,2,6,
		32 ,6,2,7 ,6,2,7,
		32 ,6,7,11 ,6,7,11,
		32 ,11,7,12 ,11,7,12,
		32 ,11,12,16 ,11,12,16,
		32 ,16,12,17 ,16,12,17,
		32 ,16,17,21 ,16,17,21,
		32 ,21,17,22 ,21,17,22,
		32 ,2,3,7 ,2,3,7,
		32 ,7,3,8 ,7,3,8,
		32 ,7,8,12 ,7,8,12,
		32 ,12,8,13 ,12,8,13,
		32 ,12,13,17 ,12,13,17,
		32 ,17,13,18 ,17,13,18,
		32 ,17,18,22 ,17,18,22,
		32 ,22,18,23 ,22,18,23,
		32 ,3,4,8 ,3,4,8,
		32 ,8,4,9 ,8,4,9,
		32 ,8,9,13 ,8,9,13,
		32 ,13,9,14 ,13,9,14,
		32 ,13,14,18 ,13,14,18,
		32 ,18,14,19 ,18,14,19,
		32 ,18,19,23 ,18,19,23,
		32 ,23,19,24 ,23,19,24
	]

}
