{
	"metadata" : {
		"formatVersion" : 3,
		"description" : "Exported from LibZinc."
	},

	"vertices" : [
		336.822998,209.024994,-225.317902,332.873352,212.558517,-225.235336,328.835663,215.830292,-225.107681,324.674072,218.780792,-224.934998,320.352814,221.350494,-224.717300,335.854614,209.459351,-218.656342,332.050812,212.998016,-218.492203,328.122375,216.283875,-218.302643,324.073151,219.296005,-218.077271,319.907013,222.013535,-217.805664,
		334.716431,209.684998,-212.005432,330.943787,213.129517,-211.740692,327.108032,216.419800,-211.446823,323.219269,219.562683,-211.116837,319.287537,222.565002,-210.743774,333.876495,210.450974,-205.282166,330.106567,213.870285,-204.968170,326.364746,217.253662,-204.594635,322.647308,220.624298,-204.173279,318.950500,224.005386,-203.715775,
		333.802795,212.506302,-198.403503,330.093414,216.137650,-198.161942,326.464630,219.801056,-197.800522,322.892242,223.524323,-197.366165,319.352112,227.335205,-196.905807
	],

	"normals" : [
		0.680986,0.732194,-0.012225,0.648439,0.759376,-0.053615,0.602600,0.794170,-0.078532,0.541531,0.834934,-0.098127,0.462780,0.878004,-0.122242,0.697971,0.709531,0.096959,0.661677,0.744480,0.089068,0.620660,0.780701,0.072716,0.573646,0.818027,0.041979,0.518376,0.855108,-0.008715,
		0.686805,0.723501,0.069602,0.663739,0.744361,0.073331,0.641308,0.765249,0.055835,0.618351,0.785742,0.015887,0.592556,0.804109,-0.047812,0.666941,0.739940,-0.087626,0.662780,0.742470,-0.097269,0.658157,0.742407,-0.125140,0.652038,0.738940,-0.169746,0.643142,0.730648,-0.229176,
		0.646997,0.686007,-0.332850,0.634951,0.671306,-0.382341,0.622817,0.654419,-0.428759,0.612260,0.635038,-0.471025,0.604322,0.612739,-0.509261
	],

	"faces": [
		32 ,0,1,5 ,0,1,5,
		32 ,5,1,6 ,5,1,6,
		32 ,5,6,10 ,5,6,10,
		32 ,10,6,11 ,10,6,11,
		32 ,10,11,15 ,10,11,15,
		32 ,15,11,16 ,15,11,16,
		32 ,15,16,20 ,15,16,20,
		32 ,20,16,21 ,20,16,21,
		32 ,1,2,6 ,1,2,6,
		32 ,6,2,7 ,6,2,7,
		32 ,6,7,11 ,6,7,11,
		32 ,11,7,12 ,11,7,12,
		32 ,11,12,16 ,11,12,16,
		32 ,16,12,17 ,16,12,17,
		32 ,16,17,21 ,16,17,21,
		32 ,21,17,22 ,21,17,22,
		32 ,2,3,7 ,2,3,7,
		32 ,7,3,8 ,7,3,8,
		32 ,7,8,12 ,7,8,12,
		32 ,12,8,13 ,12,8,13,
		32 ,12,13,17 ,12,13,17,
		32 ,17,13,18 ,17,13,18,
		32 ,17,18,22 ,17,18,22,
		32 ,22,18,23 ,22,18,23,
		32 ,3,4,8 ,3,4,8,
		32 ,8,4,9 ,8,4,9,
		32 ,8,9,13 ,8,9,13,
		32 ,13,9,14 ,13,9,14,
		32 ,13,14,18 ,13,14,18,
		32 ,18,14,19 ,18,14,19,
		32 ,18,19,23 ,18,19,23,
		32 ,23,19,24 ,23,19,24
	]

}
