{
	"metadata" : {
		"formatVersion" : 3,
		"description" : "Exported from LibZinc."
	},

	"vertices" : [
		303.392487,230.692993,-223.657700,298.822144,231.657852,-223.683609,294.360321,231.781021,-223.694199,289.932312,231.495728,-223.695435,285.463409,231.235199,-223.693298,303.322144,231.735626,-216.571655,298.773499,232.573456,-216.438492,294.294250,232.544250,-216.235092,289.856720,232.144806,-216.047195,285.433289,231.871964,-215.960526,
		303.273987,233.506989,-209.494110,298.807800,234.514374,-209.211578,294.323029,234.585022,-208.779175,289.847748,234.234360,-208.377457,285.410126,233.977753,-208.187012,303.344513,236.580292,-202.672592,298.953918,238.012650,-202.411026,294.461426,238.483276,-201.985855,289.923096,238.426559,-201.579742,285.394897,238.276855,-201.375381,
		303.630188,241.528702,-196.354599,299.240753,243.600357,-196.445023,294.724335,244.818909,-196.514572,290.100403,245.383575,-196.547546,285.388489,245.493500,-196.528305
	],

	"normals" : [
		0.311319,0.943342,-0.114832,0.104162,0.991366,-0.079643,-0.034474,0.998422,-0.044329,-0.077554,0.996759,-0.021398,-0.022978,0.999544,-0.019566,0.291912,0.941180,-0.170199,0.062706,0.981677,-0.179939,-0.073564,0.982742,-0.169724,-0.098433,0.982365,-0.158967,-0.010068,0.987708,-0.155988,
		0.322794,0.898100,-0.298696,0.064461,0.935198,-0.348209,-0.083261,0.926494,-0.366982,-0.107894,0.919847,-0.377148,-0.010048,0.924181,-0.381823,0.366224,0.796684,-0.480806,0.113515,0.815842,-0.567024,-0.038494,0.779270,-0.625505,-0.077915,0.741412,-0.666512,-0.014790,0.728505,-0.684881,
		0.390076,0.632027,-0.669614,0.230483,0.597838,-0.767767,0.104634,0.503642,-0.857553,0.028510,0.409508,-0.911861,-0.013859,0.368102,-0.929682
	],

	"faces": [
		32 ,0,1,5 ,0,1,5,
		32 ,5,1,6 ,5,1,6,
		32 ,5,6,10 ,5,6,10,
		32 ,10,6,11 ,10,6,11,
		32 ,10,11,15 ,10,11,15,
		32 ,15,11,16 ,15,11,16,
		32 ,15,16,20 ,15,16,20,
		32 ,20,16,21 ,20,16,21,
		32 ,1,2,6 ,1,2,6,
		32 ,6,2,7 ,6,2,7,
		32 ,6,7,11 ,6,7,11,
		32 ,11,7,12 ,11,7,12,
		32 ,11,12,16 ,11,12,16,
		32 ,16,12,17 ,16,12,17,
		32 ,16,17,21 ,16,17,21,
		32 ,21,17,22 ,21,17,22,
		32 ,2,3,7 ,2,3,7,
		32 ,7,3,8 ,7,3,8,
		32 ,7,8,12 ,7,8,12,
		32 ,12,8,13 ,12,8,13,
		32 ,12,13,17 ,12,13,17,
		32 ,17,13,18 ,17,13,18,
		32 ,17,18,22 ,17,18,22,
		32 ,22,18,23 ,22,18,23,
		32 ,3,4,8 ,3,4,8,
		32 ,8,4,9 ,8,4,9,
		32 ,8,9,13 ,8,9,13,
		32 ,13,9,14 ,13,9,14,
		32 ,13,14,18 ,13,14,18,
		32 ,18,14,19 ,18,14,19,
		32 ,18,19,23 ,18,19,23,
		32 ,23,19,24 ,23,19,24
	]

}
