{
	"metadata" : {
		"formatVersion" : 3,
		"description" : "Exported from LibZinc."
	},

	"vertices" : [
		266.943695,241.613693,-196.348297,262.717621,238.681747,-196.305527,258.727692,235.143951,-196.401733,254.939987,231.274963,-196.638046,251.320496,227.349396,-197.015594,265.410767,249.128098,-193.334457,261.039703,245.743759,-192.728561,256.904327,241.838242,-192.356323,253.002518,237.614380,-192.203568,249.332138,233.275055,-192.256088,
		262.529144,258.496552,-193.763016,257.999054,254.638123,-192.349136,253.723282,250.390411,-191.224136,249.682388,245.859863,-190.395401,245.857040,241.152924,-189.870255,259.358795,268.214355,-193.916855,254.682968,263.867584,-191.872437,250.275772,259.340759,-190.146210,246.064407,254.618179,-188.755478,241.976059,249.684113,-187.717545,
		256.959808,276.776794,-190.078796,252.178650,271.934845,-188.003616,247.652985,267.229523,-186.263565,243.233307,262.496094,-184.825775,238.770096,257.569702,-183.657394
	],

	"normals" : [
		-0.384492,0.630224,-0.674525,-0.492950,0.621341,-0.609045,-0.561160,0.606179,-0.563601,-0.597051,0.601250,-0.531064,-0.608580,0.616822,-0.499160,-0.178003,0.027353,-0.983650,-0.203318,0.106277,-0.973328,-0.239887,0.174578,-0.954975,-0.276895,0.232593,-0.932325,-0.307789,0.284305,-0.907985,
		-0.201418,-0.155787,-0.967037,-0.202429,-0.085722,-0.975538,-0.214059,-0.014949,-0.976706,-0.228008,0.051041,-0.972320,-0.237306,0.110469,-0.965133,-0.406939,-0.009410,-0.913407,-0.405949,0.025655,-0.913535,-0.399966,0.062970,-0.914364,-0.386898,0.100533,-0.916626,-0.366557,0.138275,-0.920063,
		-0.686106,0.413534,-0.598539,-0.675403,0.414104,-0.610204,-0.654165,0.404422,-0.639148,-0.622397,0.388841,-0.679283,-0.584136,0.373413,-0.720658
	],

	"faces": [
		32 ,0,1,5 ,0,1,5,
		32 ,5,1,6 ,5,1,6,
		32 ,5,6,10 ,5,6,10,
		32 ,10,6,11 ,10,6,11,
		32 ,10,11,15 ,10,11,15,
		32 ,15,11,16 ,15,11,16,
		32 ,15,16,20 ,15,16,20,
		32 ,20,16,21 ,20,16,21,
		32 ,1,2,6 ,1,2,6,
		32 ,6,2,7 ,6,2,7,
		32 ,6,7,11 ,6,7,11,
		32 ,11,7,12 ,11,7,12,
		32 ,11,12,16 ,11,12,16,
		32 ,16,12,17 ,16,12,17,
		32 ,16,17,21 ,16,17,21,
		32 ,21,17,22 ,21,17,22,
		32 ,2,3,7 ,2,3,7,
		32 ,7,3,8 ,7,3,8,
		32 ,7,8,12 ,7,8,12,
		32 ,12,8,13 ,12,8,13,
		32 ,12,13,17 ,12,13,17,
		32 ,17,13,18 ,17,13,18,
		32 ,17,18,22 ,17,18,22,
		32 ,22,18,23 ,22,18,23,
		32 ,3,4,8 ,3,4,8,
		32 ,8,4,9 ,8,4,9,
		32 ,8,9,13 ,8,9,13,
		32 ,13,9,14 ,13,9,14,
		32 ,13,14,18 ,13,14,18,
		32 ,18,14,19 ,18,14,19,
		32 ,18,19,23 ,18,19,23,
		32 ,23,19,24 ,23,19,24
	]

}
