{
	"metadata" : {
		"formatVersion" : 3,
		"description" : "Exported from LibZinc."
	},

	"vertices" : [
		251.320496,227.349396,-197.015594,247.751007,223.543930,-197.453079,244.132645,219.829269,-197.849640,240.460403,216.171097,-198.177063,236.729294,212.535095,-198.407196,249.332138,233.275055,-192.256088,245.781967,229.006409,-192.405106,242.238434,224.830719,-192.511978,238.695969,220.705002,-192.517746,235.149048,216.586319,-192.363419,
		245.857040,241.152924,-189.870255,242.194061,236.422577,-189.477768,238.653366,231.723801,-189.002335,235.235062,227.016113,-188.384323,231.939316,222.259018,-187.564117,241.976059,249.684113,-187.717545,238.054657,244.596619,-186.820755,234.401642,239.408096,-185.796646,231.030457,234.094269,-184.577393,227.954544,228.630859,-183.095108,
		238.770096,257.569702,-183.657394,234.431091,252.332779,-182.583694,230.507477,246.783203,-181.370895,227.034912,240.929321,-179.897537,224.049103,234.779495,-178.042206
	],

	"normals" : [
		-0.608580,0.616822,-0.499160,-0.614157,0.639694,-0.462172,-0.621993,0.658136,-0.424242,-0.633120,0.673202,-0.382044,-0.647370,0.685537,-0.333093,-0.307789,0.284305,-0.907985,-0.354984,0.327259,-0.875721,-0.415449,0.368419,-0.831667,-0.487140,0.407413,-0.772470,-0.565806,0.443799,-0.694915,
		-0.237306,0.110469,-0.965133,-0.297715,0.142759,-0.943920,-0.374534,0.173377,-0.910859,-0.466262,0.201976,-0.861282,-0.568954,0.228721,-0.789923,-0.366557,0.138275,-0.920063,-0.414555,0.139745,-0.899231,-0.478686,0.137092,-0.867217,-0.558608,0.130909,-0.819036,-0.651596,0.122628,-0.748588,
		-0.584136,0.373413,-0.720658,-0.610560,0.317185,-0.725679,-0.651027,0.257176,-0.714160,-0.705872,0.193802,-0.681312,-0.772952,0.129371,-0.621135
	],

	"faces": [
		32 ,0,1,5 ,0,1,5,
		32 ,5,1,6 ,5,1,6,
		32 ,5,6,10 ,5,6,10,
		32 ,10,6,11 ,10,6,11,
		32 ,10,11,15 ,10,11,15,
		32 ,15,11,16 ,15,11,16,
		32 ,15,16,20 ,15,16,20,
		32 ,20,16,21 ,20,16,21,
		32 ,1,2,6 ,1,2,6,
		32 ,6,2,7 ,6,2,7,
		32 ,6,7,11 ,6,7,11,
		32 ,11,7,12 ,11,7,12,
		32 ,11,12,16 ,11,12,16,
		32 ,16,12,17 ,16,12,17,
		32 ,16,17,21 ,16,17,21,
		32 ,21,17,22 ,21,17,22,
		32 ,2,3,7 ,2,3,7,
		32 ,7,3,8 ,7,3,8,
		32 ,7,8,12 ,7,8,12,
		32 ,12,8,13 ,12,8,13,
		32 ,12,13,17 ,12,13,17,
		32 ,17,13,18 ,17,13,18,
		32 ,17,18,22 ,17,18,22,
		32 ,22,18,23 ,22,18,23,
		32 ,3,4,8 ,3,4,8,
		32 ,8,4,9 ,8,4,9,
		32 ,8,9,13 ,8,9,13,
		32 ,13,9,14 ,13,9,14,
		32 ,13,14,18 ,13,14,18,
		32 ,18,14,19 ,18,14,19,
		32 ,18,19,23 ,18,19,23,
		32 ,23,19,24 ,23,19,24
	]

}
