{
	"metadata" : {
		"formatVersion" : 3,
		"description" : "Exported from LibZinc."
	},

	"vertices" : [
		236.729294,212.535095,-198.407196,232.716980,209.034256,-198.650848,228.578323,205.594116,-198.921173,224.874146,201.899246,-199.043579,222.165298,197.634201,-198.843399,235.149048,216.586319,-192.363419,231.257141,212.587479,-192.253326,227.149841,208.665970,-192.271683,223.526657,204.545837,-192.179337,221.087097,199.951111,-191.737167,
		231.939316,222.259018,-187.564117,228.331024,217.529221,-186.793091,224.477219,212.812683,-186.210022,221.131195,207.932892,-185.586441,219.046280,202.713333,-184.693878,227.954544,228.630859,-183.095108,224.731796,223.046814,-181.595047,221.343109,217.363022,-180.264847,218.436432,211.543198,-178.950226,216.659714,205.551056,-177.496887,
		224.049103,234.779495,-178.042206,221.252594,228.327637,-175.984161,218.530228,221.645767,-173.964859,216.191101,214.859512,-171.956085,214.544296,208.094498,-169.929596
	],

	"normals" : [
		-0.647370,0.685537,-0.333093,-0.589834,0.745435,-0.310519,-0.622264,0.729060,-0.285060,-0.742654,0.623406,-0.244602,-0.911123,0.382300,-0.153954,-0.565806,0.443799,-0.694915,-0.532994,0.559526,-0.634702,-0.588059,0.589494,-0.553790,-0.730403,0.509293,-0.455118,-0.915302,0.256142,-0.310827,
		-0.568954,0.228721,-0.789923,-0.564772,0.363164,-0.741042,-0.637864,0.421951,-0.644273,-0.775581,0.365053,-0.514986,-0.925109,0.132238,-0.355932,-0.651596,0.122628,-0.748588,-0.669052,0.231467,-0.706253,-0.746913,0.287961,-0.599332,-0.853373,0.248872,-0.458059,-0.942182,0.069305,-0.327857,
		-0.772952,0.129371,-0.621135,-0.809289,0.171893,-0.561697,-0.875869,0.204861,-0.436904,-0.933037,0.190224,-0.305378,-0.964221,0.096860,-0.246770
	],

	"faces": [
		32 ,0,1,5 ,0,1,5,
		32 ,5,1,6 ,5,1,6,
		32 ,5,6,10 ,5,6,10,
		32 ,10,6,11 ,10,6,11,
		32 ,10,11,15 ,10,11,15,
		32 ,15,11,16 ,15,11,16,
		32 ,15,16,20 ,15,16,20,
		32 ,20,16,21 ,20,16,21,
		32 ,1,2,6 ,1,2,6,
		32 ,6,2,7 ,6,2,7,
		32 ,6,7,11 ,6,7,11,
		32 ,11,7,12 ,11,7,12,
		32 ,11,12,16 ,11,12,16,
		32 ,16,12,17 ,16,12,17,
		32 ,16,17,21 ,16,17,21,
		32 ,21,17,22 ,21,17,22,
		32 ,2,3,7 ,2,3,7,
		32 ,7,3,8 ,7,3,8,
		32 ,7,8,12 ,7,8,12,
		32 ,12,8,13 ,12,8,13,
		32 ,12,13,17 ,12,13,17,
		32 ,17,13,18 ,17,13,18,
		32 ,17,18,22 ,17,18,22,
		32 ,22,18,23 ,22,18,23,
		32 ,3,4,8 ,3,4,8,
		32 ,8,4,9 ,8,4,9,
		32 ,8,9,13 ,8,9,13,
		32 ,13,9,14 ,13,9,14,
		32 ,13,14,18 ,13,14,18,
		32 ,18,14,19 ,18,14,19,
		32 ,18,19,23 ,18,19,23,
		32 ,23,19,24 ,23,19,24
	]

}
