{
	"metadata" : {
		"formatVersion" : 3,
		"description" : "Exported from LibZinc."
	},

	"vertices" : [
		221.073898,178.376099,-195.830994,221.034744,172.778442,-195.185059,221.221817,166.950104,-194.586227,221.917969,160.604767,-193.963669,223.406097,153.456207,-193.246506,221.465134,179.469482,-187.642090,221.443359,173.485764,-186.858109,221.774109,167.267380,-186.137344,222.632675,160.574051,-185.429626,224.194397,153.165512,-184.684799,
		220.261780,180.325089,-179.830505,220.547806,173.932266,-178.957794,221.157043,167.288971,-178.159180,222.200485,160.192520,-177.415237,223.789185,152.440186,-176.706482,217.839050,180.992447,-172.030121,218.603989,174.167358,-171.084000,219.597107,167.087128,-170.252472,220.886307,159.574249,-169.533005,222.539505,151.451172,-168.923004,
		214.572205,181.520996,-163.874802,215.867828,174.240417,-162.836609,217.320816,166.734070,-162.017914,218.955048,158.833282,-161.395416,220.794403,150.369400,-160.945801
	],

	"normals" : [
		-0.988477,0.028744,0.148614,-0.991460,0.009327,0.130080,-0.989012,-0.050836,0.138820,-0.978491,-0.137530,0.153756,-0.959523,-0.231800,0.159951,-0.998043,0.014929,-0.060725,-0.999122,-0.024795,-0.033773,-0.996049,-0.088539,-0.006864,-0.986203,-0.165387,0.007129,-0.969842,-0.243735,-0.000173,
		-0.971548,-0.057973,-0.229640,-0.979828,-0.087886,-0.179482,-0.981041,-0.131885,-0.142000,-0.974981,-0.183458,-0.125522,-0.962269,-0.235818,-0.135752,-0.932537,-0.142279,-0.331861,-0.947577,-0.154647,-0.279612,-0.955119,-0.174063,-0.239687,-0.955733,-0.197731,-0.217892,-0.949982,-0.222317,-0.219341,
		-0.904661,-0.212488,-0.369373,-0.920758,-0.212387,-0.327255,-0.932773,-0.214180,-0.289934,-0.940691,-0.216926,-0.260850,-0.944422,-0.219533,-0.244690
	],

	"faces": [
		32 ,0,1,5 ,0,1,5,
		32 ,5,1,6 ,5,1,6,
		32 ,5,6,10 ,5,6,10,
		32 ,10,6,11 ,10,6,11,
		32 ,10,11,15 ,10,11,15,
		32 ,15,11,16 ,15,11,16,
		32 ,15,16,20 ,15,16,20,
		32 ,20,16,21 ,20,16,21,
		32 ,1,2,6 ,1,2,6,
		32 ,6,2,7 ,6,2,7,
		32 ,6,7,11 ,6,7,11,
		32 ,11,7,12 ,11,7,12,
		32 ,11,12,16 ,11,12,16,
		32 ,16,12,17 ,16,12,17,
		32 ,16,17,21 ,16,17,21,
		32 ,21,17,22 ,21,17,22,
		32 ,2,3,7 ,2,3,7,
		32 ,7,3,8 ,7,3,8,
		32 ,7,8,12 ,7,8,12,
		32 ,12,8,13 ,12,8,13,
		32 ,12,13,17 ,12,13,17,
		32 ,17,13,18 ,17,13,18,
		32 ,17,18,22 ,17,18,22,
		32 ,22,18,23 ,22,18,23,
		32 ,3,4,8 ,3,4,8,
		32 ,8,4,9 ,8,4,9,
		32 ,8,9,13 ,8,9,13,
		32 ,13,9,14 ,13,9,14,
		32 ,13,14,18 ,13,14,18,
		32 ,18,14,19 ,18,14,19,
		32 ,18,19,23 ,18,19,23,
		32 ,23,19,24 ,23,19,24
	]

}
