{
	"metadata" : {
		"formatVersion" : 3,
		"description" : "Exported from LibZinc."
	},

	"vertices" : [
		243.445694,121.686501,-190.154694,252.308807,115.300385,-189.802322,262.605530,110.135834,-189.576019,273.775330,106.681015,-189.454819,285.257690,105.424103,-189.417694,243.210526,121.011841,-182.193237,252.073944,114.528351,-181.957870,262.470581,109.247574,-181.911743,273.749573,105.693039,-181.954758,285.260162,104.388260,-181.986755,
		242.566864,119.726074,-174.700363,251.510437,112.986320,-174.547348,262.045044,107.396675,-174.563507,273.515686,103.583588,-174.646484,285.267273,102.173485,-174.693924,241.360657,117.852745,-167.385117,250.492157,110.738312,-167.277267,261.281403,104.723976,-167.294495,273.089081,100.565025,-167.360611,285.275909,99.016777,-167.399429,
		239.437805,115.415398,-159.956497,248.892944,107.848381,-159.854111,260.131989,101.370316,-159.867889,272.485199,96.849731,-159.927719,285.282806,95.155159,-159.963501
	],

	"normals" : [
		-0.649721,-0.759145,-0.039518,-0.516400,-0.855141,-0.045452,-0.374929,-0.926081,-0.042456,-0.208256,-0.977118,-0.043243,0.000423,-0.998817,-0.048621,-0.650242,-0.748357,-0.130949,-0.514797,-0.843076,-0.155589,-0.374350,-0.909002,-0.183241,-0.209967,-0.955131,-0.208900,-0.000327,-0.975220,-0.221235,
		-0.644125,-0.727791,-0.235423,-0.516488,-0.813550,-0.267165,-0.379559,-0.873376,-0.305204,-0.214749,-0.916476,-0.337573,0.000150,-0.936377,-0.350995,-0.631267,-0.697844,-0.338401,-0.514476,-0.775917,-0.365059,-0.383192,-0.834290,-0.396389,-0.218687,-0.879131,-0.423444,0.000664,-0.900345,-0.435176,
		-0.613763,-0.664427,-0.426417,-0.506680,-0.741364,-0.440062,-0.382886,-0.803893,-0.455143,-0.221129,-0.853986,-0.470966,0.000530,-0.877156,-0.480205
	],

	"faces": [
		32 ,0,1,5 ,0,1,5,
		32 ,5,1,6 ,5,1,6,
		32 ,5,6,10 ,5,6,10,
		32 ,10,6,11 ,10,6,11,
		32 ,10,11,15 ,10,11,15,
		32 ,15,11,16 ,15,11,16,
		32 ,15,16,20 ,15,16,20,
		32 ,20,16,21 ,20,16,21,
		32 ,1,2,6 ,1,2,6,
		32 ,6,2,7 ,6,2,7,
		32 ,6,7,11 ,6,7,11,
		32 ,11,7,12 ,11,7,12,
		32 ,11,12,16 ,11,12,16,
		32 ,16,12,17 ,16,12,17,
		32 ,16,17,21 ,16,17,21,
		32 ,21,17,22 ,21,17,22,
		32 ,2,3,7 ,2,3,7,
		32 ,7,3,8 ,7,3,8,
		32 ,7,8,12 ,7,8,12,
		32 ,12,8,13 ,12,8,13,
		32 ,12,13,17 ,12,13,17,
		32 ,17,13,18 ,17,13,18,
		32 ,17,18,22 ,17,18,22,
		32 ,22,18,23 ,22,18,23,
		32 ,3,4,8 ,3,4,8,
		32 ,8,4,9 ,8,4,9,
		32 ,8,9,13 ,8,9,13,
		32 ,13,9,14 ,13,9,14,
		32 ,13,14,18 ,13,14,18,
		32 ,18,14,19 ,18,14,19,
		32 ,18,19,23 ,18,19,23,
		32 ,23,19,24 ,23,19,24
	]

}
