{
	"metadata" : {
		"formatVersion" : 3,
		"description" : "Exported from LibZinc."
	},

	"vertices" : [
		319.352112,227.335205,-196.905807,315.718689,231.245544,-196.544281,311.884857,235.081635,-196.353516,307.854187,238.592880,-196.301102,303.630188,241.528702,-196.354599,321.373779,233.355560,-192.166397,317.671539,237.657166,-192.131317,313.693573,241.807053,-192.324966,309.485931,245.648453,-192.733688,305.094635,249.024567,-193.343826,
		324.859924,241.316635,-189.790649,320.989929,245.966812,-190.346222,316.861053,250.390701,-191.209702,312.498108,254.541153,-192.365112,307.925873,258.371002,-193.796448,328.711212,249.892487,-187.623398,324.573181,254.764206,-188.705200,320.273041,259.364410,-190.147202,315.778473,263.777374,-191.918610,311.057220,268.087372,-193.988647,
		331.828186,257.757202,-183.509506,327.320618,262.639130,-184.724487,322.815277,267.260010,-186.276932,318.214813,271.863464,-188.117432,313.421906,276.693115,-190.196594
	],

	"normals" : [
		0.604322,0.612739,-0.509261,0.590646,0.600637,-0.538863,0.557130,0.607435,-0.566241,0.493814,0.623166,-0.606474,0.390076,0.632027,-0.669614,0.302590,0.280721,-0.910843,0.272885,0.229026,-0.934388,0.239687,0.172285,-0.955441,0.204876,0.105784,-0.973055,0.174857,0.027848,-0.984200,
		0.240201,0.108311,-0.964662,0.228727,0.049131,-0.972250,0.215545,-0.016786,-0.976350,0.204275,-0.087583,-0.974988,0.200291,-0.157962,-0.966919,0.373869,0.139688,-0.916902,0.390665,0.103167,-0.914733,0.400512,0.063592,-0.914082,0.404776,0.023589,-0.914112,0.406163,-0.011778,-0.913725,
		0.591117,0.383542,-0.709561,0.626441,0.399311,-0.669419,0.653303,0.411296,-0.635634,0.672720,0.415771,-0.612032,0.685790,0.410917,-0.600698
	],

	"faces": [
		32 ,0,1,5 ,0,1,5,
		32 ,5,1,6 ,5,1,6,
		32 ,5,6,10 ,5,6,10,
		32 ,10,6,11 ,10,6,11,
		32 ,10,11,15 ,10,11,15,
		32 ,15,11,16 ,15,11,16,
		32 ,15,16,20 ,15,16,20,
		32 ,20,16,21 ,20,16,21,
		32 ,1,2,6 ,1,2,6,
		32 ,6,2,7 ,6,2,7,
		32 ,6,7,11 ,6,7,11,
		32 ,11,7,12 ,11,7,12,
		32 ,11,12,16 ,11,12,16,
		32 ,16,12,17 ,16,12,17,
		32 ,16,17,21 ,16,17,21,
		32 ,21,17,22 ,21,17,22,
		32 ,2,3,7 ,2,3,7,
		32 ,7,3,8 ,7,3,8,
		32 ,7,8,12 ,7,8,12,
		32 ,12,8,13 ,12,8,13,
		32 ,12,13,17 ,12,13,17,
		32 ,17,13,18 ,17,13,18,
		32 ,17,18,22 ,17,18,22,
		32 ,22,18,23 ,22,18,23,
		32 ,3,4,8 ,3,4,8,
		32 ,8,4,9 ,8,4,9,
		32 ,8,9,13 ,8,9,13,
		32 ,13,9,14 ,13,9,14,
		32 ,13,14,18 ,13,14,18,
		32 ,18,14,19 ,18,14,19,
		32 ,18,19,23 ,18,19,23,
		32 ,23,19,24 ,23,19,24
	]

}
