{
	"metadata" : {
		"formatVersion" : 3,
		"description" : "Exported from LibZinc."
	},

	"vertices" : [
		256.959808,276.776794,-190.078796,252.178650,271.934845,-188.003616,247.652985,267.229523,-186.263565,243.233307,262.496094,-184.825775,238.770096,257.569702,-183.657394,256.158386,281.411560,-181.310532,251.372528,276.609100,-179.669220,246.618134,272.244659,-178.338104,241.868347,267.955536,-177.233047,237.096283,263.379089,-176.269867,
		256.418396,282.203156,-170.144211,251.695740,278.124908,-169.039673,246.639908,274.652618,-168.128845,241.534683,271.194427,-167.357330,236.663895,267.158447,-166.670776,256.756195,281.932068,-158.068390,252.052612,278.682983,-157.685974,246.867706,276.111664,-157.272446,241.646011,273.423492,-156.870605,236.832062,269.823914,-156.523209,
		256.188110,283.378693,-146.571701,251.347473,280.484100,-147.179123,246.450974,278.279968,-147.405640,241.615967,275.853455,-147.444839,236.959900,272.291687,-147.490295
	],

	"normals" : [
		-0.686106,0.413534,-0.598539,-0.675403,0.414104,-0.610204,-0.654165,0.404422,-0.639148,-0.622397,0.388841,-0.679283,-0.584136,0.373413,-0.720658,-0.748016,0.646463,-0.150190,-0.706204,0.680668,-0.194850,-0.680203,0.678965,-0.276279,-0.672828,0.649155,-0.354824,-0.689197,0.607032,-0.395625,
		-0.710330,0.702747,0.039729,-0.599768,0.799929,-0.019781,-0.558021,0.822190,-0.112325,-0.593721,0.781905,-0.190051,-0.696218,0.686615,-0.209380,-0.666270,0.745693,-0.005005,-0.487206,0.871020,-0.062887,-0.432412,0.892670,-0.127121,-0.511109,0.842875,-0.168314,-0.692702,0.704490,-0.154456,
		-0.531460,0.790124,-0.305375,-0.390813,0.852579,-0.346950,-0.374316,0.861331,-0.343505,-0.487316,0.818153,-0.305203,-0.675402,0.695918,-0.243988
	],

	"faces": [
		32 ,0,1,5 ,0,1,5,
		32 ,5,1,6 ,5,1,6,
		32 ,5,6,10 ,5,6,10,
		32 ,10,6,11 ,10,6,11,
		32 ,10,11,15 ,10,11,15,
		32 ,15,11,16 ,15,11,16,
		32 ,15,16,20 ,15,16,20,
		32 ,20,16,21 ,20,16,21,
		32 ,1,2,6 ,1,2,6,
		32 ,6,2,7 ,6,2,7,
		32 ,6,7,11 ,6,7,11,
		32 ,11,7,12 ,11,7,12,
		32 ,11,12,16 ,11,12,16,
		32 ,16,12,17 ,16,12,17,
		32 ,16,17,21 ,16,17,21,
		32 ,21,17,22 ,21,17,22,
		32 ,2,3,7 ,2,3,7,
		32 ,7,3,8 ,7,3,8,
		32 ,7,8,12 ,7,8,12,
		32 ,12,8,13 ,12,8,13,
		32 ,12,13,17 ,12,13,17,
		32 ,17,13,18 ,17,13,18,
		32 ,17,18,22 ,17,18,22,
		32 ,22,18,23 ,22,18,23,
		32 ,3,4,8 ,3,4,8,
		32 ,8,4,9 ,8,4,9,
		32 ,8,9,13 ,8,9,13,
		32 ,13,9,14 ,13,9,14,
		32 ,13,14,18 ,13,14,18,
		32 ,18,14,19 ,18,14,19,
		32 ,18,19,23 ,18,19,23,
		32 ,23,19,24 ,23,19,24
	]

}
