{
	"metadata" : {
		"formatVersion" : 3,
		"description" : "Exported from LibZinc."
	},

	"vertices" : [
		214.544296,208.094498,-169.929596,213.645340,201.521072,-168.050064,213.347000,195.063446,-166.457687,213.654282,188.477966,-165.087555,214.572205,181.520996,-163.874802,212.732651,210.264496,-161.616180,211.248230,203.272888,-159.403488,210.404617,196.458862,-157.438660,210.393005,189.503357,-155.755798,211.404541,182.087357,-154.389053,
		211.038422,212.214005,-152.777084,209.129379,204.933868,-150.259079,208.063263,197.871719,-147.680847,207.969070,190.625336,-145.400116,208.975830,182.792511,-143.774643,209.750015,213.921478,-144.090179,207.645432,206.411438,-141.397278,206.561234,199.157135,-138.345062,206.435410,191.697784,-135.500687,207.205917,183.572586,-133.431305,
		209.155899,215.365295,-136.233307,207.153000,207.613052,-133.598434,206.136856,200.170258,-130.592087,205.844925,192.574585,-127.537712,206.014694,184.363693,-124.758797
	],

	"normals" : [
		-0.964221,0.096860,-0.246770,-0.957802,0.012166,-0.287170,-0.935184,-0.078863,-0.345270,-0.910490,-0.155653,-0.383119,-0.904661,-0.212488,-0.369373,-0.959172,0.156064,-0.235866,-0.960756,0.087220,-0.263324,-0.963250,-0.007124,-0.268513,-0.958851,-0.118307,-0.258085,-0.942866,-0.230189,-0.240867,
		-0.951712,0.222920,-0.211072,-0.967683,0.125211,-0.218885,-0.979873,0.013229,-0.199183,-0.978793,-0.104420,-0.176240,-0.962139,-0.211010,-0.172518,-0.948337,0.272106,-0.163144,-0.977477,0.152848,-0.145519,-0.992488,0.031680,-0.118171,-0.991166,-0.078168,-0.107143,-0.978048,-0.159339,-0.134288,
		-0.955692,0.285526,-0.071607,-0.982222,0.187427,-0.010496,-0.995851,0.089175,0.018125,-0.999879,-0.003546,-0.015174,-0.990606,-0.070068,-0.117433
	],

	"faces": [
		32 ,0,1,5 ,0,1,5,
		32 ,5,1,6 ,5,1,6,
		32 ,5,6,10 ,5,6,10,
		32 ,10,6,11 ,10,6,11,
		32 ,10,11,15 ,10,11,15,
		32 ,15,11,16 ,15,11,16,
		32 ,15,16,20 ,15,16,20,
		32 ,20,16,21 ,20,16,21,
		32 ,1,2,6 ,1,2,6,
		32 ,6,2,7 ,6,2,7,
		32 ,6,7,11 ,6,7,11,
		32 ,11,7,12 ,11,7,12,
		32 ,11,12,16 ,11,12,16,
		32 ,16,12,17 ,16,12,17,
		32 ,16,17,21 ,16,17,21,
		32 ,21,17,22 ,21,17,22,
		32 ,2,3,7 ,2,3,7,
		32 ,7,3,8 ,7,3,8,
		32 ,7,8,12 ,7,8,12,
		32 ,12,8,13 ,12,8,13,
		32 ,12,13,17 ,12,13,17,
		32 ,17,13,18 ,17,13,18,
		32 ,17,18,22 ,17,18,22,
		32 ,22,18,23 ,22,18,23,
		32 ,3,4,8 ,3,4,8,
		32 ,8,4,9 ,8,4,9,
		32 ,8,9,13 ,8,9,13,
		32 ,13,9,14 ,13,9,14,
		32 ,13,14,18 ,13,14,18,
		32 ,18,14,19 ,18,14,19,
		32 ,18,19,23 ,18,19,23,
		32 ,23,19,24 ,23,19,24
	]

}
