{
	"metadata" : {
		"formatVersion" : 3,
		"description" : "Exported from LibZinc."
	},

	"vertices" : [
		220.794403,150.369400,-160.945801,223.240494,141.423523,-160.617035,226.921051,132.402557,-160.357590,232.199142,123.626511,-160.144928,239.437805,115.415398,-159.956497,218.794708,149.359070,-152.581528,221.101959,140.044952,-152.483734,224.484695,130.590439,-152.416061,229.538467,121.337036,-152.330887,236.858780,112.626297,-152.180618,
		216.674316,148.416855,-144.020508,218.707306,138.705750,-144.142212,221.771622,128.832809,-144.211578,226.627014,119.116028,-144.199539,234.033203,109.873360,-144.077087,214.621780,147.462418,-135.449738,216.405289,137.402039,-135.721497,219.215759,127.239388,-135.852539,223.906464,117.183548,-135.853561,231.330750,107.443649,-135.735245,
		212.825699,146.415405,-127.056198,214.544693,136.130005,-127.350624,217.251038,125.919853,-127.447365,221.818573,115.759682,-127.395576,229.121094,105.624199,-127.244400
	],

	"normals" : [
		-0.944422,-0.219533,-0.244690,-0.910931,-0.311388,-0.270631,-0.842461,-0.424467,-0.331794,-0.740075,-0.545721,-0.393036,-0.613763,-0.664427,-0.426417,-0.944228,-0.207137,-0.255984,-0.914843,-0.268449,-0.301658,-0.852728,-0.375867,-0.362739,-0.751953,-0.511493,-0.415862,-0.615794,-0.650552,-0.444500,
		-0.951745,-0.173256,-0.253305,-0.926786,-0.224938,-0.300783,-0.872143,-0.338275,-0.353464,-0.775404,-0.490986,-0.397090,-0.634461,-0.645911,-0.424568,-0.961009,-0.142044,-0.237243,-0.943053,-0.194972,-0.269513,-0.897867,-0.317449,-0.305058,-0.808228,-0.483374,-0.336327,-0.669835,-0.645800,-0.366420,
		-0.969129,-0.134056,-0.206926,-0.960150,-0.189998,-0.204971,-0.924672,-0.316797,-0.211235,-0.845264,-0.484857,-0.224593,-0.720498,-0.642047,-0.262028
	],

	"faces": [
		32 ,0,1,5 ,0,1,5,
		32 ,5,1,6 ,5,1,6,
		32 ,5,6,10 ,5,6,10,
		32 ,10,6,11 ,10,6,11,
		32 ,10,11,15 ,10,11,15,
		32 ,15,11,16 ,15,11,16,
		32 ,15,16,20 ,15,16,20,
		32 ,20,16,21 ,20,16,21,
		32 ,1,2,6 ,1,2,6,
		32 ,6,2,7 ,6,2,7,
		32 ,6,7,11 ,6,7,11,
		32 ,11,7,12 ,11,7,12,
		32 ,11,12,16 ,11,12,16,
		32 ,16,12,17 ,16,12,17,
		32 ,16,17,21 ,16,17,21,
		32 ,21,17,22 ,21,17,22,
		32 ,2,3,7 ,2,3,7,
		32 ,7,3,8 ,7,3,8,
		32 ,7,8,12 ,7,8,12,
		32 ,12,8,13 ,12,8,13,
		32 ,12,13,17 ,12,13,17,
		32 ,17,13,18 ,17,13,18,
		32 ,17,18,22 ,17,18,22,
		32 ,22,18,23 ,22,18,23,
		32 ,3,4,8 ,3,4,8,
		32 ,8,4,9 ,8,4,9,
		32 ,8,9,13 ,8,9,13,
		32 ,13,9,14 ,13,9,14,
		32 ,13,14,18 ,13,14,18,
		32 ,18,14,19 ,18,14,19,
		32 ,18,19,23 ,18,19,23,
		32 ,23,19,24 ,23,19,24
	]

}
