{
	"metadata" : {
		"formatVersion" : 3,
		"description" : "Exported from LibZinc."
	},

	"vertices" : [
		313.421906,276.693115,-190.196594,307.735565,281.340332,-192.087814,300.831909,285.032104,-193.413162,293.179199,287.465271,-194.196320,285.245697,288.336792,-194.460999,314.337952,281.452576,-181.161179,308.354889,286.343048,-183.117294,301.192780,290.125641,-184.549240,293.319244,292.563660,-185.426086,285.201935,293.420380,-185.716980,
		314.344421,282.365753,-169.485580,307.946442,287.094147,-171.938324,300.760895,290.937469,-173.644730,293.079681,293.516083,-174.634766,285.194702,294.450287,-174.938370,314.205902,282.055176,-157.239426,307.473114,286.366455,-160.234589,300.347626,290.071869,-162.473801,292.903320,292.662872,-163.865952,285.214081,293.630951,-164.319916,
		314.687103,283.143494,-146.492401,307.897705,286.932709,-149.689835,300.764252,290.132996,-152.810608,293.232910,292.344360,-155.163284,285.250000,293.166901,-156.056396
	],

	"normals" : [
		0.685790,0.410917,-0.600698,0.516612,0.522228,-0.678520,0.355587,0.597901,-0.718382,0.188717,0.646623,-0.739097,0.000386,0.665511,-0.746388,0.739164,0.651918,-0.169230,0.572612,0.799074,-0.183293,0.401850,0.890452,-0.213571,0.215357,0.945665,-0.243598,-0.001926,0.966499,-0.256665,
		0.644125,0.764695,0.018566,0.522676,0.850453,0.059495,0.391714,0.918343,0.056628,0.223415,0.974077,0.035480,-0.001757,0.999718,0.023686,0.563302,0.826250,0.001276,0.493366,0.868422,0.049331,0.387765,0.918575,0.076542,0.226839,0.969402,0.093825,-0.001053,0.994747,0.102361,
		0.582101,0.762137,-0.283383,0.532428,0.808294,-0.251358,0.414950,0.886807,-0.203443,0.225391,0.966302,-0.124340,-0.001204,0.997519,-0.070383
	],

	"faces": [
		32 ,0,1,5 ,0,1,5,
		32 ,5,1,6 ,5,1,6,
		32 ,5,6,10 ,5,6,10,
		32 ,10,6,11 ,10,6,11,
		32 ,10,11,15 ,10,11,15,
		32 ,15,11,16 ,15,11,16,
		32 ,15,16,20 ,15,16,20,
		32 ,20,16,21 ,20,16,21,
		32 ,1,2,6 ,1,2,6,
		32 ,6,2,7 ,6,2,7,
		32 ,6,7,11 ,6,7,11,
		32 ,11,7,12 ,11,7,12,
		32 ,11,12,16 ,11,12,16,
		32 ,16,12,17 ,16,12,17,
		32 ,16,17,21 ,16,17,21,
		32 ,21,17,22 ,21,17,22,
		32 ,2,3,7 ,2,3,7,
		32 ,7,3,8 ,7,3,8,
		32 ,7,8,12 ,7,8,12,
		32 ,12,8,13 ,12,8,13,
		32 ,12,13,17 ,12,13,17,
		32 ,17,13,18 ,17,13,18,
		32 ,17,18,22 ,17,18,22,
		32 ,22,18,23 ,22,18,23,
		32 ,3,4,8 ,3,4,8,
		32 ,8,4,9 ,8,4,9,
		32 ,8,9,13 ,8,9,13,
		32 ,13,9,14 ,13,9,14,
		32 ,13,14,18 ,13,14,18,
		32 ,18,14,19 ,18,14,19,
		32 ,18,19,23 ,18,19,23,
		32 ,23,19,24 ,23,19,24
	]

}
