{
	"metadata" : {
		"formatVersion" : 3,
		"description" : "Exported from LibZinc."
	},

	"vertices" : [
		314.687103,283.143494,-146.492401,308.195526,286.664368,-146.155670,300.219116,289.856384,-146.139175,293.455231,292.172668,-146.261963,290.601196,293.066315,-146.343094,314.697174,283.169128,-146.402786,308.329346,286.834534,-145.818314,300.625397,290.160034,-145.607193,293.955719,292.601654,-145.586151,290.690826,293.615326,-145.571869,
		314.687103,283.143494,-146.492401,308.616730,287.138000,-145.274277,301.526886,290.780640,-144.398911,295.069061,293.521179,-143.819931,290.894653,294.809479,-143.490936,314.677032,283.117859,-146.582016,308.914642,287.442383,-144.560318,302.452728,291.389679,-142.683624,296.212524,294.413971,-141.222946,291.115234,295.969330,-140.449371,
		314.687103,283.143494,-146.492401,309.080200,287.615173,-143.713211,302.932007,291.658722,-140.630600,296.803345,294.762634,-138.054871,291.255096,296.415497,-136.796295
	],

	"normals" : [
		0.521519,0.777846,-0.350676,0.391997,0.884393,-0.253351,0.334145,0.911281,-0.240655,0.303760,0.923522,-0.234174,-0.000000,-0.000000,0.000000,0.521519,0.777846,-0.350676,0.324933,0.734338,-0.595958,0.274959,0.719272,-0.638000,0.252087,0.738996,-0.624770,0.074858,0.827118,-0.557021,
		0.521519,0.777846,-0.350676,0.345280,0.753864,-0.558991,0.305139,0.776057,-0.551929,0.266881,0.816872,-0.511366,0.096254,0.889561,-0.446561,0.521519,0.777846,-0.350676,0.419068,0.812453,-0.405341,0.370429,0.851488,-0.371147,0.303996,0.898301,-0.317242,0.123566,0.956448,-0.264460,
		0.521519,0.777846,-0.350676,0.555368,0.826773,-0.089512,0.499622,0.866043,-0.018640,0.387184,0.921919,0.012410,0.149605,0.988206,0.032666
	],

	"faces": [
		32 ,0,1,5 ,0,1,5,
		32 ,5,1,6 ,5,1,6,
		32 ,5,6,10 ,5,6,10,
		32 ,10,6,11 ,10,6,11,
		32 ,10,11,15 ,10,11,15,
		32 ,15,11,16 ,15,11,16,
		32 ,15,16,20 ,15,16,20,
		32 ,20,16,21 ,20,16,21,
		32 ,1,2,6 ,1,2,6,
		32 ,6,2,7 ,6,2,7,
		32 ,6,7,11 ,6,7,11,
		32 ,11,7,12 ,11,7,12,
		32 ,11,12,16 ,11,12,16,
		32 ,16,12,17 ,16,12,17,
		32 ,16,17,21 ,16,17,21,
		32 ,21,17,22 ,21,17,22,
		32 ,2,3,7 ,2,3,7,
		32 ,7,3,8 ,7,3,8,
		32 ,7,8,12 ,7,8,12,
		32 ,12,8,13 ,12,8,13,
		32 ,12,13,17 ,12,13,17,
		32 ,17,13,18 ,17,13,18,
		32 ,17,18,22 ,17,18,22,
		32 ,22,18,23 ,22,18,23,
		32 ,3,4,8 ,3,4,8,
		32 ,8,4,9 ,8,4,9,
		32 ,8,9,13 ,8,9,13,
		32 ,13,9,14 ,13,9,14,
		32 ,13,14,18 ,13,14,18,
		32 ,18,14,19 ,18,14,19,
		32 ,18,19,23 ,18,19,23,
		32 ,23,19,24 ,23,19,24
	]

}
