{
	"metadata" : {
		"formatVersion" : 3,
		"description" : "Exported from LibZinc."
	},

	"vertices" : [
		206.014694,184.363693,-124.758797,206.794556,180.371429,-125.040962,208.661911,170.555283,-125.702675,210.908401,158.156265,-126.466805,212.825699,146.415405,-127.056198,205.269928,178.882248,-116.409309,206.799133,172.802505,-117.050003,208.324127,164.668289,-117.795517,209.857849,155.191879,-118.488777,211.413300,145.085480,-118.972717,
		204.583878,172.411530,-108.652214,207.008423,167.159668,-109.369019,208.215927,160.461136,-110.113113,209.006119,152.528625,-110.737183,210.178680,143.574844,-111.093895,203.387878,166.305908,-100.852890,206.575851,163.384903,-101.510086,207.549057,157.864426,-102.307144,207.797379,150.548706,-102.976204,208.810745,142.241959,-103.249413,
		201.113205,161.919693,-92.376701,204.654877,161.420181,-92.985313,205.535187,156.808823,-94.029282,205.675797,149.634308,-94.970024,206.998398,141.445297,-95.268929
	],

	"normals" : [
		0.000000,-0.000000,0.000000,-0.960526,-0.170726,-0.219642,-0.961108,-0.165036,-0.221437,-0.964180,-0.155907,-0.214593,-0.969129,-0.134056,-0.206926,-0.923722,-0.263664,-0.277883,-0.972429,-0.192059,-0.132266,-0.980723,-0.158259,-0.114616,-0.976918,-0.142158,-0.159446,-0.972610,-0.144146,-0.182348,
		-0.736001,-0.473860,-0.483486,-0.956964,-0.249238,-0.148662,-0.990750,-0.108848,-0.081031,-0.985017,-0.089578,-0.147366,-0.968715,-0.164689,-0.185660,-0.276738,-0.766936,-0.578986,-0.909876,-0.340932,-0.236412,-0.986852,-0.035883,-0.157594,-0.978646,-0.033957,-0.202728,-0.953125,-0.211719,-0.216165,
		0.337986,-0.919485,-0.200781,-0.830469,-0.452118,-0.325438,-0.946181,0.027477,-0.322470,-0.947335,-0.020516,-0.319586,-0.920495,-0.293767,-0.257663
	],

	"faces": [
		32 ,0,1,5 ,0,1,5,
		32 ,5,1,6 ,5,1,6,
		32 ,5,6,10 ,5,6,10,
		32 ,10,6,11 ,10,6,11,
		32 ,10,11,15 ,10,11,15,
		32 ,15,11,16 ,15,11,16,
		32 ,15,16,20 ,15,16,20,
		32 ,20,16,21 ,20,16,21,
		32 ,1,2,6 ,1,2,6,
		32 ,6,2,7 ,6,2,7,
		32 ,6,7,11 ,6,7,11,
		32 ,11,7,12 ,11,7,12,
		32 ,11,12,16 ,11,12,16,
		32 ,16,12,17 ,16,12,17,
		32 ,16,17,21 ,16,17,21,
		32 ,21,17,22 ,21,17,22,
		32 ,2,3,7 ,2,3,7,
		32 ,7,3,8 ,7,3,8,
		32 ,7,8,12 ,7,8,12,
		32 ,12,8,13 ,12,8,13,
		32 ,12,13,17 ,12,13,17,
		32 ,17,13,18 ,17,13,18,
		32 ,17,18,22 ,17,18,22,
		32 ,22,18,23 ,22,18,23,
		32 ,3,4,8 ,3,4,8,
		32 ,8,4,9 ,8,4,9,
		32 ,8,9,13 ,8,9,13,
		32 ,13,9,14 ,13,9,14,
		32 ,13,14,18 ,13,14,18,
		32 ,18,14,19 ,18,14,19,
		32 ,18,19,23 ,18,19,23,
		32 ,23,19,24 ,23,19,24
	]

}
