{
	"metadata" : {
		"formatVersion" : 3,
		"description" : "Exported from LibZinc."
	},

	"vertices" : [
		364.485291,184.363693,-124.758797,364.492493,184.500549,-124.790337,364.491699,184.485352,-124.786835,364.487701,184.409317,-124.769310,364.485291,184.363693,-124.758797,365.141663,178.776031,-116.487740,366.134003,179.702545,-117.558296,367.230042,180.185455,-119.494354,367.835938,180.250168,-122.151314,367.357880,179.922104,-125.384590,
		365.756226,172.319717,-108.755463,367.976776,174.484024,-111.338814,369.961761,175.752899,-114.829239,371.208893,176.330948,-118.951271,371.215973,176.422821,-123.429459,366.894714,166.207458,-100.978462,369.942566,168.889999,-105.343117,372.506378,170.845490,-110.223190,374.378357,172.223160,-115.208870,375.350739,173.172287,-119.890350,
		369.122803,161.651993,-92.573227,371.953156,162.965485,-98.782410,374.683441,165.121078,-105.107910,377.116058,167.498352,-110.963821,379.053406,169.476898,-115.764198
	],

	"normals" : [
		-0.933007,-0.346799,-0.096068,-0.933007,-0.346799,-0.096068,-0.933007,-0.346799,-0.096068,-0.933007,-0.346799,-0.096068,-0.933007,-0.346799,-0.096068,0.559255,-0.632274,-0.536156,-0.238870,-0.802468,-0.546796,-0.584027,-0.743633,-0.325458,-0.755258,-0.655328,-0.011435,-0.732326,-0.587609,0.344113,
		0.287169,-0.716232,-0.636039,-0.264117,-0.755445,-0.599621,-0.552907,-0.724667,-0.411280,-0.681438,-0.713975,-0.160879,-0.669871,-0.731391,0.127831,0.070242,-0.813487,-0.577325,-0.355294,-0.736644,-0.575432,-0.555806,-0.682645,-0.474421,-0.593811,-0.726755,-0.345276,-0.500183,-0.842025,-0.202016,
		-0.301159,-0.920676,-0.248311,-0.550817,-0.704845,-0.446984,-0.602524,-0.626480,-0.494457,-0.526863,-0.684888,-0.503333,-0.412713,-0.782541,-0.466152
	],

	"faces": [
		32 ,0,1,5 ,0,1,5,
		32 ,5,1,6 ,5,1,6,
		32 ,5,6,10 ,5,6,10,
		32 ,10,6,11 ,10,6,11,
		32 ,10,11,15 ,10,11,15,
		32 ,15,11,16 ,15,11,16,
		32 ,15,16,20 ,15,16,20,
		32 ,20,16,21 ,20,16,21,
		32 ,1,2,6 ,1,2,6,
		32 ,6,2,7 ,6,2,7,
		32 ,6,7,11 ,6,7,11,
		32 ,11,7,12 ,11,7,12,
		32 ,11,12,16 ,11,12,16,
		32 ,16,12,17 ,16,12,17,
		32 ,16,17,21 ,16,17,21,
		32 ,21,17,22 ,21,17,22,
		32 ,2,3,7 ,2,3,7,
		32 ,7,3,8 ,7,3,8,
		32 ,7,8,12 ,7,8,12,
		32 ,12,8,13 ,12,8,13,
		32 ,12,13,17 ,12,13,17,
		32 ,17,13,18 ,17,13,18,
		32 ,17,18,22 ,17,18,22,
		32 ,22,18,23 ,22,18,23,
		32 ,3,4,8 ,3,4,8,
		32 ,8,4,9 ,8,4,9,
		32 ,8,9,13 ,8,9,13,
		32 ,13,9,14 ,13,9,14,
		32 ,13,14,18 ,13,14,18,
		32 ,18,14,19 ,18,14,19,
		32 ,18,19,23 ,18,19,23,
		32 ,23,19,24 ,23,19,24
	]

}
