{
	"metadata" : {
		"formatVersion" : 3,
		"description" : "Exported from LibZinc."
	},

	"vertices" : [
		364.485291,184.363693,-124.758797,364.733459,192.665070,-127.244949,364.419708,200.249542,-130.308365,363.349854,207.639923,-133.463455,361.329803,215.358994,-136.224594,365.044617,184.674469,-118.537857,364.728455,192.976044,-121.319099,364.245728,200.819305,-124.218056,363.270477,208.590485,-127.036034,361.476807,216.675873,-129.574310,
		365.163940,184.359665,-113.947754,364.612793,192.733307,-116.381279,364.122620,201.038589,-118.978493,363.274200,209.409836,-121.518524,361.648315,217.981430,-123.780464,365.200073,183.743530,-109.912697,364.474762,192.221985,-111.901337,364.020020,201.066605,-114.175560,363.325470,210.123352,-116.445747,361.880707,219.238129,-118.422264,
		365.509888,183.150299,-105.356903,364.402649,191.727142,-107.349121,363.907623,201.062576,-109.395134,363.388885,210.756393,-111.352531,362.210388,220.408401,-113.078903
	],

	"normals" : [
		0.990571,-0.078026,-0.112606,0.999923,-0.004180,-0.011657,0.995075,0.097156,0.019676,0.980821,0.194662,-0.009847,0.956567,0.282789,-0.070781,0.998317,0.023050,-0.053208,0.998741,0.048119,0.014149,0.995388,0.093956,0.019344,0.986860,0.160498,-0.018637,0.966364,0.245492,-0.076638,
		0.996207,0.086770,0.006506,0.997198,0.065264,0.036550,0.996736,0.078166,0.020164,0.991237,0.129650,-0.025286,0.971714,0.219945,-0.086001,0.992446,0.122436,-0.007775,0.997141,0.066814,0.035287,0.997955,0.060073,0.021832,0.994519,0.101247,-0.026101,0.976034,0.195330,-0.095943,
		0.980187,0.175914,-0.091032,0.996860,0.078726,0.008505,0.998558,0.047193,0.025609,0.997194,0.072355,-0.019202,0.981611,0.160891,-0.102732
	],

	"faces": [
		32 ,0,1,5 ,0,1,5,
		32 ,5,1,6 ,5,1,6,
		32 ,5,6,10 ,5,6,10,
		32 ,10,6,11 ,10,6,11,
		32 ,10,11,15 ,10,11,15,
		32 ,15,11,16 ,15,11,16,
		32 ,15,16,20 ,15,16,20,
		32 ,20,16,21 ,20,16,21,
		32 ,1,2,6 ,1,2,6,
		32 ,6,2,7 ,6,2,7,
		32 ,6,7,11 ,6,7,11,
		32 ,11,7,12 ,11,7,12,
		32 ,11,12,16 ,11,12,16,
		32 ,16,12,17 ,16,12,17,
		32 ,16,17,21 ,16,17,21,
		32 ,21,17,22 ,21,17,22,
		32 ,2,3,7 ,2,3,7,
		32 ,7,3,8 ,7,3,8,
		32 ,7,8,12 ,7,8,12,
		32 ,12,8,13 ,12,8,13,
		32 ,12,13,17 ,12,13,17,
		32 ,17,13,18 ,17,13,18,
		32 ,17,18,22 ,17,18,22,
		32 ,22,18,23 ,22,18,23,
		32 ,3,4,8 ,3,4,8,
		32 ,8,4,9 ,8,4,9,
		32 ,8,9,13 ,8,9,13,
		32 ,13,9,14 ,13,9,14,
		32 ,13,14,18 ,13,14,18,
		32 ,18,14,19 ,18,14,19,
		32 ,18,19,23 ,18,19,23,
		32 ,23,19,24 ,23,19,24
	]

}
