{
	"metadata" : {
		"formatVersion" : 3,
		"description" : "Exported from LibZinc."
	},

	"vertices" : [
		349.412689,249.164200,-144.531097,345.511078,255.869324,-145.735123,341.717194,262.002808,-146.722595,337.805115,267.488647,-147.393784,333.548889,272.250885,-147.649002,349.350159,251.547546,-137.382187,345.525421,258.365448,-138.530838,341.872101,264.521698,-139.507065,338.051575,270.026764,-140.145981,333.725281,274.891022,-140.282730,
		349.906921,253.970490,-131.048264,346.054474,260.915863,-132.108093,342.302826,267.103790,-132.966232,338.336090,272.573425,-133.543060,333.838409,277.364014,-133.758957,350.840668,256.289337,-125.179268,346.875061,263.312683,-126.183273,342.868195,269.457703,-126.949501,338.574341,274.806580,-127.467857,333.747772,279.441528,-127.728287,
		351.909210,258.360291,-119.425102,347.764038,265.348114,-120.472786,343.427032,271.292236,-121.306267,338.682007,276.404144,-121.803215,333.312805,280.895203,-121.841301
	],

	"normals" : [
		0.869078,0.485430,-0.095194,0.863191,0.490992,-0.117596,0.836025,0.524371,-0.161545,0.777530,0.592941,-0.209447,0.675699,0.694747,-0.246491,0.867418,0.454557,-0.202396,0.864733,0.455455,-0.211656,0.837832,0.496507,-0.226976,0.774958,0.580620,-0.249641,0.663330,0.694788,-0.277962,
		0.859890,0.426345,-0.280748,0.850597,0.444531,-0.280851,0.820937,0.502736,-0.270776,0.757647,0.596954,-0.263849,0.651434,0.709908,-0.267701,0.855013,0.412761,-0.313975,0.833454,0.458905,-0.307832,0.795067,0.538539,-0.279004,0.728164,0.642225,-0.239425,0.629127,0.750119,-0.203768,
		0.857241,0.422910,-0.293745,0.822455,0.496258,-0.278020,0.766156,0.599466,-0.231616,0.684907,0.712248,-0.153639,0.590333,0.803263,-0.079222
	],

	"faces": [
		32 ,0,1,5 ,0,1,5,
		32 ,5,1,6 ,5,1,6,
		32 ,5,6,10 ,5,6,10,
		32 ,10,6,11 ,10,6,11,
		32 ,10,11,15 ,10,11,15,
		32 ,15,11,16 ,15,11,16,
		32 ,15,16,20 ,15,16,20,
		32 ,20,16,21 ,20,16,21,
		32 ,1,2,6 ,1,2,6,
		32 ,6,2,7 ,6,2,7,
		32 ,6,7,11 ,6,7,11,
		32 ,11,7,12 ,11,7,12,
		32 ,11,12,16 ,11,12,16,
		32 ,16,12,17 ,16,12,17,
		32 ,16,17,21 ,16,17,21,
		32 ,21,17,22 ,21,17,22,
		32 ,2,3,7 ,2,3,7,
		32 ,7,3,8 ,7,3,8,
		32 ,7,8,12 ,7,8,12,
		32 ,12,8,13 ,12,8,13,
		32 ,12,13,17 ,12,13,17,
		32 ,17,13,18 ,17,13,18,
		32 ,17,18,22 ,17,18,22,
		32 ,22,18,23 ,22,18,23,
		32 ,3,4,8 ,3,4,8,
		32 ,8,4,9 ,8,4,9,
		32 ,8,9,13 ,8,9,13,
		32 ,13,9,14 ,13,9,14,
		32 ,13,14,18 ,13,14,18,
		32 ,18,14,19 ,18,14,19,
		32 ,18,19,23 ,18,19,23,
		32 ,23,19,24 ,23,19,24
	]

}
