{
	"metadata" : {
		"formatVersion" : 3,
		"description" : "Exported from LibZinc."
	},

	"vertices" : [
		333.548889,272.250885,-147.649002,328.977875,275.757080,-147.580612,324.291260,278.133270,-147.356262,319.518005,280.291443,-146.989136,314.687103,283.143494,-146.492401,333.725281,274.891022,-140.282730,328.903534,278.551666,-139.816772,323.934662,280.995728,-138.886307,318.986938,283.058228,-137.684479,314.228729,285.574341,-136.404480,
		333.838409,277.364014,-133.758957,328.206421,281.113464,-132.783203,321.856720,283.739990,-130.527374,316.003418,285.702911,-128.025330,311.860565,287.461670,-126.310913,333.747772,279.441528,-127.728287,327.180450,283.200623,-126.430702,319.366699,285.930603,-123.374611,312.614258,287.726532,-120.199341,309.230927,288.683502,-118.544235,
		333.312805,280.895203,-121.841301,326.119568,284.571259,-120.710068,317.773773,287.132111,-118.523094,310.866333,288.630188,-116.394150,307.988098,289.117889,-115.436996
	],

	"normals" : [
		0.675699,0.694747,-0.246491,0.483963,0.820243,-0.304928,0.366214,0.867259,-0.337268,0.389530,0.857655,-0.335699,0.538979,0.791899,-0.287050,0.663330,0.694788,-0.277962,0.456899,0.843203,-0.283288,0.330985,0.910136,-0.249201,0.355737,0.916348,-0.183730,0.528800,0.843925,-0.090334,
		0.651434,0.709908,-0.267701,0.370910,0.890235,-0.264402,0.240594,0.943905,-0.226183,0.260374,0.953433,-0.152217,0.535674,0.844259,0.016753,0.629127,0.750119,-0.203768,0.324439,0.921897,-0.211765,0.190818,0.960019,-0.204821,0.159784,0.972712,-0.168225,0.543217,0.835329,0.084505,
		0.590333,0.803263,-0.079222,0.332795,0.937579,-0.100963,0.208748,0.970681,-0.119179,0.138733,0.981562,-0.131490,0.000000,-0.000000,-0.000000
	],

	"faces": [
		32 ,0,1,5 ,0,1,5,
		32 ,5,1,6 ,5,1,6,
		32 ,5,6,10 ,5,6,10,
		32 ,10,6,11 ,10,6,11,
		32 ,10,11,15 ,10,11,15,
		32 ,15,11,16 ,15,11,16,
		32 ,15,16,20 ,15,16,20,
		32 ,20,16,21 ,20,16,21,
		32 ,1,2,6 ,1,2,6,
		32 ,6,2,7 ,6,2,7,
		32 ,6,7,11 ,6,7,11,
		32 ,11,7,12 ,11,7,12,
		32 ,11,12,16 ,11,12,16,
		32 ,16,12,17 ,16,12,17,
		32 ,16,17,21 ,16,17,21,
		32 ,21,17,22 ,21,17,22,
		32 ,2,3,7 ,2,3,7,
		32 ,7,3,8 ,7,3,8,
		32 ,7,8,12 ,7,8,12,
		32 ,12,8,13 ,12,8,13,
		32 ,12,13,17 ,12,13,17,
		32 ,17,13,18 ,17,13,18,
		32 ,17,18,22 ,17,18,22,
		32 ,22,18,23 ,22,18,23,
		32 ,3,4,8 ,3,4,8,
		32 ,8,4,9 ,8,4,9,
		32 ,8,9,13 ,8,9,13,
		32 ,13,9,14 ,13,9,14,
		32 ,13,14,18 ,13,14,18,
		32 ,18,14,19 ,18,14,19,
		32 ,18,19,23 ,18,19,23,
		32 ,23,19,24 ,23,19,24
	]

}
