{
	"metadata" : {
		"formatVersion" : 3,
		"description" : "Exported from LibZinc."
	},

	"vertices" : [
		314.687103,283.143494,-146.492401,309.080200,287.615173,-143.713211,302.932007,291.658722,-140.630600,296.803345,294.762634,-138.054871,291.255096,296.415497,-136.796295,314.228729,285.574341,-136.404480,308.995972,289.829468,-132.948105,302.770721,292.959839,-131.907318,296.560913,295.039246,-132.078598,291.374481,296.141449,-132.258453,
		311.860565,287.461670,-126.310913,307.676819,290.501129,-124.217186,301.625183,293.097900,-124.687050,295.582397,294.995392,-126.107613,291.425140,295.936951,-126.865936,309.230927,288.683502,-118.544235,306.094604,290.444519,-118.215851,300.183533,292.966064,-119.302193,294.275146,295.254761,-120.729202,291.146912,296.317139,-121.422821,
		307.988098,289.117889,-115.436996,305.221161,290.474030,-115.639534,299.133850,293.457489,-116.085098,293.046539,296.440979,-116.530670,290.279602,297.797089,-116.733200
	],

	"normals" : [
		0.554472,0.781574,-0.285838,0.470965,0.839293,-0.271622,0.409027,0.883039,-0.230083,0.345307,0.930866,-0.119378,0.149605,0.988206,0.032666,0.726149,0.687048,-0.025921,0.510896,0.856882,-0.068829,0.375074,0.926510,-0.029986,0.258145,0.965732,0.026866,0.148164,0.987189,0.059212,
		0.852218,0.494788,0.170028,0.470907,0.878426,0.081327,0.321563,0.942327,0.092826,0.248404,0.967289,0.051463,0.144561,0.989495,0.001476,0.902057,0.313477,0.296691,0.400149,0.902926,0.156858,0.351996,0.930283,0.103310,0.351507,0.935916,-0.022439,0.136926,0.979891,-0.145135,
		0.000000,0.000000,0.000000,0.435474,0.840286,-0.322926,0.435474,0.840286,-0.322926,0.435474,0.840286,-0.322926,0.728109,0.670926,-0.140412
	],

	"faces": [
		32 ,0,1,5 ,0,1,5,
		32 ,5,1,6 ,5,1,6,
		32 ,5,6,10 ,5,6,10,
		32 ,10,6,11 ,10,6,11,
		32 ,10,11,15 ,10,11,15,
		32 ,15,11,16 ,15,11,16,
		32 ,15,16,20 ,15,16,20,
		32 ,20,16,21 ,20,16,21,
		32 ,1,2,6 ,1,2,6,
		32 ,6,2,7 ,6,2,7,
		32 ,6,7,11 ,6,7,11,
		32 ,11,7,12 ,11,7,12,
		32 ,11,12,16 ,11,12,16,
		32 ,16,12,17 ,16,12,17,
		32 ,16,17,21 ,16,17,21,
		32 ,21,17,22 ,21,17,22,
		32 ,2,3,7 ,2,3,7,
		32 ,7,3,8 ,7,3,8,
		32 ,7,8,12 ,7,8,12,
		32 ,12,8,13 ,12,8,13,
		32 ,12,13,17 ,12,13,17,
		32 ,17,13,18 ,17,13,18,
		32 ,17,18,22 ,17,18,22,
		32 ,22,18,23 ,22,18,23,
		32 ,3,4,8 ,3,4,8,
		32 ,8,4,9 ,8,4,9,
		32 ,8,9,13 ,8,9,13,
		32 ,13,9,14 ,13,9,14,
		32 ,13,14,18 ,13,14,18,
		32 ,18,14,19 ,18,14,19,
		32 ,18,19,23 ,18,19,23,
		32 ,23,19,24 ,23,19,24
	]

}
