{
	"metadata" : {
		"formatVersion" : 3,
		"description" : "Exported from LibZinc."
	},

	"vertices" : [
		290.279602,297.797089,-116.733200,288.707855,297.797089,-116.733200,285.250000,297.797089,-116.733200,281.792145,297.797089,-116.733200,280.220398,297.797089,-116.733200,289.461273,301.090912,-114.317383,287.971619,300.954132,-114.364418,285.217651,300.914001,-114.383789,282.462616,300.970184,-114.370110,280.969696,301.122314,-114.318008,
		289.466766,305.730377,-114.114296,287.600098,305.489777,-114.247986,285.226624,305.405884,-114.302475,282.849365,305.490723,-114.262688,280.971344,305.756287,-114.113525,290.241028,310.457275,-114.555931,287.716400,310.632507,-114.735367,285.252502,310.675903,-114.808769,282.781403,310.611877,-114.755302,280.235138,310.464722,-114.554161,
		291.729004,314.013306,-114.074303,288.443726,315.610809,-114.178040,285.271027,316.127258,-114.222160,282.087769,315.586700,-114.192352,278.770996,314.013306,-114.074303
	],

	"normals" : [
		0.000000,-0.000000,0.000000,0.000000,0.877484,-0.479606,0.000000,0.875623,-0.482996,0.000000,0.873755,-0.486365,0.000000,-0.872905,0.487890,0.026890,0.245734,-0.968964,0.005209,0.237285,-0.971426,0.001862,0.232988,-0.972478,-0.002822,0.235183,-0.971947,-0.048494,0.246885,-0.967831,
		0.134004,-0.087712,-0.987091,0.050353,-0.090642,-0.994610,0.004053,-0.098438,-0.995135,-0.048591,-0.092379,-0.994538,-0.162368,-0.088656,-0.982739,0.079608,-0.075991,-0.993926,0.050064,-0.049965,-0.997495,0.005724,-0.043926,-0.999018,-0.047288,-0.049660,-0.997646,-0.101634,-0.081042,-0.991515,
		0.250841,0.341001,-0.905979,0.122110,0.303595,-0.944944,0.001345,0.302093,-0.953278,-0.121343,0.305669,-0.944374,-0.250580,0.339496,-0.906615
	],

	"faces": [
		32 ,0,1,5 ,0,1,5,
		32 ,5,1,6 ,5,1,6,
		32 ,5,6,10 ,5,6,10,
		32 ,10,6,11 ,10,6,11,
		32 ,10,11,15 ,10,11,15,
		32 ,15,11,16 ,15,11,16,
		32 ,15,16,20 ,15,16,20,
		32 ,20,16,21 ,20,16,21,
		32 ,1,2,6 ,1,2,6,
		32 ,6,2,7 ,6,2,7,
		32 ,6,7,11 ,6,7,11,
		32 ,11,7,12 ,11,7,12,
		32 ,11,12,16 ,11,12,16,
		32 ,16,12,17 ,16,12,17,
		32 ,16,17,21 ,16,17,21,
		32 ,21,17,22 ,21,17,22,
		32 ,2,3,7 ,2,3,7,
		32 ,7,3,8 ,7,3,8,
		32 ,7,8,12 ,7,8,12,
		32 ,12,8,13 ,12,8,13,
		32 ,12,13,17 ,12,13,17,
		32 ,17,13,18 ,17,13,18,
		32 ,17,18,22 ,17,18,22,
		32 ,22,18,23 ,22,18,23,
		32 ,3,4,8 ,3,4,8,
		32 ,8,4,9 ,8,4,9,
		32 ,8,9,13 ,8,9,13,
		32 ,13,9,14 ,13,9,14,
		32 ,13,14,18 ,13,14,18,
		32 ,18,14,19 ,18,14,19,
		32 ,18,19,23 ,18,19,23,
		32 ,23,19,24 ,23,19,24
	]

}
