{
	"metadata" : {
		"formatVersion" : 3,
		"description" : "Exported from LibZinc."
	},

	"vertices" : [
		291.729004,314.013306,-114.074303,288.443726,315.610809,-114.178040,285.271027,316.127258,-114.222160,282.087769,315.586700,-114.192352,278.770996,314.013306,-114.074303,293.045502,316.155151,-112.682243,289.100220,319.063965,-112.505898,285.273865,320.025848,-112.448944,281.436005,319.054169,-112.507164,277.456238,316.162201,-112.676346,
		293.542908,317.458313,-111.179062,289.145935,320.539246,-110.628517,285.270020,321.565155,-110.441528,281.384827,320.540375,-110.617287,276.960083,317.469208,-111.154968,293.522583,317.892761,-109.176476,288.917145,320.627228,-108.366920,285.261047,321.539429,-108.088661,281.600067,320.629181,-108.343437,276.980164,317.896362,-109.133011,
		293.285797,317.428406,-106.286201,288.750092,319.918518,-105.542122,285.248474,320.743011,-105.279060,281.747589,319.904541,-105.506348,277.214203,317.405792,-106.233299
	],

	"normals" : [
		0.250841,0.341001,-0.905979,0.122110,0.303595,-0.944944,0.001345,0.302093,-0.953278,-0.121343,0.305669,-0.944374,-0.250580,0.339496,-0.906615,0.386645,0.451832,-0.803961,0.253150,0.553597,-0.793376,-0.000809,0.586251,-0.810129,-0.252502,0.554392,-0.793027,-0.385050,0.456271,-0.802217,
		0.545036,0.718212,-0.432558,0.417511,0.870288,-0.261310,-0.000439,0.960721,-0.277514,-0.415211,0.870315,-0.264863,-0.543315,0.721870,-0.428617,0.565333,0.823586,0.045875,0.430908,0.882782,0.187121,0.000993,0.978244,0.207457,-0.428817,0.884118,0.185613,-0.564201,0.824093,0.050474,
		0.540270,0.802790,0.252265,0.410581,0.875493,0.254824,-0.000475,0.958299,0.285769,-0.411388,0.874201,0.257938,-0.540787,0.800072,0.259681
	],

	"faces": [
		32 ,0,1,5 ,0,1,5,
		32 ,5,1,6 ,5,1,6,
		32 ,5,6,10 ,5,6,10,
		32 ,10,6,11 ,10,6,11,
		32 ,10,11,15 ,10,11,15,
		32 ,15,11,16 ,15,11,16,
		32 ,15,16,20 ,15,16,20,
		32 ,20,16,21 ,20,16,21,
		32 ,1,2,6 ,1,2,6,
		32 ,6,2,7 ,6,2,7,
		32 ,6,7,11 ,6,7,11,
		32 ,11,7,12 ,11,7,12,
		32 ,11,12,16 ,11,12,16,
		32 ,16,12,17 ,16,12,17,
		32 ,16,17,21 ,16,17,21,
		32 ,21,17,22 ,21,17,22,
		32 ,2,3,7 ,2,3,7,
		32 ,7,3,8 ,7,3,8,
		32 ,7,8,12 ,7,8,12,
		32 ,12,8,13 ,12,8,13,
		32 ,12,13,17 ,12,13,17,
		32 ,17,13,18 ,17,13,18,
		32 ,17,18,22 ,17,18,22,
		32 ,22,18,23 ,22,18,23,
		32 ,3,4,8 ,3,4,8,
		32 ,8,4,9 ,8,4,9,
		32 ,8,9,13 ,8,9,13,
		32 ,13,9,14 ,13,9,14,
		32 ,13,14,18 ,13,14,18,
		32 ,18,14,19 ,18,14,19,
		32 ,18,19,23 ,18,19,23,
		32 ,23,19,24 ,23,19,24
	]

}
