{
	"metadata" : {
		"formatVersion" : 3,
		"description" : "Exported from LibZinc."
	},

	"vertices" : [
		278.770996,314.013306,-114.074303,275.682495,310.906769,-113.844719,273.406158,306.475952,-113.715393,272.151978,301.808594,-114.024620,272.130005,297.992401,-115.110703,277.456238,316.162201,-112.676346,273.407867,311.619385,-113.000397,270.033051,306.233582,-113.530006,268.204559,300.825928,-114.271149,268.795135,296.217499,-115.229790,
		276.960083,317.469208,-111.154968,272.141998,311.890350,-112.108261,268.044281,304.663574,-113.326996,265.587524,297.774841,-114.504570,265.692474,293.210022,-115.334389,276.980164,317.896362,-109.133011,271.696472,311.721283,-110.678818,267.176392,302.780243,-112.720612,264.164185,294.516968,-114.537521,263.404053,290.375122,-115.408714,
		277.214203,317.405792,-106.233299,271.882782,311.113831,-108.222572,267.165985,301.597870,-111.325096,263.797729,292.913879,-114.182655,262.511902,289.117889,-115.436996
	],

	"normals" : [
		-0.250580,0.339496,-0.906615,-0.283104,0.138098,-0.949095,-0.067292,0.032686,-0.997198,0.059857,0.134299,-0.989131,-0.062835,0.452512,-0.889542,-0.385050,0.456271,-0.802217,-0.316279,0.313876,-0.895237,-0.117757,0.170613,-0.978276,-0.038124,0.168190,-0.985017,-0.123621,0.198523,-0.972269,
		-0.543315,0.721870,-0.428617,-0.657013,0.538943,-0.527138,-0.719066,0.426623,-0.548577,-0.325307,0.231048,-0.916947,-0.113320,0.129043,-0.985143,-0.564201,0.824093,0.050474,-0.855480,0.514090,0.062173,-0.913912,0.336871,0.226457,-0.951088,0.298952,-0.077836,-0.103153,0.099738,-0.989652,
		-0.540787,0.800072,0.259681,-0.864931,0.441948,0.237857,-0.919133,0.313202,0.238953,-0.936924,0.251828,0.242396,-0.000000,-0.000000,-0.000000
	],

	"faces": [
		32 ,0,1,5 ,0,1,5,
		32 ,5,1,6 ,5,1,6,
		32 ,5,6,10 ,5,6,10,
		32 ,10,6,11 ,10,6,11,
		32 ,10,11,15 ,10,11,15,
		32 ,15,11,16 ,15,11,16,
		32 ,15,16,20 ,15,16,20,
		32 ,20,16,21 ,20,16,21,
		32 ,1,2,6 ,1,2,6,
		32 ,6,2,7 ,6,2,7,
		32 ,6,7,11 ,6,7,11,
		32 ,11,7,12 ,11,7,12,
		32 ,11,12,16 ,11,12,16,
		32 ,16,12,17 ,16,12,17,
		32 ,16,17,21 ,16,17,21,
		32 ,21,17,22 ,21,17,22,
		32 ,2,3,7 ,2,3,7,
		32 ,7,3,8 ,7,3,8,
		32 ,7,8,12 ,7,8,12,
		32 ,12,8,13 ,12,8,13,
		32 ,12,13,17 ,12,13,17,
		32 ,17,13,18 ,17,13,18,
		32 ,17,18,22 ,17,18,22,
		32 ,22,18,23 ,22,18,23,
		32 ,3,4,8 ,3,4,8,
		32 ,8,4,9 ,8,4,9,
		32 ,8,9,13 ,8,9,13,
		32 ,13,9,14 ,13,9,14,
		32 ,13,14,18 ,13,14,18,
		32 ,18,14,19 ,18,14,19,
		32 ,18,19,23 ,18,19,23,
		32 ,23,19,24 ,23,19,24
	]

}
