{
	"metadata" : {
		"formatVersion" : 3,
		"description" : "Exported from LibZinc."
	},

	"vertices" : [
		192.783401,176.067596,-116.684601,190.881500,174.654785,-118.640450,190.074677,172.963791,-119.462799,190.293213,171.180161,-118.675896,191.467407,169.489395,-115.804001,190.717804,172.828659,-112.434105,187.989975,171.390427,-113.668175,186.555801,169.528091,-114.281540,186.567368,167.463974,-113.658737,188.176804,165.420410,-111.184303,
		188.964111,169.571564,-107.477142,185.488205,167.973389,-107.790977,183.340729,165.984238,-107.924644,182.993774,163.851349,-107.368912,184.919449,161.821991,-105.614525,187.347290,166.844864,-101.883675,183.217621,165.026733,-101.270012,180.382538,162.951630,-100.818642,179.653351,160.895523,-100.261131,181.841400,159.134415,-99.329033,
		185.692307,165.197098,-95.723663,181.019684,163.173523,-94.366402,177.634323,161.049652,-93.390045,176.627075,159.149704,-92.790123,179.088806,157.797897,-92.562172
	],

	"normals" : [
		-0.603726,0.759540,0.242104,-0.731925,0.678546,-0.062129,-0.813417,0.160639,-0.559060,-0.090283,-0.718632,-0.689505,0.412311,-0.781368,-0.468470,-0.440179,0.803046,0.401696,-0.660139,0.737553,0.142242,-0.889944,0.342478,-0.301179,-0.412951,-0.617837,-0.669141,0.136152,-0.828557,-0.543099,
		-0.309062,0.860485,0.405026,-0.539290,0.811924,0.223487,-0.842938,0.524446,-0.120046,-0.638790,-0.506109,-0.579483,-0.099806,-0.852579,-0.512980,-0.277105,0.919118,0.280062,-0.457015,0.872289,0.173924,-0.745228,0.664436,-0.056213,-0.780792,-0.407117,-0.473941,-0.228079,-0.893838,-0.386050,
		-0.340154,0.939358,0.043618,-0.451622,0.892205,-0.002820,-0.674489,0.726656,-0.130524,-0.852991,-0.367984,-0.370127,-0.204411,-0.967818,-0.146784
	],

	"faces": [
		32 ,0,1,5 ,0,1,5,
		32 ,5,1,6 ,5,1,6,
		32 ,5,6,10 ,5,6,10,
		32 ,10,6,11 ,10,6,11,
		32 ,10,11,15 ,10,11,15,
		32 ,15,11,16 ,15,11,16,
		32 ,15,16,20 ,15,16,20,
		32 ,20,16,21 ,20,16,21,
		32 ,1,2,6 ,1,2,6,
		32 ,6,2,7 ,6,2,7,
		32 ,6,7,11 ,6,7,11,
		32 ,11,7,12 ,11,7,12,
		32 ,11,12,16 ,11,12,16,
		32 ,16,12,17 ,16,12,17,
		32 ,16,17,21 ,16,17,21,
		32 ,21,17,22 ,21,17,22,
		32 ,2,3,7 ,2,3,7,
		32 ,7,3,8 ,7,3,8,
		32 ,7,8,12 ,7,8,12,
		32 ,12,8,13 ,12,8,13,
		32 ,12,13,17 ,12,13,17,
		32 ,17,13,18 ,17,13,18,
		32 ,17,18,22 ,17,18,22,
		32 ,22,18,23 ,22,18,23,
		32 ,3,4,8 ,3,4,8,
		32 ,8,4,9 ,8,4,9,
		32 ,8,9,13 ,8,9,13,
		32 ,13,9,14 ,13,9,14,
		32 ,13,14,18 ,13,14,18,
		32 ,18,14,19 ,18,14,19,
		32 ,18,19,23 ,18,19,23,
		32 ,23,19,24 ,23,19,24
	]

}
