{
	"metadata" : {
		"formatVersion" : 3,
		"description" : "Exported from LibZinc."
	},

	"vertices" : [
		185.692307,165.197098,-95.723663,181.019684,163.173523,-94.366402,177.634323,161.049652,-93.390045,176.627075,159.149704,-92.790123,179.088806,157.797897,-92.562172,183.866577,165.066086,-88.776199,178.829178,162.972000,-86.865891,175.185104,160.711563,-85.405777,174.150833,158.741547,-84.732239,176.942841,157.518646,-85.181656,
		182.252411,166.405319,-81.419594,177.156784,164.413849,-79.028870,173.650040,161.923096,-77.084076,172.877502,159.572617,-76.334793,175.984528,158.001953,-77.530640,181.446976,169.036957,-74.622673,176.707840,167.272415,-71.828476,173.771515,164.632355,-69.528397,173.513611,161.857040,-68.758949,176.809723,159.686737,-70.556656,
		182.047501,172.783096,-69.354248,178.187622,171.320999,-66.237831,176.291885,168.787430,-63.842209,176.765625,165.808899,-63.165863,180.014206,163.011902,-65.207260
	],

	"normals" : [
		-0.340154,0.939358,0.043618,-0.451622,0.892205,-0.002820,-0.674489,0.726656,-0.130524,-0.852991,-0.367984,-0.370127,-0.204411,-0.967818,-0.146784,-0.382523,0.907452,-0.173802,-0.495938,0.844835,-0.200745,-0.690157,0.691873,-0.212120,-0.900104,-0.384458,-0.204949,-0.140831,-0.989677,-0.026584,
		-0.375734,0.872985,-0.311001,-0.558814,0.771028,-0.305356,-0.777820,0.587951,-0.222059,-0.903189,-0.428088,0.031474,-0.117285,-0.984472,0.130614,-0.383930,0.814172,-0.435571,-0.634514,0.697553,-0.332883,-0.871479,0.482028,-0.090412,-0.777437,-0.466650,0.421699,-0.043816,-0.927867,0.370329,
		-0.467950,0.698746,-0.541089,-0.712525,0.657403,-0.245214,-0.854153,0.417218,0.310405,-0.372811,-0.370234,0.850846,0.110902,-0.754701,0.646627
	],

	"faces": [
		32 ,0,1,5 ,0,1,5,
		32 ,5,1,6 ,5,1,6,
		32 ,5,6,10 ,5,6,10,
		32 ,10,6,11 ,10,6,11,
		32 ,10,11,15 ,10,11,15,
		32 ,15,11,16 ,15,11,16,
		32 ,15,16,20 ,15,16,20,
		32 ,20,16,21 ,20,16,21,
		32 ,1,2,6 ,1,2,6,
		32 ,6,2,7 ,6,2,7,
		32 ,6,7,11 ,6,7,11,
		32 ,11,7,12 ,11,7,12,
		32 ,11,12,16 ,11,12,16,
		32 ,16,12,17 ,16,12,17,
		32 ,16,17,21 ,16,17,21,
		32 ,21,17,22 ,21,17,22,
		32 ,2,3,7 ,2,3,7,
		32 ,7,3,8 ,7,3,8,
		32 ,7,8,12 ,7,8,12,
		32 ,12,8,13 ,12,8,13,
		32 ,12,13,17 ,12,13,17,
		32 ,17,13,18 ,17,13,18,
		32 ,17,18,22 ,17,18,22,
		32 ,22,18,23 ,22,18,23,
		32 ,3,4,8 ,3,4,8,
		32 ,8,4,9 ,8,4,9,
		32 ,8,9,13 ,8,9,13,
		32 ,13,9,14 ,13,9,14,
		32 ,13,14,18 ,13,14,18,
		32 ,18,14,19 ,18,14,19,
		32 ,18,19,23 ,18,19,23,
		32 ,23,19,24 ,23,19,24
	]

}
