{
	"metadata" : {
		"formatVersion" : 3,
		"description" : "Exported from LibZinc."
	},

	"materials" : [ {
	"DbgColor" : 15658734,
	"DbgIndex" : 0,
	"DbgName" : "my_material",
	"colorDiffuse" : [1, 0, 0],
	"colorSpecular" : [0.1, 0.1, 0.1],
	"shading" : "Phong",
	"specularCoef" : 20,
	"opacity" : 1,
	"vertexColors" : true
	}],

	"vertices" : [
		285.305115,239.810699,44.104721,283.449799,239.806961,44.091190,281.594788,239.754395,44.035465,279.742981,239.638794,43.935188,277.897369,239.446045,43.788017,276.060822,239.161957,43.591595,274.236298,238.772400,43.343578,285.303528,231.574615,47.427284,283.731903,231.570908,47.410023,282.158264,231.526123,47.360981,
		280.587769,231.427414,47.273300,279.025543,231.261917,47.140125,277.476807,231.016754,46.954605,275.946655,230.679062,46.709888,285.302277,223.179962,50.082718,284.029419,223.174515,50.057438,282.753693,223.136154,50.009544,281.480774,223.054550,49.932926,280.216309,222.919357,49.821465,278.965973,222.720230,49.669041,
		277.735413,222.446838,49.469547,285.301117,214.666336,52.248001,284.338409,214.658890,52.215424,283.373077,214.626907,52.168083,282.410034,214.563187,52.103378,281.454163,214.460541,52.018715,280.510406,214.311768,51.911491,279.583618,214.109680,51.779110,285.299774,206.073395,54.100113,284.654999,206.065201,54.065975,
		284.008453,206.040848,54.023514,283.363525,205.996338,53.973965,282.723602,205.927612,53.918560,282.092072,205.830688,53.858540,281.472290,205.701523,53.795132,285.297913,197.440781,55.816040,284.975250,197.434570,55.791088,284.651855,197.420441,55.762764,284.329285,197.396973,55.733990,284.009155,197.362747,55.707684,
		283.693024,197.316345,55.686768,283.382507,197.256348,55.674164,285.295288,188.808105,57.572762,285.295288,188.808105,57.572762,285.295288,188.808105,57.572762,285.295288,188.808105,57.572762,285.295288,188.808105,57.572762,285.295288,188.808105,57.572762,285.295288,188.808105,57.572762,274.236298,238.772400,43.343578,
		272.464417,238.274689,43.060806,270.760529,237.670105,42.771366,269.089539,236.950394,42.489784,267.416412,236.107361,42.230587,265.706177,235.132736,42.008301,263.923706,234.018295,41.837448,275.946655,230.679062,46.709888,274.463165,230.250259,46.428047,273.033020,229.734467,46.144035,271.629395,229.122940,45.870312,
		270.225342,228.406937,45.619331,268.794037,227.577698,45.403545,267.308533,226.626480,45.235416,277.735413,222.446838,49.469547,276.544525,222.098267,49.230469,275.395447,221.676727,48.975311,274.267059,221.176590,48.721985,273.138336,220.592194,48.488396,271.988129,219.917908,48.292446,270.795410,219.148056,48.152046,
		279.583618,214.109680,51.779110,278.688446,213.848373,51.607105,277.825287,213.526062,51.399506,276.977539,213.141647,51.181438,276.128601,212.694061,50.978031,275.261902,212.182205,50.814415,274.360901,211.605026,50.715717,281.472290,205.701523,53.795132,280.874939,205.530273,53.697006,280.300171,205.311630,53.550934,
		279.735748,205.048401,53.385296,279.169373,204.743393,53.228474,278.588776,204.399445,53.108849,277.981628,204.019363,53.054810,283.382507,197.256348,55.674164,283.083893,197.173630,55.639214,282.797668,197.062592,55.563915,282.516693,196.927124,55.470192,282.233856,196.771118,55.379967,281.942078,196.598465,55.315163,
		281.634247,196.413055,55.297699,285.295288,188.808105,57.572762,285.295288,188.808105,57.572762,285.295288,188.808105,57.572762,285.295288,188.808105,57.572762,285.295288,188.808105,57.572762,285.295288,188.808105,57.572762,285.295288,188.808105,57.572762,263.923706,234.018295,41.837448,262.111938,232.778885,41.707611,
		260.328278,231.413467,41.602646,258.559326,229.889999,41.528507,256.791840,228.176453,41.491146,255.012436,226.240799,41.496517,253.207794,224.050995,41.550571,267.308533,226.626480,45.235416,265.791321,225.572556,45.120953,264.279968,224.421295,45.052826,262.770264,223.143127,45.023499,261.258118,221.708435,45.025421,
		259.739349,220.087631,45.051048,258.209839,218.251114,45.092831,270.795410,219.148056,48.152046,269.572510,218.298080,48.071972,268.345856,217.370865,48.037518,267.115448,216.341919,48.037373,265.881195,215.186768,48.060223,264.643158,213.880905,48.094746,263.401245,212.399857,48.129627,274.360901,211.605026,50.715717,
		273.434479,210.969940,50.676666,272.503174,210.273254,50.669289,271.567688,209.497101,50.684685,270.628784,208.623672,50.713951,269.687225,207.635117,50.748188,268.743744,206.513580,50.778488,277.981628,204.019363,53.054810,277.356293,203.602585,53.051033,276.729065,203.139526,53.060707,276.099854,202.619385,53.079987,
		275.468536,202.031387,53.105019,274.834991,201.364731,53.131954,274.199127,200.608643,53.156944,281.634247,196.413055,55.297699,281.316864,196.210480,55.311066,281.000702,195.980774,55.324341,280.684753,195.719482,55.337826,280.368134,195.422119,55.351818,280.049896,195.084229,55.366619,279.729065,194.701355,55.382526,
		285.295288,188.808105,57.572762,285.295288,188.808105,57.572762,285.295288,188.808105,57.572762,285.295288,188.808105,57.572762,285.295288,188.808105,57.572762,285.295288,188.808105,57.572762,285.295288,188.808105,57.572762
	],