{
	"metadata" : {
		"formatVersion" : 3,
		"description" : "Exported from LibZinc."
	},

	"materials" : [ {
	"DbgColor" : 15658734,
	"DbgIndex" : 0,
	"DbgName" : "my_material",
	"colorDiffuse" : [1, 0, 0],
	"colorSpecular" : [0.1, 0.1, 0.1],
	"shading" : "Phong",
	"specularCoef" : 20,
	"opacity" : 1,
	"vertexColors" : true
	}],

	"vertices" : [
		16.024210,142.737793,-846.079285,14.858491,144.253616,-846.311890,13.529774,145.732758,-846.642212,12.040847,147.132797,-847.011658,10.394498,148.411316,-847.361450,8.593514,149.525894,-847.632996,6.640685,150.434097,-847.767578,15.562610,141.570847,-836.882202,14.424788,143.195236,-837.085205,13.064733,144.877945,-837.434204,
		11.503543,146.530792,-837.852966,9.762320,148.065674,-838.265503,7.862166,149.394409,-838.595642,5.824182,150.428879,-838.767273,16.258137,140.702286,-826.860474,14.972322,142.556778,-827.021301,13.433717,144.476273,-827.354614,11.652882,146.351547,-827.783813,9.640376,148.073395,-828.232239,7.406762,149.532593,-828.623230,
		4.962597,150.619904,-828.880005,17.884352,140.082779,-816.250916,16.320414,142.238815,-816.370972,14.474017,144.415543,-816.672119,12.337199,146.493454,-817.086487,9.901997,148.353104,-817.546326,7.160443,149.875000,-817.983765,4.104575,150.939667,-818.330872,20.214808,139.663040,-805.290283,18.288380,142.141998,-805.385071,
		16.022923,144.583542,-805.655151,13.404832,146.854904,-806.043396,10.420507,148.823380,-806.492554,7.056350,150.356216,-806.945374,3.298757,151.320679,-807.344788,23.023066,139.393723,-794.215332,20.695547,142.166931,-794.314514,17.917723,144.868057,-794.572388,14.704113,147.334305,-794.936829,11.069240,149.402832,-795.355530,
		7.027624,150.910812,-795.776245,2.593788,151.695450,-796.146851,26.082680,139.225494,-783.262878,23.361233,142.214203,-783.410156,19.995708,145.156906,-783.692383,16.083380,147.830048,-784.049133,11.721520,150.010056,-784.420044,7.007406,151.473404,-784.744507,2.038310,151.996506,-784.962097,6.640685,150.434097,-847.767578,
		4.713774,151.223419,-847.895752,2.902340,151.985855,-848.200867,1.076857,152.685776,-848.703735,-0.892199,153.287552,-849.425293,-3.134352,153.755539,-850.386353,-5.779128,154.054092,-851.607727,5.824182,150.428879,-838.767273,4.158167,151.187546,-838.858643,2.619518,151.865402,-839.118164,1.075117,152.459732,-839.579529,
		-0.608151,152.967743,-840.276550,-2.563404,153.386688,-841.242981,-4.923756,153.713806,-842.512695,4.962597,150.619904,-828.880005,3.640055,151.253448,-828.941956,2.396808,151.809265,-829.138367,1.135828,152.292038,-829.504395,-0.239914,152.706436,-830.075256,-1.827448,153.057205,-830.886108,-3.723802,153.348999,-831.971985,
		4.104575,150.939667,-818.330872,3.159597,151.394226,-818.369873,2.227069,151.805862,-818.497253,1.260747,152.172272,-818.741821,0.214384,152.491180,-819.132324,-0.958263,152.760269,-819.697449,-2.303442,152.977264,-820.466064,3.298757,151.320679,-807.344788,2.716954,151.582886,-807.366760,2.103160,151.843597,-807.430664,
		1.451629,152.090042,-807.554993,0.756614,152.309464,-807.758301,0.012369,152.489105,-808.058899,-0.786852,152.616196,-808.475403,2.593788,151.695450,-796.146851,2.312287,151.792496,-796.156921,2.017939,151.910904,-796.174377,1.710231,152.034927,-796.207336,1.388647,152.148834,-796.263916,1.052672,152.236908,-796.352295,
		0.701791,152.283417,-796.480591,2.038310,151.996506,-784.962097,1.945756,151.996109,-784.964722,1.964267,151.996185,-784.964233,2.038310,151.996506,-784.962097,2.112354,151.996811,-784.960022,2.130864,151.996887,-784.959473,2.038310,151.996506,-784.962097
	],

	"normals" : [
		0.789600,0.583311,0.190473,0.739734,0.648324,0.180191,0.685594,0.708973,0.165282,0.625093,0.767317,0.143122,0.554450,0.824442,0.113494,0.468403,0.879963,0.079142,0.362021,0.930984,0.047007,0.835840,0.547219,0.043853,0.795167,0.604734,0.044786,0.748581,0.661632,0.043241,
		0.691135,0.721619,0.039981,0.616323,0.786691,0.035541,0.515370,0.856438,0.030143,0.377475,0.925720,0.023558,0.838746,0.541358,-0.058618,0.805245,0.590874,-0.049495,0.758890,0.649988,-0.040016,0.694733,0.718670,-0.029328,0.605769,0.795452,-0.017316,0.483680,0.875228,-0.005365,
		0.321537,0.946893,0.002592,0.821645,0.555722,-0.126777,0.789272,0.603728,-0.112082,0.738159,0.668048,-0.093989,0.662922,0.745115,-0.073059,0.557093,0.828914,-0.050483,0.415991,0.908905,-0.029031,0.241450,0.970316,-0.013704,0.799947,0.575154,-0.171119,0.761343,0.630420,-0.151418,
		0.701456,0.701475,-0.126067,0.614220,0.783082,-0.097548,0.494293,0.866577,-0.068699,0.340640,0.939216,-0.042862,0.160629,0.986735,-0.023482,0.779912,0.593620,-0.198374,0.729107,0.662218,-0.172827,0.658675,0.739145,-0.140754,0.561793,0.820344,-0.106885,0.432990,0.898238,-0.075422,
		0.270725,0.961419,-0.048803,0.081292,0.996342,-0.026360,0.763050,0.610619,-0.211894,0.695827,0.695583,-0.178857,0.616020,0.775136,-0.140298,0.514337,0.851339,-0.103345,0.381801,0.921380,-0.072710,0.209937,0.976527,-0.048184,-0.003628,0.999753,-0.021914,0.362021,0.930984,0.047007,
		0.385884,0.921830,0.036362,0.373482,0.927129,0.030718,0.321702,0.946372,0.029814,0.238423,0.970585,0.033454,0.141942,0.989149,0.037900,0.053317,0.997965,0.034985,0.409900,0.911742,0.026609,0.412029,0.910920,0.021383,0.382701,0.923689,0.018395,0.321557,0.946716,0.018184,
		0.240981,0.970309,0.020705,0.159946,0.986827,0.024260,0.092757,0.995351,0.025924,0.435060,0.900301,0.013411,0.423596,0.905784,0.011071,0.384994,0.922868,0.009738,0.322001,0.946687,0.010000,0.246845,0.968981,0.011995,0.174458,0.984545,0.015348,0.114252,0.993260,0.019512,
		0.441200,0.897399,0.004265,0.421811,0.906676,0.003814,0.381553,0.924341,0.003481,0.323785,0.946123,0.003892,0.255891,0.966690,0.005570,0.186269,0.982456,0.009202,0.120864,0.992544,0.015775,0.414696,0.909954,-0.003368,0.404065,0.914729,-0.001352,0.375339,0.926887,-0.001042,
		0.330246,0.943895,-0.000967,0.270043,0.962848,0.000378,0.195566,0.980678,0.004929,0.106978,0.994143,0.015311,0.283093,0.958994,-0.013727,0.358145,0.933651,-0.005249,0.380805,0.924646,-0.004111,0.361214,0.932466,-0.005631,0.301633,0.953411,-0.005005,0.198789,0.980039,0.002451,
		0.048384,0.998618,0.020529,0.284660,0.958587,-0.008957,0.284660,0.958587,-0.008957,0.284660,0.958587,-0.008957,0.284660,0.958587,-0.008957,0.284660,0.958587,-0.008957,0.284660,0.958587,-0.008957,0.284660,0.958587,-0.008957
	],