{
	"metadata" : {
		"formatVersion" : 3,
		"description" : "Exported from LibZinc."
	},

	"materials" : [ {
	"DbgColor" : 15658734,
	"DbgIndex" : 0,
	"DbgName" : "my_material",
	"colorDiffuse" : [1, 0, 0],
	"colorSpecular" : [0.1, 0.1, 0.1],
	"shading" : "Phong",
	"specularCoef" : 20,
	"opacity" : 1,
	"vertexColors" : true
	}],

	"vertices" : [
		-3.901324,93.150177,-847.421021,-1.712843,94.683800,-846.950623,0.305015,96.235664,-846.677917,2.164790,97.807152,-846.591125,3.879024,99.399620,-846.678406,5.460257,101.014450,-846.928040,6.921032,102.653000,-847.328308,-2.326199,91.735298,-838.476440,-0.284917,92.937447,-837.852661,1.522549,94.172165,-837.467712,
		3.136410,95.459854,-837.311646,4.596880,96.820938,-837.374634,5.944169,98.275810,-837.646729,7.218491,99.844879,-838.118103,-0.203668,89.893845,-828.326050,1.487924,90.772644,-827.701599,2.996504,91.701340,-827.244690,4.347314,92.698013,-826.973206,5.565594,93.780739,-826.905090,6.676586,94.967598,-827.058167,
		7.705531,96.276657,-827.450378,2.338673,87.700806,-817.181152,3.568736,88.283279,-816.663452,4.717722,88.925842,-816.192017,5.778743,89.634468,-815.818909,6.744907,90.415108,-815.596130,7.609325,91.273727,-815.575684,8.365107,92.216293,-815.809570,5.173228,85.231171,-805.252991,5.920576,85.563232,-804.904175,
		6.677045,85.948318,-804.492859,7.411939,86.382065,-804.091858,8.094557,86.860123,-803.774109,8.694201,87.378143,-803.612549,9.180174,87.931755,-803.679993,8.172402,82.559929,-792.752808,8.506500,82.706398,-792.589783,8.865314,82.871399,-792.330261,9.228144,83.053650,-792.035156,9.574285,83.251869,-791.765381,
		9.883033,83.464760,-791.582031,10.133687,83.691032,-791.545959,11.208600,79.762077,-779.891907,11.289565,79.806648,-779.886292,11.273373,79.797737,-779.887390,11.208600,79.762077,-779.891907,11.143827,79.726425,-779.896423,11.127635,79.717514,-779.897522,11.208600,79.762077,-779.891907,6.921032,102.653000,-847.328308,
		8.189728,104.359085,-847.643188,9.225582,106.142548,-847.670715,10.087420,107.953827,-847.450012,10.834068,109.743340,-847.020264,11.524353,111.461525,-846.420593,12.217100,113.058800,-845.690308,7.218491,99.844879,-838.118103,8.627187,101.858070,-838.540833,9.898476,104.034447,-838.663757,11.047585,106.263504,-838.514709,
		12.089741,108.434723,-838.121277,13.040172,110.437607,-837.511169,13.914104,112.161644,-836.712219,7.705531,96.276657,-827.450378,9.454037,98.663376,-827.911926,11.051269,101.222183,-828.172668,12.506154,103.842804,-828.217224,13.827624,106.414986,-828.030273,15.024608,108.828453,-827.596375,16.106033,110.972946,-826.900146,
		8.365107,92.216293,-815.809570,10.599537,94.959610,-816.237732,12.603248,97.879463,-816.623047,14.396650,100.886299,-816.896667,16.000153,103.890579,-816.989685,17.434166,106.802757,-816.833313,18.719099,109.533302,-816.358704,9.180174,87.931755,-803.679993,11.992947,90.931396,-803.999451,14.473704,94.180008,-804.440613,
		16.652594,97.588547,-804.891968,18.559761,101.067970,-805.242065,20.225353,104.529236,-805.379333,21.679518,107.883308,-805.192322,10.133687,83.691032,-791.545959,13.563526,86.763351,-791.678223,16.581926,90.297523,-792.051025,19.207506,94.144096,-792.542236,21.458883,98.153603,-793.029785,23.354675,102.176582,-793.391602,
		24.913500,106.063576,-793.505554,11.208600,79.762077,-779.891907,15.240534,82.640091,-779.755249,18.847202,86.405739,-779.879883,21.994907,90.747520,-780.186462,24.649952,95.353951,-780.595459,26.778635,99.913506,-781.027466,28.347260,104.114700,-781.403015
	],

	"normals" : [
		0.579331,-0.790033,-0.200558,0.602065,-0.766549,-0.223430,0.622974,-0.745843,-0.235844,0.643829,-0.726856,-0.239090,0.665909,-0.708334,-0.234154,0.689941,-0.688957,-0.222078,0.715868,-0.667585,-0.204606,0.529738,-0.812746,-0.242532,0.564307,-0.785414,-0.254327,0.599668,-0.756753,-0.260235,
		0.635200,-0.727076,-0.260542,0.669787,-0.697080,-0.255862,0.701940,-0.667974,-0.247164,0.730111,-0.641380,-0.235730,0.500012,-0.823925,-0.266711,0.541800,-0.794643,-0.273852,0.584679,-0.762726,-0.276403,0.627157,-0.728718,-0.275036,0.667469,-0.693804,-0.270411,0.704004,-0.659666,-0.263096,
		0.735766,-0.628025,-0.253444,0.479341,-0.831538,-0.280672,0.530693,-0.797790,-0.286176,0.577797,-0.764013,-0.287114,0.621127,-0.730029,-0.285061,0.661280,-0.695585,-0.280840,0.699038,-0.660304,-0.274491,0.735780,-0.623163,-0.265132,0.463179,-0.838218,-0.287847,0.529777,-0.795690,-0.293622,
		0.579167,-0.760347,-0.294004,0.618546,-0.729523,-0.291885,0.652917,-0.700364,-0.288425,0.686401,-0.669671,-0.283539,0.724288,-0.632050,-0.275534,0.453178,-0.842799,-0.290379,0.539401,-0.787705,-0.297601,0.592457,-0.748409,-0.298125,0.625843,-0.721645,-0.295888,0.647294,-0.703582,-0.293228,
		0.660527,-0.691784,-0.291785,0.664850,-0.686958,-0.293365,0.606612,-0.735527,-0.301699,0.606612,-0.735527,-0.301699,0.606612,-0.735527,-0.301699,0.606612,-0.735527,-0.301699,0.606612,-0.735527,-0.301699,0.606612,-0.735527,-0.301699,0.606612,-0.735527,-0.301699,0.715868,-0.667585,-0.204606,
		0.819595,-0.549405,-0.162536,0.881879,-0.450733,-0.138309,0.916012,-0.377419,-0.135927,0.931908,-0.330779,-0.148768,0.934281,-0.314933,-0.167141,0.922831,-0.338671,-0.183535,0.728804,-0.642725,-0.236112,0.813995,-0.541773,-0.209508,0.861525,-0.466835,-0.199598,0.888377,-0.412694,-0.201170,
		0.902762,-0.375735,-0.209389,0.908199,-0.356153,-0.219842,0.904278,-0.360822,-0.228230,0.719759,-0.644403,-0.258248,0.788189,-0.564582,-0.244961,0.831198,-0.500311,-0.242485,0.859020,-0.449111,-0.245733,0.877421,-0.408651,-0.251272,0.889663,-0.377793,-0.256462,0.897272,-0.357606,-0.258883,
		0.692029,-0.666341,-0.277642,0.752143,-0.599299,-0.274085,0.796524,-0.538351,-0.275188,0.829925,-0.483671,-0.278007,0.855935,-0.434347,-0.280568,0.877092,-0.389175,-0.281519,0.895096,-0.347005,-0.279985,0.647304,-0.702866,-0.294918,0.711177,-0.636464,-0.298564,0.762965,-0.572308,-0.300578,
		0.805143,-0.510917,-0.301180,0.839951,-0.451923,-0.300414,0.869240,-0.394350,-0.298179,0.894432,-0.336737,-0.294278,0.580104,-0.753596,-0.309148,0.667657,-0.672367,-0.319620,0.735491,-0.597037,-0.320313,0.788664,-0.526774,-0.317046,0.830909,-0.460163,-0.312795,0.865372,-0.394921,-0.308496,
		0.894839,-0.327475,-0.303353,0.474206,-0.821535,-0.316560,0.622095,-0.706015,-0.338439,0.717647,-0.610025,-0.335935,0.782663,-0.529512,-0.327194,0.829178,-0.458789,-0.319338,0.865039,-0.391421,-0.313842,0.896782,-0.317589,-0.308090
	],