{
	"metadata" : {
		"formatVersion" : 3,
		"description" : "Exported from LibZinc."
	},

	"materials" : [ {
	"DbgColor" : 15658734,
	"DbgIndex" : 0,
	"DbgName" : "my_material",
	"colorDiffuse" : [1, 0, 0],
	"colorSpecular" : [0.1, 0.1, 0.1],
	"shading" : "Phong",
	"specularCoef" : 20,
	"opacity" : 1,
	"vertexColors" : true
	}],

	"vertices" : [
		239.543503,187.077499,42.014702,239.436600,184.139664,42.028957,239.377792,181.358261,42.102802,239.381561,178.633270,42.224499,239.462326,175.864700,42.382305,239.634552,172.952545,42.564491,239.912704,169.796799,42.759312,246.581436,187.152405,45.610344,246.461502,184.661530,45.704010,246.388763,182.289871,45.853241,
		246.379242,179.962723,46.032524,246.448990,177.605362,46.216335,246.614044,175.143097,46.379158,246.890457,172.501205,46.495476,253.975952,187.324905,48.699066,253.864395,185.307037,48.822643,253.792953,183.375504,49.009892,253.777939,181.477753,49.222252,253.835632,179.561295,49.421158,253.982361,177.573593,49.568047,
		254.234436,175.462128,49.624359,261.635834,187.585876,51.360268,261.547241,186.060333,51.476845,261.488037,184.592651,51.666462,261.473267,183.149109,51.882412,261.517914,181.696030,52.077995,261.637085,180.199707,52.206505,261.845764,178.626419,52.221241,269.469818,187.926147,53.673351,269.412018,186.905518,53.758610,
		269.371674,185.918793,53.916660,269.360840,184.947479,54.101730,269.391510,183.973068,54.268063,269.475769,182.977066,54.369877,269.625610,181.940948,54.361412,277.386719,188.336609,55.717716,277.360718,187.826736,55.759918,277.341553,187.331451,55.854187,277.336304,186.843582,55.968937,277.352081,186.355927,56.072578,
		277.395966,185.861313,56.133514,277.475067,185.352554,56.120155,285.295288,188.808105,57.572762,285.295288,188.808105,57.572762,285.295288,188.808105,57.572762,285.295288,188.808105,57.572762,285.295288,188.808105,57.572762,285.295288,188.808105,57.572762,285.295288,188.808105,57.572762,239.912704,169.796799,42.759312,
		240.337540,166.539734,42.961582,241.034973,163.348770,43.205276,242.147049,160.161621,43.537388,243.815872,156.916046,44.004921,246.183487,153.549759,44.654865,249.391998,150.000504,45.534222,246.890457,172.501205,46.495476,247.305878,169.784286,46.594704,247.953430,167.109818,46.751282,248.947403,164.422485,47.007240,
		250.402084,161.666931,47.404613,252.431763,158.787827,47.985424,255.150742,155.729858,48.791710,254.234436,175.462128,49.624359,254.610794,173.297409,49.643269,255.177658,171.154709,49.726837,256.022308,168.988663,49.909817,257.231934,166.753891,50.226971,258.893860,164.405029,50.713058,261.095276,161.896698,51.402832,
		261.845764,178.626419,52.221241,262.157257,177.017731,52.186321,262.615845,175.415207,52.214352,263.283142,173.785233,52.331390,264.220825,172.094208,52.563484,265.490509,170.308502,52.936687,267.153839,168.394485,53.477047,269.625610,181.940948,54.361412,269.850189,180.883865,54.302891,270.176056,179.823090,54.296238,
		270.641327,178.737289,54.358223,271.284088,177.605164,54.505630,272.142456,176.405396,54.755230,273.254547,175.116669,55.123806,277.475067,185.352554,56.120155,277.594543,184.834457,56.072025,277.766510,184.310135,56.054905,278.008240,183.769882,56.076591,278.337128,183.204041,56.144894,278.770477,182.602875,56.267616,
		279.325653,181.956726,56.452557,285.295288,188.808105,57.572762,285.295288,188.808105,57.572762,285.295288,188.808105,57.572762,285.295288,188.808105,57.572762,285.295288,188.808105,57.572762,285.295288,188.808105,57.572762,285.295288,188.808105,57.572762
	],

	"normals" : [
		-0.493543,0.014870,0.869594,-0.506559,0.029137,0.861713,-0.518487,0.036803,0.854293,-0.527191,0.036370,0.848968,-0.530675,0.028264,0.847104,-0.527127,0.014713,0.849659,-0.514903,-0.001176,0.857248,-0.418393,0.042658,0.907264,-0.427046,0.064352,0.901937,-0.436854,0.072838,0.896579,
		-0.444429,0.066012,0.893378,-0.446455,0.044829,0.893682,-0.439918,0.013080,0.897943,-0.422309,-0.023899,0.906137,-0.355608,0.056991,0.932896,-0.361096,0.093683,0.927811,-0.369235,0.108772,0.922949,-0.375486,0.099256,0.921498,-0.375137,0.066114,0.924609,-0.363712,0.014250,0.931402,
		-0.337619,-0.048586,0.940028,-0.305208,0.058305,0.950499,-0.309221,0.117669,0.943682,-0.316414,0.144765,0.937510,-0.321315,0.135952,0.937163,-0.317820,0.091914,0.943685,-0.299684,0.017899,0.953871,-0.261932,-0.075929,0.962095,-0.266445,0.046956,0.962706,-0.270997,0.136939,0.952790,
		-0.278093,0.181069,0.943334,-0.281709,0.176010,0.943218,-0.274426,0.122121,0.953822,-0.247830,0.023776,0.968512,-0.195207,-0.106672,0.974944,-0.238430,0.022958,0.970888,-0.245794,0.151998,0.957331,-0.253634,0.217897,0.942439,-0.256043,0.219316,0.941458,-0.244439,0.156708,0.956918,
		-0.207672,0.031734,0.977684,-0.136843,-0.141623,0.980417,-0.227627,0.142586,0.963252,-0.227627,0.142586,0.963252,-0.227627,0.142586,0.963252,-0.227627,0.142586,0.963252,-0.227627,0.142586,0.963252,-0.227627,0.142586,0.963252,-0.227627,0.142586,0.963252,-0.514903,-0.001176,0.857248,
		-0.495600,-0.024760,0.868198,-0.474488,-0.054107,0.878597,-0.453577,-0.084896,0.887164,-0.435236,-0.114126,0.893054,-0.421213,-0.141076,0.895923,-0.412243,-0.166917,0.895653,-0.422309,-0.023899,0.906137,-0.407234,-0.036610,0.912590,-0.393290,-0.049544,0.918079,-0.381882,-0.061015,0.922195,
		-0.373975,-0.070726,0.924738,-0.369853,-0.079610,0.925673,-0.369289,-0.089186,0.925025,-0.337619,-0.048586,0.940028,-0.328357,-0.049958,0.943232,-0.322649,-0.047749,0.945314,-0.320840,-0.042756,0.946168,-0.322535,-0.036778,0.945843,-0.326946,-0.031790,0.944508,-0.333280,-0.029337,0.942371,
		-0.261932,-0.075929,0.962095,-0.259685,-0.065513,0.963469,-0.262684,-0.049339,0.963620,-0.270121,-0.030323,0.962349,-0.280489,-0.011761,0.959785,-0.292283,0.003821,0.956324,-0.304431,0.015072,0.952415,-0.195207,-0.106672,0.974944,-0.200980,-0.083927,0.975993,-0.212857,-0.054767,0.975547,
		-0.229004,-0.023751,0.973136,-0.247128,0.004918,0.968970,-0.265330,0.028578,0.963734,-0.282458,0.046237,0.958165,-0.136843,-0.141623,0.980417,-0.151623,-0.105849,0.982754,-0.172465,-0.064466,0.982904,-0.196772,-0.023111,0.980177,-0.221822,0.013673,0.974991,-0.245601,0.043453,0.968397,
		-0.267039,0.065731,0.961441,-0.163129,-0.011230,0.986541,-0.163129,-0.011230,0.986541,-0.163129,-0.011230,0.986541,-0.163129,-0.011230,0.986541,-0.163129,-0.011230,0.986541,-0.163129,-0.011230,0.986541,-0.163129,-0.011230,0.986541
	],