{
	"metadata" : {
		"formatVersion" : 3,
		"description" : "Exported from LibZinc."
	},

	"materials" : [ {
	"DbgColor" : 15658734,
	"DbgIndex" : 0,
	"DbgName" : "my_material",
	"colorDiffuse" : [1, 0, 0],
	"colorSpecular" : [0.1, 0.1, 0.1],
	"shading" : "Phong",
	"specularCoef" : 20,
	"opacity" : 1,
	"vertexColors" : true
	}],

	"vertices" : [
		15.170550,122.493202,-844.293091,15.616337,124.180984,-844.556519,16.018473,125.926949,-844.728577,16.368929,127.708160,-844.840637,16.659676,129.501694,-844.924194,16.882687,131.284622,-845.010803,17.029930,133.033997,-845.131897,16.160215,120.100204,-835.089294,16.325144,122.080009,-835.367859,16.337626,124.155991,-835.548401,
		16.262171,126.254723,-835.659424,16.163292,128.302765,-835.729309,16.105499,130.226685,-835.786499,16.153305,131.953049,-835.859314,17.668411,116.941238,-825.443848,17.888771,119.349709,-825.639282,17.830553,121.781052,-825.760315,17.606298,124.169830,-825.830933,17.328543,126.450630,-825.875427,17.109829,128.558029,-825.917908,
		17.062695,130.426605,-825.982483,19.668175,113.389748,-815.304565,20.142683,116.274078,-815.390259,20.222809,119.047539,-815.437927,20.044962,121.688950,-815.466553,19.745552,124.177132,-815.495117,19.460993,126.490891,-815.542664,19.327692,128.609055,-815.628113,22.132545,109.819191,-804.619385,22.922346,113.137070,-804.640015,
		23.239943,116.200859,-804.654968,23.221813,119.047531,-804.677551,23.004442,121.714081,-804.720886,22.724310,124.237488,-804.798279,22.517895,126.654732,-804.922913,25.034561,106.603020,-793.336243,26.063223,110.222672,-793.407837,26.607504,113.486412,-793.485107,26.780506,116.481033,-793.575256,26.695335,119.293312,-793.685303,
		26.465097,122.010048,-793.822388,26.202896,124.718033,-793.993530,28.347260,104.114700,-781.403015,29.400782,107.814865,-781.713074,30.051046,111.149620,-782.002075,30.364689,114.224907,-782.271057,30.408352,117.146660,-782.520874,30.248672,120.020813,-782.752502,29.952290,122.953300,-782.966797,12.217100,113.058800,-845.690308,
		12.866846,114.584099,-844.998901,13.410470,116.122337,-844.490356,13.880313,117.677940,-844.165039,14.308714,119.255333,-844.023376,14.728013,120.858948,-844.065918,15.170550,122.493202,-844.293091,13.914104,112.161644,-836.712219,14.561437,113.398392,-835.946594,15.073894,114.618935,-835.368042,15.470737,115.861343,-834.984863,
		15.771230,117.163658,-834.805176,15.994636,118.563927,-834.837280,16.160215,120.100204,-835.089294,16.106033,110.972946,-826.900146,16.651836,111.893028,-826.226379,17.064972,112.768677,-825.712097,17.359318,113.655609,-825.367065,17.548752,114.609535,-825.200867,17.647158,115.686172,-825.223267,17.668411,116.941238,-825.443848,
		18.719099,109.533302,-816.358704,19.108263,110.144379,-815.875427,19.386921,110.685844,-815.505310,19.568657,111.219398,-815.255798,19.667055,111.806763,-815.134216,19.695700,112.509644,-815.148010,19.668175,113.389748,-815.304565,21.679518,107.883308,-805.192322,21.900934,108.228821,-804.930969,22.042957,108.484741,-804.730591,
		22.121359,108.711403,-804.595215,22.151909,108.969139,-804.528931,22.150381,109.318291,-804.535645,22.132545,109.819191,-804.619385,24.913500,106.063576,-793.505554,25.000065,106.222725,-793.430176,25.036295,106.279663,-793.370789,25.040026,106.290276,-793.329590,25.029091,106.310448,-793.308655,25.021324,106.396072,-793.310181,
		25.034561,106.603020,-793.336243,28.347260,104.114700,-781.403015,28.375874,104.202469,-781.410217,28.370150,104.184914,-781.408752,28.347260,104.114700,-781.403015,28.324369,104.044487,-781.397278,28.318647,104.026932,-781.395813,28.347260,104.114700,-781.403015
	],

	"normals" : [
		0.946207,-0.293019,-0.137229,0.966202,-0.247651,-0.071568,0.978014,-0.208423,0.007027,0.981411,-0.171992,0.085158,0.979441,-0.134425,0.150416,0.976886,-0.092171,0.192866,0.977695,-0.042729,0.205635,0.969902,-0.165180,-0.178900,0.989387,-0.052725,-0.135402,0.995218,0.013522,-0.096736,
		0.997058,0.044239,-0.062591,0.998441,0.043484,-0.034997,0.999801,0.007968,-0.018270,0.996831,-0.077044,-0.019828,0.954968,-0.183329,-0.233294,0.978890,-0.037837,-0.200855,0.982133,0.058119,-0.178990,0.980410,0.109005,-0.164058,0.980946,0.115989,-0.155857,0.985107,0.070873,-0.156655,
		0.984142,-0.051621,-0.169706,0.929246,-0.237944,-0.282639,0.961060,-0.092223,-0.260498,0.968948,0.022413,-0.246246,0.966513,0.096000,-0.237984,0.963870,0.122729,-0.236416,0.965419,0.093827,-0.243235,0.966150,-0.008333,-0.257846,0.906984,-0.283579,-0.311388,0.940746,-0.158310,-0.299893,
		0.955311,-0.042779,-0.292490,0.956545,0.045641,-0.287992,0.953107,0.093488,-0.287833,0.951612,0.090963,-0.293532,0.952537,0.030269,-0.302914,0.895092,-0.312011,-0.318526,0.925003,-0.213892,-0.314037,0.943441,-0.111198,-0.312336,0.950051,-0.018908,-0.311520,0.948961,0.047047,-0.311864,
		0.946450,0.075191,-0.313974,0.946872,0.061308,-0.315714,0.896782,-0.317589,-0.308090,0.920181,-0.247043,-0.303705,0.938474,-0.165169,-0.303291,0.949129,-0.079839,-0.304598,0.952078,-0.002698,-0.305844,0.950651,0.055209,-0.305312,0.949808,0.087921,-0.300225,0.922831,-0.338671,-0.183535,
		0.938346,-0.286680,-0.193188,0.946908,-0.253798,-0.197363,0.950824,-0.240313,-0.195404,0.951516,-0.244639,-0.186466,0.949757,-0.263784,-0.168463,0.946207,-0.293019,-0.137229,0.903514,-0.362698,-0.228280,0.922870,-0.308141,-0.230998,0.939177,-0.255924,-0.229018,0.952177,-0.210306,-0.221653,
		0.962412,-0.173467,-0.208981,0.970737,-0.145406,-0.191119,0.977967,-0.124368,-0.167672,0.892064,-0.370133,-0.259273,0.912585,-0.316598,-0.258754,0.934221,-0.251314,-0.253126,0.953142,-0.182509,-0.241271,0.967104,-0.119731,-0.224442,0.976183,-0.069833,-0.205402,0.981767,-0.035116,-0.186815,
		0.885535,-0.370092,-0.280819,0.905528,-0.319769,-0.278867,0.931449,-0.242788,-0.271030,0.954739,-0.152417,-0.255428,0.969042,-0.073028,-0.235848,0.975460,-0.021417,-0.219135,0.977781,0.001669,-0.209623,0.883252,-0.364140,-0.295410,0.900459,-0.321338,-0.293113,0.931757,-0.226956,-0.283409,
		0.959872,-0.099779,-0.262086,0.970205,-0.014171,-0.241872,0.971719,0.003466,-0.236113,0.969948,-0.016590,-0.242745,0.887431,-0.346260,-0.304254,0.896713,-0.322921,-0.302700,0.956517,-0.092290,-0.276692,0.636397,0.771195,-0.016036,0.934177,0.306326,-0.182971,0.964531,-0.024100,-0.262867,
		0.947461,-0.137615,-0.288756,0.000000,0.000000,0.000000,0.000000,0.000000,0.000000,0.000000,0.000000,0.000000,0.000000,0.000000,0.000000,0.000000,0.000000,0.000000,0.000000,0.000000,0.000000,0.000000,0.000000,0.000000
	],