{
	"metadata" : {
		"formatVersion" : 3,
		"description" : "Exported from LibZinc."
	},

	"materials" : [ {
	"DbgColor" : 15658734,
	"DbgIndex" : 0,
	"DbgName" : "my_material",
	"colorDiffuse" : [1, 0, 0],
	"colorSpecular" : [0.1, 0.1, 0.1],
	"shading" : "Phong",
	"specularCoef" : 20,
	"opacity" : 1,
	"vertexColors" : true
	}],

	"vertices" : [
		253.207794,224.050995,41.550571,251.356979,221.531006,41.646355,249.491486,218.688339,41.762787,247.676666,215.616333,41.884628,245.977844,212.408340,41.996635,244.460373,209.157684,42.083565,243.189606,205.957703,42.130180,258.209839,218.251114,45.092831,256.652710,216.135773,45.152359,255.086914,213.750397,45.230732,
		253.561951,211.173279,45.319675,252.127274,208.482666,45.410927,250.832382,205.756851,45.496216,249.726746,203.074081,45.567272,263.401245,212.399857,48.129627,262.145142,210.694611,48.169147,260.887909,208.773941,48.223152,259.664490,206.700058,48.288685,258.509888,204.535172,48.362797,257.459076,202.341476,48.442532,
		256.547028,200.181183,48.524940,268.743744,206.513580,50.778488,267.794983,205.224380,50.808147,266.851868,203.775208,50.846806,265.936707,202.211807,50.895077,265.071838,200.579895,50.953579,264.279572,198.925247,51.022930,263.582214,197.293594,51.103752,274.199127,200.608643,53.156944,273.562836,199.741974,53.180798,
		272.936157,198.770477,53.208450,272.330963,197.723633,53.242271,271.759277,196.630920,53.284611,271.233032,195.521835,53.337826,270.764130,194.425842,53.404278,279.729065,194.701355,55.382526,279.409393,194.264267,55.398521,279.098175,193.776031,55.414852,278.799713,193.250687,55.433693,278.518402,192.702301,55.457226,
		278.258545,192.144882,55.487633,278.024567,191.592499,55.527092,285.295288,188.808105,57.572762,285.295288,188.808105,57.572762,285.295288,188.808105,57.572762,285.295288,188.808105,57.572762,285.295288,188.808105,57.572762,285.295288,188.808105,57.572762,285.295288,188.808105,57.572762,243.189606,205.957703,42.130180,
		242.155334,202.799683,42.139172,241.299805,199.623856,42.127884,240.616928,196.446976,42.103058,240.100632,193.285797,42.071430,239.744843,190.157059,42.039730,239.543503,187.077499,42.014702,249.726746,203.074081,45.567272,248.822327,200.422409,45.604984,248.088699,197.748489,45.607323,247.511826,195.068405,45.591663,
		247.077682,192.398300,45.575367,246.772232,189.754257,45.575806,246.581436,187.152405,45.610344,256.547028,200.181183,48.524940,255.797012,198.043350,48.584351,255.197845,195.884888,48.608585,254.732849,193.719803,48.614902,254.385330,191.562119,48.620579,254.138596,189.425812,48.642876,253.975952,187.324905,48.699066,
		263.582214,197.293594,51.103752,263.005524,195.677444,51.174046,262.550171,194.046066,51.218712,262.200836,192.410324,51.248711,261.942230,190.781128,51.274994,261.759003,189.169357,51.308529,261.635834,187.585876,51.360268,270.764130,194.425842,53.404278,270.373993,193.339630,53.470833,270.068573,192.244995,53.524754,
		269.836700,191.149124,53.569004,269.667084,190.059219,53.606544,269.548523,188.982498,53.640339,269.469818,187.926147,53.673351,278.024567,191.592499,55.527092,277.828552,191.044876,55.571480,277.675995,190.494675,55.613754,277.561218,189.945328,55.651711,277.478546,189.400253,55.683155,277.422272,188.862869,55.705891,
		277.386719,188.336609,55.717716,285.295288,188.808105,57.572762,285.295288,188.808105,57.572762,285.295288,188.808105,57.572762,285.295288,188.808105,57.572762,285.295288,188.808105,57.572762,285.295288,188.808105,57.572762,285.295288,188.808105,57.572762
	],

	"normals" : [
		-0.343776,0.299793,0.889911,-0.357049,0.283307,0.890086,-0.369200,0.266322,0.890373,-0.382036,0.247720,0.890327,-0.397112,0.226102,0.889483,-0.415959,0.199306,0.887274,-0.440209,0.163634,0.882859,-0.297172,0.255906,0.919892,-0.308673,0.242646,0.919698,-0.318276,0.229603,0.919773,
		-0.327584,0.215954,0.919811,-0.337918,0.200791,0.919508,-0.350528,0.182784,0.918543,-0.366736,0.159686,0.916518,-0.257058,0.221446,0.940682,-0.268073,0.209984,0.940236,-0.276214,0.199667,0.940127,-0.283042,0.189833,0.940133,-0.289745,0.179923,0.940040,-0.297359,0.169251,0.939645,
		-0.306895,0.156732,0.938749,-0.224463,0.197776,0.954202,-0.236205,0.186513,0.953635,-0.243876,0.177580,0.953410,-0.249142,0.170353,0.953367,-0.253175,0.164493,0.953333,-0.256891,0.159781,0.953140,-0.261072,0.156009,0.952629,-0.199945,0.185548,0.962078,-0.213557,0.172803,0.961526,
		-0.221669,0.163834,0.961260,-0.226184,0.157966,0.961191,-0.228362,0.154967,0.961164,-0.229098,0.154928,0.960995,-0.229050,0.158260,0.960463,-0.183794,0.184948,0.965409,-0.200370,0.169026,0.965029,-0.209801,0.158552,0.964803,-0.214313,0.152764,0.964745,-0.215347,0.151451,0.964722,
		-0.213867,0.154882,0.964506,-0.210516,0.163852,0.963761,-0.208551,0.164968,0.963998,-0.208551,0.164968,0.963998,-0.208551,0.164968,0.963998,-0.208551,0.164968,0.963998,-0.208551,0.164968,0.963998,-0.208551,0.164968,0.963998,-0.208551,0.164968,0.963998,-0.440209,0.163634,0.882859,
		-0.457265,0.135536,0.878942,-0.467403,0.107648,0.877466,-0.473269,0.081197,0.877168,-0.477683,0.056886,0.876688,-0.483516,0.034893,0.874640,-0.493543,0.014870,0.869594,-0.366736,0.159686,0.916518,-0.385769,0.124073,0.914214,-0.397733,0.093654,0.912709,-0.404753,0.069628,0.911771,
		-0.409062,0.052807,0.910978,-0.412887,0.043707,0.909733,-0.418393,0.042658,0.907264,-0.306895,0.156732,0.938749,-0.325812,0.118768,0.937945,-0.338445,0.088144,0.936849,-0.346233,0.065913,0.935830,-0.350694,0.052860,0.934997,-0.353334,0.049654,0.934178,-0.355608,0.056991,0.932896,
		-0.261072,0.156009,0.952629,-0.277985,0.120433,0.953006,-0.290114,0.091603,0.952598,-0.298138,0.070315,0.951929,-0.302810,0.057229,0.951331,-0.304909,0.052982,0.950907,-0.305208,0.058305,0.950499,-0.229050,0.158260,0.960463,-0.242276,0.129393,0.961540,-0.252747,0.104125,0.961913,
		-0.260392,0.082857,0.961941,-0.265198,0.065974,0.961934,-0.267195,0.053867,0.962136,-0.266445,0.046956,0.962706,-0.210516,0.163852,0.963761,-0.218521,0.145666,0.964899,-0.226190,0.125598,0.965952,-0.232786,0.103457,0.967009,-0.237548,0.079106,0.968149,-0.239700,0.052372,0.969433,
		-0.238430,0.022958,0.970888,-0.226886,0.118672,0.966664,-0.226886,0.118672,0.966664,-0.226886,0.118672,0.966664,-0.226886,0.118672,0.966664,-0.226886,0.118672,0.966664,-0.226886,0.118672,0.966664,-0.226886,0.118672,0.966664
	],