{
	"metadata" : {
		"formatVersion" : 3,
		"description" : "Exported from LibZinc."
	},

	"materials" : [ {
	"DbgColor" : 15658734,
	"DbgIndex" : 0,
	"DbgName" : "my_material",
	"colorDiffuse" : [1, 0, 0],
	"colorSpecular" : [0.1, 0.1, 0.1],
	"shading" : "Phong",
	"specularCoef" : 20,
	"opacity" : 1,
	"vertexColors" : true
	}],

	"vertices" : [
		278.770996,314.013306,-114.074303,276.632141,312.143127,-113.926811,274.823120,309.523254,-113.773766,273.406158,306.475952,-113.715393,272.443512,303.323517,-113.851936,271.997375,300.388245,-114.283623,272.130005,297.992401,-115.110703,277.788605,315.537598,-113.137413,275.252533,312.924438,-113.205795,272.913483,309.847290,-113.340843,
		270.990601,306.511963,-113.574715,269.702942,303.124359,-113.939575,269.269623,299.890228,-114.467590,269.909698,297.015472,-115.190926,277.214813,316.693298,-112.201553,274.298035,313.571136,-112.526421,271.543579,309.833313,-112.963013,269.229309,305.807678,-113.483345,267.633148,301.822113,-114.059448,267.032867,298.204437,-114.663338,
		267.706360,295.282562,-115.267044,276.960083,317.469208,-111.154968,273.713470,314.031128,-111.745865,270.650604,309.566467,-112.500153,268.044281,304.663574,-113.326996,266.167267,299.910950,-114.135544,265.292419,295.896942,-114.834961,265.692474,293.210022,-115.334389,276.934753,317.854065,-109.885895,273.443695,314.252289,-110.721283,
		270.171844,309.131836,-111.812141,267.357391,303.380249,-112.991371,265.238556,297.885071,-114.091873,264.053528,293.533844,-114.946541,264.040466,291.214172,-115.388275,277.049347,317.836670,-108.282593,273.433533,314.182526,-109.309837,270.044556,308.614563,-110.758835,267.090668,302.258148,-112.362167,264.780182,296.238586,-113.852425,
		263.321472,291.681213,-114.962181,262.922791,289.711365,-115.424042,277.214203,317.405792,-106.233299,273.627869,313.769684,-107.368713,270.205994,308.099792,-109.200127,267.165985,301.597870,-111.325096,264.725342,295.465729,-113.341194,263.101501,290.905151,-114.845978,262.511902,289.117889,-115.436996,272.130005,297.992401,-115.110703,
		273.036743,296.576080,-115.965729,274.621063,296.147400,-116.471954,276.507263,296.380737,-116.715584,278.319672,296.950531,-116.782852,279.682617,297.531189,-116.759987,280.220398,297.797089,-116.733200,269.909698,297.015472,-115.190926,271.541382,295.249420,-115.882744,273.693817,294.883453,-116.330070,276.002411,295.436432,-116.585846,
		278.102753,296.427124,-116.702995,279.630219,297.374420,-116.734474,280.220398,297.797089,-116.733200,267.706360,295.282562,-115.267044,269.607666,293.757202,-115.788345,272.197876,293.743622,-116.175415,275.015656,294.691284,-116.445839,277.599579,296.049744,-116.617210,279.488312,297.268524,-116.707138,280.220398,297.797089,-116.733200,
		265.692474,293.210022,-115.334389,267.552277,292.280853,-115.694359,270.462036,292.775024,-116.025177,273.802765,294.133118,-116.310661,276.955444,295.795746,-116.534615,279.300995,297.203522,-116.680855,280.220398,297.797089,-116.733200,264.040466,291.214172,-115.388275,265.691956,291.001770,-115.612602,268.815094,292.024811,-115.896576,
		272.619659,293.749603,-116.195412,276.315521,295.642395,-116.464325,279.112488,297.169464,-116.658516,280.220398,297.797089,-116.733200,262.922791,289.711365,-115.424042,264.343506,290.101288,-115.554878,267.585815,291.540100,-115.806801,271.722168,293.528473,-116.115196,275.825073,295.567017,-116.415459,278.966980,297.156342,-116.642998,
		280.220398,297.797089,-116.733200,262.511902,289.117889,-115.436996,263.823639,289.760803,-115.533012,267.102997,291.368073,-115.773048,271.366150,293.457489,-116.085098,275.629303,295.546936,-116.397148,278.908661,297.154205,-116.637184,280.220398,297.797089,-116.733200,277.214203,317.405792,-106.233299,273.627869,313.769684,-107.368713,
		270.205994,308.099792,-109.200127,267.165985,301.597870,-111.325096,264.725342,295.465729,-113.341194,263.101501,290.905151,-114.845978,262.511902,289.117889,-115.436996,277.429779,316.484497,-103.955902,273.978699,312.961975,-105.101669,270.606903,307.578125,-107.140823,267.537933,301.431183,-109.589798,264.995422,295.619446,-111.965042,
		263.203033,291.241150,-113.782997,262.384338,289.394623,-114.560097,277.762177,315.087799,-101.682968,274.471252,311.798981,-102.760040,271.212585,306.956207,-104.703522,268.165955,301.458984,-107.066566,265.511200,296.206787,-109.402344,263.428223,292.099152,-111.263992,262.096802,290.035553,-112.204674,278.220398,313.342468,-99.324814,
		275.100067,310.365662,-100.272263,271.982086,306.193146,-101.924690,268.979401,301.485504,-103.942070,266.204895,296.903198,-105.984375,263.771484,293.106812,-107.711586,261.792084,290.756805,-108.783661,278.813446,311.375275,-96.791740,275.859680,308.746948,-97.566818,272.874542,305.248047,-98.840836,269.907715,301.314941,-100.402985,
		267.008759,297.384094,-102.042435,264.227295,293.891815,-103.548370,261.612946,291.274506,-104.709984,279.550323,309.313019,-93.994041,276.744629,307.027802,-94.572159,273.849030,304.079956,-95.488449,270.880249,300.751556,-96.635979,267.855011,297.324799,-97.907799,264.790070,294.081848,-99.196976,261.702148,291.304840,-100.396584,
		280.440002,307.282410,-90.842033,277.749481,305.293213,-91.216751,274.864563,302.647949,-91.904015,271.826355,299.599518,-92.827721,268.675873,296.400757,-93.911751,265.454224,293.304596,-95.080002,262.202515,290.563904,-96.256371
	],