{
	"metadata" : {
		"formatVersion" : 3,
		"description" : "Exported from LibZinc."
	},

	"materials" : [ {
	"DbgColor" : 15658734,
	"DbgIndex" : 0,
	"DbgName" : "my_material",
	"colorDiffuse" : [1, 0, 0],
	"colorSpecular" : [0.1, 0.1, 0.1],
	"shading" : "Phong",
	"specularCoef" : 20,
	"opacity" : 1,
	"vertexColors" : true
	}],

	"vertices" : [
		249.391998,150.000504,45.534222,253.661255,146.210617,46.530762,258.949341,142.381516,47.465832,265.005676,138.839493,48.286774,271.579651,135.910843,48.940933,278.420685,133.921875,49.375652,285.278198,133.198898,49.538280,255.150742,155.729858,48.791710,258.728394,152.470337,49.743244,263.132843,149.202911,50.684025,
		268.176605,146.196671,51.542393,273.672028,143.720718,52.246689,279.431580,142.044144,52.725254,285.267670,141.436066,52.906429,261.095276,161.896698,51.402832,263.964905,159.233383,52.231937,267.481476,156.588852,53.066586,271.507263,154.171692,53.837395,275.904602,152.190536,54.474991,280.535767,150.853928,54.909992,
		285.263123,150.370514,55.073021,267.153839,168.394485,53.477047,269.305359,166.374207,54.128036,271.933594,164.390823,54.780121,274.941040,162.592468,55.379856,278.230255,161.127228,55.873795,281.703766,160.143234,56.208492,285.264069,159.788589,56.330502,273.254547,175.116669,55.123806,274.684235,173.767288,55.562740,
		276.427643,172.460358,55.991253,278.421387,171.286865,56.377853,280.601990,170.337769,56.691055,282.906036,169.704041,56.899372,285.270081,169.476639,56.971321,279.325653,181.956726,56.452557,280.036041,181.287094,56.667248,280.902069,180.648941,56.866592,281.891663,180.082779,57.039463,282.972687,179.629074,57.174725,
		284.113037,179.328323,57.261257,285.280640,179.221039,57.287922,285.295288,188.808105,57.572762,285.295288,188.808105,57.572762,285.295288,188.808105,57.572762,285.295288,188.808105,57.572762,285.295288,188.808105,57.572762,285.295288,188.808105,57.572762,285.295288,188.808105,57.572762
	],

	"normals" : [
		-0.412243,-0.166917,0.895653,-0.370933,-0.236233,0.898111,-0.334111,-0.298479,0.894025,-0.288877,-0.356654,0.888453,-0.224443,-0.407942,0.884991,-0.130796,-0.446064,0.885392,0.000097,-0.461479,0.887151,-0.369289,-0.089186,0.925025,-0.335641,-0.138229,0.931793,-0.301739,-0.182920,0.935678,
		-0.258793,-0.224927,0.939380,-0.198944,-0.262129,0.944304,-0.114736,-0.289778,0.950192,-0.000590,-0.300737,0.953707,-0.333280,-0.029337,0.942371,-0.303696,-0.065077,0.950544,-0.271115,-0.096989,0.957648,-0.229744,-0.126290,0.965022,-0.174146,-0.151798,0.972949,-0.099011,-0.170508,0.980369,
		-0.000338,-0.177687,0.984087,-0.304431,0.015072,0.952415,-0.275450,-0.013786,0.961217,-0.242778,-0.037953,0.969339,-0.202499,-0.058908,0.977509,-0.150869,-0.076414,0.985596,-0.084111,-0.088906,0.992482,0.000846,-0.093492,0.995620,-0.282458,0.046237,0.958165,-0.250443,0.018548,0.967954,
		-0.216128,-0.002462,0.976362,-0.176423,-0.019115,0.984129,-0.128526,-0.032101,0.991186,-0.069588,-0.040947,0.996735,0.002949,-0.044051,0.999025,-0.267039,0.065731,0.961441,-0.227951,0.033841,0.973084,-0.190109,0.011690,0.981694,-0.150295,-0.004369,0.988631,-0.105934,-0.015949,0.994245,
		-0.054585,-0.023394,0.998235,0.006021,-0.025972,0.999645,-0.132586,-0.038225,0.990434,-0.132586,-0.038225,0.990434,-0.132586,-0.038225,0.990434,-0.132586,-0.038225,0.990434,-0.132586,-0.038225,0.990434,-0.132586,-0.038225,0.990434,-0.132586,-0.038225,0.990434
	],

	"faces": [
		32 ,0,1,7 ,0,1,7,
		32 ,7,1,8 ,7,1,8,
		32 ,7,8,14 ,7,8,14,
		32 ,14,8,15 ,14,8,15,
		32 ,14,15,21 ,14,15,21,
		32 ,21,15,22 ,21,15,22,
		32 ,21,22,28 ,21,22,28,
		32 ,28,22,29 ,28,22,29,
		32 ,28,29,35 ,28,29,35,
		32 ,35,29,36 ,35,29,36,
		32 ,35,36,42 ,35,36,42,
		32 ,42,36,43 ,42,36,43,
		32 ,1,2,8 ,1,2,8,
		32 ,8,2,9 ,8,2,9,
		32 ,8,9,15 ,8,9,15,
		32 ,15,9,16 ,15,9,16,
		32 ,15,16,22 ,15,16,22,
		32 ,22,16,23 ,22,16,23,
		32 ,22,23,29 ,22,23,29,
		32 ,29,23,30 ,29,23,30,
		32 ,29,30,36 ,29,30,36,
		32 ,36,30,37 ,36,30,37,
		32 ,36,37,43 ,36,37,43,
		32 ,43,37,44 ,43,37,44,
		32 ,2,3,9 ,2,3,9,
		32 ,9,3,10 ,9,3,10,
		32 ,9,10,16 ,9,10,16,
		32 ,16,10,17 ,16,10,17,
		32 ,16,17,23 ,16,17,23,
		32 ,23,17,24 ,23,17,24,
		32 ,23,24,30 ,23,24,30,
		32 ,30,24,31 ,30,24,31,
		32 ,30,31,37 ,30,31,37,
		32 ,37,31,38 ,37,31,38,
		32 ,37,38,44 ,37,38,44,
		32 ,44,38,45 ,44,38,45,
		32 ,3,4,10 ,3,4,10,
		32 ,10,4,11 ,10,4,11,
		32 ,10,11,17 ,10,11,17,
		32 ,17,11,18 ,17,11,18,
		32 ,17,18,24 ,17,18,24,
		32 ,24,18,25 ,24,18,25,
		32 ,24,25,31 ,24,25,31,
		32 ,31,25,32 ,31,25,32,
		32 ,31,32,38 ,31,32,38,
		32 ,38,32,39 ,38,32,39,
		32 ,38,39,45 ,38,39,45,
		32 ,45,39,46 ,45,39,46,
		32 ,4,5,11 ,4,5,11,
		32 ,11,5,12 ,11,5,12,
		32 ,11,12,18 ,11,12,18,
		32 ,18,12,19 ,18,12,19,
		32 ,18,19,25 ,18,19,25,
		32 ,25,19,26 ,25,19,26,
		32 ,25,26,32 ,25,26,32,
		32 ,32,26,33 ,32,26,33,
		32 ,32,33,39 ,32,33,39,
		32 ,39,33,40 ,39,33,40,
		32 ,39,40,46 ,39,40,46,
		32 ,46,40,47 ,46,40,47,
		32 ,5,6,12 ,5,6,12,
		32 ,12,6,13 ,12,6,13,
		32 ,12,13,19 ,12,13,19,
		32 ,19,13,20 ,19,13,20,
		32 ,19,20,26 ,19,20,26,
		32 ,26,20,27 ,26,20,27,
		32 ,26,27,33 ,26,27,33,
		32 ,33,27,34 ,33,27,34,
		32 ,33,34,40 ,33,34,40,
		32 ,40,34,41 ,40,34,41,
		32 ,40,41,47 ,40,41,47,
		32 ,47,41,48 ,47,41,48
	]

}
