{
	"metadata" : {
		"formatVersion" : 3,
		"description" : "Exported from LibZinc."
	},

	"materials" : [ {
	"DbgColor" : 15658734,
	"DbgIndex" : 0,
	"DbgName" : "my_material",
	"colorDiffuse" : [1, 0, 0],
	"colorSpecular" : [0.1, 0.1, 0.1],
	"shading" : "Phong",
	"specularCoef" : 20,
	"opacity" : 1,
	"vertexColors" : true
	}],

	"vertices" : [
		290.279602,297.797089,-116.733200,289.534485,297.797089,-116.733200,287.671661,297.797089,-116.733200,285.250000,297.797089,-116.733200,282.828339,297.797089,-116.733200,280.965515,297.797089,-116.733200,280.220398,297.797089,-116.733200,289.639801,299.781311,-114.799362,288.909485,299.728119,-114.816040,287.288727,299.698822,-114.827156,
		285.222656,299.692780,-114.831924,283.156342,299.709351,-114.829544,281.534912,299.747803,-114.819206,280.803497,299.807556,-114.800125,289.374268,302.550018,-114.081261,288.487671,302.402313,-114.136124,287.002350,302.314697,-114.172432,285.217255,302.287994,-114.187660,283.431335,302.323151,-114.179268,281.943542,302.421021,-114.144737,
		281.052826,302.582520,-114.081528,289.466766,305.730377,-114.114296,288.303467,305.553162,-114.211472,286.840393,305.443817,-114.275688,285.226624,305.405884,-114.302475,283.611145,305.442963,-114.287354,282.143036,305.558563,-114.225861,280.971344,305.756287,-114.113525,289.900909,308.949615,-114.433868,288.391235,308.914032,-114.560120,
		286.830719,308.885284,-114.643608,285.243500,308.869629,-114.678452,283.653564,308.873230,-114.658760,282.085022,308.902313,-114.578651,280.561920,308.963165,-114.432243,290.660431,311.834839,-114.575401,288.785339,312.218384,-114.700081,287.001221,312.438293,-114.782845,285.260712,312.502350,-114.817650,283.516449,312.418365,-114.798447,
		281.721161,312.194122,-114.719177,279.827484,311.837402,-114.573799,291.729004,314.013306,-114.074303,289.520233,315.199615,-114.149376,287.379730,315.901886,-114.200081,285.271027,316.127258,-114.222160,283.157623,315.882843,-114.211388,281.003113,315.175812,-114.163513,278.770996,314.013306,-114.074303,291.729004,314.013306,-114.074303,
		289.520233,315.199615,-114.149376,287.379730,315.901886,-114.200081,285.271027,316.127258,-114.222160,283.157623,315.882843,-114.211388,281.003113,315.175812,-114.163513,278.770996,314.013306,-114.074303,292.712555,315.532898,-113.139435,290.205414,317.482239,-113.092598,287.732330,318.645508,-113.066940,285.273743,319.027710,-113.060539,
		282.809967,318.633789,-113.071442,280.321472,317.468750,-113.097717,277.788605,315.537598,-113.137413,293.287415,316.684204,-112.212700,290.503265,318.953491,-111.989655,287.855408,320.311737,-111.856117,285.273254,320.761871,-111.811317,282.686188,320.306885,-111.854477,280.023560,318.949707,-111.984818,277.214813,316.693298,-112.201553,
		293.542908,317.458313,-111.179062,290.527527,319.740814,-110.771599,287.822266,321.109314,-110.525833,285.270020,321.565155,-110.441528,282.713654,321.109558,-110.518448,279.996063,319.743805,-110.756340,276.960083,317.469208,-111.154968,293.568298,317.846313,-109.923462,290.391907,319.971649,-109.369469,287.706238,321.247101,-109.034325,
		285.264496,321.672852,-108.918205,282.819885,321.249146,-109.021301,280.125549,319.976166,-109.343803,276.934753,317.854065,-109.885895,293.452820,317.839325,-108.330856,290.210175,319.773438,-107.714310,287.580719,320.933807,-107.339806,285.257172,321.320343,-107.208374,282.932251,320.933044,-107.321014,280.298737,319.771820,-107.678749,
		277.049347,317.836670,-108.282593,293.285797,317.428406,-106.286201,290.096069,319.273682,-105.737160,287.519012,320.378296,-105.400528,285.248474,320.743011,-105.279060,282.978241,320.368622,-105.375526,280.402222,319.255951,-105.692688,277.214203,317.405792,-106.233299,293.285797,317.428406,-106.286201,290.096069,319.273682,-105.737160,
		287.519012,320.378296,-105.400528,285.248474,320.743011,-105.279060,282.978241,320.368622,-105.375526,280.402222,319.255951,-105.692688,277.214203,317.405792,-106.233299,293.057587,316.545715,-104.000694,289.998566,318.393372,-103.549355,287.483124,319.494171,-103.272179,285.239868,319.850922,-103.171700,282.997437,319.466370,-103.250465,
		280.484528,318.343292,-103.511017,277.429779,316.484497,-103.955902,292.701172,315.206665,-101.705475,289.792999,317.038361,-101.279640,287.387939,318.121552,-101.024727,285.234192,318.462189,-100.939178,283.079895,318.066132,-101.021408,280.673157,316.939362,-101.269859,277.762177,315.087799,-101.682968,292.219940,313.527161,-99.315414,
		289.482452,315.313385,-98.885170,287.236176,316.358826,-98.637810,285.233978,316.673981,-98.565727,283.228699,316.269318,-98.661278,280.973236,315.155334,-98.916855,278.220398,313.342468,-99.324814,291.617126,311.623169,-96.745369,289.070038,313.323120,-96.323090,287.030457,314.304382,-96.091049,285.241669,314.583557,-96.035576,
		283.447021,314.177338,-96.142990,281.389862,313.102356,-96.399605,278.813446,311.375275,-96.791740,290.896027,309.610565,-93.910202,288.558868,311.172302,-93.550552,286.773438,312.056580,-93.364075,285.259796,312.288147,-93.332962,283.738007,311.891602,-93.439445,281.928162,310.891663,-93.665733,279.550323,309.313019,-93.994041,
		290.059998,307.605286,-90.724777,287.952087,308.965607,-90.524719,286.467804,309.713898,-90.436501,285.290833,309.884918,-90.442116,284.104767,309.513519,-90.523575,282.593292,308.634399,-90.662880,280.440002,307.282410,-90.842033
	],