{
	"metadata" : {
		"formatVersion" : 3,
		"description" : "Exported from LibZinc."
	},

	"materials" : [ {
	"DbgColor" : 15658734,
	"DbgIndex" : 0,
	"DbgName" : "my_material",
	"colorDiffuse" : [1, 1, 0],
	"colorSpecular" : [0.1, 0.1, 0.1],
	"shading" : "Phong",
	"specularCoef" : 20,
	"opacity" : 1,
	"vertexColors" : true
	}],

	"vertices" : [
		369.122803,161.651993,-92.573227,372.731415,160.223221,-87.894028,376.404816,159.600632,-82.756989,380.080353,159.676010,-77.541481,383.695374,160.341141,-72.626884,387.187225,161.487778,-68.392555,390.493195,163.007706,-65.217873,370.625916,161.278320,-87.434586,373.565460,161.266373,-82.353058,376.431152,161.564133,-77.571205,
		379.227051,162.196335,-73.157356,381.957306,163.187775,-69.179832,384.625977,164.563202,-65.706955,387.237122,166.347382,-62.807056,371.613617,163.761856,-82.942413,373.820618,164.405640,-78.434296,375.988770,165.103241,-74.364769,378.095367,165.951675,-70.676796,380.117706,167.047974,-67.313332,382.033112,168.489166,-64.217354,
		383.818878,170.372269,-61.331818,372.304291,168.244583,-78.925110,373.783173,169.000198,-75.588997,375.339996,169.722534,-72.471375,376.884918,170.531219,-69.510605,378.328278,171.545883,-66.645065,379.580261,172.886108,-63.813122,380.551178,174.671539,-60.953136,372.916290,173.868423,-75.211075,373.739410,174.409210,-73.268402,
		374.747070,174.926590,-71.224709,375.795441,175.524200,-69.069595,376.740723,176.305634,-66.792702,377.439056,177.374481,-64.383629,377.746674,178.834351,-61.832008,373.668091,179.775345,-71.628693,373.975586,179.991852,-70.923775,374.472321,180.219986,-69.958473,375.026581,180.519821,-68.764580,375.506714,180.951401,-67.373909,
		375.781097,181.574738,-65.818253,375.718048,182.449890,-64.129417,374.778015,185.107300,-68.006363,374.778015,185.107300,-68.006363,374.778015,185.107300,-68.006363,374.778015,185.107300,-68.006363,374.778015,185.107300,-68.006363,374.778015,185.107300,-68.006363,374.778015,185.107300,-68.006363,390.493195,163.007706,-65.217873,
		392.992828,164.829193,-63.481251,394.190247,166.826584,-63.110611,394.209717,168.810776,-63.809536,393.175507,170.592636,-65.281624,391.211884,171.983047,-67.230469,388.443115,172.792892,-69.359657,387.237122,166.347382,-62.807056,389.385834,168.370621,-61.017586,390.663818,170.361557,-60.629734,391.070129,172.192474,-61.342438,
		390.603943,173.735657,-62.854630,389.264282,174.863358,-64.865250,387.050262,175.447891,-67.073227,383.818878,170.372269,-61.331818,385.390076,172.402390,-59.433079,386.589325,174.184921,-59.085743,387.285400,175.667358,-59.915169,387.347168,176.797211,-61.546707,386.643311,177.521957,-63.605713,385.042664,177.789108,-65.717537,
		380.551178,174.671539,-60.953136,381.468475,176.508209,-59.033710,382.465118,177.933914,-58.765022,383.309692,178.965851,-59.697830,383.770660,179.621231,-61.382893,383.616608,179.917252,-63.370960,382.615997,179.871124,-65.212791,377.746674,178.834351,-61.832008,378.083954,180.271835,-60.125477,378.789612,181.245819,-59.953960,
		379.597107,181.818390,-60.860519,380.239990,182.051636,-62.388210,380.451721,182.007629,-64.080086,379.965881,181.748444,-65.479210,375.718048,182.449890,-64.129417,375.699493,183.276947,-63.014362,376.061127,183.757858,-62.938942,376.601837,183.955399,-63.573330,377.120605,183.932343,-64.587692,377.416321,183.751511,-65.652191,
		377.287994,183.475662,-66.436996,374.778015,185.107300,-68.006363,374.778015,185.107300,-68.006363,374.778015,185.107300,-68.006363,374.778015,185.107300,-68.006363,374.778015,185.107300,-68.006363,374.778015,185.107300,-68.006363,374.778015,185.107300,-68.006363,388.443115,172.792892,-69.359657,385.108124,173.377792,-71.588745,
		381.505524,174.334183,-73.979721,377.848846,175.834274,-76.449867,374.351746,178.050217,-78.916466,371.227783,181.154236,-81.296791,368.690613,185.318497,-83.508133,387.050262,175.447891,-67.073227,384.169067,175.792450,-69.338890,380.967468,176.423279,-71.684586,377.653839,177.547226,-74.052307,374.436554,179.371155,-76.384056,
		371.524017,182.101883,-78.621811,369.124664,185.946274,-80.707581,385.042664,177.789108,-65.717537,382.700073,177.944397,-67.836441,379.999664,178.450455,-70.096977,377.154205,179.430176,-72.394928,374.376434,181.006454,-74.626091,371.879059,183.302170,-76.686249,369.874847,186.440231,-78.471191,382.615997,179.871124,-65.212791,
		380.863800,179.892746,-67.016678,378.749481,180.374069,-69.076118,376.483429,181.305374,-71.219688,374.275970,182.676926,-73.275955,372.337433,184.478989,-75.073517,370.878204,186.701828,-76.440926,379.965881,181.748444,-65.479210,378.822906,181.696609,-66.814888,377.364258,182.152512,-68.481239,375.774841,182.995117,-70.268532,
		374.239685,184.103363,-71.967033,372.943695,185.356186,-73.367012,372.071808,186.632553,-74.258728,377.287994,183.475662,-66.436996,376.740082,183.415085,-67.166359,375.991302,183.744141,-68.171577,375.161896,184.321671,-69.283440,374.372162,185.006561,-70.332710,373.742371,185.657669,-71.150162,373.392731,186.133881,-71.566559,
		374.778015,185.107300,-68.006363,374.778015,185.107300,-68.006363,374.778015,185.107300,-68.006363,374.778015,185.107300,-68.006363,374.778015,185.107300,-68.006363,374.778015,185.107300,-68.006363,374.778015,185.107300,-68.006363
	],