{
	"metadata" : {
		"formatVersion" : 3,
		"description" : "Exported from LibZinc."
	},

	"materials" : [ {
	"DbgColor" : 15658734,
	"DbgIndex" : 0,
	"DbgName" : "my_material",
	"colorDiffuse" : [1, 0, 0],
	"colorSpecular" : [0.1, 0.1, 0.1],
	"shading" : "Phong",
	"specularCoef" : 20,
	"opacity" : 1,
	"vertexColors" : true
	}],

	"vertices" : [
		568.770630,113.070396,-845.684570,569.466187,111.477432,-846.418762,570.158142,109.762291,-847.020325,570.904968,107.974518,-847.450317,571.765198,106.163628,-847.669556,572.797485,104.379143,-847.639038,574.060425,102.670601,-847.319580,567.024353,112.373070,-836.669617,567.894287,110.637207,-837.444397,568.830688,108.573013,-838.031006,
		569.860107,106.322159,-838.410034,571.009094,104.026321,-838.562134,572.304077,101.827171,-838.468018,573.771729,99.866379,-838.108276,564.724792,111.633812,-826.787476,565.785339,109.444511,-827.392944,566.925964,106.825043,-827.741272,568.196594,103.988136,-827.876404,569.647156,101.146538,-827.841980,571.327515,98.512985,-827.681824,
		573.287598,96.300209,-827.439819,562.004089,110.646202,-816.178589,563.261780,107.843750,-816.494385,564.595581,104.582954,-816.501343,566.102112,101.128029,-816.317322,567.878296,97.743179,-816.060181,570.020813,94.692619,-815.847961,572.626526,92.240547,-815.798462,558.994507,109.203827,-804.983398,560.446045,105.779320,-804.978943,
		561.990906,101.911331,-804.661133,563.764343,97.897430,-804.200684,565.901367,94.035172,-803.768005,568.537231,90.622124,-803.533813,571.807007,87.955841,-803.668579,555.828247,107.100266,-793.342407,557.460388,103.195610,-793.076538,559.263611,98.874741,-792.570740,561.370850,94.451920,-791.994324,563.915222,90.241432,-791.516663,
		567.029846,86.557541,-791.306946,570.847717,83.714523,-791.534546,552.637573,104.129097,-781.395996,554.427368,100.037025,-781.017334,556.565125,95.537750,-780.580200,559.109375,90.947090,-780.166199,562.118713,86.580879,-779.857178,565.651794,82.754929,-779.734802,569.767090,79.785057,-779.880676,574.060425,102.670601,-847.319580,
		575.515625,101.029861,-846.916199,577.093933,99.414574,-846.666626,578.807312,97.822922,-846.581055,580.667847,96.253105,-846.669739,582.687561,94.703316,-846.942810,584.878479,93.171753,-847.410522,573.771729,99.866379,-838.108276,575.037476,98.295052,-837.631958,576.379272,96.838547,-837.359009,577.836975,95.476814,-837.297668,
		579.450195,94.189827,-837.456238,581.258850,92.957542,-837.842957,583.302612,91.759918,-838.466064,573.287598,96.300209,-827.439819,574.311340,94.993988,-827.046143,575.416931,93.805664,-826.891846,576.630493,92.719635,-826.959351,577.978027,91.720306,-827.230896,579.485535,90.792099,-827.688965,581.179016,89.919418,-828.315857,
		572.626526,92.240547,-815.798462,573.383240,91.307343,-815.568787,574.244019,90.448112,-815.588074,575.204163,89.661613,-815.807251,576.259216,88.946594,-816.176941,577.404602,88.301788,-816.647949,578.635681,87.725960,-817.171021,571.807007,87.955841,-803.668579,572.299316,87.415764,-803.609680,572.897461,86.898094,-803.770508,
		573.574036,86.413017,-804.082642,574.301697,85.970726,-804.477661,575.053040,85.581413,-804.887207,575.800659,85.255264,-805.242798,570.847717,83.714523,-791.534546,571.105591,83.499924,-791.578918,571.414429,83.287788,-791.761963,571.756287,83.084084,-792.026733,572.113403,82.894753,-792.316345,572.467896,82.725761,-792.573853,
		572.801758,82.583061,-792.742310,569.767090,79.785057,-779.880676,569.848083,79.740486,-779.886292,569.831848,79.749405,-779.885193,569.767090,79.785057,-779.880676,569.702332,79.820717,-779.876221,569.686157,79.829628,-779.875061,569.767090,79.785057,-779.880676
	],

	"normals" : [
		-0.922016,-0.340765,-0.183753,-0.933786,-0.316529,-0.166891,-0.931685,-0.331823,-0.147837,-0.916139,-0.377718,-0.134231,-0.882575,-0.450088,-0.135953,-0.821167,-0.547819,-0.159933,-0.718403,-0.665475,-0.202584,-0.900523,-0.374197,-0.221436,-0.911931,-0.349784,-0.214553,-0.908806,-0.361151,-0.208905,
		-0.893788,-0.397881,-0.206962,-0.862724,-0.459525,-0.211056,-0.804513,-0.550351,-0.223322,-0.696503,-0.674607,-0.244518,-0.888118,-0.385594,-0.250127,-0.901228,-0.355875,-0.247268,-0.896886,-0.367720,-0.245717,-0.878192,-0.409396,-0.247334,-0.839456,-0.480916,-0.253047,-0.765619,-0.586611,-0.264037,
		-0.627078,-0.726312,-0.281504,-0.880223,-0.387153,-0.274445,-0.892901,-0.358962,-0.271798,-0.886890,-0.374636,-0.270321,-0.863720,-0.424127,-0.272222,-0.815417,-0.507505,-0.278448,-0.723841,-0.626187,-0.289732,-0.561051,-0.769181,-0.305913,-0.872852,-0.387821,-0.296183,-0.882984,-0.367536,-0.291987,
		-0.874891,-0.389005,-0.288514,-0.847717,-0.445212,-0.288378,-0.791506,-0.536219,-0.293237,-0.687377,-0.659693,-0.303839,-0.514054,-0.796436,-0.318493,-0.864265,-0.390721,-0.316831,-0.869179,-0.384699,-0.310699,-0.858140,-0.414011,-0.303629,-0.827961,-0.474535,-0.298825,-0.767568,-0.566623,-0.299629,
		-0.658925,-0.686194,-0.308148,-0.485500,-0.812843,-0.321832,-0.853017,-0.397518,-0.338144,-0.848359,-0.413299,-0.330864,-0.832927,-0.452736,-0.318218,-0.801362,-0.514624,-0.304927,-0.742470,-0.600134,-0.297619,-0.639375,-0.706962,-0.302331,-0.474213,-0.821446,-0.316779,-0.718403,-0.665475,-0.202584,
		-0.691281,-0.687903,-0.221178,-0.666378,-0.707976,-0.233903,-0.643667,-0.726986,-0.239132,-0.622350,-0.746340,-0.235917,-0.601105,-0.767330,-0.223333,-0.578148,-0.791006,-0.200138,-0.732988,-0.638606,-0.234331,-0.704291,-0.665978,-0.245861,-0.671386,-0.695892,-0.254901,-0.635907,-0.726649,-0.260006,
		-0.599408,-0.757021,-0.260055,-0.563034,-0.786340,-0.254288,-0.527395,-0.814353,-0.242248,-0.735622,-0.628217,-0.253386,-0.705710,-0.658256,-0.262055,-0.670002,-0.691817,-0.269233,-0.629528,-0.726980,-0.274215,-0.585906,-0.761897,-0.276092,-0.540906,-0.795259,-0.273832,-0.496037,-0.826439,-0.266356,
		-0.728922,-0.630225,-0.267374,-0.698624,-0.660853,-0.274222,-0.664621,-0.692822,-0.279778,-0.625888,-0.726302,-0.284164,-0.581602,-0.761250,-0.286770,-0.530900,-0.797652,-0.286177,-0.472914,-0.835419,-0.280049,-0.704468,-0.651601,-0.281320,-0.682241,-0.673514,-0.284474,-0.657115,-0.696708,-0.287746,
		-0.626491,-0.723031,-0.291093,-0.586741,-0.754623,-0.293733,-0.532003,-0.794183,-0.293677,-0.452750,-0.844286,-0.286704,-0.622837,-0.721664,-0.302118,-0.650658,-0.700055,-0.294224,-0.652808,-0.698503,-0.293147,-0.638449,-0.710755,-0.295315,-0.605630,-0.737833,-0.298018,-0.544935,-0.783823,-0.297771,
		-0.437353,-0.851745,-0.288535,-0.608699,-0.733819,-0.301656,-0.608699,-0.733819,-0.301656,-0.608699,-0.733819,-0.301656,-0.608699,-0.733819,-0.301656,-0.608699,-0.733819,-0.301656,-0.608699,-0.733819,-0.301656,-0.608699,-0.733819,-0.301656
	],