{
	"metadata" : {
		"formatVersion" : 3,
		"description" : "Exported from LibZinc."
	},

	"materials" : [ {
	"DbgColor" : 15658734,
	"DbgIndex" : 0,
	"DbgName" : "my_material",
	"colorDiffuse" : [1, 0, 0],
	"colorSpecular" : [0.1, 0.1, 0.1],
	"shading" : "Phong",
	"specularCoef" : 20,
	"opacity" : 1,
	"vertexColors" : true
	}],

	"vertices" : [
		317.301300,224.057007,41.544609,315.497314,226.247467,41.490860,313.717377,228.182846,41.486546,311.948151,229.894287,41.525909,310.176361,231.412949,41.603188,308.388641,232.770004,41.712627,306.571686,233.996597,41.848461,312.308502,218.256226,45.085445,310.779358,220.093430,45.044415,309.260193,221.714157,45.020832,
		307.746704,223.147079,45.022018,306.234711,224.420883,45.055286,304.719910,225.564224,45.127956,303.198059,226.605774,45.247345,307.128998,212.404160,48.121601,305.887329,213.885941,48.088028,304.648956,215.192017,48.056423,303.413818,216.346024,48.037846,302.181763,217.371643,48.043354,300.952759,218.292511,48.084007,
		299.726685,219.132309,48.170860,301.800385,206.517059,50.770741,300.857086,207.639343,50.742180,299.915314,208.628372,50.711361,298.975830,209.501358,50.687115,298.039459,210.275497,50.678265,297.106964,210.967972,50.693645,296.179169,211.596024,50.742081,296.360199,200.611176,53.150536,295.724426,201.367950,53.127361,
		295.090759,202.035202,53.103699,294.459167,202.623322,53.083542,293.829651,203.142685,53.070889,293.202271,203.603668,53.069740,292.577026,204.016678,53.084087,290.845978,194.702774,55.378654,290.525238,195.086090,55.364059,290.206909,195.424454,55.351482,289.890198,195.722153,55.340851,289.574310,195.983459,55.332096,
		289.258484,196.212692,55.325153,288.941895,196.414108,55.319954,285.295288,188.808105,57.572762,285.295288,188.808105,57.572762,285.295288,188.808105,57.572762,285.295288,188.808105,57.572762,285.295288,188.808105,57.572762,285.295288,188.808105,57.572762,285.295288,188.808105,57.572762,306.571686,233.996597,41.848461,
		304.783386,235.094391,42.026447,303.067932,236.050934,42.256260,301.391449,236.876312,42.522999,299.720154,237.580551,42.811775,298.020264,238.173737,43.107685,296.257904,238.665894,43.395840,303.198059,226.605774,45.247345,301.707031,227.540848,45.420544,300.270416,228.352646,45.641415,298.862549,229.051651,45.897449,
		297.457764,229.648346,46.176132,296.030426,230.153259,46.464947,294.554840,230.576874,46.751389,299.726685,219.132309,48.170860,298.529541,219.888290,48.316238,297.374237,220.546967,48.514080,296.241089,221.115829,48.747864,295.110321,221.602386,49.001057,293.962250,222.014145,49.257145,292.777191,222.358597,49.499596,
		296.179169,211.596024,50.742081,295.275299,212.162735,50.846424,294.404022,212.661804,51.008904,293.550323,213.096222,51.207417,292.699066,213.469025,51.419865,291.835205,213.783218,51.624146,290.943665,214.041824,51.798157,292.577026,204.016678,53.084087,291.968597,204.390167,53.143978,291.384399,204.725006,53.260525,
		290.813599,205.020157,53.409298,290.245331,205.274612,53.565876,289.668762,205.487335,53.705833,289.073029,205.657303,53.804745,288.941895,196.414108,55.319954,288.633820,196.596619,55.341797,288.339935,196.764481,55.403595,288.054138,196.915009,55.486687,287.770294,197.045517,55.572403,287.482300,197.153351,55.642078,
		287.183990,197.235809,55.677052,285.295288,188.808105,57.572762,285.295288,188.808105,57.572762,285.295288,188.808105,57.572762,285.295288,188.808105,57.572762,285.295288,188.808105,57.572762,285.295288,188.808105,57.572762,285.295288,188.808105,57.572762,296.257904,238.665894,43.395840,294.450775,239.057526,43.641373,
		292.638184,239.351166,43.824883,290.818726,239.560074,43.954674,288.990997,239.697479,44.039040,287.153564,239.776611,44.086288,285.305115,239.810699,44.104721,294.554840,230.576874,46.751389,293.040070,230.917419,46.997154,291.512970,231.173492,47.178089,289.974640,231.356186,47.302883,288.426239,231.476563,47.380222,
		286.868805,231.545685,47.418793,285.303528,231.574615,47.427284,292.777191,222.358597,49.499596,291.559448,222.635956,49.704826,290.327820,222.846680,49.862453,289.084290,222.998581,49.975765,287.830872,223.099533,50.048050,286.569550,223.157379,50.082603,285.302277,223.179962,50.082718,290.943665,214.041824,51.798157,
		290.026764,214.248718,51.940311,289.098083,214.408707,52.061039,288.159424,214.526108,52.156254,287.212524,214.605286,52.221878,286.259155,214.650589,52.253819,285.301117,214.666336,52.248001,289.073029,205.657303,53.804745,288.459961,205.791290,53.879517,287.839203,205.897614,53.956909,287.211792,205.977631,54.027290,
		286.578735,206.032715,54.081039,285.941040,206.064178,54.108524,285.299774,206.073395,54.100113,287.183990,197.235809,55.677052,286.876831,197.299225,55.698360,286.566467,197.351410,55.733128,286.253143,197.392014,55.771816,285.937134,197.420685,55.804886,285.618622,197.437057,55.822807,285.297913,197.440781,55.816040,
		285.295288,188.808105,57.572762,285.295288,188.808105,57.572762,285.295288,188.808105,57.572762,285.295288,188.808105,57.572762,285.295288,188.808105,57.572762,285.295288,188.808105,57.572762,285.295288,188.808105,57.572762
	],