{
	"metadata" : {
		"formatVersion" : 3,
		"description" : "Exported from LibZinc."
	},

	"materials" : [ {
	"DbgColor" : 15658734,
	"DbgIndex" : 0,
	"DbgName" : "my_material",
	"colorDiffuse" : [1, 0, 1],
	"colorSpecular" : [0.1, 0.1, 0.1],
	"shading" : "Phong",
	"specularCoef" : 20,
	"opacity" : 1,
	"vertexColors" : true
	}],

	"vertices" : [
		369.122803,161.651993,-92.573227,372.915314,160.397141,-92.437431,376.825653,159.253616,-92.373428,380.741943,158.322037,-92.364639,384.552307,157.702957,-92.394478,388.144836,157.496994,-92.446365,391.407715,157.804703,-92.503731,369.150269,161.620712,-92.490532,373.014771,160.317261,-91.866219,377.127594,159.168533,-91.019447,
		381.333221,158.246506,-90.063522,385.476074,157.623154,-89.111740,389.400574,157.370468,-88.277405,392.951172,157.560410,-87.673828,369.144775,161.626968,-92.507072,373.048035,160.227509,-91.063301,377.300385,159.048904,-89.304161,381.714355,158.143234,-87.403343,386.102539,157.562607,-85.534546,390.277527,157.359131,-83.871460,
		394.051819,157.584900,-82.587761,369.122803,161.651993,-92.573227,373.025757,160.150574,-90.146645,377.329254,158.963516,-87.423920,381.832520,158.123383,-84.602585,386.334747,157.662720,-81.880188,390.635162,157.614090,-79.454262,394.533020,158.010040,-77.522331,369.100830,161.677032,-92.639389,372.958496,160.109100,-89.234230,
		377.199463,158.981155,-85.575073,381.634796,158.298111,-81.879715,386.075592,158.064911,-78.365944,390.333008,158.286438,-75.251556,394.218079,158.967667,-72.754341,369.095337,161.683289,-92.655930,372.856842,160.125763,-88.444031,376.896240,159.170609,-83.953979,381.068359,158.778610,-79.453186,385.228149,158.910568,-75.209076,
		389.230530,159.527298,-71.489075,392.930359,160.589600,-68.560585,369.122803,161.651993,-92.573227,372.731415,160.223221,-87.894028,376.404816,159.600632,-82.756989,380.080353,159.676010,-77.541481,383.695374,160.341141,-72.626884,387.187225,161.487778,-68.392555,390.493195,163.007706,-65.217873,391.407715,157.804703,-92.503731,
		393.507751,158.593597,-92.635704,393.902466,159.695450,-92.924721,392.915771,161.007233,-93.374153,390.871521,162.425934,-93.987366,388.093719,163.848526,-94.767731,384.906189,165.171997,-95.718613,392.951172,157.560410,-87.673828,395.225464,158.231613,-87.445152,395.661163,159.291367,-87.620499,394.612854,160.614609,-88.140617,
		392.435028,162.076279,-88.946281,389.482330,163.551346,-89.978226,386.109253,164.914734,-91.177216,394.051819,157.584900,-82.587761,396.490631,158.313675,-81.944511,397.023956,159.478943,-81.993576,396.011627,160.922516,-82.594910,393.813599,162.486221,-83.608459,390.789703,164.011856,-84.894157,387.299805,165.341217,-86.311951,
		394.533020,158.010040,-77.522331,397.101593,158.927109,-76.465782,397.774506,160.292206,-76.386543,396.891449,161.913528,-77.062988,394.792084,163.599289,-78.273499,391.816071,165.157684,-79.796432,388.303162,166.396881,-81.410187,394.218079,158.967667,-72.754341,396.856720,160.159271,-71.340996,397.696594,161.765198,-71.141983,
		397.031525,163.570206,-71.870811,395.155304,165.359024,-73.240974,392.361725,166.916412,-74.965973,388.944611,168.027115,-76.759300,392.930359,160.589600,-68.560585,395.554352,162.097519,-66.902145,396.573944,163.931976,-66.602478,396.211212,165.875092,-67.344337,394.688171,167.708954,-68.810493,392.226929,169.215668,-70.683685,
		389.049500,170.177322,-72.646667,390.493195,163.007706,-65.217873,392.992828,164.829193,-63.481251,394.190247,166.826584,-63.110611,394.209717,168.810776,-63.809536,393.175507,170.592636,-65.281624,391.211884,171.983047,-67.230469,388.443115,172.792892,-69.359657,384.906189,165.171997,-95.718613,381.339111,166.617859,-96.975296,
		377.439667,168.545502,-98.571182,373.557465,171.058762,-100.356773,370.042053,174.261429,-102.182579,367.242981,178.257339,-103.899124,365.509888,183.150299,-105.356903,386.109253,164.914734,-91.177216,382.407959,166.401917,-92.621101,378.437714,168.387817,-94.349739,374.503723,170.956467,-96.246910,370.911285,174.191956,-98.196404,
		367.965607,178.178329,-100.081993,365.971954,182.999680,-101.787468,387.299805,165.341217,-86.311951,383.492340,166.768890,-87.932617,379.458832,168.733932,-89.842690,375.473938,171.294800,-91.925774,371.812134,174.510040,-94.065445,368.748108,178.438126,-96.145317,366.556366,183.137558,-98.048981,388.303162,166.396881,-81.410187,
		384.448364,167.684387,-83.197495,380.389648,169.542740,-85.301102,376.380768,172.012756,-87.589417,372.675629,175.135284,-89.930840,369.528015,178.951141,-92.193779,367.191772,183.501160,-94.246620,388.944611,168.027115,-76.759300,385.132263,169.113968,-78.703369,381.116638,170.773117,-80.976036,377.137054,173.049332,-83.433929,
		373.432709,175.987320,-85.933723,370.242889,179.631866,-88.332054,367.806885,184.027710,-90.485573,389.049500,170.177322,-72.646667,385.400116,171.023239,-74.737907,381.526428,172.383972,-77.118553,377.655487,174.343506,-79.655388,374.014404,176.985764,-82.215218,370.830292,180.394745,-84.664833,368.330261,184.654419,-86.871017,
		388.443115,172.792892,-69.359657,385.108124,173.377792,-71.588745,381.505524,174.334183,-73.979721,377.848846,175.834274,-76.449867,374.351746,178.050217,-78.916466,371.227783,181.154236,-81.296791,368.690613,185.318497,-83.508133
	],