{
	"metadata" : {
		"formatVersion" : 3,
		"description" : "Exported from LibZinc."
	},

	"materials" : [ {
	"DbgColor" : 15658734,
	"DbgIndex" : 0,
	"DbgName" : "my_material",
	"colorDiffuse" : [1, 0, 0],
	"colorSpecular" : [0.1, 0.1, 0.1],
	"shading" : "Phong",
	"specularCoef" : 20,
	"opacity" : 1,
	"vertexColors" : true
	}],

	"vertices" : [
		290.279602,297.797089,-116.733200,290.816650,297.531464,-116.759399,292.177917,296.951416,-116.780991,293.988678,296.382233,-116.712448,295.874115,296.149139,-116.468231,297.459503,296.577454,-115.962822,298.369995,297.992401,-115.110703,290.279602,297.797089,-116.733200,290.878540,297.386932,-116.732620,292.425110,296.466522,-116.697350,
		294.543976,295.500946,-116.577118,296.859772,294.955353,-116.321640,298.997192,295.294830,-115.880638,300.580811,296.984467,-115.203819,290.279602,297.797089,-116.733200,291.023254,297.284424,-116.705017,292.937134,296.099792,-116.610809,295.545563,294.773254,-116.436066,298.372864,293.834869,-116.166283,300.943390,293.814728,-115.786942,
		302.781494,295.242889,-115.283546,290.279602,297.797089,-116.733200,291.208862,297.216919,-116.679146,293.575836,295.837830,-116.529449,296.749359,294.202057,-116.302811,300.098236,292.851807,-116.017937,302.991272,292.329224,-115.693542,304.797302,293.176544,-115.348312,290.279602,297.797089,-116.733200,291.393372,297.177399,-116.657524,
		294.203094,295.667297,-116.461334,297.911377,293.790405,-116.190880,301.720825,292.070221,-115.892426,304.833984,291.030365,-115.612221,306.453461,291.194336,-115.396530,290.279602,297.797089,-116.733200,291.534851,297.158813,-116.642693,294.680786,295.574799,-116.414543,298.787567,293.541229,-116.113800,302.925446,291.554291,-115.805527,
		306.164612,290.110199,-115.554779,307.575317,289.705170,-115.426620,290.279602,297.797089,-116.733200,291.591339,297.154205,-116.637184,294.870697,295.546936,-116.397148,299.133850,293.457489,-116.085098,303.397003,291.368073,-115.773048,306.676361,289.760803,-115.533012,307.988098,289.117889,-115.436996,298.369995,297.992401,-115.110703,
		298.502502,300.380920,-114.290070,298.048859,303.302704,-113.866966,297.076874,306.442352,-113.737617,295.654388,309.484314,-113.798241,293.849152,312.113129,-113.945061,291.729004,314.013306,-114.074303,300.580811,296.984467,-115.203819,301.170044,299.782715,-114.495438,300.716003,302.991333,-113.973099,299.430939,306.390472,-113.606567,
		297.527161,309.760345,-113.365608,295.216919,312.881104,-113.219978,292.712555,315.532898,-113.139435,302.781494,295.242889,-115.283546,303.389679,298.069916,-114.697296,302.765625,301.660492,-114.099648,301.176361,305.665955,-113.521477,298.888885,309.737518,-112.993675,296.170227,313.526520,-112.547127,293.287415,316.684204,-112.212700,
		304.797302,293.176544,-115.348312,305.141876,295.784241,-114.864670,304.247070,299.776764,-114.173874,302.376312,304.547272,-113.367928,299.793060,309.488922,-112.538811,296.760773,313.994873,-111.778526,293.542908,317.458313,-111.179062,306.453461,291.194336,-115.396530,306.407104,293.467407,-114.966568,305.209625,297.806580,-114.123062,
		303.094025,303.312927,-113.031494,300.293274,309.087585,-111.857376,297.040375,314.231659,-110.766197,293.568298,317.846313,-109.923462,307.575317,289.705170,-115.426620,307.165924,291.661163,-114.972023,305.702698,296.216431,-113.874474,303.392700,302.241394,-112.397774,300.443024,308.606567,-110.805733,297.060699,314.182373,-109.362160,
		293.452820,317.839325,-108.330856,307.988098,289.117889,-115.436996,307.398773,290.907196,-114.850044,305.775574,295.472809,-113.355377,303.335541,301.611237,-111.352341,300.295837,308.118958,-109.240250,296.873566,313.792511,-107.418427,293.285797,317.428406,-106.286201,307.988098,289.117889,-115.436996,307.398773,290.907196,-114.850044,
		305.775574,295.472809,-113.355377,303.335541,301.611237,-111.352341,300.295837,308.118958,-109.240250,296.873566,313.792511,-107.418427,293.285797,317.428406,-106.286201,308.114258,289.395844,-114.555710,307.295990,291.248260,-113.783264,305.503204,295.639069,-111.974617,302.959442,301.466217,-109.610901,299.888245,307.627716,-107.173248,
		296.513092,313.021545,-105.142807,293.057587,316.545715,-104.000694,308.397797,290.040192,-112.189941,307.065338,292.116425,-111.258118,304.976013,296.247498,-109.409576,302.312378,301.527710,-107.087189,299.256989,307.051422,-104.733795,295.992401,311.912933,-102.792274,292.701172,315.206665,-101.705475,308.696167,290.766785,-108.756836,
		306.713623,293.137573,-107.699310,304.266541,296.968201,-105.990402,301.474274,301.590546,-103.963844,298.456177,306.336548,-101.953346,295.331604,310.538147,-100.292633,292.219940,313.527161,-99.315414,308.866913,291.291534,-104.673561,306.247620,293.937500,-103.531555,303.447296,297.471161,-102.047234,300.525024,301.449554,-100.423523,
		297.539825,305.429657,-98.863365,294.550842,308.968536,-97.569664,291.617126,311.623169,-96.745369,308.767517,291.330200,-100.357254,305.674194,294.142059,-99.179558,302.590881,297.426483,-97.910194,299.544495,300.899536,-96.648872,296.561951,304.277222,-95.495293,293.670166,307.275574,-94.549171,290.896027,309.610565,-93.910202,
		308.255493,290.598694,-96.225067,305.000061,293.377045,-95.068031,301.769775,296.504181,-93.909431,298.612640,299.735352,-92.822533,295.576630,302.825745,-91.880608,292.709747,305.530670,-91.156937,290.059998,307.605286,-90.724777
	],