{
	"metadata" : {
		"formatVersion" : 3,
		"description" : "Exported from LibZinc."
	},

	"materials" : [ {
	"DbgColor" : 15658734,
	"DbgIndex" : 0,
	"DbgName" : "my_material",
	"colorDiffuse" : [1, 0, 0],
	"colorSpecular" : [0.1, 0.1, 0.1],
	"shading" : "Phong",
	"specularCoef" : 20,
	"opacity" : 1,
	"vertexColors" : true
	}],

	"vertices" : [
		617.277283,101.421898,-854.310791,618.185913,103.843033,-854.546753,618.898926,105.925011,-854.881592,619.425659,107.918602,-855.348389,619.775574,110.074562,-855.980164,619.958008,112.643646,-856.809937,619.982483,115.876602,-857.870911,617.214050,103.330803,-845.219299,617.948059,105.452286,-845.250793,618.528076,107.246994,-845.463257,
		618.969177,108.944145,-845.884705,619.286499,110.772957,-846.543030,619.495117,112.962654,-847.466125,619.610168,115.742462,-848.682007,617.118103,105.500298,-834.415955,617.667969,107.189613,-834.393127,618.115784,108.651192,-834.621094,618.472229,110.047569,-835.089844,618.748047,111.541283,-835.789001,618.954041,113.294876,-836.708435,
		619.100830,115.470894,-837.837830,616.986023,107.800850,-822.464355,617.357239,108.998238,-822.474243,617.677063,110.096397,-822.772217,617.947693,111.176552,-823.301575,618.171387,112.319901,-824.005615,618.350281,113.607666,-824.827576,618.486633,115.121056,-825.710693,616.814209,110.102943,-809.927917,617.027466,110.821373,-809.994751,
		617.226990,111.541405,-810.333618,617.408447,112.278763,-810.857788,617.567383,113.049187,-811.480286,617.699280,113.868401,-812.114319,617.799866,114.752121,-812.672974,616.599182,112.277039,-797.370300,616.690186,112.602242,-797.455200,616.780640,112.945000,-797.722473,616.867371,113.301888,-798.096252,616.947083,113.669502,-798.500549,
		617.016602,114.044426,-798.859436,617.072693,114.423248,-799.096924,616.337280,114.193604,-785.354919,616.356995,114.284073,-785.356140,616.353027,114.265976,-785.355896,616.337280,114.193604,-785.354919,616.321594,114.121223,-785.353943,616.317627,114.103127,-785.353699,616.337280,114.193604,-785.354919,603.206787,90.835602,-848.951477,
		606.200684,91.816078,-849.728943,609.083557,93.118324,-850.775269,611.744019,94.736191,-851.923523,614.070740,96.663506,-853.006836,615.952332,98.894135,-853.858215,617.277283,101.421898,-854.310791,603.102966,91.222816,-840.276978,606.121460,92.435707,-841.045715,609.026611,94.027466,-842.089050,611.703491,95.955482,-843.217468,
		614.037048,98.177116,-844.241577,615.912231,100.649765,-844.971985,617.214050,103.330803,-845.219299,602.302429,90.423828,-830.643677,605.504944,92.043022,-831.341797,608.531372,94.092522,-832.204102,611.293884,96.517654,-833.086609,613.704407,99.263771,-833.845459,615.675171,102.276199,-834.336548,617.118103,105.500298,-834.415955,
		600.978455,88.696449,-820.128235,604.485352,90.822433,-820.725403,607.724854,93.457741,-821.326294,610.645813,96.537804,-821.865845,613.197144,99.998047,-822.278809,615.327576,103.773918,-822.500000,616.986023,107.800850,-822.464355,599.304260,86.298477,-808.807190,603.196716,88.958351,-809.304810,606.733887,92.267403,-809.661560,
		609.890015,96.131012,-809.889832,612.639282,100.454559,-810.002075,614.955994,105.143410,-810.010620,616.814209,110.102943,-809.927917,597.453003,83.487717,-796.757324,601.773193,86.635162,-797.188293,605.685547,90.665764,-797.415649,609.157166,95.412384,-797.493347,612.155212,100.707901,-797.475647,614.646851,106.385162,-797.416565,
		616.599182,112.277039,-797.370300,595.598022,80.521973,-784.055176,600.348938,84.037277,-784.484253,604.706726,88.797089,-784.794373,608.577942,94.497009,-785.011108,611.869080,100.832657,-785.159851,614.486694,107.499649,-785.265930,616.337280,114.193604,-785.354919
	],

	"normals" : [
		0.934473,-0.346842,0.080382,0.939051,-0.333141,0.084855,0.956527,-0.280454,0.080007,0.978974,-0.191577,0.070063,0.993717,-0.094640,0.059743,0.998581,-0.019273,0.049639,0.999033,0.025693,0.035691,0.942029,-0.327146,0.074552,0.945136,-0.317507,0.076856,0.959484,-0.271980,0.073601,
		0.978913,-0.193192,0.066377,0.992452,-0.107867,0.058349,0.997774,-0.042669,0.051250,0.999017,-0.004027,0.044145,0.946778,-0.313933,0.071116,0.951106,-0.300513,0.071345,0.963687,-0.258097,0.068502,0.979541,-0.191057,0.063211,0.991199,-0.119359,0.057259,0.996701,-0.062149,0.052207,
		0.998517,-0.025016,0.048345,0.949916,-0.304785,0.069036,0.957184,-0.281629,0.066962,0.968578,-0.240331,0.064013,0.980696,-0.186039,0.060210,0.990003,-0.129393,0.056147,0.995392,-0.080115,0.052687,0.997816,-0.042570,0.050511,0.952413,-0.297205,0.067658,0.963701,-0.259447,0.062994,
		0.973727,-0.219721,0.059816,0.982239,-0.178701,0.057204,0.988916,-0.137986,0.054815,0.993689,-0.098997,0.052741,0.996704,-0.062748,0.051424,0.957634,-0.280504,0.065230,0.971004,-0.231689,0.058917,0.978999,-0.196124,0.055643,0.984393,-0.167506,0.053965,0.988228,-0.143490,0.053063,
		0.991001,-0.123217,0.052298,0.993063,-0.105911,0.051083,0.983847,-0.171790,0.050320,0.983847,-0.171790,0.050320,0.983847,-0.171790,0.050320,0.983847,-0.171790,0.050320,0.983847,-0.171790,0.050320,0.983847,-0.171790,0.050320,0.983847,-0.171790,0.050320,0.280866,-0.952954,0.113985,
		0.391154,-0.912223,0.121850,0.501625,-0.854611,0.134210,0.613191,-0.777105,0.141792,0.725307,-0.674659,0.136986,0.835904,-0.536596,0.115455,0.934473,-0.346842,0.080382,0.313798,-0.949444,-0.009307,0.433847,-0.900625,0.025526,0.548060,-0.834360,0.058933,0.656106,-0.749745,0.086066,
		0.757937,-0.644318,0.101911,0.853730,-0.510840,0.100934,0.939922,-0.332886,0.075713,0.378270,-0.922359,-0.078516,0.501688,-0.864539,-0.029702,0.614236,-0.788956,0.016234,0.713975,-0.698061,0.054324,0.800864,-0.593464,0.080110,0.876259,-0.473543,0.089029,0.940851,-0.330566,0.074329,
		0.437940,-0.892170,-0.110643,0.569698,-0.819935,-0.056139,0.679932,-0.733256,-0.005421,0.769138,-0.638061,0.036128,0.840325,-0.538185,0.064897,0.897315,-0.434407,0.078204,0.943211,-0.324162,0.072602,0.476282,-0.870498,-0.124053,0.621706,-0.780299,-0.067931,0.731367,-0.681766,-0.017258,
		0.811928,-0.583302,0.023085,0.871235,-0.488188,0.051217,0.915701,-0.396290,0.066669,0.949643,-0.305617,0.069119,0.490306,-0.861884,-0.129441,0.654451,-0.752409,-0.074664,0.766049,-0.642214,-0.027039,0.841568,-0.540067,0.009511,0.894188,-0.446295,0.035342,0.932310,-0.357837,0.052452,
		0.960637,-0.270429,0.063605,0.479471,-0.867723,-0.131009,0.669914,-0.738017,-0.080917,0.786163,-0.616790,-0.038961,0.860118,-0.510028,-0.008281,0.910808,-0.412596,0.013933,0.948055,-0.316401,0.032899,0.975798,-0.211356,0.056094
	],