{
	"metadata" : {
		"formatVersion" : 3,
		"description" : "Exported from LibZinc."
	}, "materials": [ { "DbgColor": 15658734, "DbgIndex": 0, "DbgName": "my_material", "colorDiffuse": [ 0.9, 0.7, 0.5 ], "colorSpecular": [ 0.2, 0.2, 0.3 ], "shading": "Phong", "specularCoef": 20, "opacity": 1, "vertexColors": true } ], 

	"vertices" : [
		351.909210,258.360291,-119.425102,347.764038,265.348114,-120.472786,343.427032,271.292236,-121.306267,338.682007,276.404144,-121.803215,333.312805,280.895203,-121.841301,353.006958,260.175598,-113.903862,348.710693,267.095337,-115.019943,343.994537,272.735229,-115.931046,338.735718,277.504150,-116.403496,332.811340,281.810913,-116.203651,
		353.989258,261.696014,-108.693939,349.604004,268.594391,-109.827255,344.485260,273.938416,-110.702179,338.739258,278.309387,-111.148460,332.472198,282.288605,-110.995834,354.554932,262.730896,-103.385689,350.070435,269.587555,-104.549919,344.606964,274.646210,-105.444862,338.499084,278.594757,-105.958969,332.081299,282.121063,-105.980675,
		354.402893,263.089508,-97.569458,349.736359,269.817139,-98.843132,344.067352,274.603119,-99.984268,337.821533,278.135193,-100.755898,331.424500,281.101105,-100.920998
	],

	"normals" : [
		0.857241,0.422910,-0.293745,0.822455,0.496258,-0.278020,0.766156,0.599466,-0.231616,0.684907,0.712248,-0.153639,0.590333,0.803263,-0.079222,0.856472,0.413529,-0.308949,0.794369,0.520626,-0.312932,0.713802,0.655017,-0.247870,0.621545,0.768812,-0.150367,0.549414,0.832285,-0.073800,
		0.880019,0.408239,-0.242709,0.778974,0.573152,-0.254355,0.659702,0.728561,-0.184371,0.560313,0.824117,-0.082951,0.522490,0.852643,0.002051,0.900949,0.422668,-0.098194,0.762815,0.639594,-0.095035,0.603253,0.796649,-0.037906,0.495123,0.867437,0.049048,0.480436,0.865172,0.143730,
		0.882247,0.462085,0.090099,0.712413,0.689882,0.128574,0.530380,0.831384,0.165825,0.413897,0.881158,0.228581,0.405056,0.856787,0.319133
	],

	"faces": [
		32 ,0,1,5 ,0,1,5,
		32 ,5,1,6 ,5,1,6,
		32 ,5,6,10 ,5,6,10,
		32 ,10,6,11 ,10,6,11,
		32 ,10,11,15 ,10,11,15,
		32 ,15,11,16 ,15,11,16,
		32 ,15,16,20 ,15,16,20,
		32 ,20,16,21 ,20,16,21,
		32 ,1,2,6 ,1,2,6,
		32 ,6,2,7 ,6,2,7,
		32 ,6,7,11 ,6,7,11,
		32 ,11,7,12 ,11,7,12,
		32 ,11,12,16 ,11,12,16,
		32 ,16,12,17 ,16,12,17,
		32 ,16,17,21 ,16,17,21,
		32 ,21,17,22 ,21,17,22,
		32 ,2,3,7 ,2,3,7,
		32 ,7,3,8 ,7,3,8,
		32 ,7,8,12 ,7,8,12,
		32 ,12,8,13 ,12,8,13,
		32 ,12,13,17 ,12,13,17,
		32 ,17,13,18 ,17,13,18,
		32 ,17,18,22 ,17,18,22,
		32 ,22,18,23 ,22,18,23,
		32 ,3,4,8 ,3,4,8,
		32 ,8,4,9 ,8,4,9,
		32 ,8,9,13 ,8,9,13,
		32 ,13,9,14 ,13,9,14,
		32 ,13,14,18 ,13,14,18,
		32 ,18,14,19 ,18,14,19,
		32 ,18,19,23 ,18,19,23,
		32 ,23,19,24 ,23,19,24
	]

}
