{
	"metadata" : {
		"formatVersion" : 3,
		"description" : "Exported from LibZinc."
	}, "materials": [ { "DbgColor": 15658734, "DbgIndex": 0, "DbgName": "my_material", "colorDiffuse": [ 0.9, 0.7, 0.5 ], "colorSpecular": [ 0.2, 0.2, 0.3 ], "shading": "Phong", "specularCoef": 20, "opacity": 1, "vertexColors": true } ], 

	"vertices" : [
		207.001297,222.935104,-92.169083,206.183517,212.790421,-90.677422,205.487595,202.721252,-88.756180,204.253571,193.363953,-86.367035,201.821503,185.354904,-83.471657,206.604385,223.409561,-86.783821,205.474884,212.829514,-85.499573,204.514511,202.439865,-83.880531,203.212204,193.262024,-81.887360,201.056900,186.317322,-79.480728,
		206.579132,224.010620,-81.388611,204.848053,212.802643,-80.291435,203.019577,201.287857,-79.031075,201.238449,191.856522,-77.691719,199.649445,186.898849,-76.357552,206.736542,224.603439,-75.533829,204.304657,212.895584,-74.624619,201.424805,200.216171,-73.823311,198.967484,190.241165,-73.225075,197.803131,186.646500,-72.925102,
		206.887695,225.053207,-68.769836,203.846359,213.294098,-68.070724,200.152222,200.175766,-67.872704,197.034409,189.509659,-67.932381,195.722000,185.107300,-68.006363
	],

	"normals" : [
		-0.988202,0.093174,-0.121555,-0.989281,0.039246,-0.140648,-0.991110,0.060351,-0.118566,-0.981379,0.160952,-0.104832,-0.922848,0.356420,-0.146002,-0.990717,0.127583,-0.046922,-0.989097,0.071644,-0.128660,-0.966009,0.055899,-0.252391,-0.937249,0.097987,-0.334607,-0.890373,0.271728,-0.365240,
		-0.987550,0.157303,-0.000194,-0.984293,0.140090,-0.107432,-0.952357,0.126688,-0.277428,-0.897975,0.127195,-0.421263,-0.828656,0.303609,-0.470266,-0.981792,0.189531,0.012726,-0.974334,0.207102,-0.088217,-0.949833,0.209936,-0.231827,-0.908282,0.217697,-0.357256,0.865732,0.171935,0.470049,
		-0.973457,0.228869,0.000882,-0.962288,0.260510,-0.078330,-0.946020,0.272272,-0.175826,-0.927950,0.278139,-0.248088,-0.948735,0.062216,-0.309889
	],

	"faces": [
		32 ,0,1,5 ,0,1,5,
		32 ,5,1,6 ,5,1,6,
		32 ,5,6,10 ,5,6,10,
		32 ,10,6,11 ,10,6,11,
		32 ,10,11,15 ,10,11,15,
		32 ,15,11,16 ,15,11,16,
		32 ,15,16,20 ,15,16,20,
		32 ,20,16,21 ,20,16,21,
		32 ,1,2,6 ,1,2,6,
		32 ,6,2,7 ,6,2,7,
		32 ,6,7,11 ,6,7,11,
		32 ,11,7,12 ,11,7,12,
		32 ,11,12,16 ,11,12,16,
		32 ,16,12,17 ,16,12,17,
		32 ,16,17,21 ,16,17,21,
		32 ,21,17,22 ,21,17,22,
		32 ,2,3,7 ,2,3,7,
		32 ,7,3,8 ,7,3,8,
		32 ,7,8,12 ,7,8,12,
		32 ,12,8,13 ,12,8,13,
		32 ,12,13,17 ,12,13,17,
		32 ,17,13,18 ,17,13,18,
		32 ,17,18,22 ,17,18,22,
		32 ,22,18,23 ,22,18,23,
		32 ,3,4,8 ,3,4,8,
		32 ,8,4,9 ,8,4,9,
		32 ,8,9,13 ,8,9,13,
		32 ,13,9,14 ,13,9,14,
		32 ,13,14,18 ,13,14,18,
		32 ,18,14,19 ,18,14,19,
		32 ,18,19,23 ,18,19,23,
		32 ,23,19,24 ,23,19,24
	]

}
