{
	"metadata" : {
		"formatVersion" : 3,
		"description" : "Exported from LibZinc."
	}, "materials": [ { "DbgColor": 15658734, "DbgIndex": 0, "DbgName": "my_material", "colorDiffuse": [ 0.9, 0.7, 0.5 ], "colorSpecular": [ 0.2, 0.2, 0.3 ], "shading": "Phong", "specularCoef": 20, "opacity": 1, "vertexColors": true } ], 

	"vertices" : [
		225.079803,101.823097,-92.684113,236.527237,91.040962,-91.789551,251.211029,81.088516,-91.027786,267.880768,73.787224,-90.499771,285.286102,70.958549,-90.306450,224.426651,101.022713,-83.986877,235.935608,89.965050,-83.056839,250.728607,79.923515,-82.254921,267.585175,72.631943,-81.695015,285.284821,69.824173,-81.491020,
		223.856522,100.608582,-75.255188,235.405914,89.299301,-74.349846,250.332748,79.215210,-73.546394,267.378845,71.979126,-72.974617,285.286041,69.213875,-72.764305,223.197128,100.542305,-66.516594,234.821960,89.096001,-65.634186,249.950333,79.021729,-64.825874,267.227661,71.856529,-64.237839,285.299347,69.137436,-64.016266,
		222.276199,100.785500,-57.798630,234.067535,89.407463,-56.875496,249.508286,79.401245,-56.017056,267.097565,72.291939,-55.383957,285.334412,69.604630,-55.136860
	],

	"normals" : [
		-0.733837,-0.664578,-0.140780,-0.612543,-0.774483,-0.158009,-0.478216,-0.862788,-0.164031,-0.290206,-0.943504,-0.159939,0.000774,-0.987959,-0.154712,-0.750264,-0.654241,-0.095247,-0.621186,-0.774910,-0.116801,-0.480448,-0.869085,-0.117735,-0.288152,-0.951593,-0.106951,0.000611,-0.995052,-0.099356,
		-0.765134,-0.640224,-0.068434,-0.627011,-0.775078,-0.078173,-0.479518,-0.874964,-0.067084,-0.284234,-0.957514,-0.048769,0.000589,-0.999218,-0.039537,-0.773108,-0.631377,-0.060551,-0.627152,-0.777730,-0.042634,-0.474838,-0.879972,-0.013326,-0.279134,-0.960173,0.012310,0.000918,-0.999757,0.022021,
		-0.768996,-0.635418,-0.069919,-0.619205,-0.785172,-0.009506,-0.466365,-0.883588,0.042146,-0.273919,-0.958935,0.073561,0.001767,-0.996602,0.082351
	],

	"faces": [
		32 ,0,1,5 ,0,1,5,
		32 ,5,1,6 ,5,1,6,
		32 ,5,6,10 ,5,6,10,
		32 ,10,6,11 ,10,6,11,
		32 ,10,11,15 ,10,11,15,
		32 ,15,11,16 ,15,11,16,
		32 ,15,16,20 ,15,16,20,
		32 ,20,16,21 ,20,16,21,
		32 ,1,2,6 ,1,2,6,
		32 ,6,2,7 ,6,2,7,
		32 ,6,7,11 ,6,7,11,
		32 ,11,7,12 ,11,7,12,
		32 ,11,12,16 ,11,12,16,
		32 ,16,12,17 ,16,12,17,
		32 ,16,17,21 ,16,17,21,
		32 ,21,17,22 ,21,17,22,
		32 ,2,3,7 ,2,3,7,
		32 ,7,3,8 ,7,3,8,
		32 ,7,8,12 ,7,8,12,
		32 ,12,8,13 ,12,8,13,
		32 ,12,13,17 ,12,13,17,
		32 ,17,13,18 ,17,13,18,
		32 ,17,18,22 ,17,18,22,
		32 ,22,18,23 ,22,18,23,
		32 ,3,4,8 ,3,4,8,
		32 ,8,4,9 ,8,4,9,
		32 ,8,9,13 ,8,9,13,
		32 ,13,9,14 ,13,9,14,
		32 ,13,14,18 ,13,14,18,
		32 ,18,14,19 ,18,14,19,
		32 ,18,19,23 ,18,19,23,
		32 ,23,19,24 ,23,19,24
	]

}
