{
	"metadata" : {
		"formatVersion" : 3,
		"description" : "Exported from LibZinc."
	}, "materials": [ { "DbgColor": 15658734, "DbgIndex": 0, "DbgName": "my_material", "colorDiffuse": [ 0.9, 0.7, 0.5 ], "colorSpecular": [ 0.2, 0.2, 0.3 ], "shading": "Phong", "specularCoef": 20, "opacity": 1, "vertexColors": true } ], 

	"vertices" : [
		363.432190,141.425995,-95.407089,364.679871,149.535263,-95.121300,364.748016,156.576584,-94.218323,365.580933,161.099091,-93.201263,369.122803,161.651993,-92.573227,365.497986,141.355362,-87.143074,367.563934,149.830338,-87.124840,368.093292,157.076462,-86.438881,368.743134,161.677322,-85.598862,371.170532,162.216553,-85.118416,
		367.328827,141.723907,-78.638504,370.332520,150.906815,-79.211708,371.628357,158.985352,-79.314163,372.018311,165.063339,-79.150444,372.304291,168.244583,-78.925110,368.834045,142.191635,-70.049271,372.460663,152.623596,-71.296158,374.233185,162.764435,-72.445686,374.412903,171.281006,-73.238228,373.261078,176.840134,-73.414146,
		369.922913,142.418594,-61.531281,373.423309,154.839630,-63.292442,374.787598,168.874878,-65.434982,374.933319,180.354156,-67.244438,374.778015,185.107300,-68.006363
	],

	"normals" : [
		0.922089,-0.286938,-0.259651,0.945770,-0.012230,-0.324607,0.943521,0.037238,-0.329213,0.831983,-0.453557,-0.319515,-0.305909,-0.919639,-0.246341,0.907402,-0.368072,-0.202841,0.936931,-0.100100,-0.334873,0.896576,0.015360,-0.442624,0.886678,-0.307011,-0.345754,-0.401987,-0.758082,0.513535,
		0.899998,-0.407738,-0.154120,0.938848,-0.224609,-0.260988,0.914490,-0.086196,-0.395321,0.902073,-0.017934,-0.431210,0.875551,-0.349738,0.333308,0.897546,-0.425045,-0.117254,0.957179,-0.257544,-0.132213,0.978692,-0.113719,-0.170968,0.945665,0.045593,-0.321931,0.629132,0.341472,-0.698276,
		0.894316,-0.438175,-0.090564,0.987140,-0.158284,0.022356,0.990013,-0.022639,0.139149,0.997087,0.029089,0.070503,0.032538,0.607640,-0.793546
	],

	"faces": [
		32 ,0,1,5 ,0,1,5,
		32 ,5,1,6 ,5,1,6,
		32 ,5,6,10 ,5,6,10,
		32 ,10,6,11 ,10,6,11,
		32 ,10,11,15 ,10,11,15,
		32 ,15,11,16 ,15,11,16,
		32 ,15,16,20 ,15,16,20,
		32 ,20,16,21 ,20,16,21,
		32 ,1,2,6 ,1,2,6,
		32 ,6,2,7 ,6,2,7,
		32 ,6,7,11 ,6,7,11,
		32 ,11,7,12 ,11,7,12,
		32 ,11,12,16 ,11,12,16,
		32 ,16,12,17 ,16,12,17,
		32 ,16,17,21 ,16,17,21,
		32 ,21,17,22 ,21,17,22,
		32 ,2,3,7 ,2,3,7,
		32 ,7,3,8 ,7,3,8,
		32 ,7,8,12 ,7,8,12,
		32 ,12,8,13 ,12,8,13,
		32 ,12,13,17 ,12,13,17,
		32 ,17,13,18 ,17,13,18,
		32 ,17,18,22 ,17,18,22,
		32 ,22,18,23 ,22,18,23,
		32 ,3,4,8 ,3,4,8,
		32 ,8,4,9 ,8,4,9,
		32 ,8,9,13 ,8,9,13,
		32 ,13,9,14 ,13,9,14,
		32 ,13,14,18 ,13,14,18,
		32 ,18,14,19 ,18,14,19,
		32 ,18,19,23 ,18,19,23,
		32 ,23,19,24 ,23,19,24
	]

}
