{
	"metadata" : {
		"formatVersion" : 3,
		"description" : "Exported from LibZinc."
	}, "materials": [ { "DbgColor": 15658734, "DbgIndex": 0, "DbgName": "my_material", "colorDiffuse": [ 0.9, 0.7, 0.5 ], "colorSpecular": [ 0.2, 0.2, 0.3 ], "shading": "Phong", "specularCoef": 20, "opacity": 1, "vertexColors": true } ], 

	"vertices" : [
		363.594208,225.081696,-68.703323,361.345856,235.054047,-69.239456,358.976868,244.997925,-69.316368,356.083496,254.373001,-69.537453,352.261993,262.638885,-70.506126,363.758698,225.309402,-60.864372,360.920868,235.171844,-61.468231,358.183777,244.995438,-61.629990,355.299469,254.452530,-61.806557,352.020081,263.215546,-62.454845,
		364.276947,225.368713,-52.225327,360.803680,235.230331,-52.791756,357.644623,245.150955,-53.099804,354.574768,254.778580,-53.392384,351.369019,263.761230,-53.912407,364.890900,225.279053,-42.974159,360.968597,235.161957,-43.473003,357.386902,245.245316,-43.918545,353.940887,255.020844,-44.360565,350.425720,263.980225,-44.848835,
		365.342590,225.059799,-33.298859,361.390045,234.899200,-33.774948,357.438019,245.059387,-34.278946,353.429352,254.848999,-34.776726,349.306885,263.576691,-35.234150
	],

	"normals" : [
		0.973009,0.230749,0.003016,0.972916,0.218564,0.075261,0.959160,0.252865,0.126777,0.930554,0.349632,0.108748,0.864829,0.501058,-0.031811,0.956965,0.285980,-0.049327,0.963001,0.268053,0.027856,0.958629,0.274555,0.075170,0.945315,0.316513,0.078737,0.917916,0.396141,0.022416,
		0.934164,0.351299,-0.062668,0.949797,0.312851,-0.003175,0.953397,0.299342,0.037793,0.946772,0.315889,0.061938,0.926932,0.369029,0.067935,0.917624,0.394406,-0.049102,0.938172,0.345360,-0.023636,0.944390,0.328639,0.011112,0.937230,0.344381,0.054792,0.910699,0.399677,0.104337,
		0.922014,0.386834,-0.015774,0.931688,0.361336,-0.037343,0.930616,0.365955,-0.005480,0.914930,0.399016,0.060740,0.872646,0.467457,0.141322
	],

	"faces": [
		32 ,0,1,5 ,0,1,5,
		32 ,5,1,6 ,5,1,6,
		32 ,5,6,10 ,5,6,10,
		32 ,10,6,11 ,10,6,11,
		32 ,10,11,15 ,10,11,15,
		32 ,15,11,16 ,15,11,16,
		32 ,15,16,20 ,15,16,20,
		32 ,20,16,21 ,20,16,21,
		32 ,1,2,6 ,1,2,6,
		32 ,6,2,7 ,6,2,7,
		32 ,6,7,11 ,6,7,11,
		32 ,11,7,12 ,11,7,12,
		32 ,11,12,16 ,11,12,16,
		32 ,16,12,17 ,16,12,17,
		32 ,16,17,21 ,16,17,21,
		32 ,21,17,22 ,21,17,22,
		32 ,2,3,7 ,2,3,7,
		32 ,7,3,8 ,7,3,8,
		32 ,7,8,12 ,7,8,12,
		32 ,12,8,13 ,12,8,13,
		32 ,12,13,17 ,12,13,17,
		32 ,17,13,18 ,17,13,18,
		32 ,17,18,22 ,17,18,22,
		32 ,22,18,23 ,22,18,23,
		32 ,3,4,8 ,3,4,8,
		32 ,8,4,9 ,8,4,9,
		32 ,8,9,13 ,8,9,13,
		32 ,13,9,14 ,13,9,14,
		32 ,13,14,18 ,13,14,18,
		32 ,18,14,19 ,18,14,19,
		32 ,18,19,23 ,18,19,23,
		32 ,23,19,24 ,23,19,24
	]

}
