{
	"metadata" : {
		"formatVersion" : 3,
		"description" : "Exported from LibZinc."
	}, "materials": [ { "DbgColor": 15658734, "DbgIndex": 0, "DbgName": "my_material", "colorDiffuse": [ 0.9, 0.7, 0.5 ], "colorSpecular": [ 0.2, 0.2, 0.3 ], "shading": "Phong", "specularCoef": 20, "opacity": 1, "vertexColors": true } ], 

	"vertices" : [
		305.949402,295.146698,-37.296680,300.482391,295.466522,-36.628456,295.393402,295.351898,-35.622349,290.430573,295.069397,-34.699627,285.342194,294.885590,-34.281540,305.293701,291.542603,-26.977007,299.931519,292.027954,-26.440447,295.006287,292.235992,-25.546217,290.238373,292.279999,-24.705647,285.348145,292.273285,-24.330059,
		304.806274,288.247192,-15.399508,299.600281,288.926361,-14.946004,294.781555,289.352997,-14.244012,290.109589,289.577698,-13.597650,285.343994,289.651031,-13.311031,304.284271,284.340820,-3.399858,299.302673,285.167511,-3.008848,294.598480,285.712250,-2.519802,289.999847,286.013031,-2.100470,285.334839,286.107819,-1.918602,
		303.524902,278.903809,8.186271,298.852631,279.757141,8.507298,294.336426,280.322968,8.822346,289.864685,280.636414,9.061059,285.325714,280.732697,9.153085
	],

	"normals" : [
		0.124063,0.907028,0.402379,0.078762,0.914931,0.395850,0.029848,0.931485,0.362553,-0.004557,0.946075,0.323915,-0.006836,0.953257,0.302083,0.121982,0.949745,0.288279,0.103643,0.956111,0.274062,0.071145,0.964466,0.254448,0.033337,0.971190,0.235963,0.001363,0.974005,0.226524,
		0.153838,0.947604,0.279967,0.138080,0.954057,0.265912,0.104382,0.960735,0.257086,0.056898,0.966012,0.252157,0.003138,0.968081,0.250619,0.192797,0.914361,0.356052,0.164096,0.922909,0.348297,0.120095,0.929530,0.348643,0.063981,0.933699,0.352296,0.001422,0.934914,0.354872,
		0.208031,0.835937,0.507871,0.166515,0.843043,0.511421,0.115550,0.847927,0.517366,0.058358,0.850435,0.522834,-0.000652,0.850857,0.525396
	],

	"faces": [
		32 ,0,1,5 ,0,1,5,
		32 ,5,1,6 ,5,1,6,
		32 ,5,6,10 ,5,6,10,
		32 ,10,6,11 ,10,6,11,
		32 ,10,11,15 ,10,11,15,
		32 ,15,11,16 ,15,11,16,
		32 ,15,16,20 ,15,16,20,
		32 ,20,16,21 ,20,16,21,
		32 ,1,2,6 ,1,2,6,
		32 ,6,2,7 ,6,2,7,
		32 ,6,7,11 ,6,7,11,
		32 ,11,7,12 ,11,7,12,
		32 ,11,12,16 ,11,12,16,
		32 ,16,12,17 ,16,12,17,
		32 ,16,17,21 ,16,17,21,
		32 ,21,17,22 ,21,17,22,
		32 ,2,3,7 ,2,3,7,
		32 ,7,3,8 ,7,3,8,
		32 ,7,8,12 ,7,8,12,
		32 ,12,8,13 ,12,8,13,
		32 ,12,13,17 ,12,13,17,
		32 ,17,13,18 ,17,13,18,
		32 ,17,18,22 ,17,18,22,
		32 ,22,18,23 ,22,18,23,
		32 ,3,4,8 ,3,4,8,
		32 ,8,4,9 ,8,4,9,
		32 ,8,9,13 ,8,9,13,
		32 ,13,9,14 ,13,9,14,
		32 ,13,14,18 ,13,14,18,
		32 ,18,14,19 ,18,14,19,
		32 ,18,19,23 ,18,19,23,
		32 ,23,19,24 ,23,19,24
	]

}
