{
	"metadata" : {
		"formatVersion" : 3,
		"description" : "Exported from LibZinc."
	}, "materials": [ { "DbgColor": 15658734, "DbgIndex": 0, "DbgName": "my_material", "colorDiffuse": [ 0.9, 0.7, 0.5 ], "colorSpecular": [ 0.2, 0.2, 0.3 ], "shading": "Phong", "specularCoef": 20, "opacity": 1, "vertexColors": true } ], 

	"vertices" : [
		247.734406,271.139404,7.366932,243.120956,267.878754,7.122147,238.875839,263.965210,6.793519,234.763229,259.187073,6.582999,230.547302,253.332596,6.692538,250.928986,263.904449,17.592646,246.718613,260.881317,17.310965,242.819107,257.225891,16.920784,239.002396,252.799713,16.639229,235.040436,247.464371,16.683434,
		254.757141,254.974091,27.063429,250.975098,252.277603,26.798569,247.421509,249.027832,26.451855,243.915665,245.114380,26.206039,240.276871,240.426865,26.243870,259.121246,244.846100,35.303593,255.828629,242.533249,35.080338,252.671951,239.779663,34.837505,249.538025,236.478226,34.687607,246.313644,232.521835,34.743149,
		263.923706,234.018295,41.837448,261.217438,232.113922,41.651649,258.559326,229.889999,41.528507,255.904465,227.238403,41.488117,253.207794,224.050995,41.550571
	],

	"normals" : [
		-0.451028,0.707388,0.544221,-0.552187,0.633620,0.541863,-0.624710,0.561776,0.542352,-0.666063,0.511608,0.542786,-0.686217,0.489493,0.538055,-0.411543,0.626706,0.661718,-0.519605,0.556667,0.648176,-0.588734,0.501036,0.634315,-0.621343,0.472698,0.624892,-0.627815,0.471838,0.619045,
		-0.368502,0.543434,0.754245,-0.464378,0.487581,0.739336,-0.525134,0.449500,0.722623,-0.552849,0.435010,0.710721,-0.554518,0.441705,0.705271,-0.323773,0.448106,0.833290,-0.388567,0.412755,0.823802,-0.433254,0.392061,0.811529,-0.457102,0.385407,0.801573,-0.461298,0.389332,0.797261,
		-0.280468,0.325716,0.902910,-0.294558,0.315467,0.902062,-0.313201,0.311314,0.897212,-0.331803,0.307495,0.891826,-0.343776,0.299793,0.889911
	],

	"faces": [
		32 ,0,1,5 ,0,1,5,
		32 ,5,1,6 ,5,1,6,
		32 ,5,6,10 ,5,6,10,
		32 ,10,6,11 ,10,6,11,
		32 ,10,11,15 ,10,11,15,
		32 ,15,11,16 ,15,11,16,
		32 ,15,16,20 ,15,16,20,
		32 ,20,16,21 ,20,16,21,
		32 ,1,2,6 ,1,2,6,
		32 ,6,2,7 ,6,2,7,
		32 ,6,7,11 ,6,7,11,
		32 ,11,7,12 ,11,7,12,
		32 ,11,12,16 ,11,12,16,
		32 ,16,12,17 ,16,12,17,
		32 ,16,17,21 ,16,17,21,
		32 ,21,17,22 ,21,17,22,
		32 ,2,3,7 ,2,3,7,
		32 ,7,3,8 ,7,3,8,
		32 ,7,8,12 ,7,8,12,
		32 ,12,8,13 ,12,8,13,
		32 ,12,13,17 ,12,13,17,
		32 ,17,13,18 ,17,13,18,
		32 ,17,18,22 ,17,18,22,
		32 ,22,18,23 ,22,18,23,
		32 ,3,4,8 ,3,4,8,
		32 ,8,4,9 ,8,4,9,
		32 ,8,9,13 ,8,9,13,
		32 ,13,9,14 ,13,9,14,
		32 ,13,14,18 ,13,14,18,
		32 ,18,14,19 ,18,14,19,
		32 ,18,19,23 ,18,19,23,
		32 ,23,19,24 ,23,19,24
	]

}
