{
	"metadata" : {
		"formatVersion" : 3,
		"description" : "Exported from LibZinc."
	}, "materials": [ { "DbgColor": 15658734, "DbgIndex": 0, "DbgName": "my_material", "colorDiffuse": [ 0.9, 0.7, 0.5 ], "colorSpecular": [ 0.2, 0.2, 0.3 ], "shading": "Phong", "specularCoef": 20, "opacity": 1, "vertexColors": true } ], 

	"vertices" : [
		209.148804,157.181900,9.135558,210.189148,148.721375,9.725950,212.609406,140.313965,10.479324,217.237579,131.721588,11.617910,224.901703,122.706200,13.363940,214.737671,160.086349,18.643682,215.589035,152.362350,19.287149,217.899384,144.672684,19.910294,222.216385,136.813156,20.868050,229.087692,128.579544,22.515358,
		221.845016,163.039795,27.696682,222.607178,156.141525,28.316154,224.661209,149.313980,28.908920,228.507233,142.350815,29.798145,234.645355,135.045670,31.307001,230.295227,166.218018,35.875057,231.029846,160.265259,36.387398,232.781555,154.417191,36.957264,236.079727,148.456436,37.809685,241.453766,142.165634,39.169685,
		239.912704,169.796799,42.759312,240.643311,164.939880,43.075314,242.147049,160.161621,43.537388,244.903442,155.251877,44.304153,249.391998,150.000504,45.534222
	],

	"normals" : [
		-0.890677,-0.034276,0.453344,-0.878366,-0.131869,0.459439,-0.815438,-0.271453,0.511248,-0.724320,-0.407354,0.556258,-0.640614,-0.522696,0.562497,-0.829215,0.022878,0.558461,-0.805685,-0.112902,0.581485,-0.750309,-0.254720,0.610044,-0.681468,-0.370041,0.631404,-0.621313,-0.450357,0.641209,
		-0.749928,0.039533,0.660338,-0.721406,-0.084364,0.687354,-0.676439,-0.211992,0.705330,-0.622342,-0.314679,0.716706,-0.572208,-0.379444,0.727049,-0.648214,0.027007,0.760979,-0.618675,-0.054539,0.783751,-0.582390,-0.150118,0.798928,-0.540145,-0.234967,0.808105,-0.499241,-0.292892,0.815459,
		-0.514903,-0.001176,0.857248,-0.485166,-0.038994,0.873552,-0.453577,-0.084896,0.887164,-0.427615,-0.127846,0.894875,-0.412243,-0.166917,0.895653
	],

	"faces": [
		32 ,0,1,5 ,0,1,5,
		32 ,5,1,6 ,5,1,6,
		32 ,5,6,10 ,5,6,10,
		32 ,10,6,11 ,10,6,11,
		32 ,10,11,15 ,10,11,15,
		32 ,15,11,16 ,15,11,16,
		32 ,15,16,20 ,15,16,20,
		32 ,20,16,21 ,20,16,21,
		32 ,1,2,6 ,1,2,6,
		32 ,6,2,7 ,6,2,7,
		32 ,6,7,11 ,6,7,11,
		32 ,11,7,12 ,11,7,12,
		32 ,11,12,16 ,11,12,16,
		32 ,16,12,17 ,16,12,17,
		32 ,16,17,21 ,16,17,21,
		32 ,21,17,22 ,21,17,22,
		32 ,2,3,7 ,2,3,7,
		32 ,7,3,8 ,7,3,8,
		32 ,7,8,12 ,7,8,12,
		32 ,12,8,13 ,12,8,13,
		32 ,12,13,17 ,12,13,17,
		32 ,17,13,18 ,17,13,18,
		32 ,17,18,22 ,17,18,22,
		32 ,22,18,23 ,22,18,23,
		32 ,3,4,8 ,3,4,8,
		32 ,8,4,9 ,8,4,9,
		32 ,8,9,13 ,8,9,13,
		32 ,13,9,14 ,13,9,14,
		32 ,13,14,18 ,13,14,18,
		32 ,18,14,19 ,18,14,19,
		32 ,18,19,23 ,18,19,23,
		32 ,23,19,24 ,23,19,24
	]

}
