{
	"metadata" : {
		"formatVersion" : 3,
		"description" : "Exported from LibZinc."
	}, "materials": [ { "DbgColor": 15658734, "DbgIndex": 0, "DbgName": "my_material", "colorDiffuse": [ 0.9, 0.7, 0.5 ], "colorSpecular": [ 0.2, 0.2, 0.3 ], "shading": "Phong", "specularCoef": 20, "opacity": 1, "vertexColors": true } ], 

	"vertices" : [
		238.770096,257.569702,-183.657394,234.431091,252.332779,-182.583694,230.507477,246.783203,-181.370895,227.034912,240.929321,-179.897537,224.049103,234.779495,-178.042206,237.096283,263.379089,-176.269867,232.500412,258.243256,-175.340683,228.331802,252.560669,-174.279572,224.642487,246.395554,-172.915405,221.484512,239.812225,-171.077072,
		236.663895,267.158447,-166.670776,232.147232,262.238098,-165.976852,227.935074,256.602081,-165.120834,224.057266,250.371353,-163.954727,220.543579,243.666840,-162.330521,236.832062,269.823914,-156.523209,232.500214,265.068054,-156.108505,228.390762,259.532043,-155.436066,224.447098,253.352707,-154.445663,220.612656,246.666809,-153.077072,
		236.959900,272.291687,-147.490295,232.688049,267.484009,-147.351959,228.772293,261.975220,-146.766663,224.979889,255.835617,-145.818420,221.078094,249.135605,-144.591202
	],

	"normals" : [
		-0.584136,0.373413,-0.720658,-0.610560,0.317185,-0.725679,-0.651027,0.257176,-0.714160,-0.705872,0.193802,-0.681312,-0.772952,0.129371,-0.621135,-0.689197,0.607032,-0.395625,-0.748431,0.536895,-0.389352,-0.805768,0.460275,-0.372673,-0.857718,0.374252,-0.352500,-0.900636,0.276930,-0.334911,
		-0.696218,0.686615,-0.209380,-0.770403,0.608285,-0.190966,-0.827588,0.534633,-0.171069,-0.871479,0.462852,-0.162149,-0.905160,0.387518,-0.174684,-0.692702,0.704490,-0.154456,-0.775331,0.618528,-0.127609,-0.828022,0.551580,-0.100695,-0.860751,0.501489,-0.087275,-0.880937,0.462410,-0.100631,
		-0.675402,0.695918,-0.243988,-0.776729,0.593997,-0.209428,-0.835784,0.524816,-0.161348,-0.863235,0.491232,-0.116260,-0.868992,0.485765,-0.094262
	],

	"faces": [
		32 ,0,1,5 ,0,1,5,
		32 ,5,1,6 ,5,1,6,
		32 ,5,6,10 ,5,6,10,
		32 ,10,6,11 ,10,6,11,
		32 ,10,11,15 ,10,11,15,
		32 ,15,11,16 ,15,11,16,
		32 ,15,16,20 ,15,16,20,
		32 ,20,16,21 ,20,16,21,
		32 ,1,2,6 ,1,2,6,
		32 ,6,2,7 ,6,2,7,
		32 ,6,7,11 ,6,7,11,
		32 ,11,7,12 ,11,7,12,
		32 ,11,12,16 ,11,12,16,
		32 ,16,12,17 ,16,12,17,
		32 ,16,17,21 ,16,17,21,
		32 ,21,17,22 ,21,17,22,
		32 ,2,3,7 ,2,3,7,
		32 ,7,3,8 ,7,3,8,
		32 ,7,8,12 ,7,8,12,
		32 ,12,8,13 ,12,8,13,
		32 ,12,13,17 ,12,13,17,
		32 ,17,13,18 ,17,13,18,
		32 ,17,18,22 ,17,18,22,
		32 ,22,18,23 ,22,18,23,
		32 ,3,4,8 ,3,4,8,
		32 ,8,4,9 ,8,4,9,
		32 ,8,9,13 ,8,9,13,
		32 ,13,9,14 ,13,9,14,
		32 ,13,14,18 ,13,14,18,
		32 ,18,14,19 ,18,14,19,
		32 ,18,19,23 ,18,19,23,
		32 ,23,19,24 ,23,19,24
	]

}
