{
	"metadata" : {
		"formatVersion" : 3,
		"description" : "Exported from LibZinc."
	}, "materials": [ { "DbgColor": 15658734, "DbgIndex": 0, "DbgName": "my_material", "colorDiffuse": [ 0.9, 0.7, 0.5 ], "colorSpecular": [ 0.2, 0.2, 0.3 ], "shading": "Phong", "specularCoef": 20, "opacity": 1, "vertexColors": true } ], 

	"vertices" : [
		346.458405,234.764893,-178.036606,343.484131,240.945038,-179.879105,340.045197,246.863251,-181.307434,336.155304,252.480362,-182.468582,331.828186,257.757202,-183.509506,349.021606,239.805954,-171.058716,345.862854,246.411224,-172.879120,342.172882,252.612427,-174.209991,338.003723,258.334076,-175.231201,333.407501,263.500702,-176.122650,
		349.954620,243.673706,-162.292526,346.436310,250.393295,-163.890305,342.550262,256.643951,-165.043976,338.327667,262.294495,-165.905899,333.799683,267.213867,-166.628464,349.878082,246.686890,-153.022003,346.040405,253.382309,-154.359909,342.093109,259.569977,-155.363495,337.977875,265.099915,-156.093246,333.636292,269.822113,-156.609665,
		349.412689,249.164200,-144.531097,345.511078,255.869324,-145.735123,341.717194,262.002808,-146.722595,337.805115,267.488647,-147.393784,333.548889,272.250885,-147.649002
	],

	"normals" : [
		0.773124,0.129107,-0.620976,0.707342,0.193997,-0.679730,0.654858,0.259717,-0.709724,0.616737,0.323203,-0.717757,0.591117,0.383542,-0.709561,0.900819,0.277264,-0.334140,0.858269,0.374794,-0.350576,0.806953,0.461186,-0.368963,0.750036,0.538383,-0.384174,0.690469,0.609229,-0.389991,
		0.904975,0.388146,-0.174248,0.871519,0.463086,-0.161265,0.827776,0.534680,-0.170015,0.770492,0.608604,-0.189590,0.695569,0.687977,-0.207052,0.880592,0.463027,-0.100809,0.860892,0.501249,-0.087264,0.828153,0.551359,-0.100822,0.774694,0.619228,-0.128085,0.689668,0.707310,-0.155145,
		0.869078,0.485430,-0.095194,0.863191,0.490992,-0.117596,0.836025,0.524371,-0.161545,0.777530,0.592941,-0.209447,0.675699,0.694747,-0.246491
	],

	"faces": [
		32 ,0,1,5 ,0,1,5,
		32 ,5,1,6 ,5,1,6,
		32 ,5,6,10 ,5,6,10,
		32 ,10,6,11 ,10,6,11,
		32 ,10,11,15 ,10,11,15,
		32 ,15,11,16 ,15,11,16,
		32 ,15,16,20 ,15,16,20,
		32 ,20,16,21 ,20,16,21,
		32 ,1,2,6 ,1,2,6,
		32 ,6,2,7 ,6,2,7,
		32 ,6,7,11 ,6,7,11,
		32 ,11,7,12 ,11,7,12,
		32 ,11,12,16 ,11,12,16,
		32 ,16,12,17 ,16,12,17,
		32 ,16,17,21 ,16,17,21,
		32 ,21,17,22 ,21,17,22,
		32 ,2,3,7 ,2,3,7,
		32 ,7,3,8 ,7,3,8,
		32 ,7,8,12 ,7,8,12,
		32 ,12,8,13 ,12,8,13,
		32 ,12,13,17 ,12,13,17,
		32 ,17,13,18 ,17,13,18,
		32 ,17,18,22 ,17,18,22,
		32 ,22,18,23 ,22,18,23,
		32 ,3,4,8 ,3,4,8,
		32 ,8,4,9 ,8,4,9,
		32 ,8,9,13 ,8,9,13,
		32 ,13,9,14 ,13,9,14,
		32 ,13,14,18 ,13,14,18,
		32 ,18,14,19 ,18,14,19,
		32 ,18,19,23 ,18,19,23,
		32 ,23,19,24 ,23,19,24
	]

}
