{
	"metadata" : {
		"formatVersion" : 3,
		"description" : "Exported from LibZinc."
	}, "materials": [ { "DbgColor": 15658734, "DbgIndex": 0, "DbgName": "my_material", "colorDiffuse": [ 0.9, 0.7, 0.5 ], "colorSpecular": [ 0.2, 0.2, 0.3 ], "shading": "Phong", "specularCoef": 20, "opacity": 1, "vertexColors": true } ], 

	"vertices" : [
		277.214203,317.405792,-106.233299,271.882782,311.113831,-108.222572,267.165985,301.597870,-111.325096,263.797729,292.913879,-114.182655,262.511902,289.117889,-115.436996,277.580811,315.837646,-102.824478,272.527740,310.002869,-104.872917,267.824341,301.433014,-108.415009,264.166901,293.527893,-111.841064,262.251617,289.687286,-113.541389,
		278.220398,313.342468,-99.324814,273.533722,308.387573,-101.031609,268.979401,301.485504,-103.942070,264.938507,294.865479,-106.908615,261.792084,290.756805,-108.783661,279.163330,310.348114,-95.431572,274.825745,306.366180,-96.611656,270.392853,301.094604,-98.536301,265.958160,295.704834,-100.690048,261.615082,291.368347,-102.557442,
		280.440002,307.282410,-90.842033,276.328766,304.036774,-91.526070,271.826355,299.599518,-92.827721,267.071381,294.824066,-94.490105,262.202515,290.563904,-96.256371
	],

	"normals" : [
		-0.540787,0.800072,0.259681,-0.864931,0.441948,0.237857,-0.919133,0.313202,0.238953,-0.936924,0.251828,0.242396,-0.000000,0.000000,0.000000,-0.532413,0.683083,0.499933,-0.844163,0.403482,0.352974,-0.910230,0.349604,0.221944,-0.914424,0.404370,0.017688,-0.548418,0.786429,-0.284196,
		-0.523252,0.616134,0.588717,-0.800699,0.429660,0.417461,-0.871801,0.430432,0.233861,-0.846343,0.532403,0.015857,-0.583742,0.791957,-0.179026,-0.516074,0.617840,0.593247,-0.729569,0.511670,0.453787,-0.797208,0.532549,0.284344,-0.772107,0.625291,0.113416,-0.626400,0.779489,0.004458,
		-0.466871,0.697149,0.544073,-0.658369,0.596118,0.459558,-0.715280,0.571587,0.402074,-0.711768,0.602074,0.361792,-0.643383,0.686885,0.338005
	],

	"faces": [
		32 ,0,1,5 ,0,1,5,
		32 ,5,1,6 ,5,1,6,
		32 ,5,6,10 ,5,6,10,
		32 ,10,6,11 ,10,6,11,
		32 ,10,11,15 ,10,11,15,
		32 ,15,11,16 ,15,11,16,
		32 ,15,16,20 ,15,16,20,
		32 ,20,16,21 ,20,16,21,
		32 ,1,2,6 ,1,2,6,
		32 ,6,2,7 ,6,2,7,
		32 ,6,7,11 ,6,7,11,
		32 ,11,7,12 ,11,7,12,
		32 ,11,12,16 ,11,12,16,
		32 ,16,12,17 ,16,12,17,
		32 ,16,17,21 ,16,17,21,
		32 ,21,17,22 ,21,17,22,
		32 ,2,3,7 ,2,3,7,
		32 ,7,3,8 ,7,3,8,
		32 ,7,8,12 ,7,8,12,
		32 ,12,8,13 ,12,8,13,
		32 ,12,13,17 ,12,13,17,
		32 ,17,13,18 ,17,13,18,
		32 ,17,18,22 ,17,18,22,
		32 ,22,18,23 ,22,18,23,
		32 ,3,4,8 ,3,4,8,
		32 ,8,4,9 ,8,4,9,
		32 ,8,9,13 ,8,9,13,
		32 ,13,9,14 ,13,9,14,
		32 ,13,14,18 ,13,14,18,
		32 ,18,14,19 ,18,14,19,
		32 ,18,19,23 ,18,19,23,
		32 ,23,19,24 ,23,19,24
	]

}
