{
	"metadata" : {
		"formatVersion" : 3,
		"description" : "Exported from LibZinc."
	}, "materials": [ { "DbgColor": 15658734, "DbgIndex": 0, "DbgName": "my_material", "colorDiffuse": [ 0.9, 0.7, 0.5 ], "colorSpecular": [ 0.2, 0.2, 0.3 ], "shading": "Phong", "specularCoef": 20, "opacity": 1, "vertexColors": true } ], 

	"vertices" : [
		237.186798,280.885712,-121.886803,231.804459,276.415771,-121.781647,227.064011,271.310150,-121.267807,222.736740,265.365265,-120.443817,218.593903,258.377594,-119.408203,237.654114,281.790253,-116.252243,231.750137,277.498657,-116.419647,226.501465,272.739685,-115.913902,221.787827,267.105988,-114.976974,217.489014,260.190216,-113.850815,
		237.998840,282.272430,-111.033699,231.755463,278.303802,-111.161690,226.017334,273.943604,-110.671432,220.897446,268.607941,-109.752602,216.508759,261.713013,-108.594887,238.411041,282.116638,-106.004501,232.007523,278.595062,-105.950623,225.904007,274.653870,-105.391586,220.438629,269.601807,-104.454369,215.949554,262.747681,-103.265945,
		239.080795,281.107300,-100.938004,232.693451,278.136322,-100.729294,226.453796,274.602509,-99.925552,220.784378,269.818237,-98.765923,216.107803,263.095886,-97.489548
	],

	"normals" : [
		-0.586389,0.805718,-0.083464,-0.684508,0.712831,-0.152711,-0.766855,0.599081,-0.230295,-0.822756,0.495989,-0.277610,-0.856730,0.423574,-0.294277,-0.549505,0.832166,-0.074449,-0.622171,0.768548,-0.149123,-0.714591,0.654663,-0.246530,-0.794890,0.520757,-0.311387,-0.856665,0.414594,-0.306981,
		-0.523565,0.851983,0.002343,-0.560577,0.824012,-0.082202,-0.660056,0.728543,-0.183173,-0.779443,0.573311,-0.252553,-0.880389,0.408795,-0.240420,-0.481028,0.864920,0.143268,-0.494717,0.867672,0.048997,-0.602754,0.797085,-0.036655,-0.762546,0.640196,-0.093127,-0.900844,0.423204,-0.096846,
		-0.404463,0.857451,0.318099,-0.413478,0.881151,0.229368,-0.529275,0.831313,0.169664,-0.710675,0.690691,0.133741,-0.880914,0.464010,0.093194
	],

	"faces": [
		32 ,0,1,5 ,0,1,5,
		32 ,5,1,6 ,5,1,6,
		32 ,5,6,10 ,5,6,10,
		32 ,10,6,11 ,10,6,11,
		32 ,10,11,15 ,10,11,15,
		32 ,15,11,16 ,15,11,16,
		32 ,15,16,20 ,15,16,20,
		32 ,20,16,21 ,20,16,21,
		32 ,1,2,6 ,1,2,6,
		32 ,6,2,7 ,6,2,7,
		32 ,6,7,11 ,6,7,11,
		32 ,11,7,12 ,11,7,12,
		32 ,11,12,16 ,11,12,16,
		32 ,16,12,17 ,16,12,17,
		32 ,16,17,21 ,16,17,21,
		32 ,21,17,22 ,21,17,22,
		32 ,2,3,7 ,2,3,7,
		32 ,7,3,8 ,7,3,8,
		32 ,7,8,12 ,7,8,12,
		32 ,12,8,13 ,12,8,13,
		32 ,12,13,17 ,12,13,17,
		32 ,17,13,18 ,17,13,18,
		32 ,17,18,22 ,17,18,22,
		32 ,22,18,23 ,22,18,23,
		32 ,3,4,8 ,3,4,8,
		32 ,8,4,9 ,8,4,9,
		32 ,8,9,13 ,8,9,13,
		32 ,13,9,14 ,13,9,14,
		32 ,13,14,18 ,13,14,18,
		32 ,18,14,19 ,18,14,19,
		32 ,18,19,23 ,18,19,23,
		32 ,23,19,24 ,23,19,24
	]

}
