{"farPlane": 110.512, "nearPlane": 0.011273, "upVector": [-0.238175, -0.635709, 0.734266], "targetPosition": [0.194711, -8.51324, 10.7578], "eyePosition": [3.00877, 16.8111, 33.5957]}
